data,expectativa_selic_1y
2001-11-06,18.0
2001-11-07,17.0
2001-11-08,16.0
2001-11-09,16.0
2001-11-12,16.0
2001-11-13,16.0
2001-11-14,16.0
2001-11-16,16.0
2001-11-19,16.0
2001-11-20,16.0
2001-11-21,16.0
2001-11-22,16.0
2001-11-23,16.0
2001-11-26,16.0
2001-11-27,16.0
2001-11-28,16.0
2001-11-29,16.0
2001-11-30,16.0
2001-12-03,16.0
2001-12-04,16.0
2001-12-05,16.0
2001-12-06,16.0
2001-12-07,16.0
2001-12-10,16.0
2001-12-11,16.0
2001-12-12,16.0
2001-12-13,16.0
2001-12-14,17.0
2001-12-17,17.0
2001-12-18,17.0
2001-12-19,17.0
2001-12-20,17.0
2001-12-21,17.0
2001-12-24,17.0
2001-12-26,17.0
2001-12-27,17.0
2001-12-28,17.07
2001-12-31,17.07
2002-01-02,15.75
2002-01-03,15.75
2002-01-04,15.75
2002-01-07,15.75
2002-01-08,15.75
2002-01-09,15.75
2002-01-10,15.75
2002-01-11,15.75
2002-01-14,15.75
2002-01-15,15.75
2002-01-16,15.75
2002-01-17,15.75
2002-01-18,15.75
2002-01-21,14.55
2002-01-22,14.55
2002-01-23,14.55
2002-01-24,14.55
2002-01-25,14.55
2002-01-28,14.55
2002-01-29,14.55
2002-01-30,14.55
2002-01-31,14.55
2002-02-01,14.55
2002-02-04,14.55
2002-02-05,14.55
2002-02-06,14.55
2002-02-07,14.55
2002-02-08,14.55
2002-02-11,14.55
2002-02-13,14.55
2002-02-14,14.55
2002-02-15,14.55
2002-02-18,14.55
2002-02-19,14.55
2002-02-20,14.55
2002-02-21,14.55
2002-02-22,15.0
2002-02-25,15.0
2002-02-26,15.0
2002-02-27,15.0
2002-02-28,15.0
2002-03-01,15.0
2002-03-04,15.0
2002-03-05,15.0
2002-03-06,15.0
2002-03-07,15.0
2002-03-08,15.0
2002-03-11,15.0
2002-03-12,15.0
2002-03-13,15.0
2002-03-14,15.0
2002-03-15,14.0
2002-03-18,14.7
2002-03-19,14.0
2002-03-20,14.0
2002-03-21,14.0
2002-03-22,14.0
2002-03-25,14.5
2002-03-26,14.5
2002-03-27,14.5
2002-03-28,14.5
2002-04-01,14.5
2002-04-02,14.5
2002-04-03,14.5
2002-04-04,14.5
2002-04-05,14.5
2002-04-08,14.5
2002-04-09,14.5
2002-04-10,14.5
2002-04-11,14.5
2002-04-12,14.5
2002-04-15,14.7
2002-04-16,14.7
2002-04-17,14.7
2002-04-18,14.7
2002-04-19,14.6
2002-04-22,14.6
2002-04-23,14.7
2002-04-24,14.7
2002-04-25,14.7
2002-04-26,14.7
2002-04-29,14.7
2002-04-30,14.7
2002-05-02,14.7
2002-05-03,14.7
2002-05-06,14.7
2002-05-07,14.7
2002-05-08,14.7
2002-05-09,14.7
2002-05-10,14.7
2002-05-13,14.7
2002-05-14,14.7
2002-05-15,14.7
2002-05-16,14.75
2002-05-17,14.75
2002-05-20,14.75
2002-05-21,14.75
2002-05-22,14.75
2002-05-23,14.75
2002-05-24,14.0
2002-05-27,14.0
2002-05-28,14.0
2002-05-29,14.0
2002-05-31,14.0
2002-06-03,14.0
2002-06-04,14.0
2002-06-05,14.0
2002-06-06,14.0
2002-06-07,14.0
2002-06-10,14.0
2002-06-11,14.0
2002-06-12,14.0
2002-06-13,14.0
2002-06-14,14.0
2002-06-17,14.75
2002-06-18,14.75
2002-06-19,14.75
2002-06-20,14.75
2002-06-21,14.75
2002-06-24,14.75
2002-06-25,14.75
2002-06-26,14.5
2002-06-27,14.5
2002-06-28,14.5
2002-07-01,14.5
2002-07-02,14.5
2002-07-03,14.5
2002-07-04,14.5
2002-07-05,15.0
2002-07-08,15.0
2002-07-09,15.0
2002-07-10,15.0
2002-07-11,15.0
2002-07-12,15.0
2002-07-15,15.0
2002-07-16,15.0
2002-07-17,15.0
2002-07-18,15.0
2002-07-19,15.0
2002-07-22,15.0
2002-07-23,15.0
2002-07-24,15.0
2002-07-25,15.0
2002-07-26,15.0
2002-07-29,15.0
2002-07-30,15.0
2002-07-31,15.0
2002-08-01,15.0
2002-08-02,15.0
2002-08-05,15.0
2002-08-06,15.0
2002-08-07,15.0
2002-08-08,15.0
2002-08-09,15.0
2002-08-12,15.5
2002-08-13,15.5
2002-08-14,15.5
2002-08-15,15.5
2002-08-16,15.5
2002-08-19,15.25
2002-08-20,15.25
2002-08-21,15.0
2002-08-22,15.0
2002-08-23,15.0
2002-08-26,15.0
2002-08-27,15.0
2002-08-28,15.0
2002-08-29,15.0
2002-09-02,15.0
2002-09-03,15.0
2002-09-04,15.0
2002-09-05,15.0
2002-09-06,15.0
2002-09-09,15.0
2002-09-10,15.0
2002-09-11,15.0
2002-09-12,15.0
2002-09-13,15.0
2002-09-16,15.0
2002-09-17,15.0
2002-09-18,15.0
2002-09-19,15.0
2002-09-20,15.0
2002-09-23,15.0
2002-09-24,15.0
2002-09-25,15.0
2002-09-26,15.0
2002-09-27,15.0
2002-09-30,15.0
2002-10-01,15.0
2002-10-02,15.0
2002-10-03,15.0
2002-10-04,15.0
2002-10-07,15.0
2002-10-08,15.0
2002-10-09,15.0
2002-10-10,15.0
2002-10-11,15.5
2002-10-14,15.5
2002-10-15,16.0
2002-10-16,16.0
2002-10-17,19.0
2002-10-18,19.0
2002-10-21,19.0
2002-10-22,19.0
2002-10-23,19.0
2002-10-24,19.0
2002-10-25,19.0
2002-10-28,19.0
2002-10-29,19.0
2002-10-30,19.0
2002-10-31,19.0
2002-11-01,19.0
2002-11-04,19.0
2002-11-05,18.0
2002-11-06,18.0
2002-11-07,18.0
2002-11-08,18.0
2002-11-11,18.0
2002-11-12,18.0
2002-11-13,18.0
2002-11-14,18.14
2002-11-18,18.14
2002-11-19,18.14
2002-11-20,18.14
2002-11-21,18.14
2002-11-22,18.0
2002-11-25,18.0
2002-11-26,18.0
2002-11-27,18.0
2002-11-28,18.0
2002-11-29,18.27
2002-12-02,18.27
2002-12-03,18.27
2002-12-04,19.0
2002-12-05,20.0
2002-12-06,20.0
2002-12-09,20.0
2002-12-10,20.0
2002-12-11,20.0
2002-12-12,20.0
2002-12-13,21.0
2002-12-16,21.0
2002-12-17,21.0
2002-12-18,21.0
2002-12-19,21.0
2002-12-20,21.0
2002-12-23,21.0
2002-12-24,21.0
2002-12-26,21.0
2002-12-27,21.0
2002-12-30,21.0
2002-12-31,21.0
2003-01-02,17.0
2003-01-03,17.0
2003-01-06,17.0
2003-01-07,17.0
2003-01-08,17.0
2003-01-09,17.0
2003-01-10,17.0
2003-01-13,17.0
2003-01-14,17.0
2003-01-15,17.0
2003-01-16,16.75
2003-01-17,16.5
2003-01-20,16.5
2003-01-21,16.5
2003-01-22,16.5
2003-01-23,17.0
2003-01-24,17.0
2003-01-27,17.0
2003-01-28,17.25
2003-01-29,17.25
2003-01-30,17.25
2003-01-31,17.25
2003-02-03,17.5
2003-02-04,17.5
2003-02-05,17.5
2003-02-06,17.5
2003-02-07,17.5
2003-02-10,17.5
2003-02-11,17.5
2003-02-12,17.5
2003-02-13,17.5
2003-02-14,17.5
2003-02-17,17.5
2003-02-18,17.5
2003-02-19,17.5
2003-02-20,17.5
2003-02-21,17.5
2003-02-24,17.5
2003-02-25,17.5
2003-02-26,17.5
2003-02-27,17.5
2003-02-28,17.5
2003-03-05,17.5
2003-03-06,17.5
2003-03-07,17.5
2003-03-10,17.5
2003-03-11,17.5
2003-03-12,17.5
2003-03-13,17.5
2003-03-14,17.5
2003-03-17,17.5
2003-03-18,17.5
2003-03-19,17.5
2003-03-20,17.5
2003-03-21,17.5
2003-03-24,17.5
2003-03-25,17.5
2003-03-26,17.5
2003-03-27,17.5
2003-03-28,17.5
2003-03-31,17.5
2003-04-01,17.5
2003-04-02,17.5
2003-04-03,17.5
2003-04-04,17.5
2003-04-07,17.5
2003-04-08,17.5
2003-04-09,17.5
2003-04-10,18.0
2003-04-11,18.0
2003-04-14,18.0
2003-04-15,18.0
2003-04-16,18.0
2003-04-17,18.0
2003-04-22,18.0
2003-04-23,17.75
2003-04-24,17.75
2003-04-25,17.75
2003-04-28,17.75
2003-04-29,17.75
2003-04-30,17.75
2003-05-02,17.75
2003-05-05,17.75
2003-05-06,17.75
2003-05-07,17.75
2003-05-08,17.75
2003-05-09,17.75
2003-05-12,17.75
2003-05-13,17.75
2003-05-14,17.5
2003-05-15,17.5
2003-05-16,17.5
2003-05-19,17.5
2003-05-20,17.5
2003-05-21,17.5
2003-05-22,17.5
2003-05-23,17.5
2003-05-26,17.5
2003-05-27,17.5
2003-05-28,17.5
2003-05-29,17.5
2003-05-30,17.0
2003-06-02,17.0
2003-06-03,16.833333333333332
2003-06-04,16.833333333333332
2003-06-05,16.833333333333332
2003-06-06,16.833333333333332
2003-06-09,16.833333333333332
2003-06-10,16.833333333333332
2003-06-11,17.0
2003-06-12,17.0
2003-06-13,17.0
2003-06-16,16.833333333333332
2003-06-17,16.833333333333332
2003-06-18,16.833333333333332
2003-06-20,16.833333333333332
2003-06-23,16.833333333333332
2003-06-24,17.0
2003-06-25,17.0
2003-06-26,17.0
2003-06-27,16.5
2003-06-30,16.5
2003-07-01,16.5
2003-07-02,16.5
2003-07-03,16.5
2003-07-04,16.5
2003-07-07,16.5
2003-07-08,16.5
2003-07-09,15.833333333333334
2003-07-10,15.833333333333334
2003-07-11,15.833333333333334
2003-07-14,15.833333333333334
2003-07-15,15.833333333333334
2003-07-16,15.833333333333334
2003-07-17,15.833333333333334
2003-07-18,15.833333333333334
2003-07-21,15.833333333333334
2003-07-22,15.833333333333334
2003-07-23,15.833333333333334
2003-07-24,15.833333333333334
2003-07-25,15.833333333333334
2003-07-28,15.833333333333334
2003-07-29,15.833333333333334
2003-07-30,15.833333333333334
2003-07-31,15.833333333333334
2003-08-01,15.666666666666666
2003-08-04,15.666666666666666
2003-08-05,15.666666666666666
2003-08-06,15.666666666666666
2003-08-07,15.666666666666666
2003-08-08,15.666666666666666
2003-08-11,15.666666666666666
2003-08-12,15.75
2003-08-13,15.75
2003-08-14,15.666666666666666
2003-08-15,15.666666666666666
2003-08-18,15.666666666666666
2003-08-19,15.666666666666666
2003-08-20,15.666666666666666
2003-08-21,15.583333333333334
2003-08-22,15.583333333333334
2003-08-25,15.5
2003-08-26,15.5
2003-08-27,15.0
2003-08-28,14.75
2003-08-29,14.816666666666668
2003-09-01,14.816666666666668
2003-09-02,14.816666666666668
2003-09-03,14.816666666666668
2003-09-04,14.9
2003-09-05,14.883333333333333
2003-09-08,15.0
2003-09-09,15.0
2003-09-10,15.0
2003-09-11,15.25
2003-09-12,15.25
2003-09-15,15.25
2003-09-16,15.25
2003-09-17,15.25
2003-09-18,15.0
2003-09-19,15.0
2003-09-22,14.75
2003-09-23,14.75
2003-09-24,14.75
2003-09-25,14.75
2003-09-26,14.793333333333335
2003-09-29,14.793333333333335
2003-09-30,14.793333333333335
2003-10-01,14.793333333333335
2003-10-02,14.75
2003-10-03,14.75
2003-10-06,14.75
2003-10-07,14.75
2003-10-08,14.75
2003-10-09,14.74
2003-10-10,14.75
2003-10-13,14.74
2003-10-14,14.74
2003-10-15,14.74
2003-10-16,14.74
2003-10-17,14.74
2003-10-20,14.74
2003-10-21,14.74
2003-10-22,14.74
2003-10-23,14.74
2003-10-24,14.74
2003-10-28,14.74
2003-10-29,14.74
2003-10-30,14.74
2003-10-31,14.74
2003-11-03,14.74
2003-11-04,14.74
2003-11-05,14.74
2003-11-06,14.74
2003-11-07,14.793333333333335
2003-11-10,14.793333333333335
2003-11-11,14.46
2003-11-12,14.46
2003-11-13,14.626666666666667
2003-11-14,14.626666666666667
2003-11-17,14.626666666666667
2003-11-18,14.286666666666667
2003-11-19,14.286666666666667
2003-11-20,14.286666666666667
2003-11-21,14.203333333333333
2003-11-24,14.12
2003-11-25,14.12
2003-11-26,14.116666666666667
2003-11-27,14.116666666666667
2003-11-28,14.116666666666667
2003-12-01,14.116666666666667
2003-12-02,14.116666666666667
2003-12-03,14.116666666666667
2003-12-04,14.116666666666667
2003-12-05,14.116666666666667
2003-12-08,14.116666666666667
2003-12-09,14.076666666666668
2003-12-10,14.076666666666668
2003-12-11,14.076666666666668
2003-12-12,14.076666666666668
2003-12-15,14.076666666666668
2003-12-16,14.076666666666668
2003-12-17,14.076666666666668
2003-12-18,13.993333333333334
2003-12-19,13.993333333333334
2003-12-22,13.993333333333334
2003-12-23,13.993333333333334
2003-12-26,13.993333333333334
2003-12-29,13.94
2003-12-30,13.94
2004-01-02,12.806666666666667
2004-01-05,12.806666666666667
2004-01-06,12.806666666666667
2004-01-07,12.806666666666667
2004-01-08,12.806666666666667
2004-01-09,12.806666666666667
2004-01-12,12.806666666666667
2004-01-14,12.75
2004-01-15,12.75
2004-01-16,12.280000000000001
2004-01-19,12.17
2004-01-20,12.17
2004-01-21,12.17
2004-01-22,12.17
2004-01-23,12.17
2004-01-26,12.17
2004-01-27,12.17
2004-01-28,12.17
2004-01-29,12.17
2004-01-30,12.17
2004-02-02,12.17
2004-02-03,12.17
2004-02-04,12.17
2004-02-05,12.17
2004-02-06,12.17
2004-02-09,12.17
2004-02-10,12.17
2004-02-11,12.17
2004-02-12,12.17
2004-02-13,12.415
2004-02-16,12.25
2004-02-17,12.25
2004-02-18,12.25
2004-02-19,12.25
2004-02-20,12.25
2004-02-25,12.25
2004-02-26,12.25
2004-02-27,12.25
2004-03-01,12.415
2004-03-02,12.415
2004-03-03,12.415
2004-03-04,12.415
2004-03-05,12.415
2004-03-08,12.415
2004-03-09,12.415
2004-03-10,12.415
2004-03-11,12.415
2004-03-12,12.415
2004-03-15,12.415
2004-03-16,12.415
2004-03-17,12.415
2004-03-18,12.415
2004-03-19,12.415
2004-03-22,12.415
2004-03-23,12.415
2004-03-24,12.415
2004-03-25,12.25
2004-03-26,12.25
2004-03-29,12.25
2004-03-30,12.25
2004-03-31,12.25
2004-04-01,12.25
2004-04-02,12.25
2004-04-05,12.25
2004-04-06,12.25
2004-04-07,12.25
2004-04-08,12.25
2004-04-12,12.25
2004-04-13,12.25
2004-04-14,12.25
2004-04-15,12.25
2004-04-16,12.25
2004-04-19,12.25
2004-04-20,12.25
2004-04-22,12.25
2004-04-23,12.25
2004-04-26,12.25
2004-04-27,12.25
2004-04-28,12.25
2004-04-29,12.25
2004-04-30,12.5
2004-05-03,12.5
2004-05-04,12.5
2004-05-05,12.5
2004-05-06,12.5
2004-05-07,12.5
2004-05-10,12.5
2004-05-11,12.690000000000001
2004-05-12,12.690000000000001
2004-05-13,12.690000000000001
2004-05-14,12.690000000000001
2004-05-17,12.690000000000001
2004-05-18,12.690000000000001
2004-05-19,12.690000000000001
2004-05-20,12.690000000000001
2004-05-21,12.690000000000001
2004-05-24,12.690000000000001
2004-05-25,12.690000000000001
2004-05-26,12.690000000000001
2004-05-27,12.690000000000001
2004-05-28,12.690000000000001
2004-05-31,12.5
2004-06-01,12.5
2004-06-02,12.5
2004-06-03,12.5
2004-06-04,12.916666666666666
2004-06-07,12.916666666666666
2004-06-08,13.71
2004-06-09,13.71
2004-06-11,13.71
2004-06-14,13.583333333333334
2004-06-15,13.583333333333334
2004-06-16,13.583333333333334
2004-06-17,13.583333333333334
2004-06-18,13.583333333333334
2004-06-21,13.583333333333334
2004-06-22,13.583333333333334
2004-06-23,13.583333333333334
2004-06-24,13.583333333333334
2004-06-25,13.583333333333334
2004-06-28,13.583333333333334
2004-06-29,13.583333333333334
2004-06-30,13.583333333333334
2004-07-01,13.583333333333334
2004-07-02,13.75
2004-07-05,13.75
2004-07-06,13.75
2004-07-07,13.75
2004-07-08,13.75
2004-07-09,13.75
2004-07-12,13.75
2004-07-13,13.75
2004-07-14,13.75
2004-07-15,13.75
2004-07-16,13.75
2004-07-19,13.75
2004-07-20,13.75
2004-07-21,13.75
2004-07-22,13.75
2004-07-23,13.916666666666666
2004-07-26,13.916666666666666
2004-07-27,13.916666666666666
2004-07-28,13.916666666666666
2004-07-29,13.916666666666666
2004-07-30,14.5
2004-08-02,14.5
2004-08-03,14.5
2004-08-04,14.5
2004-08-05,14.5
2004-08-06,14.5
2004-08-09,14.5
2004-08-10,14.5
2004-08-11,14.5
2004-08-12,14.5
2004-08-13,14.543333333333335
2004-08-16,14.543333333333335
2004-08-17,14.5
2004-08-18,14.5
2004-08-19,14.5
2004-08-20,14.5
2004-08-23,14.5
2004-08-24,14.5
2004-08-25,14.5
2004-08-26,14.5
2004-08-27,14.5
2004-08-30,14.5
2004-08-31,14.5
2004-09-01,15.0
2004-09-02,15.0
2004-09-03,15.0
2004-09-06,15.0
2004-09-08,15.0
2004-09-09,15.0
2004-09-10,15.0
2004-09-13,15.0
2004-09-14,15.0
2004-09-15,15.0
2004-09-16,15.0
2004-09-17,15.0
2004-09-20,15.25
2004-09-21,15.25
2004-09-22,15.25
2004-09-23,15.25
2004-09-24,15.25
2004-09-27,15.25
2004-09-28,15.25
2004-09-29,15.25
2004-09-30,15.25
2004-10-01,15.25
2004-10-04,15.25
2004-10-05,15.25
2004-10-06,15.25
2004-10-07,15.25
2004-10-08,15.25
2004-10-11,15.416666666666666
2004-10-13,15.416666666666666
2004-10-14,15.416666666666666
2004-10-15,15.416666666666666
2004-10-18,15.416666666666666
2004-10-19,15.416666666666666
2004-10-20,15.416666666666666
2004-10-21,15.583333333333334
2004-10-22,15.583333333333334
2004-10-25,15.583333333333334
2004-10-26,15.583333333333334
2004-10-27,15.709999999999999
2004-10-28,15.709999999999999
2004-10-29,15.375
2004-11-03,15.375
2004-11-04,15.375
2004-11-05,15.666666666666666
2004-11-08,15.666666666666666
2004-11-09,15.375
2004-11-10,15.375
2004-11-11,15.375
2004-11-12,15.416666666666666
2004-11-16,15.416666666666666
2004-11-17,15.416666666666666
2004-11-18,15.75
2004-11-19,15.75
2004-11-22,15.75
2004-11-23,15.75
2004-11-24,15.75
2004-11-25,15.75
2004-11-26,15.75
2004-11-29,15.625
2004-11-30,15.625
2004-12-01,15.625
2004-12-02,15.625
2004-12-03,15.625
2004-12-06,15.625
2004-12-07,15.625
2004-12-08,15.75
2004-12-09,15.75
2004-12-10,15.75
2004-12-13,15.75
2004-12-14,15.75
2004-12-15,15.75
2004-12-16,15.75
2004-12-17,15.75
2004-12-20,15.75
2004-12-21,15.75
2004-12-22,16.125
2004-12-23,16.125
2004-12-27,16.125
2004-12-28,16.125
2004-12-29,16.125
2004-12-30,16.125
2005-01-03,14.25
2005-01-04,14.25
2005-01-05,14.25
2005-01-06,14.25
2005-01-07,14.333333333333334
2005-01-10,14.416666666666666
2005-01-11,14.416666666666666
2005-01-12,14.5
2005-01-13,14.5
2005-01-14,14.5
2005-01-17,14.333333333333334
2005-01-18,14.666666666666666
2005-01-19,14.666666666666666
2005-01-20,14.666666666666666
2005-01-21,14.583333333333334
2005-01-24,14.583333333333334
2005-01-25,14.583333333333334
2005-01-26,14.583333333333334
2005-01-27,14.583333333333334
2005-01-28,14.916666666666666
2005-01-31,14.916666666666666
2005-02-01,14.916666666666666
2005-02-02,14.916666666666666
2005-02-03,14.916666666666666
2005-02-04,14.916666666666666
2005-02-09,14.916666666666666
2005-02-10,14.916666666666666
2005-02-11,14.916666666666666
2005-02-14,15.416666666666666
2005-02-15,15.416666666666666
2005-02-16,15.416666666666666
2005-02-17,15.416666666666666
2005-02-18,15.5
2005-02-21,15.5
2005-02-22,15.5
2005-02-23,15.5
2005-02-24,15.5
2005-02-25,15.5
2005-02-28,15.416666666666666
2005-03-01,15.416666666666666
2005-03-02,15.416666666666666
2005-03-03,15.416666666666666
2005-03-04,15.416666666666666
2005-03-07,15.416666666666666
2005-03-08,15.416666666666666
2005-03-09,15.416666666666666
2005-03-10,15.416666666666666
2005-03-11,15.583333333333334
2005-03-14,15.583333333333334
2005-03-15,15.583333333333334
2005-03-16,15.583333333333334
2005-03-17,15.583333333333334
2005-03-18,15.583333333333334
2005-03-21,15.5
2005-03-22,15.5
2005-03-23,15.5
2005-03-24,15.5
2005-03-28,15.5
2005-03-29,15.5
2005-03-30,15.5
2005-03-31,15.5
2005-04-01,15.5
2005-04-04,15.5
2005-04-05,15.5
2005-04-06,15.5
2005-04-07,15.5
2005-04-08,15.916666666666666
2005-04-11,15.916666666666666
2005-04-12,15.916666666666666
2005-04-13,15.916666666666666
2005-04-14,15.875
2005-04-15,15.875
2005-04-18,15.875
2005-04-19,15.875
2005-04-20,15.875
2005-04-22,16.125
2005-04-25,16.083333333333332
2005-04-26,16.083333333333332
2005-04-27,16.083333333333332
2005-04-28,16.333333333333332
2005-04-29,16.25
2005-05-02,16.25
2005-05-03,16.25
2005-05-04,16.25
2005-05-05,16.25
2005-05-06,16.25
2005-05-09,16.25
2005-05-10,16.25
2005-05-11,16.0
2005-05-12,16.0
2005-05-13,16.0
2005-05-16,16.0
2005-05-17,16.0
2005-05-18,16.0
2005-05-19,16.0
2005-05-20,16.0
2005-05-23,16.0
2005-05-24,16.0
2005-05-25,16.0
2005-05-27,16.0
2005-05-30,16.0
2005-05-31,16.0
2005-06-01,16.0
2005-06-02,16.0
2005-06-03,16.0
2005-06-06,16.0
2005-06-07,16.0
2005-06-08,16.0
2005-06-09,16.0
2005-06-10,16.209999999999997
2005-06-13,16.209999999999997
2005-06-14,16.209999999999997
2005-06-15,16.209999999999997
2005-06-16,16.293333333333333
2005-06-17,16.209999999999997
2005-06-20,16.209999999999997
2005-06-21,16.209999999999997
2005-06-22,16.209999999999997
2005-06-23,16.209999999999997
2005-06-24,16.209999999999997
2005-06-27,16.209999999999997
2005-06-28,16.209999999999997
2005-06-29,16.209999999999997
2005-06-30,16.209999999999997
2005-07-01,16.0
2005-07-04,16.0
2005-07-05,16.0
2005-07-06,16.0
2005-07-07,16.0
2005-07-08,16.0
2005-07-11,16.25
2005-07-12,16.25
2005-07-13,16.25
2005-07-14,16.25
2005-07-15,16.25
2005-07-18,16.25
2005-07-19,16.25
2005-07-20,16.25
2005-07-21,16.25
2005-07-22,16.25
2005-07-25,16.25
2005-07-26,16.25
2005-07-27,16.25
2005-07-28,16.25
2005-07-29,16.25
2005-08-01,16.25
2005-08-02,16.25
2005-08-03,16.25
2005-08-04,16.25
2005-08-05,16.25
2005-08-08,16.125
2005-08-09,16.125
2005-08-10,16.0
2005-08-11,16.0
2005-08-12,16.0
2005-08-15,16.0
2005-08-16,16.0
2005-08-17,16.0
2005-08-18,15.916666666666666
2005-08-19,15.876666666666665
2005-08-22,15.876666666666665
2005-08-23,15.876666666666665
2005-08-24,15.793333333333331
2005-08-25,15.793333333333331
2005-08-26,15.793333333333331
2005-08-29,15.793333333333331
2005-08-30,15.793333333333331
2005-08-31,15.876666666666665
2005-09-01,15.876666666666665
2005-09-02,15.876666666666665
2005-09-05,15.916666666666666
2005-09-06,16.126666666666665
2005-09-08,16.0
2005-09-09,15.940000000000001
2005-09-12,15.940000000000001
2005-09-13,16.043333333333333
2005-09-14,16.043333333333333
2005-09-15,16.043333333333333
2005-09-16,16.043333333333333
2005-09-19,16.043333333333333
2005-09-20,16.043333333333333
2005-09-21,16.125
2005-09-22,16.125
2005-09-23,16.125
2005-09-26,16.125
2005-09-27,16.125
2005-09-28,16.125
2005-09-29,16.125
2005-09-30,16.0
2005-10-03,16.0
2005-10-04,16.0
2005-10-05,16.0
2005-10-06,16.0
2005-10-07,16.0
2005-10-10,16.0
2005-10-11,16.0
2005-10-13,16.0
2005-10-14,16.064999999999998
2005-10-17,16.064999999999998
2005-10-18,16.064999999999998
2005-10-19,16.064999999999998
2005-10-20,16.314999999999998
2005-10-21,16.314999999999998
2005-10-24,16.314999999999998
2005-10-25,16.314999999999998
2005-10-26,16.314999999999998
2005-10-27,16.5
2005-10-28,16.5
2005-10-31,16.5
2005-11-01,16.5
2005-11-03,16.25
2005-11-04,16.125
2005-11-07,16.125
2005-11-08,16.125
2005-11-09,16.0
2005-11-10,15.875
2005-11-11,15.876666666666667
2005-11-14,15.876666666666667
2005-11-16,15.75
2005-11-17,15.75
2005-11-18,15.75
2005-11-21,15.75
2005-11-22,15.75
2005-11-23,15.75
2005-11-24,15.75
2005-11-25,15.75
2005-11-28,15.75
2005-11-29,15.75
2005-11-30,15.75
2005-12-01,15.75
2005-12-02,15.5
2005-12-05,15.5
2005-12-06,15.5
2005-12-07,15.5
2005-12-08,15.5
2005-12-09,15.5
2005-12-12,15.666666666666666
2005-12-13,15.5
2005-12-14,15.5
2005-12-15,15.5
2005-12-16,15.5
2005-12-19,15.5
2005-12-20,15.5
2005-12-21,15.5
2005-12-22,15.5
2005-12-23,15.376666666666667
2005-12-26,15.375
2005-12-27,15.375
2005-12-28,15.375
2005-12-29,15.125
2005-12-30,15.125
2006-01-02,14.0
2006-01-03,14.0
2006-01-04,13.916666666666666
2006-01-05,13.916666666666666
2006-01-06,13.916666666666666
2006-01-09,13.916666666666666
2006-01-10,13.916666666666666
2006-01-11,13.916666666666666
2006-01-12,13.75
2006-01-13,14.375
2006-01-16,14.375
2006-01-17,14.25
2006-01-18,14.25
2006-01-19,14.25
2006-01-20,14.25
2006-01-23,14.25
2006-01-24,14.25
2006-01-25,14.25
2006-01-26,14.25
2006-01-27,14.25
2006-01-30,14.25
2006-01-31,14.166666666666666
2006-02-01,14.166666666666666
2006-02-02,14.166666666666666
2006-02-03,14.083333333333334
2006-02-06,13.683333333333332
2006-02-07,13.683333333333332
2006-02-08,13.6
2006-02-09,13.516666666666666
2006-02-10,13.516666666666666
2006-02-13,13.166666666666666
2006-02-14,13.166666666666666
2006-02-15,13.166666666666666
2006-02-16,13.166666666666666
2006-02-17,13.166666666666666
2006-02-20,13.166666666666666
2006-02-21,13.166666666666666
2006-02-22,13.166666666666666
2006-02-23,13.166666666666666
2006-02-24,13.166666666666666
2006-03-01,13.166666666666666
2006-03-02,13.166666666666666
2006-03-03,13.166666666666666
2006-03-06,13.166666666666666
2006-03-07,13.166666666666666
2006-03-08,13.166666666666666
2006-03-09,13.083333333333334
2006-03-10,13.083333333333334
2006-03-13,13.083333333333334
2006-03-14,13.083333333333334
2006-03-15,12.876666666666667
2006-03-16,12.876666666666667
2006-03-17,12.71
2006-03-20,12.71
2006-03-21,12.71
2006-03-22,12.71
2006-03-23,12.71
2006-03-24,12.71
2006-03-27,12.71
2006-03-28,12.71
2006-03-29,12.71
2006-03-30,12.71
2006-03-31,12.71
2006-04-03,12.71
2006-04-04,12.71
2006-04-05,12.71
2006-04-06,12.71
2006-04-07,12.583333333333334
2006-04-10,12.583333333333334
2006-04-11,12.583333333333334
2006-04-12,12.375
2006-04-13,12.375
2006-04-17,12.375
2006-04-18,12.375
2006-04-19,12.416666666666666
2006-04-20,12.416666666666666
2006-04-24,12.416666666666666
2006-04-25,12.416666666666666
2006-04-26,12.416666666666666
2006-04-27,12.416666666666666
2006-04-28,12.416666666666666
2006-05-02,12.375
2006-05-03,12.375
2006-05-04,12.565000000000001
2006-05-05,12.565000000000001
2006-05-08,12.565000000000001
2006-05-09,12.565000000000001
2006-05-10,12.940000000000001
2006-05-11,12.940000000000001
2006-05-12,12.96
2006-05-15,12.96
2006-05-16,12.940000000000001
2006-05-17,12.940000000000001
2006-05-18,12.940000000000001
2006-05-19,12.940000000000001
2006-05-22,12.940000000000001
2006-05-23,12.893333333333333
2006-05-24,12.893333333333333
2006-05-25,12.893333333333333
2006-05-26,12.893333333333333
2006-05-29,12.893333333333333
2006-05-30,12.893333333333333
2006-05-31,12.936666666666667
2006-06-01,12.936666666666667
2006-06-02,12.936666666666667
2006-06-05,12.936666666666667
2006-06-06,12.936666666666667
2006-06-07,12.936666666666667
2006-06-08,12.936666666666667
2006-06-09,12.936666666666667
2006-06-12,12.936666666666667
2006-06-13,12.936666666666667
2006-06-14,12.936666666666667
2006-06-16,12.936666666666667
2006-06-19,12.81
2006-06-20,12.81
2006-06-21,12.81
2006-06-22,12.936666666666667
2006-06-23,12.936666666666667
2006-06-26,12.936666666666667
2006-06-27,12.936666666666667
2006-06-28,12.936666666666667
2006-06-29,12.936666666666667
2006-06-30,12.936666666666667
2006-07-03,12.936666666666667
2006-07-04,12.936666666666667
2006-07-05,12.936666666666667
2006-07-06,12.936666666666667
2006-07-07,13.1
2006-07-10,13.1
2006-07-11,13.1
2006-07-12,13.1
2006-07-13,13.1
2006-07-14,13.1
2006-07-17,13.1
2006-07-18,13.1
2006-07-19,13.1
2006-07-20,13.1
2006-07-21,13.1
2006-07-24,13.1
2006-07-25,13.1
2006-07-26,13.1
2006-07-27,12.9
2006-07-28,12.9
2006-07-31,12.9
2006-08-01,12.9
2006-08-02,12.9
2006-08-03,12.9
2006-08-04,12.9
2006-08-07,12.9
2006-08-08,12.9
2006-08-09,12.9
2006-08-10,12.9
2006-08-11,12.793333333333335
2006-08-14,12.793333333333335
2006-08-15,12.793333333333335
2006-08-16,12.793333333333335
2006-08-17,12.793333333333335
2006-08-18,12.793333333333335
2006-08-21,12.726666666666667
2006-08-22,12.726666666666667
2006-08-23,12.9
2006-08-24,12.9
2006-08-25,12.9
2006-08-28,13.0
2006-08-29,12.9
2006-08-30,12.9
2006-08-31,12.9
2006-09-01,12.9
2006-09-04,12.9
2006-09-05,12.9
2006-09-06,12.976666666666667
2006-09-08,12.976666666666667
2006-09-11,12.876666666666667
2006-09-12,12.876666666666667
2006-09-13,12.876666666666667
2006-09-14,12.876666666666667
2006-09-15,12.876666666666667
2006-09-18,12.876666666666667
2006-09-19,12.876666666666667
2006-09-20,12.71
2006-09-21,12.71
2006-09-22,12.71
2006-09-25,12.71
2006-09-26,12.71
2006-09-27,12.71
2006-09-28,12.375
2006-09-29,12.375
2006-10-02,12.375
2006-10-03,12.375
2006-10-04,12.375
2006-10-05,12.375
2006-10-06,12.375
2006-10-09,12.583333333333334
2006-10-10,12.375
2006-10-11,12.375
2006-10-13,12.375
2006-10-16,12.5
2006-10-17,12.5
2006-10-18,12.375
2006-10-19,12.25
2006-10-20,12.25
2006-10-23,12.25
2006-10-24,12.25
2006-10-25,12.25
2006-10-26,12.25
2006-10-27,12.25
2006-10-30,12.25
2006-10-31,12.25
2006-11-01,12.0
2006-11-03,12.0
2006-11-06,12.0
2006-11-07,12.0
2006-11-08,12.0
2006-11-09,12.0
2006-11-10,12.0
2006-11-13,12.0
2006-11-14,12.0
2006-11-16,12.0
2006-11-17,12.0
2006-11-20,12.0
2006-11-21,12.0
2006-11-22,12.0
2006-11-23,12.0
2006-11-24,11.75
2006-11-27,11.75
2006-11-28,11.75
2006-11-29,11.75
2006-11-30,11.75
2006-12-01,11.75
2006-12-04,11.690000000000001
2006-12-05,11.690000000000001
2006-12-06,11.625
2006-12-07,11.625
2006-12-08,11.5
2006-12-11,11.5
2006-12-12,11.5
2006-12-13,11.5
2006-12-14,11.5
2006-12-15,11.5
2006-12-18,11.5
2006-12-19,11.5
2006-12-20,11.5
2006-12-21,11.5
2006-12-22,11.5
2006-12-26,11.5
2006-12-27,11.375
2006-12-28,11.375
2006-12-29,11.375
2007-01-02,10.75
2007-01-03,10.75
2007-01-04,10.75
2007-01-05,10.75
2007-01-08,10.625
2007-01-09,10.625
2007-01-10,10.75
2007-01-11,10.75
2007-01-12,10.75
2007-01-15,10.75
2007-01-16,10.75
2007-01-17,10.75
2007-01-18,10.75
2007-01-19,10.75
2007-01-22,10.75
2007-01-23,10.75
2007-01-24,10.75
2007-01-25,10.75
2007-01-26,10.75
2007-01-29,10.75
2007-01-30,10.75
2007-01-31,10.75
2007-02-01,10.75
2007-02-02,10.75
2007-02-05,10.666666666666666
2007-02-06,10.666666666666666
2007-02-07,10.75
2007-02-08,10.75
2007-02-09,10.625
2007-02-12,10.625
2007-02-13,10.625
2007-02-14,10.625
2007-02-15,10.625
2007-02-16,10.625
2007-02-21,10.625
2007-02-22,10.625
2007-02-23,10.625
2007-02-26,10.625
2007-02-27,10.625
2007-02-28,10.625
2007-03-01,10.625
2007-03-02,10.5
2007-03-05,10.5
2007-03-06,10.5
2007-03-07,10.5
2007-03-08,10.5
2007-03-09,10.5
2007-03-12,10.5
2007-03-13,10.5
2007-03-14,10.5
2007-03-15,10.5
2007-03-16,10.5
2007-03-19,10.5
2007-03-20,10.5
2007-03-21,10.375
2007-03-22,10.440000000000001
2007-03-23,10.440000000000001
2007-03-26,10.440000000000001
2007-03-27,10.440000000000001
2007-03-28,10.440000000000001
2007-03-29,10.440000000000001
2007-03-30,10.440000000000001
2007-04-02,10.440000000000001
2007-04-03,10.440000000000001
2007-04-04,10.440000000000001
2007-04-05,10.440000000000001
2007-04-09,10.440000000000001
2007-04-10,10.440000000000001
2007-04-11,10.315000000000001
2007-04-12,10.315000000000001
2007-04-13,10.065000000000001
2007-04-16,10.065000000000001
2007-04-17,10.065000000000001
2007-04-18,10.065000000000001
2007-04-19,10.065000000000001
2007-04-20,10.065000000000001
2007-04-23,10.065000000000001
2007-04-24,10.0
2007-04-25,10.0
2007-04-26,10.0
2007-04-27,10.0
2007-04-30,10.0
2007-05-02,9.876666666666667
2007-05-03,9.876666666666667
2007-05-04,9.876666666666667
2007-05-07,9.876666666666667
2007-05-08,9.876666666666667
2007-05-09,9.75
2007-05-10,9.75
2007-05-11,9.625
2007-05-14,9.625
2007-05-15,9.625
2007-05-16,9.625
2007-05-17,9.625
2007-05-18,9.625
2007-05-21,9.625
2007-05-22,9.625
2007-05-23,9.625
2007-05-24,9.625
2007-05-25,9.625
2007-05-28,9.625
2007-05-29,9.625
2007-05-30,9.625
2007-05-31,9.625
2007-06-01,9.625
2007-06-04,9.5
2007-06-05,9.625
2007-06-06,9.625
2007-06-08,9.625
2007-06-11,9.625
2007-06-12,9.625
2007-06-13,9.625
2007-06-14,9.625
2007-06-15,9.625
2007-06-18,9.625
2007-06-19,9.625
2007-06-20,9.625
2007-06-21,9.625
2007-06-22,9.625
2007-06-25,9.625
2007-06-26,9.625
2007-06-27,9.625
2007-06-28,9.625
2007-06-29,9.625
2007-07-02,9.625
2007-07-03,9.625
2007-07-04,9.625
2007-07-05,9.625
2007-07-06,9.625
2007-07-09,9.625
2007-07-10,9.625
2007-07-11,9.625
2007-07-12,9.625
2007-07-13,9.625
2007-07-16,9.625
2007-07-17,9.625
2007-07-18,9.625
2007-07-19,9.625
2007-07-20,9.625
2007-07-23,9.625
2007-07-24,9.625
2007-07-25,9.625
2007-07-26,9.625
2007-07-27,9.625
2007-07-30,9.625
2007-07-31,9.625
2007-08-01,9.625
2007-08-02,9.625
2007-08-03,9.625
2007-08-06,9.625
2007-08-07,9.625
2007-08-08,9.625
2007-08-09,9.5
2007-08-10,9.5
2007-08-13,9.5
2007-08-14,9.5
2007-08-15,9.625
2007-08-16,9.625
2007-08-17,9.625
2007-08-20,9.625
2007-08-21,9.625
2007-08-22,9.625
2007-08-23,9.625
2007-08-24,9.625
2007-08-27,9.625
2007-08-28,9.625
2007-08-29,9.75
2007-08-30,9.75
2007-08-31,9.75
2007-09-03,9.75
2007-09-04,9.75
2007-09-05,9.75
2007-09-06,9.75
2007-09-10,9.75
2007-09-11,9.75
2007-09-12,9.75
2007-09-13,9.75
2007-09-14,9.75
2007-09-17,9.833333333333334
2007-09-18,9.833333333333334
2007-09-19,9.875
2007-09-20,9.875
2007-09-21,9.875
2007-09-24,9.875
2007-09-25,9.875
2007-09-26,9.875
2007-09-27,9.875
2007-09-28,9.875
2007-10-01,9.875
2007-10-02,9.875
2007-10-03,9.875
2007-10-04,9.875
2007-10-05,9.875
2007-10-08,9.875
2007-10-09,10.0
2007-10-10,10.0
2007-10-11,10.0
2007-10-15,10.0
2007-10-16,10.0
2007-10-17,10.0
2007-10-18,10.0
2007-10-19,10.0
2007-10-22,9.875
2007-10-23,9.875
2007-10-24,9.875
2007-10-25,9.875
2007-10-26,9.875
2007-10-29,9.875
2007-10-30,9.875
2007-10-31,10.0
2007-11-01,10.0
2007-11-05,10.0
2007-11-06,10.0
2007-11-07,10.190000000000001
2007-11-08,10.293333333333335
2007-11-09,10.375
2007-11-12,10.375
2007-11-13,10.375
2007-11-14,10.375
2007-11-16,10.375
2007-11-19,10.375
2007-11-20,10.375
2007-11-21,10.375
2007-11-22,10.375
2007-11-23,10.375
2007-11-26,10.376666666666667
2007-11-27,10.375
2007-11-28,10.375
2007-11-29,10.375
2007-11-30,10.375
2007-12-03,10.375
2007-12-04,10.375
2007-12-05,10.375
2007-12-06,10.375
2007-12-07,10.375
2007-12-10,10.376666666666667
2007-12-11,10.376666666666667
2007-12-12,10.376666666666667
2007-12-13,10.5
2007-12-14,10.565000000000001
2007-12-17,10.753333333333336
2007-12-18,10.753333333333336
2007-12-19,10.753333333333336
2007-12-20,10.753333333333336
2007-12-21,10.753333333333336
2007-12-24,10.753333333333336
2007-12-26,10.836666666666668
2007-12-27,10.920000000000002
2007-12-28,10.920000000000002
2007-12-31,10.96
2008-01-02,10.21
2008-01-03,10.21
2008-01-04,10.17
2008-01-07,10.065000000000001
2008-01-08,10.065000000000001
2008-01-09,10.376666666666667
2008-01-10,10.376666666666667
2008-01-11,10.293333333333335
2008-01-14,10.25
2008-01-15,10.293333333333335
2008-01-16,10.293333333333335
2008-01-17,10.46
2008-01-18,10.5
2008-01-21,10.5
2008-01-22,10.46
2008-01-23,10.46
2008-01-24,10.46
2008-01-25,10.46
2008-01-28,10.46
2008-01-29,10.46
2008-01-30,10.46
2008-01-31,10.626666666666667
2008-02-01,10.626666666666667
2008-02-06,10.626666666666667
2008-02-07,10.626666666666667
2008-02-08,10.626666666666667
2008-02-11,10.666666666666666
2008-02-12,10.666666666666666
2008-02-13,11.170000000000002
2008-02-14,11.170000000000002
2008-02-15,11.170000000000002
2008-02-18,11.170000000000002
2008-02-19,11.170000000000002
2008-02-20,11.170000000000002
2008-02-21,11.170000000000002
2008-02-22,11.253333333333336
2008-02-25,11.253333333333336
2008-02-26,11.253333333333336
2008-02-27,11.253333333333336
2008-02-28,11.253333333333336
2008-02-29,11.253333333333336
2008-03-03,11.170000000000002
2008-03-04,11.170000000000002
2008-03-05,11.170000000000002
2008-03-06,11.170000000000002
2008-03-07,11.170000000000002
2008-03-10,11.003333333333336
2008-03-11,11.003333333333336
2008-03-12,11.003333333333336
2008-03-13,11.003333333333336
2008-03-14,11.003333333333336
2008-03-17,11.170000000000002
2008-03-18,11.170000000000002
2008-03-19,11.5
2008-03-20,11.5
2008-03-24,11.583333333333334
2008-03-25,11.583333333333334
2008-03-26,11.583333333333334
2008-03-27,11.583333333333334
2008-03-28,11.583333333333334
2008-03-31,11.583333333333334
2008-04-01,11.583333333333334
2008-04-02,11.583333333333334
2008-04-03,11.626666666666667
2008-04-04,11.626666666666667
2008-04-07,11.626666666666667
2008-04-08,11.626666666666667
2008-04-09,11.876666666666667
2008-04-10,11.876666666666667
2008-04-11,11.876666666666667
2008-04-14,11.876666666666667
2008-04-15,11.876666666666667
2008-04-16,11.876666666666667
2008-04-17,11.876666666666667
2008-04-18,11.876666666666667
2008-04-22,11.876666666666667
2008-04-23,11.876666666666667
2008-04-24,11.876666666666667
2008-04-25,11.876666666666667
2008-04-28,11.876666666666667
2008-04-29,11.876666666666667
2008-04-30,11.940000000000001
2008-05-02,11.940000000000001
2008-05-05,11.875
2008-05-06,11.875
2008-05-07,12.0
2008-05-08,12.0
2008-05-09,12.065000000000001
2008-05-12,12.125
2008-05-13,12.125
2008-05-14,12.125
2008-05-15,12.065000000000001
2008-05-16,12.065000000000001
2008-05-19,12.126666666666667
2008-05-20,12.126666666666667
2008-05-21,12.126666666666667
2008-05-23,12.126666666666667
2008-05-26,12.25
2008-05-27,12.126666666666667
2008-05-28,12.38
2008-05-29,12.38
2008-05-30,12.38
2008-06-02,12.38
2008-06-03,12.38
2008-06-04,12.38
2008-06-05,12.38
2008-06-06,12.440000000000001
2008-06-09,12.440000000000001
2008-06-10,12.440000000000001
2008-06-11,12.440000000000001
2008-06-12,12.440000000000001
2008-06-13,12.440000000000001
2008-06-16,12.440000000000001
2008-06-17,12.440000000000001
2008-06-18,12.5
2008-06-19,12.5
2008-06-20,12.666666666666666
2008-06-23,13.043333333333335
2008-06-24,13.043333333333335
2008-06-25,13.376666666666667
2008-06-26,13.376666666666667
2008-06-27,13.376666666666667
2008-06-30,13.503333333333336
2008-07-01,13.503333333333336
2008-07-02,13.46
2008-07-03,13.46
2008-07-04,13.46
2008-07-07,13.46
2008-07-08,13.46
2008-07-09,13.46
2008-07-10,13.793333333333335
2008-07-11,13.793333333333335
2008-07-14,13.75
2008-07-15,13.875
2008-07-16,13.875
2008-07-17,13.875
2008-07-18,13.875
2008-07-21,13.875
2008-07-22,13.875
2008-07-23,13.875
2008-07-24,13.875
2008-07-25,13.875
2008-07-28,13.690000000000001
2008-07-29,13.875
2008-07-30,13.875
2008-07-31,13.875
2008-08-01,14.083333333333334
2008-08-04,14.083333333333334
2008-08-05,14.125
2008-08-06,14.125
2008-08-07,14.126666666666667
2008-08-08,14.21
2008-08-11,14.126666666666667
2008-08-12,14.126666666666667
2008-08-13,14.126666666666667
2008-08-14,14.126666666666667
2008-08-15,14.126666666666667
2008-08-18,14.126666666666667
2008-08-19,14.126666666666667
2008-08-20,14.126666666666667
2008-08-21,14.126666666666667
2008-08-22,14.126666666666667
2008-08-25,14.126666666666667
2008-08-26,14.126666666666667
2008-08-27,14.126666666666667
2008-08-28,14.126666666666667
2008-08-29,14.086666666666668
2008-09-01,14.0
2008-09-02,14.0
2008-09-03,14.0
2008-09-04,14.0
2008-09-05,14.0
2008-09-08,13.96
2008-09-09,14.0
2008-09-10,14.0
2008-09-11,14.0
2008-09-12,14.0
2008-09-15,14.0
2008-09-16,14.0
2008-09-17,14.0
2008-09-18,14.0
2008-09-19,14.0
2008-09-22,14.0
2008-09-23,14.0
2008-09-24,14.0
2008-09-25,14.0
2008-09-26,14.0
2008-09-29,13.833333333333334
2008-09-30,13.833333333333334
2008-10-01,13.875
2008-10-02,13.875
2008-10-03,13.836666666666668
2008-10-06,13.793333333333335
2008-10-07,13.793333333333335
2008-10-08,13.71
2008-10-09,13.916666666666666
2008-10-10,13.916666666666666
2008-10-13,13.916666666666666
2008-10-14,13.916666666666666
2008-10-15,13.916666666666666
2008-10-16,13.916666666666666
2008-10-17,13.875
2008-10-20,13.586666666666668
2008-10-21,13.586666666666668
2008-10-22,13.5
2008-10-23,13.690000000000001
2008-10-24,13.690000000000001
2008-10-27,13.690000000000001
2008-10-28,13.690000000000001
2008-10-29,13.690000000000001
2008-10-30,13.690000000000001
2008-10-31,13.96
2008-11-03,13.96
2008-11-04,13.96
2008-11-05,13.96
2008-11-06,13.96
2008-11-07,13.96
2008-11-10,13.876666666666667
2008-11-11,13.876666666666667
2008-11-12,14.126666666666667
2008-11-13,14.126666666666667
2008-11-14,14.126666666666667
2008-11-17,14.125
2008-11-18,14.125
2008-11-19,14.125
2008-11-20,14.0
2008-11-21,14.0
2008-11-24,14.0
2008-11-25,14.126666666666667
2008-11-26,14.126666666666667
2008-11-27,14.126666666666667
2008-11-28,14.126666666666667
2008-12-01,14.126666666666667
2008-12-02,13.876666666666667
2008-12-03,13.626666666666667
2008-12-04,13.670000000000002
2008-12-05,13.670000000000002
2008-12-08,13.626666666666667
2008-12-09,13.626666666666667
2008-12-10,13.626666666666667
2008-12-11,13.626666666666667
2008-12-12,13.46
2008-12-15,13.46
2008-12-16,13.46
2008-12-17,13.46
2008-12-18,12.375
2008-12-19,12.375
2008-12-22,12.126666666666667
2008-12-23,12.086666666666668
2008-12-24,12.086666666666668
2008-12-26,11.836666666666668
2008-12-29,11.793333333333335
2008-12-30,11.793333333333335
2008-12-31,11.793333333333335
2009-01-02,11.5
2009-01-05,11.5
2009-01-06,11.5
2009-01-07,11.375
2009-01-08,11.375
2009-01-09,11.375
2009-01-12,11.21
2009-01-13,11.21
2009-01-14,10.71
2009-01-15,10.71
2009-01-16,10.71
2009-01-19,10.71
2009-01-20,10.670000000000002
2009-01-21,10.670000000000002
2009-01-22,10.565000000000001
2009-01-23,10.565000000000001
2009-01-26,10.565000000000001
2009-01-27,10.565000000000001
2009-01-28,10.565000000000001
2009-01-29,10.440000000000001
2009-01-30,10.440000000000001
2009-02-02,10.440000000000001
2009-02-03,10.440000000000001
2009-02-04,10.440000000000001
2009-02-05,10.440000000000001
2009-02-06,10.0
2009-02-09,10.0
2009-02-10,10.0
2009-02-11,10.0
2009-02-12,9.876666666666667
2009-02-13,9.876666666666667
2009-02-16,9.876666666666667
2009-02-17,9.876666666666667
2009-02-18,9.876666666666667
2009-02-19,9.876666666666667
2009-02-20,9.876666666666667
2009-02-25,9.876666666666667
2009-02-26,9.876666666666667
2009-02-27,9.876666666666667
2009-03-02,9.876666666666667
2009-03-03,9.876666666666667
2009-03-04,9.876666666666667
2009-03-05,9.876666666666667
2009-03-06,9.583333333333334
2009-03-09,9.25
2009-03-10,9.440000000000001
2009-03-11,9.440000000000001
2009-03-12,9.376666666666667
2009-03-13,9.315000000000001
2009-03-16,9.315000000000001
2009-03-17,9.315000000000001
2009-03-18,9.315000000000001
2009-03-19,9.315000000000001
2009-03-20,9.315000000000001
2009-03-23,9.315000000000001
2009-03-24,9.25
2009-03-25,9.25
2009-03-26,9.25
2009-03-27,9.25
2009-03-30,9.125
2009-03-31,9.125
2009-04-01,9.25
2009-04-02,9.25
2009-04-03,9.25
2009-04-06,9.25
2009-04-07,9.25
2009-04-08,9.25
2009-04-09,9.25
2009-04-13,9.125
2009-04-14,9.125
2009-04-15,9.0
2009-04-16,9.043333333333335
2009-04-17,9.043333333333335
2009-04-20,9.166666666666666
2009-04-22,9.166666666666666
2009-04-23,9.083333333333334
2009-04-24,9.0
2009-04-27,9.0
2009-04-28,9.0
2009-04-29,9.0
2009-04-30,9.0
2009-05-04,9.0
2009-05-05,9.0
2009-05-06,9.0
2009-05-07,9.0
2009-05-08,9.25
2009-05-11,9.25
2009-05-12,9.25
2009-05-13,9.25
2009-05-14,9.166666666666666
2009-05-15,9.166666666666666
2009-05-18,9.25
2009-05-19,9.0
2009-05-20,9.0
2009-05-21,9.166666666666666
2009-05-22,9.166666666666666
2009-05-25,9.166666666666666
2009-05-26,9.166666666666666
2009-05-27,9.166666666666666
2009-05-28,9.166666666666666
2009-05-29,9.126666666666667
2009-06-01,9.126666666666667
2009-06-02,9.166666666666666
2009-06-03,9.166666666666666
2009-06-04,9.166666666666666
2009-06-05,9.166666666666666
2009-06-08,9.166666666666666
2009-06-09,9.166666666666666
2009-06-10,9.166666666666666
2009-06-12,9.166666666666666
2009-06-15,9.166666666666666
2009-06-16,9.166666666666666
2009-06-17,9.166666666666666
2009-06-18,9.166666666666666
2009-06-19,9.166666666666666
2009-06-22,9.166666666666666
2009-06-23,9.166666666666666
2009-06-24,9.166666666666666
2009-06-25,9.166666666666666
2009-06-26,9.166666666666666
2009-06-29,9.166666666666666
2009-06-30,9.166666666666666
2009-07-01,9.166666666666666
2009-07-02,9.166666666666666
2009-07-03,9.166666666666666
2009-07-06,9.166666666666666
2009-07-07,9.166666666666666
2009-07-08,9.375
2009-07-09,9.375
2009-07-10,9.375
2009-07-13,9.25
2009-07-14,9.25
2009-07-15,9.25
2009-07-16,9.25
2009-07-17,9.315000000000001
2009-07-20,9.315000000000001
2009-07-21,9.315000000000001
2009-07-22,9.315000000000001
2009-07-23,9.315000000000001
2009-07-24,9.315000000000001
2009-07-27,9.315000000000001
2009-07-28,9.315000000000001
2009-07-29,9.315000000000001
2009-07-30,9.315000000000001
2009-07-31,9.293333333333335
2009-08-03,9.293333333333335
2009-08-04,9.293333333333335
2009-08-05,9.21
2009-08-06,9.416666666666666
2009-08-07,9.5
2009-08-10,9.416666666666666
2009-08-11,9.583333333333334
2009-08-12,9.583333333333334
2009-08-13,9.666666666666666
2009-08-14,9.666666666666666
2009-08-17,9.583333333333334
2009-08-18,9.583333333333334
2009-08-19,9.583333333333334
2009-08-20,9.583333333333334
2009-08-21,9.583333333333334
2009-08-24,9.583333333333334
2009-08-25,9.583333333333334
2009-08-26,9.5
2009-08-27,9.5
2009-08-28,9.5
2009-08-31,9.5
2009-09-01,9.5
2009-09-02,9.5
2009-09-03,9.5
2009-09-04,9.5
2009-09-08,9.5
2009-09-09,9.5
2009-09-10,9.416666666666666
2009-09-11,9.416666666666666
2009-09-14,9.416666666666666
2009-09-15,9.416666666666666
2009-09-16,9.416666666666666
2009-09-17,9.543333333333335
2009-09-18,9.543333333333335
2009-09-21,9.543333333333335
2009-09-22,9.543333333333335
2009-09-23,9.753333333333334
2009-09-24,9.753333333333334
2009-09-25,9.753333333333334
2009-09-28,9.753333333333334
2009-09-29,9.88
2009-09-30,9.92
2009-10-01,9.92
2009-10-02,9.92
2009-10-05,10.086666666666668
2009-10-06,10.086666666666668
2009-10-07,10.086666666666668
2009-10-08,10.71
2009-10-09,10.71
2009-10-13,10.71
2009-10-14,10.71
2009-10-15,10.71
2009-10-16,10.71
2009-10-19,10.71
2009-10-20,10.71
2009-10-21,10.71
2009-10-22,10.71
2009-10-23,10.71
2009-10-26,10.71
2009-10-27,10.71
2009-10-28,10.71
2009-10-29,10.71
2009-10-30,10.71
2009-11-03,10.71
2009-11-04,10.71
2009-11-05,10.71
2009-11-06,10.71
2009-11-09,10.71
2009-11-10,10.71
2009-11-11,10.793333333333335
2009-11-12,10.793333333333335
2009-11-13,10.793333333333335
2009-11-16,10.793333333333335
2009-11-17,10.793333333333335
2009-11-18,10.793333333333335
2009-11-19,10.793333333333335
2009-11-20,10.793333333333335
2009-11-23,10.793333333333335
2009-11-24,10.793333333333335
2009-11-25,10.793333333333335
2009-11-26,10.793333333333335
2009-11-27,10.793333333333335
2009-11-30,10.565000000000001
2009-12-01,10.565000000000001
2009-12-02,10.565000000000001
2009-12-03,10.565000000000001
2009-12-04,10.565000000000001
2009-12-07,10.565000000000001
2009-12-08,10.565000000000001
2009-12-09,10.565000000000001
2009-12-10,10.565000000000001
2009-12-11,10.565000000000001
2009-12-14,10.565000000000001
2009-12-15,10.565000000000001
2009-12-16,10.565000000000001
2009-12-17,10.625
2009-12-18,10.625
2009-12-21,10.625
2009-12-22,10.625
2009-12-23,10.625
2009-12-24,10.625
2009-12-28,10.75
2009-12-29,10.75
2009-12-30,10.75
2009-12-31,10.75
2010-01-04,10.876666666666667
2010-01-05,10.876666666666667
2010-01-06,10.876666666666667
2010-01-07,10.876666666666667
2010-01-08,10.876666666666667
2010-01-11,10.876666666666667
2010-01-12,10.876666666666667
2010-01-13,10.5
2010-01-14,10.5
2010-01-15,10.5
2010-01-18,10.583333333333334
2010-01-19,10.583333333333334
2010-01-20,10.583333333333334
2010-01-21,10.583333333333334
2010-01-22,10.5
2010-01-25,10.5
2010-01-26,10.5
2010-01-27,10.5
2010-01-28,10.5
2010-01-29,10.583333333333334
2010-02-01,10.25
2010-02-02,10.25
2010-02-03,10.25
2010-02-04,10.25
2010-02-05,10.25
2010-02-08,10.25
2010-02-09,10.25
2010-02-10,10.25
2010-02-11,10.25
2010-02-12,10.25
2010-02-17,10.125
2010-02-18,10.125
2010-02-19,10.125
2010-02-22,10.125
2010-02-23,10.125
2010-02-24,10.125
2010-02-25,10.125
2010-02-26,10.125
2010-03-01,10.125
2010-03-02,10.125
2010-03-03,10.125
2010-03-04,10.125
2010-03-05,10.125
2010-03-08,10.125
2010-03-09,10.125
2010-03-10,10.125
2010-03-11,10.125
2010-03-12,10.125
2010-03-15,10.125
2010-03-16,10.125
2010-03-17,10.125
2010-03-18,10.125
2010-03-19,10.125
2010-03-22,10.125
2010-03-23,10.125
2010-03-24,10.125
2010-03-25,10.125
2010-03-26,10.125
2010-03-29,10.125
2010-03-30,10.125
2010-03-31,10.125
2010-04-01,10.125
2010-04-05,10.125
2010-04-06,10.125
2010-04-07,10.416666666666666
2010-04-08,10.46
2010-04-09,10.375
2010-04-12,10.375
2010-04-13,10.375
2010-04-14,10.875
2010-04-15,10.875
2010-04-16,10.875
2010-04-19,10.875
2010-04-20,10.875
2010-04-22,10.875
2010-04-23,10.875
2010-04-26,10.875
2010-04-27,10.875
2010-04-28,10.875
2010-04-29,10.875
2010-04-30,10.875
2010-05-03,10.875
2010-05-04,10.875
2010-05-05,10.875
2010-05-06,10.875
2010-05-07,11.25
2010-05-10,11.25
2010-05-11,11.25
2010-05-12,11.25
2010-05-13,11.25
2010-05-14,11.25
2010-05-17,11.25
2010-05-18,11.25
2010-05-19,11.25
2010-05-20,11.25
2010-05-21,11.21
2010-05-24,11.21
2010-05-25,11.21
2010-05-26,11.21
2010-05-27,11.21
2010-05-28,11.21
2010-05-31,11.21
2010-06-01,11.21
2010-06-02,11.376666666666667
2010-06-04,11.376666666666667
2010-06-07,11.293333333333335
2010-06-08,11.293333333333335
2010-06-09,11.293333333333335
2010-06-10,11.75
2010-06-11,11.75
2010-06-14,11.625
2010-06-15,12.065000000000001
2010-06-16,12.065000000000001
2010-06-17,12.065000000000001
2010-06-18,12.065000000000001
2010-06-21,12.065000000000001
2010-06-22,11.5
2010-06-23,11.5
2010-06-24,11.5
2010-06-25,11.5
2010-06-28,11.5
2010-06-29,11.5
2010-06-30,11.5
2010-07-01,11.5
2010-07-02,11.5
2010-07-05,11.5
2010-07-06,11.5
2010-07-07,12.166666666666666
2010-07-08,12.166666666666666
2010-07-09,12.166666666666666
2010-07-12,12.166666666666666
2010-07-13,12.166666666666666
2010-07-14,11.916666666666666
2010-07-15,11.916666666666666
2010-07-16,11.916666666666666
2010-07-19,11.916666666666666
2010-07-20,11.916666666666666
2010-07-21,11.916666666666666
2010-07-22,12.0
2010-07-23,12.75
2010-07-26,12.75
2010-07-27,12.75
2010-07-28,12.75
2010-07-29,12.666666666666666
2010-07-30,12.626666666666667
2010-08-02,12.626666666666667
2010-08-03,12.420000000000002
2010-08-04,12.170000000000002
2010-08-05,12.083333333333334
2010-08-06,11.875
2010-08-09,11.625
2010-08-10,11.625
2010-08-11,11.625
2010-08-12,11.625
2010-08-13,11.625
2010-08-16,11.625
2010-08-17,11.625
2010-08-18,11.626666666666667
2010-08-19,11.543333333333335
2010-08-20,11.253333333333336
2010-08-23,11.253333333333336
2010-08-24,11.253333333333336
2010-08-25,11.170000000000002
2010-08-26,11.170000000000002
2010-08-27,11.170000000000002
2010-08-30,11.170000000000002
2010-08-31,11.170000000000002
2010-09-01,11.170000000000002
2010-09-02,11.170000000000002
2010-09-03,11.170000000000002
2010-09-06,11.170000000000002
2010-09-08,11.170000000000002
2010-09-09,11.170000000000002
2010-09-10,11.170000000000002
2010-09-13,11.170000000000002
2010-09-14,11.170000000000002
2010-09-15,11.21
2010-09-16,11.21
2010-09-17,11.21
2010-09-20,11.043333333333335
2010-09-21,11.043333333333335
2010-09-22,11.293333333333335
2010-09-23,11.416666666666666
2010-09-24,11.416666666666666
2010-09-27,11.416666666666666
2010-09-28,11.416666666666666
2010-09-29,11.416666666666666
2010-09-30,11.416666666666666
2010-10-01,11.416666666666666
2010-10-04,11.583333333333334
2010-10-05,11.583333333333334
2010-10-06,11.416666666666666
2010-10-07,11.416666666666666
2010-10-08,11.793333333333335
2010-10-11,11.793333333333335
2010-10-13,11.793333333333335
2010-10-14,11.793333333333335
2010-10-15,11.793333333333335
2010-10-18,11.583333333333334
2010-10-19,11.666666666666666
2010-10-20,11.666666666666666
2010-10-21,11.666666666666666
2010-10-22,11.666666666666666
2010-10-25,11.666666666666666
2010-10-26,11.666666666666666
2010-10-27,11.666666666666666
2010-10-28,11.666666666666666
2010-10-29,11.666666666666666
2010-11-01,11.666666666666666
2010-11-03,11.666666666666666
2010-11-04,11.666666666666666
2010-11-05,11.666666666666666
2010-11-08,11.916666666666666
2010-11-09,11.833333333333334
2010-11-10,11.416666666666666
2010-11-11,11.416666666666666
2010-11-12,11.416666666666666
2010-11-16,11.416666666666666
2010-11-17,11.416666666666666
2010-11-18,11.46
2010-11-19,11.46
2010-11-22,11.46
2010-11-23,11.46
2010-11-24,11.46
2010-11-25,11.46
2010-11-26,11.46
2010-11-29,11.46
2010-11-30,11.5
2010-12-01,12.25
2010-12-02,12.25
2010-12-03,12.125
2010-12-06,12.125
2010-12-07,12.125
2010-12-08,12.125
2010-12-09,12.125
2010-12-10,12.125
2010-12-13,12.125
2010-12-14,12.125
2010-12-15,12.125
2010-12-16,12.125
2010-12-17,12.125
2010-12-20,12.125
2010-12-21,12.125
2010-12-22,12.125
2010-12-23,12.25
2010-12-24,12.25
2010-12-27,12.25
2010-12-28,12.25
2010-12-29,12.25
2010-12-30,12.25
2010-12-31,12.315000000000001
2011-01-03,10.670000000000002
2011-01-04,10.670000000000002
2011-01-05,10.670000000000002
2011-01-06,10.670000000000002
2011-01-07,10.815000000000001
2011-01-10,10.815000000000001
2011-01-11,10.815000000000001
2011-01-12,10.815000000000001
2011-01-13,10.815000000000001
2011-01-14,10.815000000000001
2011-01-17,10.815000000000001
2011-01-18,10.815000000000001
2011-01-19,10.815000000000001
2011-01-20,10.815000000000001
2011-01-21,10.815000000000001
2011-01-24,10.71
2011-01-25,10.71
2011-01-26,10.71
2011-01-27,10.71
2011-01-28,10.71
2011-01-31,10.71
2011-02-01,10.71
2011-02-02,10.75
2011-02-03,10.75
2011-02-04,10.75
2011-02-07,10.75
2011-02-08,10.876666666666667
2011-02-09,10.940000000000001
2011-02-10,11.25
2011-02-11,11.25
2011-02-14,11.25
2011-02-15,11.25
2011-02-16,11.25
2011-02-17,11.25
2011-02-18,11.25
2011-02-21,11.25
2011-02-22,11.25
2011-02-23,11.25
2011-02-24,11.25
2011-02-25,11.25
2011-02-28,11.25
2011-03-01,11.25
2011-03-02,11.25
2011-03-03,11.25
2011-03-04,11.25
2011-03-09,11.503333333333336
2011-03-10,11.503333333333336
2011-03-11,11.315000000000001
2011-03-14,11.376666666666667
2011-03-15,11.376666666666667
2011-03-16,11.376666666666667
2011-03-17,11.376666666666667
2011-03-18,11.376666666666667
2011-03-21,11.376666666666667
2011-03-22,11.25
2011-03-23,11.25
2011-03-24,11.25
2011-03-25,11.25
2011-03-28,11.315000000000001
2011-03-29,11.315000000000001
2011-03-30,11.315000000000001
2011-03-31,11.315000000000001
2011-04-01,11.315000000000001
2011-04-04,11.315000000000001
2011-04-05,11.315000000000001
2011-04-06,11.315000000000001
2011-04-07,11.666666666666666
2011-04-08,11.876666666666667
2011-04-11,12.126666666666667
2011-04-12,12.083333333333334
2011-04-13,12.0
2011-04-14,12.083333333333334
2011-04-15,12.083333333333334
2011-04-18,12.083333333333334
2011-04-19,12.083333333333334
2011-04-20,12.083333333333334
2011-04-25,12.166666666666666
2011-04-26,12.166666666666666
2011-04-27,12.166666666666666
2011-04-28,12.126666666666667
2011-04-29,12.293333333333335
2011-05-02,12.376666666666667
2011-05-03,12.376666666666667
2011-05-04,12.376666666666667
2011-05-05,12.376666666666667
2011-05-06,12.376666666666667
2011-05-09,11.876666666666667
2011-05-10,11.916666666666666
2011-05-11,12.21
2011-05-12,12.25
2011-05-13,12.25
2011-05-16,12.25
2011-05-17,12.293333333333335
2011-05-18,12.293333333333335
2011-05-19,12.293333333333335
2011-05-20,12.293333333333335
2011-05-23,12.293333333333335
2011-05-24,12.293333333333335
2011-05-25,12.293333333333335
2011-05-26,12.293333333333335
2011-05-27,12.293333333333335
2011-05-30,12.293333333333335
2011-05-31,12.293333333333335
2011-06-01,12.293333333333335
2011-06-02,12.293333333333335
2011-06-03,12.293333333333335
2011-06-06,12.293333333333335
2011-06-07,12.293333333333335
2011-06-08,12.293333333333335
2011-06-09,12.375
2011-06-10,12.376666666666667
2011-06-13,12.376666666666667
2011-06-14,12.376666666666667
2011-06-15,12.376666666666667
2011-06-16,12.376666666666667
2011-06-17,12.440000000000001
2011-06-20,12.440000000000001
2011-06-21,12.440000000000001
2011-06-22,12.440000000000001
2011-06-24,12.440000000000001
2011-06-27,12.440000000000001
2011-06-28,12.440000000000001
2011-06-29,12.440000000000001
2011-06-30,12.440000000000001
2011-07-01,12.440000000000001
2011-07-04,12.440000000000001
2011-07-05,12.376666666666667
2011-07-06,12.376666666666667
2011-07-07,12.406666666666666
2011-07-08,12.406666666666666
2011-07-11,12.393333333333333
2011-07-12,12.543333333333335
2011-07-13,12.543333333333335
2011-07-14,12.543333333333335
2011-07-15,12.543333333333335
2011-07-18,12.543333333333335
2011-07-19,12.543333333333335
2011-07-20,12.543333333333335
2011-07-21,12.543333333333335
2011-07-22,12.543333333333335
2011-07-25,12.625
2011-07-26,12.625
2011-07-27,12.625
2011-07-28,12.625
2011-07-29,12.625
2011-08-01,12.625
2011-08-02,12.625
2011-08-03,12.5
2011-08-04,12.5
2011-08-05,12.5
2011-08-08,12.5
2011-08-09,12.5
2011-08-10,12.5
2011-08-11,12.5
2011-08-12,12.5
2011-08-15,12.5
2011-08-16,12.5
2011-08-17,12.5
2011-08-18,12.25
2011-08-19,12.25
2011-08-22,12.25
2011-08-23,12.25
2011-08-24,11.916666666666666
2011-08-25,11.916666666666666
2011-08-26,11.916666666666666
2011-08-29,11.916666666666666
2011-08-30,11.916666666666666
2011-08-31,11.916666666666666
2011-09-01,11.916666666666666
2011-09-02,11.75
2011-09-05,11.75
2011-09-06,11.416666666666666
2011-09-08,11.416666666666666
2011-09-09,11.333333333333334
2011-09-12,10.833333333333334
2011-09-13,10.833333333333334
2011-09-14,10.833333333333334
2011-09-15,10.833333333333334
2011-09-16,11.0
2011-09-19,10.96
2011-09-20,10.96
2011-09-21,10.71
2011-09-22,10.71
2011-09-23,10.71
2011-09-26,10.71
2011-09-27,10.71
2011-09-28,10.71
2011-09-29,10.625
2011-09-30,10.625
2011-10-03,10.625
2011-10-04,10.625
2011-10-05,10.625
2011-10-06,10.75
2011-10-07,10.625
2011-10-10,10.625
2011-10-11,10.75
2011-10-13,10.75
2011-10-14,10.75
2011-10-17,10.75
2011-10-18,10.75
2011-10-19,10.75
2011-10-20,10.75
2011-10-21,10.75
2011-10-24,10.75
2011-10-25,10.75
2011-10-26,10.75
2011-10-27,10.75
2011-10-28,10.75
2011-10-31,10.75
2011-11-01,10.375
2011-11-03,10.375
2011-11-04,10.375
2011-11-07,10.375
2011-11-08,10.375
2011-11-09,10.375
2011-11-10,10.375
2011-11-11,10.166666666666666
2011-11-14,10.083333333333334
2011-11-16,10.083333333333334
2011-11-17,10.083333333333334
2011-11-18,10.083333333333334
2011-11-21,10.166666666666666
2011-11-22,10.166666666666666
2011-11-23,9.75
2011-11-24,9.75
2011-11-25,9.75
2011-11-28,9.75
2011-11-29,9.75
2011-11-30,9.75
2011-12-01,9.75
2011-12-02,9.75
2011-12-05,9.75
2011-12-06,9.75
2011-12-07,9.75
2011-12-08,9.75
2011-12-09,9.5
2011-12-12,9.5
2011-12-13,9.5
2011-12-14,9.5
2011-12-15,9.5
2011-12-16,9.5
2011-12-19,9.5
2011-12-20,9.416666666666666
2011-12-21,9.416666666666666
2011-12-22,9.25
2011-12-23,9.25
2011-12-26,9.25
2011-12-27,9.25
2011-12-28,9.25
2011-12-29,9.25
2011-12-30,9.25
2012-01-02,10.75
2012-01-03,10.75
2012-01-04,10.75
2012-01-05,10.75
2012-01-06,10.75
2012-01-09,10.25
2012-01-10,10.25
2012-01-11,10.25
2012-01-12,10.25
2012-01-13,10.25
2012-01-16,10.25
2012-01-17,10.25
2012-01-18,10.25
2012-01-19,10.25
2012-01-20,10.25
2012-01-23,10.25
2012-01-24,10.25
2012-01-25,10.25
2012-01-26,10.25
2012-01-27,10.25
2012-01-30,10.333333333333334
2012-01-31,10.333333333333334
2012-02-01,10.333333333333334
2012-02-02,10.333333333333334
2012-02-03,10.333333333333334
2012-02-06,10.333333333333334
2012-02-07,10.0
2012-02-08,10.126666666666667
2012-02-09,10.126666666666667
2012-02-10,9.96
2012-02-13,9.96
2012-02-14,9.96
2012-02-15,9.96
2012-02-16,9.96
2012-02-17,9.916666666666666
2012-02-22,10.125
2012-02-23,9.916666666666666
2012-02-24,9.916666666666666
2012-02-27,9.916666666666666
2012-02-28,9.916666666666666
2012-02-29,9.916666666666666
2012-03-01,9.916666666666666
2012-03-02,9.75
2012-03-05,9.75
2012-03-06,9.75
2012-03-07,9.75
2012-03-08,9.75
2012-03-09,9.75
2012-03-12,9.583333333333334
2012-03-13,9.583333333333334
2012-03-14,9.583333333333334
2012-03-15,9.583333333333334
2012-03-16,9.583333333333334
2012-03-19,10.166666666666666
2012-03-20,9.916666666666666
2012-03-21,9.916666666666666
2012-03-22,9.916666666666666
2012-03-23,9.916666666666666
2012-03-26,9.916666666666666
2012-03-27,9.916666666666666
2012-03-28,9.876666666666667
2012-03-29,9.876666666666667
2012-03-30,9.876666666666667
2012-04-02,9.876666666666667
2012-04-03,9.876666666666667
2012-04-04,9.876666666666667
2012-04-05,9.876666666666667
2012-04-09,9.5
2012-04-10,9.5
2012-04-11,9.5
2012-04-12,9.5
2012-04-13,9.5
2012-04-16,9.5
2012-04-17,9.5
2012-04-18,9.5
2012-04-19,9.5
2012-04-20,9.5
2012-04-23,9.5
2012-04-24,9.5
2012-04-25,9.5
2012-04-26,9.5
2012-04-27,9.5
2012-04-30,9.416666666666666
2012-05-02,9.416666666666666
2012-05-03,9.416666666666666
2012-05-04,9.416666666666666
2012-05-07,9.416666666666666
2012-05-08,9.416666666666666
2012-05-09,9.75
2012-05-10,9.75
2012-05-11,9.75
2012-05-14,9.75
2012-05-15,9.75
2012-05-16,9.75
2012-05-17,9.75
2012-05-18,9.5
2012-05-21,9.5
2012-05-22,9.5
2012-05-23,9.25
2012-05-24,9.25
2012-05-25,9.25
2012-05-28,9.25
2012-05-29,9.25
2012-05-30,9.25
2012-05-31,9.25
2012-06-01,9.25
2012-06-04,9.25
2012-06-05,9.190000000000001
2012-06-06,9.25
2012-06-08,9.0
2012-06-11,8.75
2012-06-12,8.75
2012-06-13,8.75
2012-06-14,8.5
2012-06-15,8.5
2012-06-18,8.5
2012-06-19,8.5
2012-06-20,8.5
2012-06-21,8.5
2012-06-22,8.5
2012-06-25,8.5
2012-06-26,8.5
2012-06-27,8.5
2012-06-28,8.5
2012-06-29,8.5
2012-07-02,8.25
2012-07-03,8.25
2012-07-04,8.333333333333334
2012-07-05,8.333333333333334
2012-07-06,8.333333333333334
2012-07-09,8.416666666666666
2012-07-10,8.125
2012-07-11,8.125
2012-07-12,8.125
2012-07-13,8.125
2012-07-16,8.125
2012-07-17,8.25
2012-07-18,8.293333333333335
2012-07-19,8.293333333333335
2012-07-20,8.293333333333335
2012-07-23,8.293333333333335
2012-07-24,8.293333333333335
2012-07-25,8.293333333333335
2012-07-26,8.293333333333335
2012-07-27,8.293333333333335
2012-07-30,8.25
2012-07-31,8.21
2012-08-01,8.21
2012-08-02,8.21
2012-08-03,8.0
2012-08-06,8.0
2012-08-07,8.0
2012-08-08,8.293333333333335
2012-08-09,8.293333333333335
2012-08-10,8.293333333333335
2012-08-13,8.0
2012-08-14,7.96
2012-08-15,7.96
2012-08-16,8.0
2012-08-17,8.065000000000001
2012-08-20,8.336666666666668
2012-08-21,8.293333333333335
2012-08-22,8.293333333333335
2012-08-23,8.293333333333335
2012-08-24,8.293333333333335
2012-08-27,8.293333333333335
2012-08-28,8.293333333333335
2012-08-29,8.293333333333335
2012-08-30,8.0
2012-08-31,8.0
2012-09-03,8.0
2012-09-04,8.0
2012-09-05,8.0
2012-09-06,8.625
2012-09-10,8.625
2012-09-11,8.625
2012-09-12,8.5
2012-09-13,8.46
2012-09-14,8.46
2012-09-17,8.416666666666666
2012-09-18,8.46
2012-09-19,8.46
2012-09-20,8.46
2012-09-21,8.315000000000001
2012-09-24,8.25
2012-09-25,8.375
2012-09-26,8.416666666666666
2012-09-27,8.416666666666666
2012-09-28,8.126666666666667
2012-10-01,8.126666666666667
2012-10-02,8.126666666666667
2012-10-03,8.126666666666667
2012-10-04,7.916666666666667
2012-10-05,7.916666666666667
2012-10-08,7.833333333333333
2012-10-09,7.833333333333333
2012-10-10,7.833333333333333
2012-10-11,7.75
2012-10-15,7.666666666666667
2012-10-16,7.666666666666667
2012-10-17,7.583333333333333
2012-10-18,7.583333333333333
2012-10-19,7.583333333333333
2012-10-22,7.583333333333333
2012-10-23,7.583333333333333
2012-10-24,7.583333333333333
2012-10-25,7.583333333333333
2012-10-26,7.583333333333333
2012-10-29,7.583333333333333
2012-10-30,7.583333333333333
2012-10-31,7.625
2012-11-01,7.625
2012-11-05,7.625
2012-11-06,7.625
2012-11-07,7.625
2012-11-08,7.625
2012-11-09,7.625
2012-11-12,7.625
2012-11-13,7.625
2012-11-14,7.625
2012-11-16,7.625
2012-11-19,7.625
2012-11-20,7.625
2012-11-21,7.625
2012-11-22,7.625
2012-11-23,7.625
2012-11-26,7.625
2012-11-27,7.25
2012-11-28,7.25
2012-11-29,7.25
2012-11-30,7.25
2012-12-03,7.25
2012-12-04,7.25
2012-12-05,7.25
2012-12-06,7.25
2012-12-07,7.25
2012-12-10,7.25
2012-12-11,7.25
2012-12-12,7.25
2012-12-13,7.25
2012-12-14,7.25
2012-12-17,7.25
2012-12-18,7.25
2012-12-19,7.25
2012-12-20,7.25
2012-12-21,7.25
2012-12-24,7.25
2012-12-26,7.25
2012-12-27,7.25
2012-12-28,7.25
2012-12-31,7.25
2013-01-02,7.69
2013-01-03,7.69
2013-01-04,7.69
2013-01-07,7.626666666666668
2013-01-08,7.69
2013-01-09,7.69
2013-01-10,7.626666666666668
2013-01-11,7.626666666666668
2013-01-14,7.626666666666668
2013-01-15,7.626666666666668
2013-01-16,7.626666666666668
2013-01-17,7.626666666666668
2013-01-18,7.626666666666668
2013-01-21,7.626666666666668
2013-01-22,7.626666666666668
2013-01-23,7.626666666666668
2013-01-24,7.626666666666668
2013-01-25,7.753333333333334
2013-01-28,7.753333333333334
2013-01-29,7.753333333333334
2013-01-30,7.753333333333334
2013-01-31,8.17
2013-02-01,8.17
2013-02-04,7.793333333333334
2013-02-05,7.920000000000001
2013-02-06,8.17
2013-02-07,8.19
2013-02-08,8.19
2013-02-13,8.19
2013-02-14,8.19
2013-02-15,8.19
2013-02-18,8.19
2013-02-19,8.19
2013-02-20,8.19
2013-02-21,8.126666666666667
2013-02-22,8.126666666666667
2013-02-25,8.17
2013-02-26,8.17
2013-02-27,8.209999999999999
2013-02-28,8.209999999999999
2013-03-01,8.209999999999999
2013-03-04,8.209999999999999
2013-03-05,8.209999999999999
2013-03-06,8.209999999999999
2013-03-07,8.209999999999999
2013-03-08,8.336666666666668
2013-03-11,8.126666666666667
2013-03-12,8.126666666666667
2013-03-13,8.126666666666667
2013-03-14,8.126666666666667
2013-03-15,8.043333333333335
2013-03-18,8.543333333333335
2013-03-19,8.543333333333335
2013-03-20,8.543333333333335
2013-03-21,8.543333333333335
2013-03-22,8.543333333333335
2013-03-25,8.543333333333335
2013-03-26,8.543333333333335
2013-03-27,8.543333333333335
2013-03-28,8.543333333333335
2013-04-01,8.543333333333335
2013-04-02,8.543333333333335
2013-04-03,8.543333333333335
2013-04-04,8.543333333333335
2013-04-05,8.543333333333335
2013-04-08,8.46
2013-04-09,8.46
2013-04-10,8.543333333333335
2013-04-11,8.543333333333335
2013-04-12,8.543333333333335
2013-04-15,8.543333333333335
2013-04-16,8.543333333333335
2013-04-17,8.543333333333335
2013-04-18,8.21
2013-04-19,8.21
2013-04-22,8.21
2013-04-23,8.21
2013-04-24,8.253333333333334
2013-04-25,8.253333333333334
2013-04-26,8.190000000000001
2013-04-29,8.190000000000001
2013-04-30,8.190000000000001
2013-05-02,8.190000000000001
2013-05-03,8.190000000000001
2013-05-06,8.190000000000001
2013-05-07,8.190000000000001
2013-05-08,8.376666666666667
2013-05-09,8.376666666666667
2013-05-10,8.376666666666667
2013-05-13,8.376666666666667
2013-05-14,8.376666666666667
2013-05-15,8.376666666666667
2013-05-16,8.376666666666667
2013-05-17,8.376666666666667
2013-05-20,8.46
2013-05-21,8.46
2013-05-22,8.46
2013-05-23,8.46
2013-05-24,8.46
2013-05-27,8.46
2013-05-28,8.46
2013-05-29,8.376666666666667
2013-05-31,8.626666666666667
2013-06-03,8.586666666666668
2013-06-04,8.753333333333334
2013-06-05,8.753333333333334
2013-06-06,8.793333333333335
2013-06-07,8.836666666666668
2013-06-10,8.836666666666668
2013-06-11,8.836666666666668
2013-06-12,8.876666666666667
2013-06-13,8.876666666666667
2013-06-14,8.876666666666667
2013-06-17,8.96
2013-06-18,8.96
2013-06-19,8.96
2013-06-20,9.46
2013-06-21,9.46
2013-06-24,9.626666666666667
2013-06-25,9.626666666666667
2013-06-26,9.626666666666667
2013-06-27,9.583333333333334
2013-06-28,9.583333333333334
2013-07-01,9.583333333333334
2013-07-02,9.583333333333334
2013-07-03,9.666666666666666
2013-07-04,9.666666666666666
2013-07-05,9.666666666666666
2013-07-08,9.543333333333335
2013-07-09,9.543333333333335
2013-07-10,9.46
2013-07-11,9.46
2013-07-12,9.46
2013-07-15,9.46
2013-07-16,9.46
2013-07-17,9.46
2013-07-18,9.376666666666667
2013-07-19,9.376666666666667
2013-07-22,9.376666666666667
2013-07-23,9.376666666666667
2013-07-24,9.376666666666667
2013-07-25,9.376666666666667
2013-07-26,9.376666666666667
2013-07-29,9.42
2013-07-30,9.376666666666667
2013-07-31,9.376666666666667
2013-08-01,9.376666666666667
2013-08-02,9.376666666666667
2013-08-05,9.376666666666667
2013-08-06,9.376666666666667
2013-08-07,9.440000000000001
2013-08-08,9.440000000000001
2013-08-09,9.440000000000001
2013-08-12,9.440000000000001
2013-08-13,9.46
2013-08-14,9.543333333333335
2013-08-15,9.543333333333335
2013-08-16,9.543333333333335
2013-08-19,9.543333333333335
2013-08-20,9.543333333333335
2013-08-21,9.71
2013-08-22,9.690000000000001
2013-08-23,9.690000000000001
2013-08-26,9.690000000000001
2013-08-27,9.690000000000001
2013-08-28,9.690000000000001
2013-08-29,9.690000000000001
2013-08-30,9.836666666666668
2013-09-02,9.836666666666668
2013-09-03,9.815000000000001
2013-09-04,9.815000000000001
2013-09-05,9.815000000000001
2013-09-06,9.793333333333335
2013-09-09,9.793333333333335
2013-09-10,9.793333333333335
2013-09-11,9.793333333333335
2013-09-12,9.793333333333335
2013-09-13,9.793333333333335
2013-09-16,9.793333333333335
2013-09-17,9.793333333333335
2013-09-18,9.793333333333335
2013-09-19,9.875
2013-09-20,9.875
2013-09-23,9.940000000000001
2013-09-24,9.940000000000001
2013-09-25,9.940000000000001
2013-09-26,9.940000000000001
2013-09-27,9.940000000000001
2013-09-30,9.875
2013-10-01,10.125
2013-10-02,10.125
2013-10-03,10.125
2013-10-04,10.125
2013-10-07,10.125
2013-10-08,10.125
2013-10-09,10.125
2013-10-10,10.25
2013-10-11,10.25
2013-10-14,10.25
2013-10-15,10.25
2013-10-16,10.25
2013-10-17,10.375
2013-10-18,10.375
2013-10-21,10.375
2013-10-22,10.375
2013-10-23,10.375
2013-10-24,10.375
2013-10-25,10.375
2013-10-28,10.375
2013-10-29,10.375
2013-10-30,10.666666666666666
2013-10-31,10.75
2013-11-01,10.75
2013-11-04,10.75
2013-11-05,10.75
2013-11-06,10.75
2013-11-07,10.75
2013-11-08,10.75
2013-11-11,10.75
2013-11-12,10.75
2013-11-13,10.75
2013-11-14,10.75
2013-11-18,10.75
2013-11-19,10.75
2013-11-20,10.75
2013-11-21,10.75
2013-11-22,10.75
2013-11-25,10.75
2013-11-26,10.75
2013-11-27,10.75
2013-11-28,10.75
2013-11-29,10.75
2013-12-02,10.71
2013-12-03,10.71
2013-12-04,10.71
2013-12-05,10.71
2013-12-06,10.71
2013-12-09,10.75
2013-12-10,10.75
2013-12-11,10.75
2013-12-12,10.75
2013-12-13,10.75
2013-12-16,10.75
2013-12-17,10.75
2013-12-18,10.75
2013-12-19,10.75
2013-12-20,10.71
2013-12-23,10.71
2013-12-24,10.71
2013-12-26,10.71
2013-12-27,10.583333333333334
2013-12-30,10.583333333333334
2013-12-31,10.583333333333334
2014-01-02,11.25
2014-01-03,11.25
2014-01-06,11.25
2014-01-07,11.25
2014-01-08,11.5
2014-01-09,11.5
2014-01-10,11.75
2014-01-13,11.75
2014-01-14,11.75
2014-01-15,11.75
2014-01-16,11.75
2014-01-17,11.876666666666667
2014-01-20,11.793333333333335
2014-01-21,11.793333333333335
2014-01-22,11.793333333333335
2014-01-23,11.793333333333335
2014-01-24,11.793333333333335
2014-01-27,12.293333333333335
2014-01-28,12.293333333333335
2014-01-29,12.376666666666667
2014-01-30,12.376666666666667
2014-01-31,12.376666666666667
2014-02-03,12.376666666666667
2014-02-04,12.376666666666667
2014-02-05,12.376666666666667
2014-02-06,12.376666666666667
2014-02-07,11.916666666666666
2014-02-10,11.916666666666666
2014-02-11,11.916666666666666
2014-02-12,11.96
2014-02-13,11.96
2014-02-14,11.96
2014-02-17,11.96
2014-02-18,11.96
2014-02-19,11.940000000000001
2014-02-20,11.940000000000001
2014-02-21,11.940000000000001
2014-02-24,12.0
2014-02-25,12.0
2014-02-26,12.0
2014-02-27,12.0
2014-02-28,12.0
2014-03-05,12.0
2014-03-06,12.0
2014-03-07,12.0
2014-03-10,12.0
2014-03-11,12.0
2014-03-12,11.876666666666667
2014-03-13,11.876666666666667
2014-03-14,11.916666666666666
2014-03-17,11.916666666666666
2014-03-18,11.916666666666666
2014-03-19,11.916666666666666
2014-03-20,11.916666666666666
2014-03-21,11.916666666666666
2014-03-24,12.083333333333334
2014-03-25,12.0
2014-03-26,12.333333333333334
2014-03-27,12.333333333333334
2014-03-28,12.333333333333334
2014-03-31,12.416666666666666
2014-04-01,12.416666666666666
2014-04-02,12.416666666666666
2014-04-03,12.416666666666666
2014-04-04,12.416666666666666
2014-04-07,12.416666666666666
2014-04-08,12.416666666666666
2014-04-09,12.46
2014-04-10,12.46
2014-04-11,12.5
2014-04-14,12.5
2014-04-15,12.5
2014-04-16,12.583333333333334
2014-04-17,12.583333333333334
2014-04-22,12.583333333333334
2014-04-23,12.583333333333334
2014-04-24,12.583333333333334
2014-04-25,12.583333333333334
2014-04-28,12.583333333333334
2014-04-29,12.583333333333334
2014-04-30,12.543333333333335
2014-05-02,12.543333333333335
2014-05-05,12.543333333333335
2014-05-06,12.543333333333335
2014-05-07,12.583333333333334
2014-05-08,12.583333333333334
2014-05-09,12.75
2014-05-12,12.75
2014-05-13,12.75
2014-05-14,12.75
2014-05-15,12.75
2014-05-16,12.75
2014-05-19,12.75
2014-05-20,12.75
2014-05-21,12.625
2014-05-22,12.625
2014-05-23,12.625
2014-05-26,12.625
2014-05-27,12.625
2014-05-28,12.625
2014-05-29,12.5
2014-05-30,12.5
2014-06-02,12.25
2014-06-03,12.25
2014-06-04,12.25
2014-06-05,12.293333333333335
2014-06-06,12.043333333333335
2014-06-09,12.043333333333335
2014-06-10,12.043333333333335
2014-06-11,12.043333333333335
2014-06-12,12.043333333333335
2014-06-13,12.043333333333335
2014-06-16,11.833333333333334
2014-06-17,12.0
2014-06-18,12.0
2014-06-20,11.833333333333334
2014-06-23,11.833333333333334
2014-06-24,11.833333333333334
2014-06-25,11.833333333333334
2014-06-26,11.833333333333334
2014-06-27,11.833333333333334
2014-06-30,11.5
2014-07-01,11.5
2014-07-02,11.5
2014-07-03,11.5
2014-07-04,11.5
2014-07-07,11.5
2014-07-08,11.5
2014-07-09,11.5
2014-07-10,11.5
2014-07-11,11.5
2014-07-14,12.0
2014-07-15,12.0
2014-07-16,12.0
2014-07-17,12.125
2014-07-18,12.125
2014-07-21,12.125
2014-07-22,12.125
2014-07-23,12.125
2014-07-24,12.0
2014-07-25,12.0
2014-07-28,12.0
2014-07-29,12.0
2014-07-30,11.875
2014-07-31,11.875
2014-08-01,11.875
2014-08-04,11.875
2014-08-05,11.75
2014-08-06,12.25
2014-08-07,12.25
2014-08-08,12.25
2014-08-11,12.25
2014-08-12,12.25
2014-08-13,12.25
2014-08-14,12.25
2014-08-15,12.25
2014-08-18,12.25
2014-08-19,12.25
2014-08-20,12.25
2014-08-21,12.25
2014-08-22,12.25
2014-08-25,12.25
2014-08-26,12.25
2014-08-27,12.25
2014-08-28,12.25
2014-08-29,12.25
2014-09-01,12.25
2014-09-02,12.25
2014-09-03,12.25
2014-09-04,12.25
2014-09-05,12.0
2014-09-08,11.75
2014-09-09,11.75
2014-09-10,11.75
2014-09-11,11.75
2014-09-12,11.75
2014-09-15,11.75
2014-09-16,11.75
2014-09-17,11.75
2014-09-18,11.71
2014-09-19,11.71
2014-09-22,11.71
2014-09-23,11.71
2014-09-24,11.71
2014-09-25,11.71
2014-09-26,11.71
2014-09-29,11.75
2014-09-30,11.71
2014-10-01,11.71
2014-10-02,11.71
2014-10-03,11.71
2014-10-06,11.71
2014-10-07,11.71
2014-10-08,11.876666666666667
2014-10-09,11.876666666666667
2014-10-10,11.876666666666667
2014-10-13,11.876666666666667
2014-10-14,11.876666666666667
2014-10-15,11.916666666666666
2014-10-16,11.916666666666666
2014-10-17,11.916666666666666
2014-10-20,11.916666666666666
2014-10-21,11.916666666666666
2014-10-22,11.833333333333334
2014-10-23,11.833333333333334
2014-10-24,11.833333333333334
2014-10-27,11.916666666666666
2014-10-28,12.0
2014-10-29,12.0
2014-10-30,12.125
2014-10-31,12.125
2014-11-03,12.21
2014-11-04,12.25
2014-11-05,12.25
2014-11-06,12.25
2014-11-07,12.125
2014-11-10,12.0
2014-11-11,12.0
2014-11-12,12.0
2014-11-13,12.0
2014-11-14,12.0
2014-11-17,12.0
2014-11-18,12.25
2014-11-19,12.25
2014-11-20,12.25
2014-11-21,12.25
2014-11-24,12.25
2014-11-25,12.25
2014-11-26,12.25
2014-11-27,12.25
2014-11-28,12.25
2014-12-01,12.25
2014-12-02,12.293333333333335
2014-12-03,12.293333333333335
2014-12-04,12.293333333333335
2014-12-05,12.293333333333335
2014-12-08,12.25
2014-12-09,12.25
2014-12-10,12.25
2014-12-11,12.25
2014-12-12,12.625
2014-12-15,12.625
2014-12-16,12.625
2014-12-17,12.625
2014-12-18,12.625
2014-12-19,12.625
2014-12-22,12.625
2014-12-23,12.625
2014-12-24,12.625
2014-12-26,12.625
2014-12-29,12.625
2014-12-30,12.625
2014-12-31,12.625
2015-01-02,11.315000000000001
2015-01-05,11.315000000000001
2015-01-06,11.315000000000001
2015-01-07,11.315000000000001
2015-01-08,11.315000000000001
2015-01-09,11.46
2015-01-12,11.416666666666666
2015-01-13,11.5
2015-01-14,11.5
2015-01-15,11.75
2015-01-16,11.75
2015-01-19,11.75
2015-01-20,11.75
2015-01-21,11.625
2015-01-22,11.625
2015-01-23,11.625
2015-01-26,11.625
2015-01-27,11.625
2015-01-28,11.625
2015-01-29,11.625
2015-01-30,11.625
2015-02-02,11.626666666666667
2015-02-03,11.440000000000001
2015-02-04,11.440000000000001
2015-02-05,11.440000000000001
2015-02-06,11.5
2015-02-09,11.5
2015-02-10,11.5
2015-02-11,11.5
2015-02-12,11.5
2015-02-13,11.25
2015-02-18,11.293333333333335
2015-02-19,11.293333333333335
2015-02-20,11.293333333333335
2015-02-23,11.25
2015-02-24,11.25
2015-02-25,11.25
2015-02-26,11.25
2015-02-27,11.25
2015-03-02,11.25
2015-03-03,11.25
2015-03-04,11.25
2015-03-05,11.25
2015-03-06,11.25
2015-03-09,11.25
2015-03-10,11.25
2015-03-11,11.25
2015-03-12,11.25
2015-03-13,11.625
2015-03-16,11.625
2015-03-17,11.625
2015-03-18,11.75
2015-03-19,11.75
2015-03-20,11.75
2015-03-23,11.75
2015-03-24,11.75
2015-03-25,11.75
2015-03-26,11.75
2015-03-27,11.75
2015-03-30,11.75
2015-03-31,11.75
2015-04-01,11.75
2015-04-02,11.75
2015-04-06,11.75
2015-04-07,11.75
2015-04-08,11.75
2015-04-09,11.75
2015-04-10,11.75
2015-04-13,11.75
2015-04-14,11.75
2015-04-15,11.5
2015-04-16,11.5
2015-04-17,11.5
2015-04-20,11.5
2015-04-22,11.5
2015-04-23,11.5
2015-04-24,11.5
2015-04-27,11.5
2015-04-28,11.5
2015-04-29,11.5
2015-04-30,11.626666666666667
2015-05-04,11.626666666666667
2015-05-05,11.626666666666667
2015-05-06,11.626666666666667
2015-05-07,11.626666666666667
2015-05-08,11.5
2015-05-11,11.5
2015-05-12,11.5
2015-05-13,11.875
2015-05-14,11.875
2015-05-15,11.875
2015-05-18,11.875
2015-05-19,12.0
2015-05-20,12.0
2015-05-21,12.0
2015-05-22,12.125
2015-05-25,12.0
2015-05-26,12.125
2015-05-27,11.625
2015-05-28,11.625
2015-05-29,11.625
2015-06-01,11.625
2015-06-02,11.625
2015-06-03,11.625
2015-06-05,11.583333333333334
2015-06-08,11.583333333333334
2015-06-09,11.583333333333334
2015-06-10,11.71
2015-06-11,11.71
2015-06-12,11.71
2015-06-15,11.729999999999999
2015-06-16,11.729999999999999
2015-06-17,11.729999999999999
2015-06-18,11.729999999999999
2015-06-19,11.729999999999999
2015-06-22,11.729999999999999
2015-06-23,11.729999999999999
2015-06-24,11.729999999999999
2015-06-25,11.876666666666667
2015-06-26,11.876666666666667
2015-06-29,12.0
2015-06-30,12.25
2015-07-01,12.25
2015-07-02,12.25
2015-07-03,12.186666666666667
2015-07-06,12.186666666666667
2015-07-07,12.186666666666667
2015-07-08,12.083333333333334
2015-07-09,12.083333333333334
2015-07-10,12.083333333333334
2015-07-13,12.083333333333334
2015-07-14,12.083333333333334
2015-07-15,12.083333333333334
2015-07-16,12.083333333333334
2015-07-17,12.083333333333334
2015-07-20,12.083333333333334
2015-07-21,11.815000000000001
2015-07-22,11.626666666666667
2015-07-23,11.626666666666667
2015-07-24,11.626666666666667
2015-07-27,11.71
2015-07-28,11.770000000000001
2015-07-29,11.770000000000001
2015-07-30,11.71
2015-07-31,11.71
2015-08-03,11.71
2015-08-04,11.71
2015-08-05,11.71
2015-08-06,11.71
2015-08-07,11.96
2015-08-10,11.96
2015-08-11,11.96
2015-08-12,11.96
2015-08-13,11.96
2015-08-14,11.96
2015-08-17,11.96
2015-08-18,11.96
2015-08-19,11.96
2015-08-20,12.065000000000001
2015-08-21,12.065000000000001
2015-08-24,12.065000000000001
2015-08-25,12.065000000000001
2015-08-26,12.065000000000001
2015-08-27,12.065000000000001
2015-08-28,12.065000000000001
2015-08-31,12.065000000000001
2015-09-01,12.065000000000001
2015-09-02,12.065000000000001
2015-09-03,12.065000000000001
2015-09-04,12.065000000000001
2015-09-08,12.003333333333336
2015-09-09,12.065000000000001
2015-09-10,12.065000000000001
2015-09-11,12.065000000000001
2015-09-14,12.126666666666667
2015-09-15,12.376666666666667
2015-09-16,12.376666666666667
2015-09-17,12.376666666666667
2015-09-18,12.376666666666667
2015-09-21,12.376666666666667
2015-09-22,12.376666666666667
2015-09-23,12.376666666666667
2015-09-24,12.376666666666667
2015-09-25,12.376666666666667
2015-09-28,12.440000000000001
2015-09-29,12.440000000000001
2015-09-30,12.440000000000001
2015-10-01,12.586666666666668
2015-10-02,12.586666666666668
2015-10-05,12.376666666666667
2015-10-06,12.376666666666667
2015-10-07,12.463333333333333
2015-10-08,12.293333333333335
2015-10-09,12.340000000000002
2015-10-13,12.315000000000001
2015-10-14,12.625
2015-10-15,12.625
2015-10-16,12.625
2015-10-19,12.625
2015-10-20,12.625
2015-10-21,12.625
2015-10-22,12.625
2015-10-23,12.625
2015-10-26,12.625
2015-10-27,12.625
2015-10-28,12.625
2015-10-29,12.625
2015-10-30,12.625
2015-11-03,12.75
2015-11-04,12.75
2015-11-05,12.75
2015-11-06,12.75
2015-11-09,12.875
2015-11-10,12.875
2015-11-11,12.875
2015-11-12,12.875
2015-11-13,12.875
2015-11-16,12.875
2015-11-17,12.875
2015-11-18,12.875
2015-11-19,12.875
2015-11-20,12.875
2015-11-23,12.875
2015-11-24,12.875
2015-11-25,12.875
2015-11-26,12.875
2015-11-27,12.875
2015-11-30,13.446666666666667
2015-12-01,13.446666666666667
2015-12-02,13.446666666666667
2015-12-03,13.446666666666667
2015-12-04,13.446666666666667
2015-12-07,13.446666666666667
2015-12-08,13.656666666666666
2015-12-09,14.21
2015-12-10,14.21
2015-12-11,14.503333333333336
2015-12-14,14.293333333333335
2015-12-15,14.376666666666667
2015-12-16,14.376666666666667
2015-12-17,14.293333333333335
2015-12-18,14.293333333333335
2015-12-21,14.376666666666667
2015-12-22,14.416666666666666
2015-12-23,14.416666666666666
2015-12-24,14.416666666666666
2015-12-28,14.416666666666666
2015-12-29,14.666666666666666
2015-12-30,14.833333333333334
2015-12-31,14.833333333333334
2016-01-04,12.75
2016-01-05,12.75
2016-01-06,12.75
2016-01-07,12.75
2016-01-08,12.416666666666666
2016-01-11,12.416666666666666
2016-01-12,12.416666666666666
2016-01-13,12.5
2016-01-14,12.5
2016-01-15,12.71
2016-01-18,12.71
2016-01-19,12.793333333333335
2016-01-20,12.793333333333335
2016-01-21,12.940000000000001
2016-01-22,12.940000000000001
2016-01-25,12.793333333333335
2016-01-26,12.625
2016-01-27,12.625
2016-01-28,12.75
2016-01-29,12.626666666666667
2016-02-01,12.626666666666667
2016-02-02,12.625
2016-02-03,12.543333333333335
2016-02-04,12.543333333333335
2016-02-05,12.333333333333334
2016-02-10,12.333333333333334
2016-02-11,12.333333333333334
2016-02-12,12.333333333333334
2016-02-15,12.333333333333334
2016-02-16,12.5
2016-02-17,12.5
2016-02-18,12.5
2016-02-19,12.5
2016-02-22,12.5
2016-02-23,12.5
2016-02-24,12.5
2016-02-25,12.5
2016-02-26,12.5
2016-02-29,12.5
2016-03-01,12.5
2016-03-02,12.5
2016-03-03,12.5
2016-03-04,12.5
2016-03-07,12.336666666666668
2016-03-08,12.336666666666668
2016-03-09,12.336666666666668
2016-03-10,12.5
2016-03-11,12.5
2016-03-14,12.5
2016-03-15,12.5
2016-03-16,12.5
2016-03-17,12.5
2016-03-18,12.5
2016-03-21,12.5
2016-03-22,12.5
2016-03-23,12.5
2016-03-24,12.440000000000001
2016-03-28,12.336666666666668
2016-03-29,12.336666666666668
2016-03-30,12.253333333333336
2016-03-31,12.166666666666666
2016-04-01,12.166666666666666
2016-04-04,11.875
2016-04-05,11.875
2016-04-06,11.875
2016-04-07,11.875
2016-04-08,12.0
2016-04-11,12.0
2016-04-12,12.0
2016-04-13,12.0
2016-04-14,12.0
2016-04-15,12.0
2016-04-18,12.0
2016-04-19,12.0
2016-04-20,12.0
2016-04-22,12.0
2016-04-25,12.0
2016-04-26,12.0
2016-04-27,12.0
2016-04-28,12.0
2016-04-29,12.0
2016-05-02,12.0
2016-05-03,12.0
2016-05-04,12.0
2016-05-05,12.0
2016-05-06,12.190000000000001
2016-05-09,12.190000000000001
2016-05-10,12.190000000000001
2016-05-11,11.793333333333335
2016-05-12,11.543333333333335
2016-05-13,11.543333333333335
2016-05-16,11.503333333333336
2016-05-17,11.503333333333336
2016-05-18,11.503333333333336
2016-05-19,11.503333333333336
2016-05-20,11.626666666666667
2016-05-23,11.416666666666666
2016-05-24,11.543333333333335
2016-05-25,11.543333333333335
2016-05-27,11.543333333333335
2016-05-30,11.543333333333335
2016-05-31,11.753333333333336
2016-06-01,11.753333333333336
2016-06-02,11.753333333333336
2016-06-03,11.753333333333336
2016-06-06,11.670000000000002
2016-06-07,11.670000000000002
2016-06-08,11.21
2016-06-09,11.125
2016-06-10,11.125
2016-06-13,11.125
2016-06-14,11.25
2016-06-15,11.126666666666667
2016-06-16,11.126666666666667
2016-06-17,11.126666666666667
2016-06-20,11.126666666666667
2016-06-21,11.126666666666667
2016-06-22,11.126666666666667
2016-06-23,11.126666666666667
2016-06-24,11.126666666666667
2016-06-27,11.126666666666667
2016-06-28,11.083333333333334
2016-06-29,11.083333333333334
2016-06-30,11.083333333333334
2016-07-01,10.75
2016-07-04,10.75
2016-07-05,10.75
2016-07-06,10.75
2016-07-07,10.75
2016-07-08,11.083333333333334
2016-07-11,11.21
2016-07-12,11.21
2016-07-13,11.46
2016-07-14,11.166666666666666
2016-07-15,11.166666666666666
2016-07-18,11.166666666666666
2016-07-19,11.166666666666666
2016-07-20,11.166666666666666
2016-07-21,11.166666666666666
2016-07-22,11.166666666666666
2016-07-25,11.166666666666666
2016-07-26,11.166666666666666
2016-07-27,11.166666666666666
2016-07-28,11.166666666666666
2016-07-29,11.166666666666666
2016-08-01,11.0
2016-08-02,11.0
2016-08-03,11.0
2016-08-04,11.0
2016-08-05,11.0
2016-08-08,11.166666666666666
2016-08-09,11.166666666666666
2016-08-10,11.25
2016-08-11,11.25
2016-08-12,11.25
2016-08-15,11.125
2016-08-16,11.125
2016-08-17,11.125
2016-08-18,11.125
2016-08-19,11.125
2016-08-22,11.125
2016-08-23,11.125
2016-08-24,11.125
2016-08-25,11.125
2016-08-26,11.125
2016-08-29,11.125
2016-08-30,11.125
2016-08-31,11.125
2016-09-01,11.125
2016-09-02,11.125
2016-09-05,11.125
2016-09-06,11.125
2016-09-08,11.125
2016-09-09,11.125
2016-09-12,11.125
2016-09-13,11.125
2016-09-14,11.125
2016-09-15,11.125
2016-09-16,11.125
2016-09-19,11.125
2016-09-20,11.125
2016-09-21,11.125
2016-09-22,11.125
2016-09-23,11.125
2016-09-26,11.125
2016-09-27,11.125
2016-09-28,11.125
2016-09-29,11.125
2016-09-30,11.125
2016-10-03,11.126666666666667
2016-10-04,11.126666666666667
2016-10-05,11.126666666666667
2016-10-06,11.126666666666667
2016-10-07,11.190000000000001
2016-10-10,11.190000000000001
2016-10-11,11.190000000000001
2016-10-13,11.126666666666667
2016-10-14,11.126666666666667
2016-10-17,11.126666666666667
2016-10-18,11.126666666666667
2016-10-19,11.126666666666667
2016-10-20,11.125
2016-10-21,11.125
2016-10-24,11.125
2016-10-25,11.125
2016-10-26,11.125
2016-10-27,11.125
2016-10-28,11.125
2016-10-31,11.125
2016-11-01,10.876666666666667
2016-11-03,10.876666666666667
2016-11-04,10.876666666666667
2016-11-07,10.836666666666668
2016-11-08,10.876666666666667
2016-11-09,10.75
2016-11-10,10.75
2016-11-11,10.75
2016-11-14,10.75
2016-11-16,10.75
2016-11-17,10.666666666666666
2016-11-18,10.666666666666666
2016-11-21,10.71
2016-11-22,10.71
2016-11-23,10.71
2016-11-24,10.71
2016-11-25,10.71
2016-11-28,10.71
2016-11-29,10.71
2016-11-30,10.71
2016-12-01,10.71
2016-12-02,10.836666666666668
2016-12-05,10.96
2016-12-06,10.96
2016-12-07,10.916666666666666
2016-12-08,10.75
2016-12-09,10.75
2016-12-12,10.690000000000001
2016-12-13,10.315000000000001
2016-12-14,10.315000000000001
2016-12-15,10.315000000000001
2016-12-16,10.315000000000001
2016-12-19,10.315000000000001
2016-12-20,10.315000000000001
2016-12-21,10.315000000000001
2016-12-22,10.043333333333335
2016-12-23,10.125
2016-12-26,10.125
2016-12-27,10.125
2016-12-28,10.125
2016-12-29,10.125
2016-12-30,10.125
2017-01-02,9.793333333333335
2017-01-03,9.793333333333335
2017-01-04,9.75
2017-01-05,9.75
2017-01-06,9.75
2017-01-09,9.75
2017-01-10,9.5
2017-01-11,9.5
2017-01-12,9.5
2017-01-13,9.375
2017-01-16,9.375
2017-01-17,9.375
2017-01-18,9.5
2017-01-19,9.5
2017-01-20,9.5
2017-01-23,9.25
2017-01-24,9.25
2017-01-25,9.25
2017-01-26,9.25
2017-01-27,9.25
2017-01-30,9.25
2017-01-31,9.25
2017-02-01,9.25
2017-02-02,9.25
2017-02-03,9.25
2017-02-06,9.25
2017-02-07,9.25
2017-02-08,9.125
2017-02-09,9.125
2017-02-10,9.190000000000001
2017-02-13,9.190000000000001
2017-02-14,9.190000000000001
2017-02-15,9.190000000000001
2017-02-16,9.190000000000001
2017-02-17,9.190000000000001
2017-02-20,9.125
2017-02-21,9.125
2017-02-22,9.125
2017-02-23,9.125
2017-02-24,8.916666666666666
2017-03-01,8.916666666666666
2017-03-02,8.625
2017-03-03,8.625
2017-03-06,8.625
2017-03-07,8.625
2017-03-08,8.625
2017-03-09,8.625
2017-03-10,8.75
2017-03-13,8.75
2017-03-14,8.75
2017-03-15,8.375
2017-03-16,8.375
2017-03-17,8.375
2017-03-20,8.375
2017-03-21,8.375
2017-03-22,8.375
2017-03-23,8.375
2017-03-24,8.375
2017-03-27,8.375
2017-03-28,8.375
2017-03-29,8.375
2017-03-30,8.375
2017-03-31,8.5
2017-04-03,8.5
2017-04-04,8.5
2017-04-05,8.5
2017-04-06,8.5
2017-04-07,8.5
2017-04-10,8.5
2017-04-11,8.5
2017-04-12,8.5
2017-04-13,8.5
2017-04-17,8.5
2017-04-18,8.5
2017-04-19,8.5
2017-04-20,8.5
2017-04-24,8.375
2017-04-25,8.375
2017-04-26,8.375
2017-04-27,8.375
2017-04-28,8.375
2017-05-02,8.440000000000001
2017-05-03,8.440000000000001
2017-05-04,8.440000000000001
2017-05-05,8.440000000000001
2017-05-08,8.440000000000001
2017-05-09,8.440000000000001
2017-05-10,8.336666666666668
2017-05-11,8.336666666666668
2017-05-12,8.336666666666668
2017-05-15,8.190000000000001
2017-05-16,8.190000000000001
2017-05-17,8.13
2017-05-18,8.190000000000001
2017-05-19,8.190000000000001
2017-05-22,8.255
2017-05-23,8.293333333333335
2017-05-24,8.293333333333335
2017-05-25,8.293333333333335
2017-05-26,8.293333333333335
2017-05-29,8.293333333333335
2017-05-30,8.293333333333335
2017-05-31,8.293333333333335
2017-06-01,8.336666666666668
2017-06-02,8.293333333333335
2017-06-05,8.293333333333335
2017-06-06,8.25
2017-06-07,8.25
2017-06-08,8.21
2017-06-09,8.21
2017-06-12,8.21
2017-06-13,8.25
2017-06-14,8.25
2017-06-16,8.25
2017-06-19,8.25
2017-06-20,8.25
2017-06-21,8.25
2017-06-22,8.25
2017-06-23,8.25
2017-06-26,8.125
2017-06-27,8.043333333333335
2017-06-28,7.916666666666667
2017-06-29,7.916666666666667
2017-06-30,7.75
2017-07-03,7.75
2017-07-04,7.75
2017-07-05,7.75
2017-07-06,7.75
2017-07-07,7.793333333333333
2017-07-10,7.793333333333333
2017-07-11,7.75
2017-07-12,7.75
2017-07-13,7.75
2017-07-14,7.75
2017-07-17,7.75
2017-07-18,7.666666666666667
2017-07-19,7.666666666666667
2017-07-20,7.666666666666667
2017-07-21,7.71
2017-07-24,7.71
2017-07-25,7.71
2017-07-26,7.71
2017-07-27,7.5
2017-07-28,7.5
2017-07-31,7.46
2017-08-01,7.46
2017-08-02,7.46
2017-08-03,7.46
2017-08-04,7.46
2017-08-07,7.46
2017-08-08,7.419999999999999
2017-08-09,7.376666666666666
2017-08-10,7.376666666666666
2017-08-11,7.376666666666666
2017-08-14,7.3149999999999995
2017-08-15,7.3149999999999995
2017-08-16,7.376666666666666
2017-08-17,7.376666666666666
2017-08-18,7.376666666666666
2017-08-21,7.293333333333333
2017-08-22,7.1899999999999995
2017-08-23,7.1899999999999995
2017-08-24,7.1899999999999995
2017-08-25,7.21
2017-08-28,7.21
2017-08-29,7.21
2017-08-30,7.125
2017-08-31,7.125
2017-09-01,7.125
2017-09-04,7.125
2017-09-05,7.125
2017-09-06,7.125
2017-09-08,7.125
2017-09-11,7.125
2017-09-12,7.125
2017-09-13,7.125
2017-09-14,7.0
2017-09-15,7.125
2017-09-18,7.125
2017-09-19,7.125
2017-09-20,7.125
2017-09-21,7.125
2017-09-22,7.125
2017-09-25,7.0
2017-09-26,7.0
2017-09-27,7.0
2017-09-28,7.0
2017-09-29,7.0
2017-10-02,7.0
2017-10-03,7.0
2017-10-04,7.0
2017-10-05,7.0
2017-10-06,7.0
2017-10-09,7.0
2017-10-10,6.875
2017-10-11,6.875
2017-10-13,6.875
2017-10-16,6.875
2017-10-17,6.876666666666666
2017-10-18,6.876666666666666
2017-10-19,6.876666666666666
2017-10-20,6.876666666666666
2017-10-23,6.876666666666666
2017-10-24,6.876666666666666
2017-10-25,6.876666666666666
2017-10-26,6.876666666666666
2017-10-27,6.876666666666666
2017-10-30,6.875
2017-10-31,6.875
2017-11-01,6.625
2017-11-03,6.625
2017-11-06,6.625
2017-11-07,6.625
2017-11-08,6.625
2017-11-09,6.625
2017-11-10,6.71
2017-11-13,6.71
2017-11-14,6.71
2017-11-16,6.71
2017-11-17,6.71
2017-11-20,6.71
2017-11-21,6.71
2017-11-22,6.71
2017-11-23,6.71
2017-11-24,6.71
2017-11-27,6.71
2017-11-28,6.71
2017-11-29,6.71
2017-11-30,6.71
2017-12-01,6.71
2017-12-04,6.71
2017-12-05,6.71
2017-12-06,6.71
2017-12-07,6.625
2017-12-08,6.625
2017-12-11,6.625
2017-12-12,6.625
2017-12-13,6.625
2017-12-14,6.625
2017-12-15,6.625
2017-12-18,6.626666666666666
2017-12-19,6.626666666666666
2017-12-20,6.626666666666666
2017-12-21,6.626666666666666
2017-12-22,6.626666666666666
2017-12-26,6.626666666666666
2017-12-27,6.626666666666666
2017-12-28,6.626666666666666
2017-12-29,6.626666666666666
2018-01-02,7.793333333333333
2018-01-03,7.875
2018-01-04,7.875
2018-01-05,7.875
2018-01-08,8.083333333333334
2018-01-09,8.083333333333334
2018-01-10,8.166666666666666
2018-01-11,8.166666666666666
2018-01-12,8.166666666666666
2018-01-15,8.166666666666666
2018-01-16,8.166666666666666
2018-01-17,8.166666666666666
2018-01-18,8.416666666666666
2018-01-19,8.416666666666666
2018-01-22,8.166666666666666
2018-01-23,8.166666666666666
2018-01-24,8.166666666666666
2018-01-25,8.166666666666666
2018-01-26,8.166666666666666
2018-01-29,8.166666666666666
2018-01-30,8.166666666666666
2018-01-31,8.166666666666666
2018-02-01,8.166666666666666
2018-02-02,8.166666666666666
2018-02-05,7.875
2018-02-06,7.875
2018-02-07,7.875
2018-02-08,7.875
2018-02-09,7.875
2018-02-14,7.875
2018-02-15,7.875
2018-02-16,7.875
2018-02-19,7.875
2018-02-20,8.166666666666666
2018-02-21,8.166666666666666
2018-02-22,8.166666666666666
2018-02-23,8.166666666666666
2018-02-26,8.166666666666666
2018-02-27,8.166666666666666
2018-02-28,8.166666666666666
2018-03-01,8.166666666666666
2018-03-02,8.166666666666666
2018-03-05,8.166666666666666
2018-03-06,8.166666666666666
2018-03-07,8.166666666666666
2018-03-08,8.166666666666666
2018-03-09,8.583333333333334
2018-03-12,7.875
2018-03-13,7.875
2018-03-14,8.0
2018-03-15,8.0
2018-03-16,8.0
2018-03-19,8.0
2018-03-20,8.0
2018-03-21,8.0
2018-03-22,8.0
2018-03-23,8.0
2018-03-26,7.875
2018-03-27,7.875
2018-03-28,7.875
2018-03-29,7.875
2018-04-02,7.875
2018-04-03,7.875
2018-04-04,7.875
2018-04-05,7.875
2018-04-06,7.875
2018-04-09,7.875
2018-04-10,7.625
2018-04-11,7.625
2018-04-12,7.625
2018-04-13,7.71
2018-04-16,7.793333333333333
2018-04-17,7.793333333333333
2018-04-18,7.71
2018-04-19,7.71
2018-04-20,7.71
2018-04-23,7.71
2018-04-24,7.71
2018-04-25,7.71
2018-04-26,7.71
2018-04-27,7.71
2018-04-30,7.71
2018-05-02,7.71
2018-05-03,7.71
2018-05-04,7.75
2018-05-07,7.75
2018-05-08,7.75
2018-05-09,7.75
2018-05-10,7.875
2018-05-11,7.875
2018-05-14,7.875
2018-05-15,7.626666666666666
2018-05-16,7.626666666666666
2018-05-17,7.625
2018-05-18,7.75
2018-05-21,7.75
2018-05-22,8.0
2018-05-23,8.0
2018-05-24,8.0
2018-05-25,8.0
2018-05-28,8.0
2018-05-29,8.0
2018-05-30,8.0
2018-06-01,8.0
2018-06-04,8.0
2018-06-05,8.0
2018-06-06,8.0
2018-06-07,8.0
2018-06-08,7.9399999999999995
2018-06-11,7.9399999999999995
2018-06-12,7.9399999999999995
2018-06-13,8.0
2018-06-14,8.0
2018-06-15,7.875
2018-06-18,7.875
2018-06-19,8.0
2018-06-20,8.0
2018-06-21,8.0
2018-06-22,8.25
2018-06-25,8.25
2018-06-26,8.126666666666667
2018-06-27,8.126666666666667
2018-06-28,8.126666666666667
2018-06-29,8.126666666666667
2018-07-02,8.083333333333334
2018-07-03,8.126666666666667
2018-07-04,8.0
2018-07-05,8.0
2018-07-06,7.875
2018-07-09,7.875
2018-07-10,7.875
2018-07-11,7.875
2018-07-12,7.875
2018-07-13,7.875
2018-07-16,7.875
2018-07-17,7.8149999999999995
2018-07-18,7.836666666666666
2018-07-19,7.793333333333333
2018-07-20,7.6899999999999995
2018-07-23,7.793333333333333
2018-07-24,7.8149999999999995
2018-07-25,7.8149999999999995
2018-07-26,7.8149999999999995
2018-07-27,7.8149999999999995
2018-07-30,7.8149999999999995
2018-07-31,7.793333333333333
2018-08-01,7.793333333333333
2018-08-02,7.793333333333333
2018-08-03,7.793333333333333
2018-08-06,7.793333333333333
2018-08-07,7.8149999999999995
2018-08-08,7.8149999999999995
2018-08-09,7.8149999999999995
2018-08-10,7.8149999999999995
2018-08-13,7.8149999999999995
2018-08-14,7.8149999999999995
2018-08-15,7.8149999999999995
2018-08-16,7.8149999999999995
2018-08-17,7.71
2018-08-20,7.71
2018-08-21,7.71
2018-08-22,7.75
2018-08-23,7.75
2018-08-24,7.75
2018-08-27,7.75
2018-08-28,7.75
2018-08-29,7.75
2018-08-30,7.75
2018-08-31,7.75
2018-09-03,7.75
2018-09-04,7.75
2018-09-05,7.75
2018-09-06,7.793333333333333
2018-09-10,7.793333333333333
2018-09-11,7.793333333333333
2018-09-12,7.793333333333333
2018-09-13,7.793333333333333
2018-09-14,7.793333333333333
2018-09-17,7.793333333333333
2018-09-18,7.793333333333333
2018-09-19,7.793333333333333
2018-09-20,7.793333333333333
2018-09-21,7.793333333333333
2018-09-24,7.793333333333333
2018-09-25,7.793333333333333
2018-09-26,7.793333333333333
2018-09-27,7.793333333333333
2018-09-28,7.793333333333333
2018-10-01,7.836666666666666
2018-10-02,7.836666666666666
2018-10-03,7.836666666666666
2018-10-04,7.836666666666666
2018-10-05,7.9399999999999995
2018-10-08,7.9399999999999995
2018-10-09,7.9399999999999995
2018-10-10,7.9399999999999995
2018-10-11,7.9399999999999995
2018-10-15,7.875
2018-10-16,7.875
2018-10-17,7.875
2018-10-18,7.875
2018-10-19,7.875
2018-10-22,7.793333333333333
2018-10-23,7.793333333333333
2018-10-24,7.875
2018-10-25,7.875
2018-10-26,7.9399999999999995
2018-10-29,7.876666666666666
2018-10-30,7.876666666666666
2018-10-31,7.876666666666666
2018-11-01,7.75
2018-11-05,7.75
2018-11-06,7.75
2018-11-07,7.75
2018-11-08,7.75
2018-11-09,7.75
2018-11-12,7.75
2018-11-13,7.75
2018-11-14,7.75
2018-11-16,7.625
2018-11-19,7.625
2018-11-20,7.625
2018-11-21,7.625
2018-11-22,7.416666666666667
2018-11-23,7.416666666666667
2018-11-26,7.376666666666666
2018-11-27,7.376666666666666
2018-11-28,7.376666666666666
2018-11-29,7.376666666666666
2018-11-30,7.376666666666666
2018-12-03,7.376666666666666
2018-12-04,7.376666666666666
2018-12-05,7.336666666666666
2018-12-06,7.336666666666666
2018-12-07,7.4399999999999995
2018-12-10,7.4399999999999995
2018-12-11,7.4399999999999995
2018-12-12,7.125
2018-12-13,7.125
2018-12-14,7.0
2018-12-17,7.0
2018-12-18,6.625
2018-12-19,6.625
2018-12-20,6.625
2018-12-21,6.5
2018-12-24,6.5
2018-12-26,6.5
2018-12-27,6.5
2018-12-28,6.5
2018-12-31,6.5
2019-01-02,8.0
2019-01-03,8.0
2019-01-04,8.0
2019-01-07,8.0
2019-01-08,8.0
2019-01-09,8.0
2019-01-10,8.0
2019-01-11,8.0
2019-01-14,8.0
2019-01-15,8.0
2019-01-16,8.0
2019-01-17,8.0
2019-01-18,8.0
2019-01-21,8.0
2019-01-22,8.0
2019-01-23,8.0
2019-01-24,8.0
2019-01-25,8.0
2019-01-28,8.0
2019-01-29,8.0
2019-01-30,8.0
2019-01-31,8.0
2019-02-01,8.0
2019-02-04,8.0
2019-02-05,8.0
2019-02-06,8.0
2019-02-07,8.0
2019-02-08,8.0
2019-02-11,8.0
2019-02-12,8.0
2019-02-13,8.0
2019-02-14,8.0
2019-02-15,8.0
2019-02-18,8.0
2019-02-19,8.0
2019-02-20,8.0
2019-02-21,8.0
2019-02-22,8.0
2019-02-25,8.0
2019-02-26,8.0
2019-02-27,8.0
2019-02-28,8.0
2019-03-01,8.0
2019-03-06,8.0
2019-03-07,8.0
2019-03-08,8.0
2019-03-11,8.0
2019-03-12,8.0
2019-03-13,7.875
2019-03-14,7.75
2019-03-15,7.75
2019-03-18,7.75
2019-03-19,7.75
2019-03-20,7.75
2019-03-21,7.75
2019-03-22,7.375
2019-03-25,7.375
2019-03-26,7.375
2019-03-27,7.375
2019-03-28,7.375
2019-03-29,7.375
2019-04-01,7.375
2019-04-02,7.375
2019-04-03,7.375
2019-04-04,7.375
2019-04-05,7.375
2019-04-08,7.375
2019-04-09,7.375
2019-04-10,7.375
2019-04-11,7.375
2019-04-12,7.375
2019-04-15,7.375
2019-04-16,7.375
2019-04-17,7.375
2019-04-18,7.375
2019-04-22,7.375
2019-04-23,7.375
2019-04-24,7.375
2019-04-25,7.375
2019-04-26,7.375
2019-04-29,7.3149999999999995
2019-04-30,7.375
2019-05-02,7.3149999999999995
2019-05-03,7.23
2019-05-06,7.23
2019-05-07,7.23
2019-05-08,7.23
2019-05-09,7.23
2019-05-10,7.23
2019-05-13,7.21
2019-05-14,7.23
2019-05-15,7.1899999999999995
2019-05-16,7.125
2019-05-17,7.0
2019-05-20,7.0
2019-05-21,7.0
2019-05-22,7.0
2019-05-23,7.0
2019-05-24,7.0
2019-05-27,7.0
2019-05-28,7.0
2019-05-29,7.0
2019-05-30,7.0
2019-05-31,7.0
2019-06-03,7.0
2019-06-04,7.0
2019-06-05,6.875
2019-06-06,6.876666666666666
2019-06-07,6.876666666666666
2019-06-10,6.876666666666666
2019-06-11,6.876666666666666
2019-06-12,6.793333333333333
2019-06-13,6.793333333333333
2019-06-14,6.8149999999999995
2019-06-17,6.625
2019-06-18,6.625
2019-06-19,6.625
2019-06-21,6.375
2019-06-24,6.1899999999999995
2019-06-25,6.125
2019-06-26,6.125
2019-06-27,6.126666666666666
2019-06-28,6.25
2019-07-01,6.25
2019-07-02,6.25
2019-07-03,6.21
2019-07-04,6.21
2019-07-05,6.25
2019-07-08,6.25
2019-07-09,6.25
2019-07-10,6.375
2019-07-11,6.375
2019-07-12,6.293333333333333
2019-07-15,6.083333333333333
2019-07-16,6.083333333333333
2019-07-17,5.916666666666667
2019-07-18,5.96
2019-07-19,6.0
2019-07-22,6.083333333333333
2019-07-23,6.083333333333333
2019-07-24,6.125
2019-07-25,6.125
2019-07-26,5.96
2019-07-29,5.916666666666667
2019-07-30,5.916666666666667
2019-07-31,5.916666666666667
2019-08-01,5.376666666666666
2019-08-02,5.336666666666666
2019-08-05,5.253333333333333
2019-08-06,5.21
2019-08-07,5.21
2019-08-08,5.21
2019-08-09,5.21
2019-08-12,5.21
2019-08-13,5.126666666666666
2019-08-14,5.17
2019-08-15,5.17
2019-08-16,5.17
2019-08-19,5.125
2019-08-20,5.125
2019-08-21,5.125
2019-08-22,5.125
2019-08-23,5.126666666666666
2019-08-26,5.126666666666666
2019-08-27,5.126666666666666
2019-08-28,5.126666666666666
2019-08-29,5.125
2019-08-30,5.125
2019-09-02,5.125
2019-09-03,5.125
2019-09-04,5.125
2019-09-05,5.125
2019-09-06,5.0
2019-09-09,5.125
2019-09-10,5.125
2019-09-11,5.125
2019-09-12,5.125
2019-09-13,5.0
2019-09-16,5.0
2019-09-17,5.0
2019-09-18,5.0
2019-09-19,4.875
2019-09-20,4.876666666666666
2019-09-23,4.876666666666666
2019-09-24,4.876666666666666
2019-09-25,4.876666666666666
2019-09-26,4.876666666666666
2019-09-27,4.625
2019-09-30,4.625
2019-10-01,4.625
2019-10-02,4.625
2019-10-03,4.625
2019-10-04,4.625
2019-10-07,4.625
2019-10-08,4.625
2019-10-09,4.625
2019-10-10,4.625
2019-10-11,4.625
2019-10-14,4.5
2019-10-15,4.5
2019-10-16,4.5
2019-10-17,4.5
2019-10-18,4.5
2019-10-21,4.5
2019-10-22,4.5
2019-10-23,4.5
2019-10-24,4.5
2019-10-25,4.25
2019-10-28,4.25
2019-10-29,4.25
2019-10-30,4.25
2019-10-31,4.25
2019-11-01,4.25
2019-11-04,4.25
2019-11-05,4.25
2019-11-06,4.25
2019-11-07,4.25
2019-11-08,4.125
2019-11-11,4.125
2019-11-12,4.125
2019-11-13,4.125
2019-11-14,4.125
2019-11-18,4.125
2019-11-19,4.125
2019-11-20,4.125
2019-11-21,4.125
2019-11-22,4.125
2019-11-25,4.125
2019-11-26,4.125
2019-11-27,4.125
2019-11-28,4.25
2019-11-29,4.25
2019-12-02,4.21
2019-12-03,4.21
2019-12-04,4.25
2019-12-05,4.375
2019-12-06,4.375
2019-12-09,4.375
2019-12-10,4.375
2019-12-11,4.375
2019-12-12,4.375
2019-12-13,4.375
2019-12-16,4.375
2019-12-17,4.375
2019-12-18,4.375
2019-12-19,4.375
2019-12-20,4.375
2019-12-23,4.375
2019-12-24,4.375
2019-12-26,4.375
2019-12-27,4.375
2019-12-30,4.375
2019-12-31,4.375
2020-01-02,6.25
2020-01-03,6.21
2020-01-06,6.1899999999999995
2020-01-07,6.1899999999999995
2020-01-08,6.1899999999999995
2020-01-09,6.1899999999999995
2020-01-10,6.043333333333333
2020-01-13,6.043333333333333
2020-01-14,6.125
2020-01-15,6.125
2020-01-16,6.043333333333333
2020-01-17,6.043333333333333
2020-01-20,6.0649999999999995
2020-01-21,6.0649999999999995
2020-01-22,6.0649999999999995
2020-01-23,6.0649999999999995
2020-01-24,6.125
2020-01-27,6.125
2020-01-28,6.125
2020-01-29,6.125
2020-01-30,6.125
2020-01-31,6.21
2020-02-03,6.21
2020-02-04,6.21
2020-02-05,6.21
2020-02-06,6.21
2020-02-07,6.21
2020-02-10,6.21
2020-02-11,6.21
2020-02-12,5.753333333333333
2020-02-13,6.0649999999999995
2020-02-14,5.625
2020-02-17,5.625
2020-02-18,5.625
2020-02-19,5.625
2020-02-20,5.625
2020-02-21,5.625
2020-02-26,5.416666666666667
2020-02-27,5.625
2020-02-28,5.625
2020-03-02,5.625
2020-03-03,5.625
2020-03-04,5.376666666666666
2020-03-05,5.376666666666666
2020-03-06,5.293333333333333
2020-03-09,5.293333333333333
2020-03-10,5.293333333333333
2020-03-11,5.25
2020-03-12,5.25
2020-03-13,5.0
2020-03-16,5.0
2020-03-17,5.0
2020-03-18,5.0
2020-03-19,5.0
2020-03-20,4.875
2020-03-23,4.875
2020-03-24,4.875
2020-03-25,4.875
2020-03-26,4.75
2020-03-27,4.75
2020-03-30,4.5
2020-03-31,4.5
2020-04-01,4.5
2020-04-02,4.5
2020-04-03,4.25
2020-04-06,4.25
2020-04-07,4.293333333333333
2020-04-08,4.293333333333333
2020-04-09,4.126666666666666
2020-04-13,4.126666666666666
2020-04-14,4.126666666666666
2020-04-15,4.083333333333333
2020-04-16,4.0
2020-04-17,3.9599999999999995
2020-04-20,3.9599999999999995
2020-04-22,3.9599999999999995
2020-04-23,3.9599999999999995
2020-04-24,3.9599999999999995
2020-04-27,3.92
2020-04-28,3.92
2020-04-29,3.793333333333333
2020-04-30,3.7099999999999995
2020-05-04,3.7099999999999995
2020-05-05,3.7099999999999995
2020-05-06,3.7099999999999995
2020-05-07,3.7099999999999995
2020-05-08,3.7099999999999995
2020-05-11,3.6266666666666665
2020-05-12,3.6266666666666665
2020-05-13,3.4599999999999995
2020-05-14,3.4599999999999995
2020-05-15,3.315
2020-05-18,3.315
2020-05-19,3.315
2020-05-20,3.315
2020-05-21,3.125
2020-05-22,3.043333333333333
2020-05-25,2.9599999999999995
2020-05-26,2.9599999999999995
2020-05-27,2.9599999999999995
2020-05-28,2.9599999999999995
2020-05-29,2.9599999999999995
2020-06-01,2.9166666666666665
2020-06-02,2.9166666666666665
2020-06-03,2.9166666666666665
2020-06-04,3.125
2020-06-05,3.0833333333333335
2020-06-08,3.0833333333333335
2020-06-09,3.125
2020-06-10,2.8766666666666665
2020-06-12,2.7099999999999995
2020-06-15,2.7099999999999995
2020-06-16,2.7099999999999995
2020-06-17,2.7099999999999995
2020-06-18,2.7099999999999995
2020-06-19,2.75
2020-06-22,2.75
2020-06-23,2.75
2020-06-24,2.75
2020-06-25,2.75
2020-06-26,2.5
2020-06-29,2.5
2020-06-30,2.5
2020-07-01,2.5
2020-07-02,2.5
2020-07-03,2.5
2020-07-06,2.5
2020-07-07,2.5
2020-07-08,2.5
2020-07-09,2.5
2020-07-10,2.7099999999999995
2020-07-13,2.7099999999999995
2020-07-14,2.7099999999999995
2020-07-15,2.7099999999999995
2020-07-16,2.7099999999999995
2020-07-17,2.7099999999999995
2020-07-20,2.7099999999999995
2020-07-21,2.7099999999999995
2020-07-22,2.7099999999999995
2020-07-23,2.7099999999999995
2020-07-24,2.3333333333333335
2020-07-27,2.3766666666666665
2020-07-28,2.3766666666666665
2020-07-29,2.3766666666666665
2020-07-30,2.3766666666666665
2020-07-31,2.25
2020-08-03,2.25
2020-08-04,2.25
2020-08-05,2.25
2020-08-06,2.25
2020-08-07,2.25
2020-08-10,2.25
2020-08-11,2.25
2020-08-12,2.25
2020-08-13,2.25
2020-08-14,2.25
2020-08-17,2.25
2020-08-18,2.25
2020-08-19,2.25
2020-08-20,2.25
2020-08-21,2.25
2020-08-24,2.125
2020-08-25,2.125
2020-08-26,2.125
2020-08-27,2.125
2020-08-28,2.125
2020-08-31,2.125
2020-09-01,2.125
2020-09-02,2.125
2020-09-03,2.125
2020-09-04,2.25
2020-09-08,2.25
2020-09-09,2.2933333333333334
2020-09-10,2.19
2020-09-11,2.0
2020-09-14,2.0
2020-09-15,2.0
2020-09-16,2.0
2020-09-17,2.0
2020-09-18,2.0
2020-09-21,2.0
2020-09-22,2.0
2020-09-23,2.0
2020-09-24,2.0
2020-09-25,2.125
2020-09-28,2.125
2020-09-29,2.125
2020-09-30,2.125
2020-10-01,2.125
2020-10-02,2.125
2020-10-05,2.0
2020-10-06,2.0
2020-10-07,2.0
2020-10-08,2.0
2020-10-09,2.25
2020-10-13,2.25
2020-10-14,2.25
2020-10-15,2.25
2020-10-16,2.25
2020-10-19,2.25
2020-10-20,2.25
2020-10-21,2.25
2020-10-22,2.25
2020-10-23,2.5
2020-10-26,2.5
2020-10-27,2.5
2020-10-28,2.5
2020-10-29,2.4166666666666665
2020-10-30,2.4166666666666665
2020-11-03,2.4166666666666665
2020-11-04,2.4166666666666665
2020-11-05,2.4166666666666665
2020-11-06,2.625
2020-11-09,2.625
2020-11-10,2.625
2020-11-11,2.625
2020-11-12,2.625
2020-11-13,2.625
2020-11-16,2.625
2020-11-17,2.625
2020-11-18,2.625
2020-11-19,2.75
2020-11-20,2.75
2020-11-23,2.75
2020-11-24,2.75
2020-11-25,2.75
2020-11-26,2.75
2020-11-27,2.75
2020-11-30,2.75
2020-12-01,2.75
2020-12-02,2.75
2020-12-03,2.75
2020-12-04,3.065
2020-12-07,3.065
2020-12-08,3.065
2020-12-09,3.065
2020-12-10,3.065
2020-12-11,3.065
2020-12-14,3.065
2020-12-15,3.065
2020-12-16,3.065
2020-12-17,3.065
2020-12-18,3.0
2020-12-21,3.0
2020-12-22,3.0
2020-12-23,3.0
2020-12-24,3.0
2020-12-28,3.0
2020-12-29,3.0
2020-12-30,3.0
2020-12-31,3.0
2021-01-04,4.416666666666667
2021-01-05,4.416666666666667
2021-01-06,4.416666666666667
2021-01-07,4.416666666666667
2021-01-08,4.416666666666667
2021-01-11,4.416666666666667
2021-01-12,4.75
2021-01-13,4.75
2021-01-14,4.75
2021-01-15,4.625
2021-01-18,4.625
2021-01-19,4.625
2021-01-20,4.625
2021-01-21,4.75
2021-01-22,4.75
2021-01-25,4.75
2021-01-26,4.75
2021-01-27,5.003333333333333
2021-01-28,5.043333333333333
2021-01-29,5.043333333333333
2021-02-01,5.043333333333333
2021-02-02,5.086666666666667
2021-02-03,5.086666666666667
2021-02-04,5.086666666666667
2021-02-05,5.086666666666667
2021-02-08,5.086666666666667
2021-02-09,5.083333333333333
2021-02-10,5.083333333333333
2021-02-11,5.083333333333333
2021-02-12,5.083333333333333
2021-02-17,5.083333333333333
2021-02-18,5.083333333333333
2021-02-19,5.083333333333333
2021-02-22,5.083333333333333
2021-02-23,5.083333333333333
2021-02-24,5.083333333333333
2021-02-25,5.083333333333333
2021-02-26,5.083333333333333
2021-03-01,5.083333333333333
2021-03-02,5.083333333333333
2021-03-03,5.083333333333333
2021-03-04,5.083333333333333
2021-03-05,5.25
2021-03-08,5.25
2021-03-09,5.25
2021-03-10,5.25
2021-03-11,5.25
2021-03-12,5.875
2021-03-15,5.875
2021-03-16,5.875
2021-03-17,5.875
2021-03-18,5.875
2021-03-19,5.875
2021-03-22,5.875
2021-03-23,5.875
2021-03-24,5.875
2021-03-25,5.875
2021-03-26,6.25
2021-03-29,6.25
2021-03-30,6.25
2021-03-31,6.25
2021-04-01,6.25
2021-04-05,6.25
2021-04-06,6.25
2021-04-07,6.25
2021-04-08,6.25
2021-04-09,6.25
2021-04-12,6.25
2021-04-13,6.25
2021-04-14,6.25
2021-04-15,6.25
2021-04-16,6.25
2021-04-19,6.25
2021-04-20,6.25
2021-04-22,6.25
2021-04-23,6.25
2021-04-26,6.208333333333333
2021-04-27,6.208333333333333
2021-04-28,6.208333333333333
2021-04-29,6.208333333333333
2021-04-30,6.208333333333333
2021-05-03,6.208333333333333
2021-05-04,6.208333333333333
2021-05-05,6.208333333333333
2021-05-06,6.208333333333333
2021-05-07,6.208333333333333
2021-05-10,6.208333333333333
2021-05-11,6.208333333333333
2021-05-12,6.208333333333333
2021-05-13,6.208333333333333
2021-05-14,6.25
2021-05-17,6.25
2021-05-18,6.25
2021-05-19,6.25
2021-05-20,6.25
2021-05-21,6.25
2021-05-24,6.25
2021-05-25,6.25
2021-05-26,6.25
2021-05-27,6.25
2021-05-28,6.25
2021-05-31,6.5
2021-06-01,6.5
2021-06-02,6.5
2021-06-04,6.5
2021-06-07,6.5
2021-06-08,6.5
2021-06-09,6.5
2021-06-10,6.5
2021-06-11,6.5
2021-06-14,6.5
2021-06-15,6.5
2021-06-16,6.5
2021-06-17,6.75
2021-06-18,6.75
2021-06-21,6.75
2021-06-22,6.75
2021-06-23,6.75
2021-06-24,6.75
2021-06-25,6.875
2021-06-28,7.0625
2021-06-29,7.0625
2021-06-30,7.0625
2021-07-01,7.0625
2021-07-02,7.0
2021-07-05,7.0
2021-07-06,7.0
2021-07-07,7.0
2021-07-08,7.0
2021-07-09,7.0
2021-07-12,7.0
2021-07-13,7.25
2021-07-14,7.25
2021-07-15,7.25
2021-07-16,7.25
2021-07-19,7.25
2021-07-20,7.25
2021-07-21,7.25
2021-07-22,7.25
2021-07-23,7.25
2021-07-26,7.25
2021-07-27,7.25
2021-07-28,7.25
2021-07-29,7.25
2021-07-30,7.25
2021-08-02,7.25
2021-08-03,7.25
2021-08-04,7.25
2021-08-05,7.25
2021-08-06,7.25
2021-08-09,7.25
2021-08-10,7.375
2021-08-11,7.375
2021-08-12,7.5
2021-08-13,7.75
2021-08-16,7.75
2021-08-17,7.75
2021-08-18,7.75
2021-08-19,7.75
2021-08-20,7.75
2021-08-23,7.75
2021-08-24,7.75
2021-08-25,7.75
2021-08-26,7.75
2021-08-27,7.75
2021-08-30,7.75
2021-08-31,7.75
2021-09-01,7.75
2021-09-02,7.75
2021-09-03,8.083333333333334
2021-09-06,8.083333333333334
2021-09-08,8.083333333333334
2021-09-09,8.0
2021-09-10,8.208333333333334
2021-09-13,8.3125
2021-09-14,8.3125
2021-09-15,8.3125
2021-09-16,8.5
2021-09-17,8.5
2021-09-20,8.5
2021-09-21,8.5
2021-09-22,8.5
2021-09-23,8.75
2021-09-24,8.75
2021-09-27,8.75
2021-09-28,8.75
2021-09-29,8.75
2021-09-30,8.75
2021-10-01,9.25
2021-10-04,9.25
2021-10-05,9.25
2021-10-06,9.25
2021-10-07,9.25
2021-10-08,9.25
2021-10-11,9.25
2021-10-13,9.25
2021-10-14,9.25
2021-10-15,9.25
2021-10-18,9.0
2021-10-19,9.25
2021-10-20,9.25
2021-10-21,9.25
2021-10-22,10.583333333333334
2021-10-25,10.583333333333334
2021-10-26,10.583333333333334
2021-10-27,10.583333333333334
2021-10-28,10.583333333333334
2021-10-29,10.875
2021-11-01,10.875
2021-11-03,10.875
2021-11-04,11.208333333333334
2021-11-05,11.791666666666666
2021-11-08,11.791666666666666
2021-11-09,11.791666666666666
2021-11-10,11.583333333333334
2021-11-11,11.583333333333334
2021-11-12,11.583333333333334
2021-11-16,11.583333333333334
2021-11-17,11.583333333333334
2021-11-18,11.6875
2021-11-19,11.6875
2021-11-22,11.6875
2021-11-23,11.6875
2021-11-24,11.6875
2021-11-25,11.6875
2021-11-26,12.0
2021-11-29,12.0
2021-11-30,12.0
2021-12-01,12.0
2021-12-02,12.0
2021-12-03,12.166666666666666
2021-12-06,12.166666666666666
2021-12-07,12.166666666666666
2021-12-08,12.166666666666666
2021-12-09,12.166666666666666
2021-12-10,12.166666666666666
2021-12-13,12.166666666666666
2021-12-14,12.208333333333334
2021-12-15,12.208333333333334
2021-12-16,12.208333333333334
2021-12-17,12.208333333333334
2021-12-20,12.208333333333334
2021-12-21,12.208333333333334
2021-12-22,12.208333333333334
2021-12-23,12.208333333333334
2021-12-24,12.208333333333334
2021-12-27,12.3125
2021-12-28,12.3125
2021-12-29,12.3125
2021-12-30,12.3125
2021-12-31,12.3125
2022-01-03,7.875
2022-01-04,7.875
2022-01-05,7.875
2022-01-06,7.875
2022-01-07,7.875
2022-01-10,8.0625
2022-01-11,7.875
2022-01-12,7.875
2022-01-13,7.875
2022-01-14,7.875
2022-01-17,7.875
2022-01-18,7.791666666666667
2022-01-19,7.791666666666667
2022-01-20,7.791666666666667
2022-01-21,7.958333333333333
2022-01-24,7.958333333333333
2022-01-25,7.958333333333333
2022-01-26,7.958333333333333
2022-01-27,7.875
2022-01-28,7.875
2022-01-31,8.0
2022-02-01,8.0
2022-02-02,8.0
2022-02-03,8.0625
2022-02-04,8.0625
2022-02-07,8.0625
2022-02-08,8.3125
2022-02-09,8.4375
2022-02-10,8.4375
2022-02-11,8.25
2022-02-14,8.25
2022-02-15,8.25
2022-02-16,8.25
2022-02-17,8.25
2022-02-18,8.25
2022-02-21,8.25
2022-02-22,8.25
2022-02-23,8.25
2022-02-24,8.25
2022-02-25,8.25
2022-03-02,8.25
2022-03-03,8.25
2022-03-04,8.25
2022-03-07,8.25
2022-03-08,8.25
2022-03-09,8.5
2022-03-10,8.5
2022-03-11,9.3125
2022-03-14,9.3125
2022-03-15,9.3125
2022-03-16,9.3125
2022-03-17,9.375
2022-03-18,9.375
2022-03-21,9.375
2022-03-22,9.5
2022-03-23,9.5
2022-03-24,9.5
2022-03-25,9.5
2022-03-28,9.5
2022-03-29,9.5
2022-03-30,9.5
2022-03-31,9.5
2022-04-01,9.5
2022-04-04,9.5
2022-04-05,9.5
2022-04-06,9.5
2022-04-07,9.5
2022-04-08,9.5
2022-04-11,10.125
2022-04-12,10.125
2022-04-13,10.125
2022-04-14,10.125
2022-04-18,10.1875
2022-04-19,10.1875
2022-04-20,10.1875
2022-04-22,10.375
2022-04-25,10.375
2022-04-26,10.375
2022-04-27,10.375
2022-04-28,10.375
2022-04-29,10.4375
2022-05-02,10.4375
2022-05-03,10.4375
2022-05-04,10.4375
2022-05-05,10.4375
2022-05-06,10.375
2022-05-09,10.375
2022-05-10,10.375
2022-05-11,10.375
2022-05-12,10.4375
2022-05-13,10.75
2022-05-16,10.75
2022-05-17,10.875
2022-05-18,10.875
2022-05-19,10.875
2022-05-20,10.875
2022-05-23,10.875
2022-05-24,10.875
2022-05-25,10.875
2022-05-26,10.875
2022-05-27,10.875
2022-05-30,10.875
2022-05-31,10.875
2022-06-01,10.875
2022-06-02,10.875
2022-06-03,10.875
2022-06-06,10.9375
2022-06-07,11.0
2022-06-08,11.0
2022-06-09,11.0
2022-06-10,11.0625
2022-06-13,11.125
2022-06-14,11.125
2022-06-15,11.125
2022-06-17,11.25
2022-06-20,11.25
2022-06-21,11.25
2022-06-22,11.25
2022-06-23,11.25
2022-06-24,11.25
2022-06-27,11.25
2022-06-28,11.25
2022-06-29,11.25
2022-06-30,11.25
2022-07-01,11.375
2022-07-04,11.375
2022-07-05,11.375
2022-07-06,11.375
2022-07-07,11.375
2022-07-08,11.25
2022-07-11,11.375
2022-07-12,11.375
2022-07-13,11.375
2022-07-14,11.375
2022-07-15,11.375
2022-07-18,11.3125
2022-07-19,11.3125
2022-07-20,11.3125
2022-07-21,11.3125
2022-07-22,11.375
2022-07-25,11.375
2022-07-26,11.375
2022-07-27,11.375
2022-07-28,11.375
2022-07-29,11.625
2022-08-01,11.5
2022-08-02,11.5
2022-08-03,11.5
2022-08-04,11.5
2022-08-05,11.625
2022-08-08,11.625
2022-08-09,11.5
2022-08-10,11.5
2022-08-11,11.5
2022-08-12,11.5
2022-08-15,11.5
2022-08-16,11.5
2022-08-17,11.5
2022-08-18,11.5
2022-08-19,11.625
2022-08-22,11.5
2022-08-23,11.625
2022-08-24,11.625
2022-08-25,11.625
2022-08-26,11.625
2022-08-29,11.625
2022-08-30,11.625
2022-08-31,11.625
2022-09-01,11.625
2022-09-02,11.625
2022-09-05,11.5625
2022-09-06,11.5625
2022-09-08,11.625
2022-09-09,11.625
2022-09-12,11.625
2022-09-13,11.625
2022-09-14,11.625
2022-09-15,11.6875
2022-09-16,11.6875
2022-09-19,11.6875
2022-09-20,11.6875
2022-09-21,11.6875
2022-09-22,11.6875
2022-09-23,11.6875
2022-09-26,11.625
2022-09-27,11.625
2022-09-28,11.625
2022-09-29,11.625
2022-09-30,11.625
2022-10-03,11.625
2022-10-04,11.625
2022-10-05,11.625
2022-10-06,11.375
2022-10-07,11.375
2022-10-10,11.375
2022-10-11,11.375
2022-10-13,11.375
2022-10-14,11.375
2022-10-17,11.375
2022-10-18,11.375
2022-10-19,11.375
2022-10-20,11.375
2022-10-21,11.375
2022-10-24,11.375
2022-10-25,11.375
2022-10-26,11.375
2022-10-27,11.375
2022-10-28,11.375
2022-10-31,11.375
2022-11-01,11.375
2022-11-03,11.5
2022-11-04,11.5
2022-11-07,11.5
2022-11-08,11.5
2022-11-09,11.5
2022-11-10,11.5
2022-11-11,11.5
2022-11-14,11.5
2022-11-16,11.5
2022-11-17,11.75
2022-11-18,12.25
2022-11-21,12.375
2022-11-22,12.375
2022-11-23,12.375
2022-11-24,12.5
2022-11-25,12.5
2022-11-28,12.5
2022-11-29,12.5
2022-11-30,12.5
2022-12-01,12.5
2022-12-02,12.625
2022-12-05,12.625
2022-12-06,12.625
2022-12-07,12.625
2022-12-08,12.625
2022-12-09,12.625
2022-12-12,12.625
2022-12-13,12.625
2022-12-14,12.75
2022-12-15,12.75
2022-12-16,12.75
2022-12-19,12.75
2022-12-20,12.75
2022-12-21,12.75
2022-12-22,12.75
2022-12-23,12.75
2022-12-26,12.75
2022-12-27,12.75
2022-12-28,12.875
2022-12-29,12.875
2022-12-30,12.9375
2023-01-02,10.375
2023-01-03,10.375
2023-01-04,10.375
2023-01-05,10.375
2023-01-06,10.375
2023-01-09,10.375
2023-01-10,10.375
2023-01-11,10.375
2023-01-12,10.375
2023-01-13,10.375
2023-01-16,10.375
2023-01-17,10.375
2023-01-18,10.375
2023-01-19,10.375
2023-01-20,10.5
2023-01-23,10.4375
2023-01-24,10.5
2023-01-25,10.5
2023-01-26,10.5
2023-01-27,10.75
2023-01-30,10.75
2023-01-31,9.75
2023-02-01,9.75
2023-02-02,9.75
2023-02-03,9.75
2023-02-06,9.625
2023-02-07,9.625
2023-02-08,9.625
2023-02-09,9.625
2023-02-10,9.875
2023-02-13,9.875
2023-02-14,9.875
2023-02-15,9.875
2023-02-16,9.875
2023-02-17,10.0
2023-02-22,10.0
2023-02-23,10.0
2023-02-24,10.0
2023-02-27,10.0
2023-02-28,10.0
2023-03-01,10.0
2023-03-02,10.0
2023-03-03,10.0
2023-03-06,10.0
2023-03-07,10.0
2023-03-08,10.0
2023-03-09,10.03125
2023-03-10,10.0
2023-03-13,10.0
2023-03-14,10.0
2023-03-15,10.0
2023-03-16,10.0
2023-03-17,10.0
2023-03-20,9.9375
2023-03-21,10.0
2023-03-22,10.0
2023-03-23,10.0
2023-03-24,10.0
2023-03-27,10.0
2023-03-28,10.0
2023-03-29,10.0
2023-03-30,10.0
2023-03-31,10.0
2023-04-03,10.0
2023-04-04,10.0
2023-04-05,10.0
2023-04-06,10.0
2023-04-10,10.0
2023-04-11,10.0
2023-04-12,10.0
2023-04-13,10.0
2023-04-14,10.0
2023-04-17,10.0
2023-04-18,10.0
2023-04-19,10.0
2023-04-20,10.0
2023-04-24,9.9375
2023-04-25,9.9375
2023-04-26,9.9375
2023-04-27,9.9375
2023-04-28,10.0625
2023-05-02,10.0625
2023-05-03,10.0625
2023-05-04,10.0625
2023-05-05,10.0625
2023-05-08,10.0625
2023-05-09,10.0625
2023-05-10,10.0625
2023-05-11,10.0625
2023-05-12,10.0625
2023-05-15,10.0625
2023-05-16,10.0625
2023-05-17,10.0625
2023-05-18,10.0625
2023-05-19,9.9375
2023-05-22,9.9375
2023-05-23,9.9375
2023-05-24,9.9375
2023-05-25,9.9375
2023-05-26,9.9375
2023-05-29,10.0
2023-05-30,10.0
2023-05-31,10.0
2023-06-01,10.0
2023-06-02,10.0
2023-06-05,9.9375
2023-06-06,9.875
2023-06-07,9.9375
2023-06-09,9.875
2023-06-12,9.875
2023-06-13,9.875
2023-06-14,9.875
2023-06-15,9.875
2023-06-16,9.75
2023-06-19,9.75
2023-06-20,9.75
2023-06-21,9.75
2023-06-22,9.75
2023-06-23,9.75
2023-06-26,9.5
2023-06-27,9.5
2023-06-28,9.5
2023-06-29,9.5
2023-06-30,9.25
2023-07-03,9.25
2023-07-04,9.25
2023-07-05,9.25
2023-07-06,9.25
2023-07-07,9.25
2023-07-10,9.25
2023-07-11,9.25
2023-07-12,9.25
2023-07-13,9.25
2023-07-14,9.25
2023-07-17,9.25
2023-07-18,9.25
2023-07-19,9.25
2023-07-20,9.25
2023-07-21,9.25
2023-07-24,9.25
2023-07-25,9.25
2023-07-26,9.25
2023-07-27,9.25
2023-07-28,9.125
2023-07-31,9.0625
2023-08-01,9.0625
2023-08-02,9.0
2023-08-03,9.0
2023-08-04,9.0
2023-08-07,9.0
2023-08-08,9.0
2023-08-09,9.0
2023-08-10,9.0
2023-08-11,8.875
2023-08-14,8.875
2023-08-15,8.875
2023-08-16,8.875
2023-08-17,8.875
2023-08-18,8.875
2023-08-21,8.875
2023-08-22,8.875
2023-08-23,8.875
2023-08-24,8.875
2023-08-25,8.875
2023-08-28,8.875
2023-08-29,8.875
2023-08-30,8.875
2023-08-31,8.875
2023-09-01,8.875
2023-09-04,9.0
2023-09-05,9.0
2023-09-06,9.0
2023-09-08,9.0
2023-09-11,8.9375
2023-09-12,9.125
2023-09-13,9.125
2023-09-14,9.125
2023-09-15,9.125
2023-09-18,9.125
2023-09-19,9.125
2023-09-20,9.125
2023-09-21,9.125
2023-09-22,9.125
2023-09-25,9.125
2023-09-26,9.125
2023-09-27,9.125
2023-09-28,9.125
2023-09-29,9.25
2023-10-02,9.25
2023-10-03,9.25
2023-10-04,9.25
2023-10-05,9.25
2023-10-06,9.25
2023-10-09,9.1875
2023-10-10,9.1875
2023-10-11,9.25
2023-10-13,9.25
2023-10-16,9.3125
2023-10-17,9.3125
2023-10-18,9.25
2023-10-19,9.25
2023-10-20,9.25
2023-10-23,9.25
2023-10-24,9.25
2023-10-25,9.25
2023-10-26,9.25
2023-10-27,9.375
2023-10-30,9.375
2023-10-31,9.375
2023-11-01,9.375
2023-11-03,9.375
2023-11-06,9.375
2023-11-07,9.375
2023-11-08,9.375
2023-11-09,9.375
2023-11-10,9.375
2023-11-13,9.375
2023-11-14,9.375
2023-11-16,9.375
2023-11-17,9.375
2023-11-20,9.375
2023-11-21,9.375
2023-11-22,9.375
2023-11-23,9.375
2023-11-24,9.375
2023-11-27,9.375
2023-11-28,9.375
2023-11-29,9.26
2023-11-30,9.26
2023-12-01,9.26
2023-12-04,9.254999999999999
2023-12-05,9.26
2023-12-06,9.26
2023-12-07,9.26
2023-12-08,9.26
2023-12-11,9.3125
2023-12-12,9.375
2023-12-13,9.375
2023-12-14,9.375
2023-12-15,9.1875
2023-12-18,9.25
2023-12-19,9.1875
2023-12-20,9.1875
2023-12-21,9.1875
2023-12-22,9.0625
2023-12-26,9.0625
2023-12-27,9.0625
2023-12-28,9.0625
2023-12-29,9.0625
2024-01-02,8.375
2024-01-03,8.375
2024-01-04,8.375
2024-01-05,8.375
2024-01-08,8.375
2024-01-09,8.375
2024-01-10,8.375
2024-01-11,8.375
2024-01-12,8.5625
2024-01-15,8.5
2024-01-16,8.5
2024-01-17,8.5
2024-01-18,8.5
2024-01-19,8.5
2024-01-22,8.5
2024-01-23,8.5
2024-01-24,8.5
2024-01-25,8.5
2024-01-26,8.5
2024-01-29,8.5
2024-01-30,8.5
2024-01-31,8.5
2024-02-01,8.5625
2024-02-02,8.5625
2024-02-05,8.5625
2024-02-06,8.5625
2024-02-07,8.5625
2024-02-08,8.5625
2024-02-09,8.5625
2024-02-14,8.5625
2024-02-15,8.5625
2024-02-16,8.5625
2024-02-19,8.5
2024-02-20,8.5
2024-02-21,8.5
2024-02-22,8.5
2024-02-23,8.5
2024-02-26,8.5
2024-02-27,8.5
2024-02-28,8.5
2024-02-29,8.5
2024-03-01,8.5
2024-03-04,8.5
2024-03-05,8.5
2024-03-06,8.5
2024-03-07,8.5
2024-03-08,8.5
2024-03-11,8.5
2024-03-12,8.5
2024-03-13,8.5
2024-03-14,8.5
2024-03-15,8.5
2024-03-18,8.5
2024-03-19,8.5
2024-03-20,8.5
2024-03-21,8.5625
2024-03-22,8.5625
2024-03-25,8.5625
2024-03-26,8.5625
2024-03-27,8.5625
2024-03-28,8.5625
2024-04-01,8.5625
2024-04-02,8.5625
2024-04-03,8.5625
2024-04-04,8.5625
2024-04-05,8.5625
2024-04-08,8.5625
2024-04-09,8.5625
2024-04-10,8.5625
2024-04-11,8.5625
2024-04-12,8.5625
2024-04-15,8.5625
2024-04-16,8.5625
2024-04-17,8.5625
2024-04-18,8.5625
2024-04-19,8.7575
2024-04-22,8.875
2024-04-23,8.875
2024-04-24,8.875
2024-04-25,8.875
2024-04-26,8.875
2024-04-29,8.875
2024-04-30,8.875
2024-05-02,8.875
2024-05-03,8.875
2024-05-06,8.875
2024-05-07,8.875
2024-05-08,8.875
2024-05-09,8.875
2024-05-10,8.875
2024-05-13,8.875
2024-05-14,8.875
2024-05-15,8.75
2024-05-16,8.75
2024-05-17,9.0
2024-05-20,9.0
2024-05-21,9.0
2024-05-22,9.0
2024-05-23,9.0
2024-05-24,9.0
2024-05-27,9.0
2024-05-28,9.04575
2024-05-29,9.125
2024-05-31,9.125
2024-06-03,9.125
2024-06-04,9.125
2024-06-05,9.125
2024-06-06,9.125
2024-06-07,9.125
2024-06-10,9.125
2024-06-11,9.25
2024-06-12,9.25
2024-06-13,9.25
2024-06-14,9.5
2024-06-17,9.5
2024-06-18,9.5
2024-06-19,9.5
2024-06-20,9.5
2024-06-21,9.5
2024-06-24,9.5
2024-06-25,9.5
2024-06-26,9.5
2024-06-27,9.5
2024-06-28,9.5
2024-07-01,9.5
2024-07-02,9.5
2024-07-03,9.5
2024-07-04,9.5
2024-07-05,9.5
2024-07-08,9.5
2024-07-09,9.5
2024-07-10,9.625
2024-07-11,9.625
2024-07-12,9.625
2024-07-15,9.625
2024-07-16,9.625
2024-07-17,9.625
2024-07-18,9.625
2024-07-19,9.75
2024-07-22,9.75
2024-07-23,9.75
2024-07-24,9.75
2024-07-25,9.9375
2024-07-26,10.0
2024-07-29,10.0
2024-07-30,10.0
2024-07-31,10.0
2024-08-01,10.0
2024-08-02,10.0
2024-08-05,10.0
2024-08-06,10.0
2024-08-07,10.0
2024-08-08,10.0
2024-08-09,10.0
2024-08-12,10.0
2024-08-13,10.0
2024-08-14,10.0
2024-08-15,10.0
2024-08-16,10.0
2024-08-19,10.0
2024-08-20,10.0
2024-08-21,10.0
2024-08-22,10.0
2024-08-23,9.875
2024-08-26,9.875
2024-08-27,9.875
2024-08-28,9.875
2024-08-29,9.875
2024-08-30,9.875
2024-09-02,9.875
2024-09-03,9.875
2024-09-04,9.875
2024-09-05,9.875
2024-09-06,9.9375
2024-09-09,9.9375
2024-09-10,9.9375
2024-09-11,9.9375
2024-09-12,9.9375
2024-09-13,10.3125
2024-09-16,10.3125
2024-09-17,10.3125
2024-09-18,10.3125
2024-09-19,10.25
2024-09-20,10.875
2024-09-23,10.875
2024-09-24,10.875
2024-09-25,10.875
2024-09-26,10.875
2024-09-27,10.875
2024-09-30,10.875
2024-10-01,10.875
2024-10-02,10.875
2024-10-03,10.875
2024-10-04,10.875
2024-10-07,10.875
2024-10-08,10.875
2024-10-09,10.9375
2024-10-10,10.9375
2024-10-11,11.0625
2024-10-14,11.25
2024-10-15,11.25
2024-10-16,11.25
2024-10-17,11.25
2024-10-18,11.3125
2024-10-21,11.5625
2024-10-22,11.5625
2024-10-23,11.5625
2024-10-24,11.5625
2024-10-25,11.5625
2024-10-28,11.5625
2024-10-29,11.5625
2024-10-30,11.5625
2024-10-31,11.5625
2024-11-01,11.75
2024-11-04,11.75
2024-11-05,11.75
2024-11-06,11.75
2024-11-07,11.75
2024-11-08,12.0
2024-11-11,12.0
2024-11-12,12.0
2024-11-13,12.0
2024-11-14,12.125
2024-11-18,12.125
2024-11-19,12.125
2024-11-21,12.125
2024-11-22,12.625
2024-11-25,12.625
2024-11-26,12.625
2024-11-27,12.625
2024-11-28,12.625
2024-11-29,12.75
2024-12-02,12.9375
2024-12-03,12.9375
2024-12-04,12.9375
2024-12-05,13.1875
2024-12-06,13.625
2024-12-09,13.625
2024-12-10,13.75
2024-12-11,13.75
2024-12-12,13.75
2024-12-13,13.875
2024-12-16,13.875
2024-12-17,14.625
2024-12-18,14.625
2024-12-19,14.625
2024-12-20,15.0
2024-12-23,15.0
2024-12-24,15.0
2024-12-26,15.0
2024-12-27,15.125
2024-12-30,15.125
2024-12-31,15.125
2025-01-02,12.25
2025-01-03,12.25
2025-01-06,12.25
2025-01-07,12.25
2025-01-08,12.25
2025-01-09,12.25
2025-01-10,13.0
2025-01-13,13.0
2025-01-14,13.0
2025-01-15,13.0
2025-01-16,13.0
2025-01-17,12.6875
2025-01-20,12.4375
2025-01-21,12.4375
2025-01-22,12.4375
2025-01-23,12.4375
2025-01-24,12.9375
2025-01-27,12.9375
2025-01-28,12.9375
2025-01-29,12.9375
2025-01-30,12.9375
2025-01-31,14.25
2025-02-03,14.25
2025-02-04,14.25
2025-02-05,14.25
2025-02-06,14.25
2025-02-07,14.0
2025-02-10,14.0
2025-02-11,13.8125
2025-02-12,13.8125
2025-02-13,13.75
2025-02-14,13.625
2025-02-17,13.625
2025-02-18,13.625
2025-02-19,13.625
2025-02-20,13.625
2025-02-21,13.5
2025-02-24,13.5
2025-02-25,13.5
2025-02-26,13.5
2025-02-27,13.5
2025-02-28,13.5
2025-03-05,13.5
2025-03-06,13.5
2025-03-07,13.5
2025-03-10,13.5
2025-03-11,13.5
2025-03-12,13.5
2025-03-13,13.5
2025-03-14,13.375
2025-03-17,13.375
2025-03-18,13.375
2025-03-19,13.375
2025-03-20,13.5
2025-03-21,13.5
2025-03-24,13.5
2025-03-25,13.5
2025-03-26,13.5
2025-03-27,13.5
2025-03-28,13.625
2025-03-31,13.625
2025-04-01,13.625
2025-04-02,13.625
2025-04-03,13.625
2025-04-04,13.625
2025-04-07,13.625
2025-04-08,13.625
2025-04-09,13.625
2025-04-10,13.625
2025-04-11,13.75
2025-04-14,13.75
2025-04-15,13.75
2025-04-16,13.75
2025-04-17,13.75
2025-04-22,13.75
2025-04-23,13.75
2025-04-24,13.75
2025-04-25,13.75
2025-04-28,13.75
2025-04-29,13.75
2025-04-30,13.75
2025-05-02,13.75
2025-05-05,13.75
2025-05-06,13.75
2025-05-07,13.75
2025-05-08,13.75
2025-05-09,13.375
2025-05-12,13.375
2025-05-13,13.375
2025-05-14,13.25
2025-05-15,13.25
2025-05-16,13.25
2025-05-19,13.25
2025-05-20,13.25
2025-05-21,13.25
2025-05-22,13.25
2025-05-23,13.25
2025-05-26,13.25
2025-05-27,13.25
2025-05-28,13.25
2025-05-29,13.25
2025-05-30,13.25
2025-06-02,13.0
2025-06-03,13.0
2025-06-04,13.0
2025-06-05,13.0
2025-06-06,13.0
2025-06-09,13.0
2025-06-10,13.0
2025-06-11,13.0
2025-06-12,13.0
2025-06-13,13.0
2025-06-16,13.0
2025-06-17,13.0
2025-06-18,13.0
2025-06-20,13.0
2025-06-23,13.0
2025-06-24,13.0
2025-06-25,13.0
2025-06-26,13.0
2025-06-27,13.0
2025-06-30,12.5
2025-07-01,12.5
2025-07-02,12.5
2025-07-03,12.5
2025-07-04,12.5
2025-07-07,12.5
2025-07-08,12.5
2025-07-09,12.5
2025-07-10,12.625
2025-07-11,12.625
2025-07-14,12.625
2025-07-15,12.625
2025-07-16,12.625
2025-07-17,12.625
2025-07-18,12.625
2025-07-21,12.625
2025-07-22,12.625
2025-07-23,12.625
2025-07-24,12.625
2025-07-25,12.625
2025-07-28,12.5625
2025-07-29,12.5625
2025-07-30,12.5625
2025-07-31,12.5625
2025-08-01,12.625
2025-08-04,12.625
2025-08-05,12.625
2025-08-06,12.625
2025-08-07,12.625
2025-08-08,12.75
2025-08-11,12.75
2025-08-12,12.75
2025-08-13,12.75
2025-08-14,12.6875
2025-08-15,12.6875
2025-08-18,12.8125
2025-08-19,12.8125
2025-08-20,12.8125
2025-08-21,12.8125
2025-08-22,12.625
2025-08-25,12.625
2025-08-26,12.625
2025-08-27,12.625
2025-08-28,12.625
2025-08-29,12.5
2025-09-01,12.5
2025-09-02,12.5
2025-09-03,12.5
2025-09-04,12.5
2025-09-05,12.5
2025-09-08,12.5625
2025-09-09,12.5625
2025-09-10,12.5625
2025-09-11,12.5
2025-09-12,12.5
2025-09-15,12.5
2025-09-16,12.5
2025-09-17,12.5
2025-09-18,12.5
2025-09-19,12.5
2025-09-22,12.5
2025-09-23,12.5
2025-09-24,12.5
2025-09-25,12.5
2025-09-26,12.5
2025-09-29,12.5
2025-09-30,12.5
2025-10-01,12.5
2025-10-02,12.5
2025-10-03,12.5
2025-10-06,12.5
2025-10-07,12.5
2025-10-08,12.5
2025-10-09,12.5
2025-10-10,12.5
2025-10-13,12.5
2025-10-14,12.5
2025-10-15,12.5
2025-10-16,12.5
2025-10-17,12.5
2025-10-20,12.5
2025-10-21,12.5
2025-10-22,12.5
2025-10-23,12.5
2025-10-24,12.5
2025-10-27,12.5
2025-10-28,12.5
2025-10-29,12.5
2025-10-30,12.5
2025-10-31,12.5
2025-11-03,12.5
2025-11-04,12.5
2025-11-05,12.5
2025-11-06,12.5
2025-11-07,12.5
2025-11-10,12.5
2025-11-11,12.5
2025-11-12,12.5
2025-11-13,12.5
2025-11-14,12.5
2025-11-17,12.5
2025-11-18,12.5
2025-11-19,12.5
2025-11-21,12.5
2025-11-24,12.5
2025-11-25,12.5
2025-11-26,12.5
2025-11-27,12.5
2025-11-28,12.5
2025-12-01,12.5
2025-12-02,12.5
2025-12-03,12.5
2025-12-04,12.5
2025-12-05,12.5
2025-12-08,12.375
2025-12-09,12.375
2025-12-10,12.125
2025-12-11,12.125
2025-12-12,12.25
2025-12-15,12.25
2025-12-16,12.25
2025-12-17,12.25
2025-12-18,12.1875
2025-12-19,12.125
2025-12-22,12.125
2025-12-23,12.125
2025-12-24,12.125
2025-12-26,12.125
2025-12-29,12.125
2025-12-30,12.125
2025-12-31,12.125
2026-01-02,10.75
2026-01-05,10.75
2026-01-06,10.75
2026-01-07,10.75
2026-01-08,10.75
2026-01-09,10.75
2026-01-12,11.0
2026-01-13,11.0
2026-01-14,11.0
2026-01-15,11.0
2026-01-16,11.0
2026-01-19,10.875
2026-01-20,10.875
2026-01-21,10.875
2026-01-22,10.875
2026-01-23,10.25
2026-01-26,10.25
2026-01-27,10.25
2026-01-28,10.25
2026-01-29,10.25
2026-01-30,10.75
2026-02-02,10.75
2026-02-03,10.75
2026-02-04,10.75
2026-02-05,10.5
2026-02-06,10.5
2026-02-09,10.5
2026-02-10,10.5
2026-02-11,10.5
2026-02-12,10.5
2026-02-13,10.5
2026-02-18,10.5
2026-02-19,10.5
2026-02-20,10.5
2026-02-23,10.5
2026-02-24,10.5
2026-02-25,10.5
2026-02-26,10.5
2026-02-27,10.5
2026-03-02,10.5
2026-03-03,10.5
2026-03-04,10.5
2026-03-05,10.5
2026-03-06,10.5
2026-03-09,10.5
2026-03-10,10.5
2026-03-11,10.5
2026-03-12,10.5
2026-03-13,10.5
2026-03-16,10.5
2026-03-17,10.5
2026-03-18,10.5
2026-03-19,10.5
2026-03-20,10.5
2026-03-23,10.5
2026-03-24,10.5
2026-03-25,10.5
2026-03-26,10.5625
2026-03-27,10.5
2026-03-30,10.5
2026-03-31,10.5
2026-04-01,10.5
2026-04-02,10.5
2026-04-06,10.5
2026-04-07,10.5
2026-04-08,10.5
2026-04-09,10.5
2026-04-10,10.5
2026-04-13,10.5
2026-04-14,10.5
2026-04-15,10.5
2026-04-16,10.5
2026-04-17,10.5
2026-04-20,10.5
2026-04-22,10.5
2026-04-23,10.625
2026-04-24,10.75
2026-04-27,10.75
2026-04-28,10.75
2026-04-29,10.75
2026-04-30,10.75
2026-05-04,10.75
2026-05-05,10.75
2026-05-06,10.75
2026-05-07,10.75
2026-05-08,10.9375
2026-05-11,10.9375
2026-05-12,10.875
2026-05-13,10.875
2026-05-14,10.875
2026-05-15,10.875
2026-05-18,10.875
2026-05-19,10.875
2026-05-20,10.875
2026-05-21,10.875
2026-05-22,10.875
2026-05-25,10.875
2026-05-26,10.875
2026-05-27,10.875
2026-05-28,10.875
2026-05-29,10.875
2026-06-01,10.875
2026-06-02,10.875
2026-06-03,10.875
2026-06-05,10.875
2026-06-08,10.875
2026-06-09,10.875
2026-06-10,11.125
2026-06-11,11.125
2026-06-12,11.4375
2026-06-15,11.4375
2026-06-16,11.4375
2026-06-17,11.4375
2026-06-18,11.4375
2026-06-19,11.5625
2026-06-22,11.5625
2026-06-23,11.5625
2026-06-24,11.5625
2026-06-25,11.5625
2026-06-26,11.875
2026-06-29,11.875
2026-06-30,11.875
2026-07-01,11.875
2026-07-02,11.875
2026-07-03,11.875
2026-07-06,11.875
2026-07-07,11.875
2026-07-08,11.875
2026-07-09,11.875
2026-07-10,12.0
2026-07-13,11.875
2026-07-14,12.0
2026-07-15,12.0
2026-07-16,12.0
2026-07-17,12.0625
2026-07-20,12.25
2026-07-21,12.25
2026-07-22,12.25
2026-07-23,12.25
2026-07-24,12.125
2026-07-27,11.8125
2026-07-28,12.0
2026-07-29,12.125
2026-07-30,12.125
2026-07-31,12.125
2026-08-03,12.125
2026-08-04,12.125
2026-08-05,12.125
2026-08-06,12.125
2026-08-07,12.125
2026-08-10,12.125
2026-08-11,12.125
2026-08-12,12.125
2026-08-13,12.125
2026-08-14,12.125
2026-08-17,12.125
2026-08-18,12.125
2026-08-19,12.125
2026-08-20,12.125
2026-08-21,12.125
2026-08-24,12.125
2026-08-25,12.125
2026-08-26,12.125
2026-08-27,12.125
2026-08-28,12.125
