,data,risco_brasil
0,2001-01-01,
1,2001-01-02,762.0
2,2001-01-03,738.0
3,2001-01-04,737.0
4,2001-01-05,740.0
5,2001-01-06,
6,2001-01-07,
7,2001-01-08,751.0
8,2001-01-09,750.0
9,2001-01-10,748.0
10,2001-01-11,739.0
11,2001-01-12,728.0
12,2001-01-13,
13,2001-01-14,
14,2001-01-15,723.0
15,2001-01-16,732.0
16,2001-01-17,729.0
17,2001-01-18,726.0
18,2001-01-19,717.0
19,2001-01-20,
20,2001-01-21,
21,2001-01-22,708.0
22,2001-01-23,697.0
23,2001-01-24,694.0
24,2001-01-25,699.0
25,2001-01-26,683.0
26,2001-01-27,
27,2001-01-28,
28,2001-01-29,668.0
29,2001-01-30,680.0
30,2001-01-31,677.0
31,2001-02-01,687.0
32,2001-02-02,687.0
33,2001-02-03,
34,2001-02-04,
35,2001-02-05,702.0
36,2001-02-06,693.0
37,2001-02-07,700.0
38,2001-02-08,689.0
39,2001-02-09,696.0
40,2001-02-10,
41,2001-02-11,
42,2001-02-12,694.0
43,2001-02-13,693.0
44,2001-02-14,689.0
45,2001-02-15,680.0
46,2001-02-16,692.0
47,2001-02-17,
48,2001-02-18,
49,2001-02-19,698.0
50,2001-02-20,715.0
51,2001-02-21,735.0
52,2001-02-22,728.0
53,2001-02-23,731.0
54,2001-02-24,
55,2001-02-25,
56,2001-02-26,728.0
57,2001-02-27,745.0
58,2001-02-28,753.0
59,2001-03-01,742.0
60,2001-03-02,729.0
61,2001-03-03,
62,2001-03-04,
63,2001-03-05,718.0
64,2001-03-06,714.0
65,2001-03-07,713.0
66,2001-03-08,721.0
67,2001-03-09,711.0
68,2001-03-10,
69,2001-03-11,
70,2001-03-12,728.0
71,2001-03-13,734.0
72,2001-03-14,744.0
73,2001-03-15,758.0
74,2001-03-16,775.0
75,2001-03-17,
76,2001-03-18,
77,2001-03-19,797.0
78,2001-03-20,790.0
79,2001-03-21,785.0
80,2001-03-22,831.0
81,2001-03-23,853.0
82,2001-03-24,
83,2001-03-25,
84,2001-03-26,810.0
85,2001-03-27,788.0
86,2001-03-28,788.0
87,2001-03-29,808.0
88,2001-03-30,814.0
89,2001-03-31,
90,2001-04-01,
91,2001-04-02,810.0
92,2001-04-03,813.0
93,2001-04-04,807.0
94,2001-04-05,793.0
95,2001-04-06,792.0
96,2001-04-07,
97,2001-04-08,
98,2001-04-09,774.0
99,2001-04-10,764.0
100,2001-04-11,761.0
101,2001-04-12,761.0
102,2001-04-13,
103,2001-04-14,
104,2001-04-15,
105,2001-04-16,786.0
106,2001-04-17,784.0
107,2001-04-18,780.0
108,2001-04-19,800.0
109,2001-04-20,839.0
110,2001-04-21,
111,2001-04-22,
112,2001-04-23,898.0
113,2001-04-24,880.0
114,2001-04-25,864.0
115,2001-04-26,853.0
116,2001-04-27,810.0
117,2001-04-28,
118,2001-04-29,
119,2001-04-30,821.0
120,2001-05-01,823.0
121,2001-05-02,837.0
122,2001-05-03,824.0
123,2001-05-04,812.0
124,2001-05-05,
125,2001-05-06,
126,2001-05-07,812.0
127,2001-05-08,819.0
128,2001-05-09,833.0
129,2001-05-10,827.0
130,2001-05-11,836.0
131,2001-05-12,
132,2001-05-13,
133,2001-05-14,859.0
134,2001-05-15,856.0
135,2001-05-16,830.0
136,2001-05-17,827.0
137,2001-05-18,820.0
138,2001-05-19,
139,2001-05-20,
140,2001-05-21,817.0
141,2001-05-22,817.0
142,2001-05-23,834.0
143,2001-05-24,836.0
144,2001-05-25,853.0
145,2001-05-26,
146,2001-05-27,
147,2001-05-28,853.0
148,2001-05-29,858.0
149,2001-05-30,860.0
150,2001-05-31,857.0
151,2001-06-01,860.0
152,2001-06-02,
153,2001-06-03,
154,2001-06-04,828.0
155,2001-06-05,804.0
156,2001-06-06,822.0
157,2001-06-07,803.0
158,2001-06-08,794.0
159,2001-06-09,
160,2001-06-10,
161,2001-06-11,794.0
162,2001-06-12,810.0
163,2001-06-13,825.0
164,2001-06-14,842.0
165,2001-06-15,842.0
166,2001-06-16,
167,2001-06-17,
168,2001-06-18,893.0
169,2001-06-19,878.0
170,2001-06-20,865.0
171,2001-06-21,843.0
172,2001-06-22,836.0
173,2001-06-23,
174,2001-06-24,
175,2001-06-25,829.0
176,2001-06-26,835.0
177,2001-06-27,847.0
178,2001-06-28,844.0
179,2001-06-29,841.0
180,2001-06-30,
181,2001-07-01,
182,2001-07-02,853.0
183,2001-07-03,852.0
184,2001-07-04,869.0
185,2001-07-05,894.0
186,2001-07-06,889.0
187,2001-07-07,
188,2001-07-08,
189,2001-07-09,887.0
190,2001-07-10,903.0
191,2001-07-11,972.0
192,2001-07-12,1028.0
193,2001-07-13,999.0
194,2001-07-14,
195,2001-07-15,
196,2001-07-16,1004.0
197,2001-07-17,940.0
198,2001-07-18,980.0
199,2001-07-19,975.0
200,2001-07-20,944.0
201,2001-07-21,
202,2001-07-22,
203,2001-07-23,921.0
204,2001-07-24,932.0
205,2001-07-25,916.0
206,2001-07-26,959.0
207,2001-07-27,975.0
208,2001-07-28,
209,2001-07-29,
210,2001-07-30,972.0
211,2001-07-31,972.0
212,2001-08-01,975.0
213,2001-08-02,949.0
214,2001-08-03,954.0
215,2001-08-04,
216,2001-08-05,
217,2001-08-06,928.0
218,2001-08-07,925.0
219,2001-08-08,904.0
220,2001-08-09,920.0
221,2001-08-10,912.0
222,2001-08-11,
223,2001-08-12,
224,2001-08-13,927.0
225,2001-08-14,943.0
226,2001-08-15,937.0
227,2001-08-16,932.0
228,2001-08-17,982.0
229,2001-08-18,
230,2001-08-19,
231,2001-08-20,989.0
232,2001-08-21,1010.0
233,2001-08-22,939.0
234,2001-08-23,943.0
235,2001-08-24,946.0
236,2001-08-25,
237,2001-08-26,
238,2001-08-27,953.0
239,2001-08-28,941.0
240,2001-08-29,933.0
241,2001-08-30,950.0
242,2001-08-31,952.0
243,2001-09-01,
244,2001-09-02,
245,2001-09-03,952.0
246,2001-09-04,923.0
247,2001-09-05,931.0
248,2001-09-06,955.0
249,2001-09-07,971.0
250,2001-09-08,
251,2001-09-09,
252,2001-09-10,968.0
253,2001-09-11,961.0
254,2001-09-12,961.0
255,2001-09-13,961.0
256,2001-09-14,961.0
257,2001-09-15,
258,2001-09-16,
259,2001-09-17,1090.0
260,2001-09-18,1073.0
261,2001-09-19,1076.0
262,2001-09-20,1102.0
263,2001-09-21,1151.0
264,2001-09-22,
265,2001-09-23,
266,2001-09-24,1145.0
267,2001-09-25,1152.0
268,2001-09-26,1188.0
269,2001-09-27,1183.0
270,2001-09-28,1163.0
271,2001-09-29,
272,2001-09-30,
273,2001-10-01,1191.0
274,2001-10-02,1192.0
275,2001-10-03,1215.0
276,2001-10-04,1241.0
277,2001-10-05,1246.0
278,2001-10-06,
279,2001-10-07,
280,2001-10-08,1256.0
281,2001-10-09,1232.0
282,2001-10-10,1188.0
283,2001-10-11,1172.0
284,2001-10-12,1186.0
285,2001-10-13,
286,2001-10-14,
287,2001-10-15,1163.0
288,2001-10-16,1136.0
289,2001-10-17,1119.0
290,2001-10-18,1129.0
291,2001-10-19,1094.0
292,2001-10-20,
293,2001-10-21,
294,2001-10-22,1074.0
295,2001-10-23,1090.0
296,2001-10-24,1105.0
297,2001-10-25,1119.0
298,2001-10-26,1129.0
299,2001-10-27,
300,2001-10-28,
301,2001-10-29,1191.0
302,2001-10-30,1180.0
303,2001-10-31,1179.0
304,2001-11-01,1191.0
305,2001-11-02,1177.0
306,2001-11-03,
307,2001-11-04,
308,2001-11-05,1139.0
309,2001-11-06,1123.0
310,2001-11-07,1083.0
311,2001-11-08,1054.0
312,2001-11-09,1054.0
313,2001-11-10,
314,2001-11-11,
315,2001-11-12,1074.0
316,2001-11-13,1010.0
317,2001-11-14,988.0
318,2001-11-15,963.0
319,2001-11-16,957.0
320,2001-11-17,
321,2001-11-18,
322,2001-11-19,919.0
323,2001-11-20,925.0
324,2001-11-21,915.0
325,2001-11-22,923.0
326,2001-11-23,907.0
327,2001-11-24,
328,2001-11-25,
329,2001-11-26,875.0
330,2001-11-27,894.0
331,2001-11-28,928.0
332,2001-11-29,983.0
333,2001-11-30,978.0
334,2001-12-01,
335,2001-12-02,
336,2001-12-03,928.0
337,2001-12-04,912.0
338,2001-12-05,885.0
339,2001-12-06,894.0
340,2001-12-07,878.0
341,2001-12-08,
342,2001-12-09,
343,2001-12-10,875.0
344,2001-12-11,875.0
345,2001-12-12,856.0
346,2001-12-13,864.0
347,2001-12-14,860.0
348,2001-12-15,
349,2001-12-16,
350,2001-12-17,878.0
351,2001-12-18,874.0
352,2001-12-19,887.0
353,2001-12-20,904.0
354,2001-12-21,892.0
355,2001-12-22,
356,2001-12-23,
357,2001-12-24,898.0
358,2001-12-25,903.0
359,2001-12-26,896.0
360,2001-12-27,884.0
361,2001-12-28,859.0
362,2001-12-29,
363,2001-12-30,
364,2001-12-31,870.0
365,2002-01-01,
366,2002-01-02,824.0
367,2002-01-03,805.0
368,2002-01-04,806.0
369,2002-01-05,
370,2002-01-06,
371,2002-01-07,820.0
372,2002-01-08,826.0
373,2002-01-09,841.0
374,2002-01-10,857.0
375,2002-01-11,874.0
376,2002-01-12,
377,2002-01-13,
378,2002-01-14,869.0
379,2002-01-15,863.0
380,2002-01-16,867.0
381,2002-01-17,853.0
382,2002-01-18,839.0
383,2002-01-19,
384,2002-01-20,
385,2002-01-21,842.0
386,2002-01-22,828.0
387,2002-01-23,817.0
388,2002-01-24,827.0
389,2002-01-25,828.0
390,2002-01-26,
391,2002-01-27,
392,2002-01-28,833.0
393,2002-01-29,856.0
394,2002-01-30,858.0
395,2002-01-31,965.0
396,2002-02-01,881.0
397,2002-02-02,
398,2002-02-03,
399,2002-02-04,890.0
400,2002-02-05,876.0
401,2002-02-06,869.0
402,2002-02-07,884.0
403,2002-02-08,885.0
404,2002-02-09,
405,2002-02-10,
406,2002-02-11,874.0
407,2002-02-12,856.0
408,2002-02-13,828.0
409,2002-02-14,836.0
410,2002-02-15,843.0
411,2002-02-16,
412,2002-02-17,
413,2002-02-18,842.0
414,2002-02-19,836.0
415,2002-02-20,821.0
416,2002-02-21,829.0
417,2002-02-22,824.0
418,2002-02-23,
419,2002-02-24,
420,2002-02-25,808.0
421,2002-02-26,806.0
422,2002-02-27,782.0
423,2002-02-28,786.0
424,2002-03-01,769.0
425,2002-03-02,
426,2002-03-03,
427,2002-03-04,755.0
428,2002-03-05,759.0
429,2002-03-06,766.0
430,2002-03-07,767.0
431,2002-03-08,743.0
432,2002-03-09,
433,2002-03-10,
434,2002-03-11,740.0
435,2002-03-12,727.0
436,2002-03-13,717.0
437,2002-03-14,698.0
438,2002-03-15,703.0
439,2002-03-16,
440,2002-03-17,
441,2002-03-18,705.0
442,2002-03-19,705.0
443,2002-03-20,698.0
444,2002-03-21,718.0
445,2002-03-22,728.0
446,2002-03-23,
447,2002-03-24,
448,2002-03-25,731.0
449,2002-03-26,723.0
450,2002-03-27,725.0
451,2002-03-28,717.0
452,2002-03-29,717.0
453,2002-03-30,
454,2002-03-31,
455,2002-04-01,718.0
456,2002-04-02,720.0
457,2002-04-03,728.0
458,2002-04-04,733.0
459,2002-04-05,737.0
460,2002-04-06,
461,2002-04-07,
462,2002-04-08,744.0
463,2002-04-09,746.0
464,2002-04-10,746.0
465,2002-04-11,739.0
466,2002-04-12,722.0
467,2002-04-13,
468,2002-04-14,
469,2002-04-15,748.0
470,2002-04-16,732.0
471,2002-04-17,733.0
472,2002-04-18,740.0
473,2002-04-19,741.0
474,2002-04-20,
475,2002-04-21,
476,2002-04-22,751.0
477,2002-04-23,772.0
478,2002-04-24,783.0
479,2002-04-25,794.0
480,2002-04-26,815.0
481,2002-04-27,
482,2002-04-28,
483,2002-04-29,825.0
484,2002-04-30,857.0
485,2002-05-01,854.0
486,2002-05-02,883.0
487,2002-05-03,879.0
488,2002-05-04,
489,2002-05-05,
490,2002-05-06,906.0
491,2002-05-07,903.0
492,2002-05-08,902.0
493,2002-05-09,949.0
494,2002-05-10,945.0
495,2002-05-11,
496,2002-05-12,
497,2002-05-13,973.0
498,2002-05-14,950.0
499,2002-05-15,921.0
500,2002-05-16,905.0
501,2002-05-17,919.0
502,2002-05-18,
503,2002-05-19,
504,2002-05-20,928.0
505,2002-05-21,940.0
506,2002-05-22,959.0
507,2002-05-23,972.0
508,2002-05-24,990.0
509,2002-05-25,
510,2002-05-26,
511,2002-05-27,982.0
512,2002-05-28,984.0
513,2002-05-29,979.0
514,2002-05-30,980.0
515,2002-05-31,976.0
516,2002-06-01,
517,2002-06-02,
518,2002-06-03,1006.0
519,2002-06-04,1072.0
520,2002-06-05,1127.0
521,2002-06-06,1199.0
522,2002-06-07,1181.0
523,2002-06-08,
524,2002-06-09,
525,2002-06-10,1144.0
526,2002-06-11,1208.0
527,2002-06-12,1296.0
528,2002-06-13,1237.0
529,2002-06-14,1315.0
530,2002-06-15,
531,2002-06-16,
532,2002-06-17,1250.0
533,2002-06-18,1313.0
534,2002-06-19,1382.0
535,2002-06-20,1593.0
536,2002-06-21,1706.0
537,2002-06-22,
538,2002-06-23,
539,2002-06-24,1524.0
540,2002-06-25,1631.0
541,2002-06-26,1709.0
542,2002-06-27,1599.0
543,2002-06-28,1527.0
544,2002-06-29,
545,2002-06-30,
546,2002-07-01,1599.0
547,2002-07-02,1682.0
548,2002-07-03,1727.0
549,2002-07-04,1718.0
550,2002-07-05,1715.0
551,2002-07-06,
552,2002-07-07,
553,2002-07-08,1687.0
554,2002-07-09,1610.0
555,2002-07-10,1630.0
556,2002-07-11,1548.0
557,2002-07-12,1514.0
558,2002-07-13,
559,2002-07-14,
560,2002-07-15,1546.0
561,2002-07-16,1554.0
562,2002-07-17,1551.0
563,2002-07-18,1510.0
564,2002-07-19,1550.0
565,2002-07-20,
566,2002-07-21,
567,2002-07-22,1619.0
568,2002-07-23,1700.0
569,2002-07-24,1751.0
570,2002-07-25,1849.0
571,2002-07-26,1991.0
572,2002-07-27,
573,2002-07-28,
574,2002-07-29,2164.0
575,2002-07-30,2390.0
576,2002-07-31,2307.0
577,2002-08-01,2060.0
578,2002-08-02,2047.0
579,2002-08-03,
580,2002-08-04,
581,2002-08-05,2180.0
582,2002-08-06,2126.0
583,2002-08-07,1922.0
584,2002-08-08,1759.0
585,2002-08-09,2005.0
586,2002-08-10,
587,2002-08-11,
588,2002-08-12,2221.0
589,2002-08-13,2284.0
590,2002-08-14,2159.0
591,2002-08-15,2177.0
592,2002-08-16,2091.0
593,2002-08-17,
594,2002-08-18,
595,2002-08-19,1994.0
596,2002-08-20,2017.0
597,2002-08-21,1877.0
598,2002-08-22,1903.0
599,2002-08-23,1845.0
600,2002-08-24,
601,2002-08-25,
602,2002-08-26,1767.0
603,2002-08-27,1717.0
604,2002-08-28,1717.0
605,2002-08-29,1661.0
606,2002-08-30,1633.0
607,2002-08-31,
608,2002-09-01,
609,2002-09-02,1618.0
610,2002-09-03,1729.0
611,2002-09-04,1698.0
612,2002-09-05,1708.0
613,2002-09-06,1734.0
614,2002-09-07,
615,2002-09-08,
616,2002-09-09,1672.0
617,2002-09-10,1690.0
618,2002-09-11,1706.0
619,2002-09-12,1704.0
620,2002-09-13,1719.0
621,2002-09-14,
622,2002-09-15,
623,2002-09-16,1719.0
624,2002-09-17,1862.0
625,2002-09-18,1942.0
626,2002-09-19,2050.0
627,2002-09-20,1982.0
628,2002-09-21,
629,2002-09-22,
630,2002-09-23,2207.0
631,2002-09-24,2213.0
632,2002-09-25,2179.0
633,2002-09-26,2227.0
634,2002-09-27,2443.0
635,2002-09-28,
636,2002-09-29,
637,2002-09-30,2397.0
638,2002-10-01,2213.0
639,2002-10-02,2153.0
640,2002-10-03,2037.0
641,2002-10-04,1960.0
642,2002-10-05,
643,2002-10-06,
644,2002-10-07,2040.0
645,2002-10-08,2099.0
646,2002-10-09,2271.0
647,2002-10-10,2271.0
648,2002-10-11,2220.0
649,2002-10-12,
650,2002-10-13,
651,2002-10-14,2264.0
652,2002-10-15,2280.0
653,2002-10-16,2272.0
654,2002-10-17,2064.0
655,2002-10-18,1952.0
656,2002-10-19,
657,2002-10-20,
658,2002-10-21,1988.0
659,2002-10-22,1928.0
660,2002-10-23,1883.0
661,2002-10-24,1829.0
662,2002-10-25,1785.0
663,2002-10-26,
664,2002-10-27,
665,2002-10-28,1850.0
666,2002-10-29,1901.0
667,2002-10-30,1786.0
668,2002-10-31,1741.0
669,2002-11-01,1696.0
670,2002-11-02,
671,2002-11-03,
672,2002-11-04,1722.0
673,2002-11-05,1750.0
674,2002-11-06,1785.0
675,2002-11-07,1780.0
676,2002-11-08,1732.0
677,2002-11-09,
678,2002-11-10,
679,2002-11-11,1732.0
680,2002-11-12,1817.0
681,2002-11-13,1836.0
682,2002-11-14,1756.0
683,2002-11-15,1756.0
684,2002-11-16,
685,2002-11-17,
686,2002-11-18,1658.0
687,2002-11-19,1626.0
688,2002-11-20,1595.0
689,2002-11-21,1563.0
690,2002-11-22,1558.0
691,2002-11-23,
692,2002-11-24,
693,2002-11-25,1594.0
694,2002-11-26,1661.0
695,2002-11-27,1624.0
696,2002-11-28,1624.0
697,2002-11-29,1586.0
698,2002-11-30,
699,2002-12-01,
700,2002-12-02,1527.0
701,2002-12-03,1547.0
702,2002-12-04,1595.0
703,2002-12-05,1710.0
704,2002-12-06,1678.0
705,2002-12-07,
706,2002-12-08,
707,2002-12-09,1649.0
708,2002-12-10,1649.0
709,2002-12-11,1627.0
710,2002-12-12,1570.0
711,2002-12-13,1557.0
712,2002-12-14,
713,2002-12-15,
714,2002-12-16,1486.0
715,2002-12-17,1507.0
716,2002-12-18,1461.0
717,2002-12-19,1418.0
718,2002-12-20,1397.0
719,2002-12-21,
720,2002-12-22,
721,2002-12-23,1385.0
722,2002-12-24,1385.0
723,2002-12-25,
724,2002-12-26,1417.0
725,2002-12-27,1426.0
726,2002-12-28,
727,2002-12-29,
728,2002-12-30,1445.0
729,2002-12-31,1445.0
730,2003-01-01,
731,2003-01-02,1374.0
732,2003-01-03,1374.0
733,2003-01-04,
734,2003-01-05,
735,2003-01-06,1268.0
736,2003-01-07,1246.0
737,2003-01-08,1267.0
738,2003-01-09,1258.0
739,2003-01-10,1229.0
740,2003-01-11,
741,2003-01-12,
742,2003-01-13,1223.0
743,2003-01-14,1222.0
744,2003-01-15,1274.0
745,2003-01-16,1263.0
746,2003-01-17,1287.0
747,2003-01-18,
748,2003-01-19,
749,2003-01-20,1287.0
750,2003-01-21,1360.0
751,2003-01-22,1398.0
752,2003-01-23,1369.0
753,2003-01-24,1427.0
754,2003-01-25,
755,2003-01-26,
756,2003-01-27,1413.0
757,2003-01-28,1399.0
758,2003-01-29,1353.0
759,2003-01-30,1362.0
760,2003-01-31,1323.0
761,2003-02-01,
762,2003-02-02,
763,2003-02-03,1299.0
764,2003-02-04,1334.0
765,2003-02-05,1314.0
766,2003-02-06,1326.0
767,2003-02-07,1311.0
768,2003-02-08,
769,2003-02-09,
770,2003-02-10,1316.0
771,2003-02-11,1302.0
772,2003-02-12,1322.0
773,2003-02-13,1351.0
774,2003-02-14,1339.0
775,2003-02-15,
776,2003-02-16,
777,2003-02-17,1339.0
778,2003-02-18,1308.0
779,2003-02-19,1312.0
780,2003-02-20,1305.0
781,2003-02-21,1286.0
782,2003-02-22,
783,2003-02-23,
784,2003-02-24,1238.0
785,2003-02-25,1238.0
786,2003-02-26,1213.0
787,2003-02-27,1205.0
788,2003-02-28,1205.0
789,2003-03-01,
790,2003-03-02,
791,2003-03-03,1205.0
792,2003-03-04,1205.0
793,2003-03-05,1164.0
794,2003-03-06,1111.0
795,2003-03-07,1116.0
796,2003-03-08,
797,2003-03-09,
798,2003-03-10,1146.0
799,2003-03-11,1134.0
800,2003-03-12,1117.0
801,2003-03-13,1081.0
802,2003-03-14,1083.0
803,2003-03-15,
804,2003-03-16,
805,2003-03-17,1059.0
806,2003-03-18,1040.0
807,2003-03-19,1075.0
808,2003-03-20,1077.0
809,2003-03-21,1032.0
810,2003-03-22,
811,2003-03-23,
812,2003-03-24,1066.0
813,2003-03-25,1045.0
814,2003-03-26,1021.0
815,2003-03-27,1045.0
816,2003-03-28,1030.0
817,2003-03-29,
818,2003-03-30,
819,2003-03-31,1045.0
820,2003-04-01,993.0
821,2003-04-02,965.0
822,2003-04-03,935.0
823,2003-04-04,939.0
824,2003-04-05,
825,2003-04-06,
826,2003-04-07,903.0
827,2003-04-08,939.0
828,2003-04-09,966.0
829,2003-04-10,961.0
830,2003-04-11,918.0
831,2003-04-12,
832,2003-04-13,
833,2003-04-14,877.0
834,2003-04-15,883.0
835,2003-04-16,900.0
836,2003-04-17,868.0
837,2003-04-18,
838,2003-04-19,
839,2003-04-20,
840,2003-04-21,868.0
841,2003-04-22,860.0
842,2003-04-23,848.0
843,2003-04-24,878.0
844,2003-04-25,870.0
845,2003-04-26,
846,2003-04-27,
847,2003-04-28,850.0
848,2003-04-29,839.0
849,2003-04-30,821.0
850,2003-05-01,821.0
851,2003-05-02,777.0
852,2003-05-03,
853,2003-05-04,
854,2003-05-05,784.0
855,2003-05-06,796.0
856,2003-05-07,763.0
857,2003-05-08,753.0
858,2003-05-09,732.0
859,2003-05-10,
860,2003-05-11,
861,2003-05-12,720.0
862,2003-05-13,711.0
863,2003-05-14,753.0
864,2003-05-15,813.0
865,2003-05-16,802.0
866,2003-05-17,
867,2003-05-18,
868,2003-05-19,829.0
869,2003-05-20,852.0
870,2003-05-21,814.0
871,2003-05-22,796.0
872,2003-05-23,783.0
873,2003-05-24,
874,2003-05-25,
875,2003-05-26,783.0
876,2003-05-27,791.0
877,2003-05-28,792.0
878,2003-05-29,786.0
879,2003-05-30,794.0
880,2003-05-31,
881,2003-06-01,
882,2003-06-02,802.0
883,2003-06-03,802.0
884,2003-06-04,774.0
885,2003-06-05,743.0
886,2003-06-06,730.0
887,2003-06-07,
888,2003-06-08,
889,2003-06-09,738.0
890,2003-06-10,744.0
891,2003-06-11,750.0
892,2003-06-12,739.0
893,2003-06-13,726.0
894,2003-06-14,
895,2003-06-15,
896,2003-06-16,696.0
897,2003-06-17,685.0
898,2003-06-18,722.0
899,2003-06-19,741.0
900,2003-06-20,771.0
901,2003-06-21,
902,2003-06-22,
903,2003-06-23,770.0
904,2003-06-24,755.0
905,2003-06-25,752.0
906,2003-06-26,795.0
907,2003-06-27,819.0
908,2003-06-28,
909,2003-06-29,
910,2003-06-30,801.0
911,2003-07-01,780.0
912,2003-07-02,780.0
913,2003-07-03,797.0
914,2003-07-04,799.0
915,2003-07-05,
916,2003-07-06,
917,2003-07-07,841.0
918,2003-07-08,823.0
919,2003-07-09,806.0
920,2003-07-10,814.0
921,2003-07-11,832.0
922,2003-07-12,
923,2003-07-13,
924,2003-07-14,802.0
925,2003-07-15,809.0
926,2003-07-16,800.0
927,2003-07-17,769.0
928,2003-07-18,746.0
929,2003-07-19,
930,2003-07-20,
931,2003-07-21,729.0
932,2003-07-22,710.0
933,2003-07-23,729.0
934,2003-07-24,738.0
935,2003-07-25,743.0
936,2003-07-26,
937,2003-07-27,
938,2003-07-28,748.0
939,2003-07-29,776.0
940,2003-07-30,800.0
941,2003-07-31,801.0
942,2003-08-01,853.0
943,2003-08-02,
944,2003-08-03,
945,2003-08-04,895.0
946,2003-08-05,856.0
947,2003-08-06,898.0
948,2003-08-07,844.0
949,2003-08-08,810.0
950,2003-08-09,
951,2003-08-10,
952,2003-08-11,807.0
953,2003-08-12,804.0
954,2003-08-13,807.0
955,2003-08-14,790.0
956,2003-08-15,790.0
957,2003-08-16,
958,2003-08-17,
959,2003-08-18,770.0
960,2003-08-19,750.0
961,2003-08-20,741.0
962,2003-08-21,736.0
963,2003-08-22,720.0
964,2003-08-23,
965,2003-08-24,
966,2003-08-25,722.0
967,2003-08-26,705.0
968,2003-08-27,687.0
969,2003-08-28,698.0
970,2003-08-29,703.0
971,2003-08-30,
972,2003-08-31,
973,2003-09-01,703.0
974,2003-09-02,685.0
975,2003-09-03,682.0
976,2003-09-04,665.0
977,2003-09-05,662.0
978,2003-09-06,
979,2003-09-07,
980,2003-09-08,671.0
981,2003-09-09,681.0
982,2003-09-10,668.0
983,2003-09-11,662.0
984,2003-09-12,675.0
985,2003-09-13,
986,2003-09-14,
987,2003-09-15,661.0
988,2003-09-16,665.0
989,2003-09-17,660.0
990,2003-09-18,648.0
991,2003-09-19,643.0
992,2003-09-20,
993,2003-09-21,
994,2003-09-22,653.0
995,2003-09-23,675.0
996,2003-09-24,662.0
997,2003-09-25,681.0
998,2003-09-26,699.0
999,2003-09-27,
1000,2003-09-28,
1001,2003-09-29,692.0
1002,2003-09-30,698.0
1003,2003-10-01,704.0
1004,2003-10-02,689.0
1005,2003-10-03,667.0
1006,2003-10-04,
1007,2003-10-05,
1008,2003-10-06,656.0
1009,2003-10-07,636.0
1010,2003-10-08,616.0
1011,2003-10-09,609.0
1012,2003-10-10,607.0
1013,2003-10-11,
1014,2003-10-12,
1015,2003-10-13,602.0
1016,2003-10-14,582.0
1017,2003-10-15,579.0
1018,2003-10-16,591.0
1019,2003-10-17,608.0
1020,2003-10-18,
1021,2003-10-19,
1022,2003-10-20,607.0
1023,2003-10-21,606.0
1024,2003-10-22,625.0
1025,2003-10-23,638.0
1026,2003-10-24,649.0
1027,2003-10-25,
1028,2003-10-26,
1029,2003-10-27,653.0
1030,2003-10-28,646.0
1031,2003-10-29,631.0
1032,2003-10-30,616.0
1033,2003-10-31,603.0
1034,2003-11-01,
1035,2003-11-02,
1036,2003-11-03,589.0
1037,2003-11-04,581.0
1038,2003-11-05,589.0
1039,2003-11-06,580.0
1040,2003-11-07,572.0
1041,2003-11-08,
1042,2003-11-09,
1043,2003-11-10,573.0
1044,2003-11-11,573.0
1045,2003-11-12,568.0
1046,2003-11-13,582.0
1047,2003-11-14,581.0
1048,2003-11-15,
1049,2003-11-16,
1050,2003-11-17,584.0
1051,2003-11-18,575.0
1052,2003-11-19,577.0
1053,2003-11-20,563.0
1054,2003-11-21,559.0
1055,2003-11-22,
1056,2003-11-23,
1057,2003-11-24,545.0
1058,2003-11-25,545.0
1059,2003-11-26,542.0
1060,2003-11-27,542.0
1061,2003-11-28,533.0
1062,2003-11-29,
1063,2003-11-30,
1064,2003-12-01,501.0
1065,2003-12-02,508.0
1066,2003-12-03,502.0
1067,2003-12-04,494.0
1068,2003-12-05,501.0
1069,2003-12-06,
1070,2003-12-07,
1071,2003-12-08,484.0
1072,2003-12-09,479.0
1073,2003-12-10,500.0
1074,2003-12-11,514.0
1075,2003-12-12,507.0
1076,2003-12-13,
1077,2003-12-14,
1078,2003-12-15,494.0
1079,2003-12-16,489.0
1080,2003-12-17,488.0
1081,2003-12-18,480.0
1082,2003-12-19,481.0
1083,2003-12-20,
1084,2003-12-21,
1085,2003-12-22,478.0
1086,2003-12-23,482.0
1087,2003-12-24,480.0
1088,2003-12-25,
1089,2003-12-26,486.0
1090,2003-12-27,
1091,2003-12-28,
1092,2003-12-29,480.0
1093,2003-12-30,471.0
1094,2003-12-31,463.0
1095,2004-01-01,
1096,2004-01-02,450.0
1097,2004-01-03,
1098,2004-01-04,
1099,2004-01-05,428.0
1100,2004-01-06,432.0
1101,2004-01-07,423.0
1102,2004-01-08,412.0
1103,2004-01-09,410.0
1104,2004-01-10,
1105,2004-01-11,
1106,2004-01-12,410.0
1107,2004-01-13,427.0
1108,2004-01-14,440.0
1109,2004-01-15,429.0
1110,2004-01-16,439.0
1111,2004-01-17,
1112,2004-01-18,
1113,2004-01-19,439.0
1114,2004-01-20,441.0
1115,2004-01-21,429.0
1116,2004-01-22,435.0
1117,2004-01-23,430.0
1118,2004-01-24,
1119,2004-01-25,
1120,2004-01-26,427.0
1121,2004-01-27,428.0
1122,2004-01-28,443.0
1123,2004-01-29,483.0
1124,2004-01-30,493.0
1125,2004-01-31,
1126,2004-02-01,
1127,2004-02-02,525.0
1128,2004-02-03,512.0
1129,2004-02-04,523.0
1130,2004-02-05,548.0
1131,2004-02-06,546.0
1132,2004-02-07,
1133,2004-02-08,
1134,2004-02-09,522.0
1135,2004-02-10,527.0
1136,2004-02-11,508.0
1137,2004-02-12,506.0
1138,2004-02-13,522.0
1139,2004-02-14,
1140,2004-02-15,
1141,2004-02-16,522.0
1142,2004-02-17,539.0
1143,2004-02-18,557.0
1144,2004-02-19,587.0
1145,2004-02-20,586.0
1146,2004-02-21,
1147,2004-02-22,
1148,2004-02-23,575.0
1149,2004-02-24,570.0
1150,2004-02-25,587.0
1151,2004-02-26,571.0
1152,2004-02-27,579.0
1153,2004-02-28,
1154,2004-02-29,
1155,2004-03-01,552.0
1156,2004-03-02,563.0
1157,2004-03-03,547.0
1158,2004-03-04,549.0
1159,2004-03-05,540.0
1160,2004-03-06,
1161,2004-03-07,
1162,2004-03-08,522.0
1163,2004-03-09,533.0
1164,2004-03-10,550.0
1165,2004-03-11,565.0
1166,2004-03-12,567.0
1167,2004-03-13,
1168,2004-03-14,
1169,2004-03-15,562.0
1170,2004-03-16,567.0
1171,2004-03-17,561.0
1172,2004-03-18,550.0
1173,2004-03-19,529.0
1174,2004-03-20,
1175,2004-03-21,
1176,2004-03-22,554.0
1177,2004-03-23,556.0
1178,2004-03-24,579.0
1179,2004-03-25,573.0
1180,2004-03-26,568.0
1181,2004-03-27,
1182,2004-03-28,
1183,2004-03-29,577.0
1184,2004-03-30,556.0
1185,2004-03-31,559.0
1186,2004-04-01,543.0
1187,2004-04-02,564.0
1188,2004-04-03,
1189,2004-04-04,
1190,2004-04-05,563.0
1191,2004-04-06,536.0
1192,2004-04-07,549.0
1193,2004-04-08,549.0
1194,2004-04-09,
1195,2004-04-10,
1196,2004-04-11,
1197,2004-04-12,543.0
1198,2004-04-13,541.0
1199,2004-04-14,557.0
1200,2004-04-15,618.0
1201,2004-04-16,596.0
1202,2004-04-17,
1203,2004-04-18,
1204,2004-04-19,604.0
1205,2004-04-20,612.0
1206,2004-04-21,638.0
1207,2004-04-22,616.0
1208,2004-04-23,606.0
1209,2004-04-24,
1210,2004-04-25,
1211,2004-04-26,602.0
1212,2004-04-27,630.0
1213,2004-04-28,672.0
1214,2004-04-29,679.0
1215,2004-04-30,663.0
1216,2004-05-01,
1217,2004-05-02,
1218,2004-05-03,701.0
1219,2004-05-04,675.0
1220,2004-05-05,669.0
1221,2004-05-06,722.0
1222,2004-05-07,761.0
1223,2004-05-08,
1224,2004-05-09,
1225,2004-05-10,808.0
1226,2004-05-11,758.0
1227,2004-05-12,777.0
1228,2004-05-13,763.0
1229,2004-05-14,710.0
1230,2004-05-15,
1231,2004-05-16,
1232,2004-05-17,728.0
1233,2004-05-18,712.0
1234,2004-05-19,697.0
1235,2004-05-20,758.0
1236,2004-05-21,749.0
1237,2004-05-22,
1238,2004-05-23,
1239,2004-05-24,729.0
1240,2004-05-25,699.0
1241,2004-05-26,720.0
1242,2004-05-27,712.0
1243,2004-05-28,696.0
1244,2004-05-29,
1245,2004-05-30,
1246,2004-05-31,698.0
1247,2004-06-01,712.0
1248,2004-06-02,691.0
1249,2004-06-03,705.0
1250,2004-06-04,672.0
1251,2004-06-05,
1252,2004-06-06,
1253,2004-06-07,642.0
1254,2004-06-08,654.0
1255,2004-06-09,668.0
1256,2004-06-10,683.0
1257,2004-06-11,683.0
1258,2004-06-12,
1259,2004-06-13,
1260,2004-06-14,705.0
1261,2004-06-15,680.0
1262,2004-06-16,674.0
1263,2004-06-17,651.0
1264,2004-06-18,663.0
1265,2004-06-19,
1266,2004-06-20,
1267,2004-06-21,651.0
1268,2004-06-22,655.0
1269,2004-06-23,646.0
1270,2004-06-24,642.0
1271,2004-06-25,660.0
1272,2004-06-26,
1273,2004-06-27,
1274,2004-06-28,666.0
1275,2004-06-29,655.0
1276,2004-06-30,650.0
1277,2004-07-01,646.0
1278,2004-07-02,623.0
1279,2004-07-03,
1280,2004-07-04,
1281,2004-07-05,623.0
1282,2004-07-06,622.0
1283,2004-07-07,632.0
1284,2004-07-08,648.0
1285,2004-07-09,633.0
1286,2004-07-10,
1287,2004-07-11,
1288,2004-07-12,625.0
1289,2004-07-13,621.0
1290,2004-07-14,615.0
1291,2004-07-15,607.0
1292,2004-07-16,583.0
1293,2004-07-17,
1294,2004-07-18,
1295,2004-07-19,587.0
1296,2004-07-20,589.0
1297,2004-07-21,607.0
1298,2004-07-22,606.0
1299,2004-07-23,613.0
1300,2004-07-24,
1301,2004-07-25,
1302,2004-07-26,627.0
1303,2004-07-27,628.0
1304,2004-07-28,611.0
1305,2004-07-29,592.0
1306,2004-07-30,593.0
1307,2004-07-31,
1308,2004-08-01,
1309,2004-08-02,596.0
1310,2004-08-03,598.0
1311,2004-08-04,598.0
1312,2004-08-05,606.0
1313,2004-08-06,595.0
1314,2004-08-07,
1315,2004-08-08,
1316,2004-08-09,590.0
1317,2004-08-10,582.0
1318,2004-08-11,585.0
1319,2004-08-12,579.0
1320,2004-08-13,563.0
1321,2004-08-14,
1322,2004-08-15,
1323,2004-08-16,561.0
1324,2004-08-17,554.0
1325,2004-08-18,550.0
1326,2004-08-19,549.0
1327,2004-08-20,527.0
1328,2004-08-21,
1329,2004-08-22,
1330,2004-08-23,523.0
1331,2004-08-24,516.0
1332,2004-08-25,522.0
1333,2004-08-26,534.0
1334,2004-08-27,525.0
1335,2004-08-28,
1336,2004-08-29,
1337,2004-08-30,509.0
1338,2004-08-31,521.0
1339,2004-09-01,521.0
1340,2004-09-02,522.0
1341,2004-09-03,511.0
1342,2004-09-04,
1343,2004-09-05,
1344,2004-09-06,511.0
1345,2004-09-07,496.0
1346,2004-09-08,496.0
1347,2004-09-09,499.0
1348,2004-09-10,501.0
1349,2004-09-11,
1350,2004-09-12,
1351,2004-09-13,508.0
1352,2004-09-14,502.0
1353,2004-09-15,494.0
1354,2004-09-16,484.0
1355,2004-09-17,466.0
1356,2004-09-18,
1357,2004-09-19,
1358,2004-09-20,458.0
1359,2004-09-21,463.0
1360,2004-09-22,461.0
1361,2004-09-23,472.0
1362,2004-09-24,477.0
1363,2004-09-25,
1364,2004-09-26,
1365,2004-09-27,486.0
1366,2004-09-28,483.0
1367,2004-09-29,475.0
1368,2004-09-30,469.0
1369,2004-10-01,464.0
1370,2004-10-02,
1371,2004-10-03,
1372,2004-10-04,445.0
1373,2004-10-05,445.0
1374,2004-10-06,451.0
1375,2004-10-07,440.0
1376,2004-10-08,443.0
1377,2004-10-09,
1378,2004-10-10,
1379,2004-10-11,445.0
1380,2004-10-12,437.0
1381,2004-10-13,452.0
1382,2004-10-14,481.0
1383,2004-10-15,464.0
1384,2004-10-16,
1385,2004-10-17,
1386,2004-10-18,465.0
1387,2004-10-19,484.0
1388,2004-10-20,489.0
1389,2004-10-21,486.0
1390,2004-10-22,490.0
1391,2004-10-23,
1392,2004-10-24,
1393,2004-10-25,510.0
1394,2004-10-26,504.0
1395,2004-10-27,481.0
1396,2004-10-28,483.0
1397,2004-10-29,473.0
1398,2004-10-30,
1399,2004-10-31,
1400,2004-11-01,462.0
1401,2004-11-02,453.0
1402,2004-11-03,457.0
1403,2004-11-04,448.0
1404,2004-11-05,455.0
1405,2004-11-06,
1406,2004-11-07,
1407,2004-11-08,459.0
1408,2004-11-09,462.0
1409,2004-11-10,456.0
1410,2004-11-11,456.0
1411,2004-11-12,441.0
1412,2004-11-13,
1413,2004-11-14,
1414,2004-11-15,436.0
1415,2004-11-16,438.0
1416,2004-11-17,430.0
1417,2004-11-18,431.0
1418,2004-11-19,433.0
1419,2004-11-20,
1420,2004-11-21,
1421,2004-11-22,433.0
1422,2004-11-23,426.0
1423,2004-11-24,416.0
1424,2004-11-25,416.0
1425,2004-11-26,412.0
1426,2004-11-27,
1427,2004-11-28,
1428,2004-11-29,418.0
1429,2004-11-30,414.0
1430,2004-12-01,405.0
1431,2004-12-02,412.0
1432,2004-12-03,413.0
1433,2004-12-04,
1434,2004-12-05,
1435,2004-12-06,412.0
1436,2004-12-07,407.0
1437,2004-12-08,415.0
1438,2004-12-09,419.0
1439,2004-12-10,412.0
1440,2004-12-11,
1441,2004-12-12,
1442,2004-12-13,410.0
1443,2004-12-14,411.0
1444,2004-12-15,407.0
1445,2004-12-16,402.0
1446,2004-12-17,396.0
1447,2004-12-18,
1448,2004-12-19,
1449,2004-12-20,388.0
1450,2004-12-21,389.0
1451,2004-12-22,386.0
1452,2004-12-23,386.0
1453,2004-12-24,386.0
1454,2004-12-25,
1455,2004-12-26,
1456,2004-12-27,377.0
1457,2004-12-28,381.0
1458,2004-12-29,378.0
1459,2004-12-30,379.0
1460,2004-12-31,382.0
1461,2005-01-01,
1462,2005-01-02,
1463,2005-01-03,385.0
1464,2005-01-04,395.0
1465,2005-01-05,416.0
1466,2005-01-06,422.0
1467,2005-01-07,417.0
1468,2005-01-08,
1469,2005-01-09,
1470,2005-01-10,433.0
1471,2005-01-11,433.0
1472,2005-01-12,420.0
1473,2005-01-13,424.0
1474,2005-01-14,434.0
1475,2005-01-15,
1476,2005-01-16,
1477,2005-01-17,433.0
1478,2005-01-18,440.0
1479,2005-01-19,439.0
1480,2005-01-20,436.0
1481,2005-01-21,431.0
1482,2005-01-22,
1483,2005-01-23,
1484,2005-01-24,428.0
1485,2005-01-25,419.0
1486,2005-01-26,412.0
1487,2005-01-27,414.0
1488,2005-01-28,419.0
1489,2005-01-29,
1490,2005-01-30,
1491,2005-01-31,418.0
1492,2005-02-01,421.0
1493,2005-02-02,425.0
1494,2005-02-03,423.0
1495,2005-02-04,411.0
1496,2005-02-05,
1497,2005-02-06,
1498,2005-02-07,405.0
1499,2005-02-08,413.0
1500,2005-02-09,413.0
1501,2005-02-10,409.0
1502,2005-02-11,404.0
1503,2005-02-12,
1504,2005-02-13,
1505,2005-02-14,405.0
1506,2005-02-15,406.0
1507,2005-02-16,404.0
1508,2005-02-17,393.0
1509,2005-02-18,396.0
1510,2005-02-19,
1511,2005-02-20,
1512,2005-02-21,396.0
1513,2005-02-22,403.0
1514,2005-02-23,400.0
1515,2005-02-24,392.0
1516,2005-02-25,391.0
1517,2005-02-26,
1518,2005-02-27,
1519,2005-02-28,393.0
1520,2005-03-01,395.0
1521,2005-03-02,392.0
1522,2005-03-03,389.0
1523,2005-03-04,384.0
1524,2005-03-05,
1525,2005-03-06,
1526,2005-03-07,377.0
1527,2005-03-08,376.0
1528,2005-03-09,386.0
1529,2005-03-10,392.0
1530,2005-03-11,399.0
1531,2005-03-12,
1532,2005-03-13,
1533,2005-03-14,411.0
1534,2005-03-15,419.0
1535,2005-03-16,431.0
1536,2005-03-17,427.0
1537,2005-03-18,425.0
1538,2005-03-19,
1539,2005-03-20,
1540,2005-03-21,436.0
1541,2005-03-22,445.0
1542,2005-03-23,463.0
1543,2005-03-24,474.0
1544,2005-03-25,
1545,2005-03-26,
1546,2005-03-27,
1547,2005-03-28,478.0
1548,2005-03-29,472.0
1549,2005-03-30,462.0
1550,2005-03-31,458.0
1551,2005-04-01,459.0
1552,2005-04-02,
1553,2005-04-03,
1554,2005-04-04,474.0
1555,2005-04-05,463.0
1556,2005-04-06,448.0
1557,2005-04-07,450.0
1558,2005-04-08,446.0
1559,2005-04-09,
1560,2005-04-10,
1561,2005-04-11,446.0
1562,2005-04-12,441.0
1563,2005-04-13,432.0
1564,2005-04-14,456.0
1565,2005-04-15,486.0
1566,2005-04-16,
1567,2005-04-17,
1568,2005-04-18,479.0
1569,2005-04-19,462.0
1570,2005-04-20,464.0
1571,2005-04-21,441.0
1572,2005-04-22,450.0
1573,2005-04-23,
1574,2005-04-24,
1575,2005-04-25,448.0
1576,2005-04-26,446.0
1577,2005-04-27,447.0
1578,2005-04-28,462.0
1579,2005-04-29,457.0
1580,2005-04-30,
1581,2005-05-01,
1582,2005-05-02,456.0
1583,2005-05-03,444.0
1584,2005-05-04,427.0
1585,2005-05-05,430.0
1586,2005-05-06,425.0
1587,2005-05-07,
1588,2005-05-08,
1589,2005-05-09,423.0
1590,2005-05-10,441.0
1591,2005-05-11,444.0
1592,2005-05-12,445.0
1593,2005-05-13,449.0
1594,2005-05-14,
1595,2005-05-15,
1596,2005-05-16,449.0
1597,2005-05-17,458.0
1598,2005-05-18,447.0
1599,2005-05-19,440.0
1600,2005-05-20,437.0
1601,2005-05-21,
1602,2005-05-22,
1603,2005-05-23,435.0
1604,2005-05-24,441.0
1605,2005-05-25,429.0
1606,2005-05-26,421.0
1607,2005-05-27,417.0
1608,2005-05-28,
1609,2005-05-29,
1610,2005-05-30,417.0
1611,2005-05-31,420.0
1612,2005-06-01,427.0
1613,2005-06-02,418.0
1614,2005-06-03,416.0
1615,2005-06-04,
1616,2005-06-05,
1617,2005-06-06,431.0
1618,2005-06-07,444.0
1619,2005-06-08,443.0
1620,2005-06-09,448.0
1621,2005-06-10,429.0
1622,2005-06-11,
1623,2005-06-12,
1624,2005-06-13,423.0
1625,2005-06-14,418.0
1626,2005-06-15,419.0
1627,2005-06-16,413.0
1628,2005-06-17,409.0
1629,2005-06-18,
1630,2005-06-19,
1631,2005-06-20,409.0
1632,2005-06-21,411.0
1633,2005-06-22,415.0
1634,2005-06-23,424.0
1635,2005-06-24,424.0
1636,2005-06-25,
1637,2005-06-26,
1638,2005-06-27,428.0
1639,2005-06-28,420.0
1640,2005-06-29,415.0
1641,2005-06-30,414.0
1642,2005-07-01,407.0
1643,2005-07-02,
1644,2005-07-03,
1645,2005-07-04,407.0
1646,2005-07-05,410.0
1647,2005-07-06,416.0
1648,2005-07-07,415.0
1649,2005-07-08,409.0
1650,2005-07-09,
1651,2005-07-10,
1652,2005-07-11,412.0
1653,2005-07-12,401.0
1654,2005-07-13,401.0
1655,2005-07-14,398.0
1656,2005-07-15,402.0
1657,2005-07-16,
1658,2005-07-17,
1659,2005-07-18,402.0
1660,2005-07-19,408.0
1661,2005-07-20,407.0
1662,2005-07-21,404.0
1663,2005-07-22,416.0
1664,2005-07-23,
1665,2005-07-24,
1666,2005-07-25,420.0
1667,2005-07-26,422.0
1668,2005-07-27,416.0
1669,2005-07-28,410.0
1670,2005-07-29,402.0
1671,2005-07-30,
1672,2005-07-31,
1673,2005-08-01,400.0
1674,2005-08-02,392.0
1675,2005-08-03,389.0
1676,2005-08-04,387.0
1677,2005-08-05,380.0
1678,2005-08-06,
1679,2005-08-07,
1680,2005-08-08,387.0
1681,2005-08-09,382.0
1682,2005-08-10,377.0
1683,2005-08-11,392.0
1684,2005-08-12,405.0
1685,2005-08-13,
1686,2005-08-14,
1687,2005-08-15,396.0
1688,2005-08-16,402.0
1689,2005-08-17,400.0
1690,2005-08-18,406.0
1691,2005-08-19,419.0
1692,2005-08-20,
1693,2005-08-21,
1694,2005-08-22,410.0
1695,2005-08-23,416.0
1696,2005-08-24,420.0
1697,2005-08-25,414.0
1698,2005-08-26,416.0
1699,2005-08-27,
1700,2005-08-28,
1701,2005-08-29,412.0
1702,2005-08-30,416.0
1703,2005-08-31,413.0
1704,2005-09-01,412.0
1705,2005-09-02,407.0
1706,2005-09-03,
1707,2005-09-04,
1708,2005-09-05,407.0
1709,2005-09-06,400.0
1710,2005-09-07,389.0
1711,2005-09-08,390.0
1712,2005-09-09,386.0
1713,2005-09-10,
1714,2005-09-11,
1715,2005-09-12,384.0
1716,2005-09-13,389.0
1717,2005-09-14,384.0
1718,2005-09-15,372.0
1719,2005-09-16,368.0
1720,2005-09-17,
1721,2005-09-18,
1722,2005-09-19,364.0
1723,2005-09-20,367.0
1724,2005-09-21,364.0
1725,2005-09-22,364.0
1726,2005-09-23,359.0
1727,2005-09-24,
1728,2005-09-25,
1729,2005-09-26,353.0
1730,2005-09-27,356.0
1731,2005-09-28,356.0
1732,2005-09-29,348.0
1733,2005-09-30,345.0
1734,2005-10-01,
1735,2005-10-02,
1736,2005-10-03,341.0
1737,2005-10-04,353.0
1738,2005-10-05,365.0
1739,2005-10-06,384.0
1740,2005-10-07,374.0
1741,2005-10-08,
1742,2005-10-09,
1743,2005-10-10,374.0
1744,2005-10-11,373.0
1745,2005-10-12,390.0
1746,2005-10-13,391.0
1747,2005-10-14,388.0
1748,2005-10-15,
1749,2005-10-16,
1750,2005-10-17,376.0
1751,2005-10-18,373.0
1752,2005-10-19,372.0
1753,2005-10-20,377.0
1754,2005-10-21,383.0
1755,2005-10-22,
1756,2005-10-23,
1757,2005-10-24,376.0
1758,2005-10-25,366.0
1759,2005-10-26,362.0
1760,2005-10-27,371.0
1761,2005-10-28,362.0
1762,2005-10-29,
1763,2005-10-30,
1764,2005-10-31,357.0
1765,2005-11-01,354.0
1766,2005-11-02,352.0
1767,2005-11-03,355.0
1768,2005-11-04,356.0
1769,2005-11-05,
1770,2005-11-06,
1771,2005-11-07,353.0
1772,2005-11-08,354.0
1773,2005-11-09,346.0
1774,2005-11-10,349.0
1775,2005-11-11,349.0
1776,2005-11-12,
1777,2005-11-13,
1778,2005-11-14,355.0
1779,2005-11-15,353.0
1780,2005-11-16,354.0
1781,2005-11-17,349.0
1782,2005-11-18,349.0
1783,2005-11-19,
1784,2005-11-20,
1785,2005-11-21,347.0
1786,2005-11-22,349.0
1787,2005-11-23,341.0
1788,2005-11-24,341.0
1789,2005-11-25,341.0
1790,2005-11-26,
1791,2005-11-27,
1792,2005-11-28,346.0
1793,2005-11-29,344.0
1794,2005-11-30,340.0
1795,2005-12-01,330.0
1796,2005-12-02,326.0
1797,2005-12-03,
1798,2005-12-04,
1799,2005-12-05,323.0
1800,2005-12-06,316.0
1801,2005-12-07,317.0
1802,2005-12-08,324.0
1803,2005-12-09,317.0
1804,2005-12-10,
1805,2005-12-11,
1806,2005-12-12,316.0
1807,2005-12-13,311.0
1808,2005-12-14,311.0
1809,2005-12-15,313.0
1810,2005-12-16,317.0
1811,2005-12-17,
1812,2005-12-18,
1813,2005-12-19,317.0
1814,2005-12-20,314.0
1815,2005-12-21,306.0
1816,2005-12-22,303.0
1817,2005-12-23,306.0
1818,2005-12-24,
1819,2005-12-25,
1820,2005-12-26,306.0
1821,2005-12-27,304.0
1822,2005-12-28,307.0
1823,2005-12-29,306.0
1824,2005-12-30,311.0
1825,2005-12-31,311.0
1826,2006-01-01,
1827,2006-01-02,311.0
1828,2006-01-03,302.0
1829,2006-01-04,294.0
1830,2006-01-05,296.0
1831,2006-01-06,285.0
1832,2006-01-07,
1833,2006-01-08,
1834,2006-01-09,283.0
1835,2006-01-10,285.0
1836,2006-01-11,279.0
1837,2006-01-12,289.0
1838,2006-01-13,289.0
1839,2006-01-14,
1840,2006-01-15,
1841,2006-01-16,289.0
1842,2006-01-17,292.0
1843,2006-01-18,291.0
1844,2006-01-19,282.0
1845,2006-01-20,279.0
1846,2006-01-21,
1847,2006-01-22,
1848,2006-01-23,278.0
1849,2006-01-24,273.0
1850,2006-01-25,270.0
1851,2006-01-26,265.0
1852,2006-01-27,260.0
1853,2006-01-28,
1854,2006-01-29,
1855,2006-01-30,261.0
1856,2006-01-31,266.0
1857,2006-02-01,262.0
1858,2006-02-02,264.0
1859,2006-02-03,262.0
1860,2006-02-04,
1861,2006-02-05,
1862,2006-02-06,259.0
1863,2006-02-07,261.0
1864,2006-02-08,258.0
1865,2006-02-09,256.0
1866,2006-02-10,230.0
1867,2006-02-11,
1868,2006-02-12,
1869,2006-02-13,231.0
1870,2006-02-14,228.0
1871,2006-02-15,231.0
1872,2006-02-16,229.0
1873,2006-02-17,229.0
1874,2006-02-18,
1875,2006-02-19,
1876,2006-02-20,229.0
1877,2006-02-21,230.0
1878,2006-02-22,232.0
1879,2006-02-23,224.0
1880,2006-02-24,222.0
1881,2006-02-25,
1882,2006-02-26,
1883,2006-02-27,215.0
1884,2006-02-28,221.0
1885,2006-03-01,216.0
1886,2006-03-02,217.0
1887,2006-03-03,218.0
1888,2006-03-04,
1889,2006-03-05,
1890,2006-03-06,223.0
1891,2006-03-07,235.0
1892,2006-03-08,237.0
1893,2006-03-09,236.0
1894,2006-03-10,230.0
1895,2006-03-11,
1896,2006-03-12,
1897,2006-03-13,229.0
1898,2006-03-14,232.0
1899,2006-03-15,225.0
1900,2006-03-16,224.0
1901,2006-03-17,225.0
1902,2006-03-18,
1903,2006-03-19,
1904,2006-03-20,228.0
1905,2006-03-21,231.0
1906,2006-03-22,229.0
1907,2006-03-23,230.0
1908,2006-03-24,234.0
1909,2006-03-25,
1910,2006-03-26,
1911,2006-03-27,236.0
1912,2006-03-28,237.0
1913,2006-03-29,235.0
1914,2006-03-30,234.0
1915,2006-03-31,235.0
1916,2006-04-01,
1917,2006-04-02,
1918,2006-04-03,236.0
1919,2006-04-04,235.0
1920,2006-04-05,239.0
1921,2006-04-06,239.0
1922,2006-04-07,244.0
1923,2006-04-08,
1924,2006-04-09,
1925,2006-04-10,245.0
1926,2006-04-11,247.0
1927,2006-04-12,241.0
1928,2006-04-13,238.0
1929,2006-04-14,
1930,2006-04-15,
1931,2006-04-16,
1932,2006-04-17,241.0
1933,2006-04-18,234.0
1934,2006-04-19,226.0
1935,2006-04-20,228.0
1936,2006-04-21,228.0
1937,2006-04-22,
1938,2006-04-23,
1939,2006-04-24,231.0
1940,2006-04-25,228.0
1941,2006-04-26,226.0
1942,2006-04-27,222.0
1943,2006-04-28,218.0
1944,2006-04-29,
1945,2006-04-30,
1946,2006-05-01,214.0
1947,2006-05-02,214.0
1948,2006-05-03,215.0
1949,2006-05-04,215.0
1950,2006-05-05,216.0
1951,2006-05-06,
1952,2006-05-07,
1953,2006-05-08,217.0
1954,2006-05-09,219.0
1955,2006-05-10,218.0
1956,2006-05-11,222.0
1957,2006-05-12,234.0
1958,2006-05-13,
1959,2006-05-14,
1960,2006-05-15,251.0
1961,2006-05-16,242.0
1962,2006-05-17,255.0
1963,2006-05-18,260.0
1964,2006-05-19,265.0
1965,2006-05-20,
1966,2006-05-21,
1967,2006-05-22,279.0
1968,2006-05-23,276.0
1969,2006-05-24,289.0
1970,2006-05-25,270.0
1971,2006-05-26,269.0
1972,2006-05-27,
1973,2006-05-28,
1974,2006-05-29,269.0
1975,2006-05-30,278.0
1976,2006-05-31,273.0
1977,2006-06-01,266.0
1978,2006-06-02,275.0
1979,2006-06-03,
1980,2006-06-04,
1981,2006-06-05,264.0
1982,2006-06-06,269.0
1983,2006-06-07,262.0
1984,2006-06-08,270.0
1985,2006-06-09,263.0
1986,2006-06-10,
1987,2006-06-11,
1988,2006-06-12,267.0
1989,2006-06-13,276.0
1990,2006-06-14,265.0
1991,2006-06-15,253.0
1992,2006-06-16,255.0
1993,2006-06-17,
1994,2006-06-18,
1995,2006-06-19,257.0
1996,2006-06-20,254.0
1997,2006-06-21,257.0
1998,2006-06-22,258.0
1999,2006-06-23,258.0
2000,2006-06-24,
2001,2006-06-25,
2002,2006-06-26,261.0
2003,2006-06-27,269.0
2004,2006-06-28,260.0
2005,2006-06-29,254.0
2006,2006-06-30,254.0
2007,2006-07-01,
2008,2006-07-02,
2009,2006-07-03,247.0
2010,2006-07-04,247.0
2011,2006-07-05,248.0
2012,2006-07-06,243.0
2013,2006-07-07,245.0
2014,2006-07-08,
2015,2006-07-09,
2016,2006-07-10,243.0
2017,2006-07-11,245.0
2018,2006-07-12,248.0
2019,2006-07-13,254.0
2020,2006-07-14,255.0
2021,2006-07-15,
2022,2006-07-16,
2023,2006-07-17,251.0
2024,2006-07-18,242.0
2025,2006-07-19,236.0
2026,2006-07-20,237.0
2027,2006-07-21,236.0
2028,2006-07-22,
2029,2006-07-23,
2030,2006-07-24,231.0
2031,2006-07-25,229.0
2032,2006-07-26,227.0
2033,2006-07-27,222.0
2034,2006-07-28,222.0
2035,2006-07-29,
2036,2006-07-30,
2037,2006-07-31,223.0
2038,2006-08-01,224.0
2039,2006-08-02,221.0
2040,2006-08-03,221.0
2041,2006-08-04,220.0
2042,2006-08-05,
2043,2006-08-06,
2044,2006-08-07,218.0
2045,2006-08-08,216.0
2046,2006-08-09,208.0
2047,2006-08-10,210.0
2048,2006-08-11,209.0
2049,2006-08-12,
2050,2006-08-13,
2051,2006-08-14,206.0
2052,2006-08-15,210.0
2053,2006-08-16,210.0
2054,2006-08-17,210.0
2055,2006-08-18,216.0
2056,2006-08-19,
2057,2006-08-20,
2058,2006-08-21,217.0
2059,2006-08-22,219.0
2060,2006-08-23,223.0
2061,2006-08-24,226.0
2062,2006-08-25,230.0
2063,2006-08-26,
2064,2006-08-27,
2065,2006-08-28,227.0
2066,2006-08-29,229.0
2067,2006-08-30,225.0
2068,2006-08-31,223.0
2069,2006-09-01,223.0
2070,2006-09-02,
2071,2006-09-03,
2072,2006-09-04,223.0
2073,2006-09-05,214.0
2074,2006-09-06,218.0
2075,2006-09-07,221.0
2076,2006-09-08,223.0
2077,2006-09-09,
2078,2006-09-10,
2079,2006-09-11,224.0
2080,2006-09-12,225.0
2081,2006-09-13,225.0
2082,2006-09-14,223.0
2083,2006-09-15,220.0
2084,2006-09-16,
2085,2006-09-17,
2086,2006-09-18,218.0
2087,2006-09-19,226.0
2088,2006-09-20,230.0
2089,2006-09-21,244.0
2090,2006-09-22,252.0
2091,2006-09-23,
2092,2006-09-24,
2093,2006-09-25,250.0
2094,2006-09-26,244.0
2095,2006-09-27,240.0
2096,2006-09-28,233.0
2097,2006-09-29,233.0
2098,2006-09-30,
2099,2006-10-01,
2100,2006-10-02,231.0
2101,2006-10-03,236.0
2102,2006-10-04,234.0
2103,2006-10-05,228.0
2104,2006-10-06,223.0
2105,2006-10-07,
2106,2006-10-08,
2107,2006-10-09,223.0
2108,2006-10-10,217.0
2109,2006-10-11,216.0
2110,2006-10-12,212.0
2111,2006-10-13,210.0
2112,2006-10-14,
2113,2006-10-15,
2114,2006-10-16,210.0
2115,2006-10-17,213.0
2116,2006-10-18,211.0
2117,2006-10-19,210.0
2118,2006-10-20,212.0
2119,2006-10-21,
2120,2006-10-22,
2121,2006-10-23,211.0
2122,2006-10-24,212.0
2123,2006-10-25,212.0
2124,2006-10-26,213.0
2125,2006-10-27,215.0
2126,2006-10-28,
2127,2006-10-29,
2128,2006-10-30,218.0
2129,2006-10-31,223.0
2130,2006-11-01,224.0
2131,2006-11-02,221.0
2132,2006-11-03,213.0
2133,2006-11-04,
2134,2006-11-05,
2135,2006-11-06,212.0
2136,2006-11-07,216.0
2137,2006-11-08,217.0
2138,2006-11-09,219.0
2139,2006-11-10,221.0
2140,2006-11-11,
2141,2006-11-12,
2142,2006-11-13,220.0
2143,2006-11-14,218.0
2144,2006-11-15,216.0
2145,2006-11-16,214.0
2146,2006-11-17,219.0
2147,2006-11-18,
2148,2006-11-19,219.0
2149,2006-11-20,219.0
2150,2006-11-21,220.0
2151,2006-11-22,221.0
2152,2006-11-23,221.0
2153,2006-11-24,223.0
2154,2006-11-25,
2155,2006-11-26,
2156,2006-11-27,229.0
2157,2006-11-28,230.0
2158,2006-11-29,222.0
2159,2006-11-30,223.0
2160,2006-12-01,229.0
2161,2006-12-02,
2162,2006-12-03,
2163,2006-12-04,224.0
2164,2006-12-05,218.0
2165,2006-12-06,216.0
2166,2006-12-07,216.0
2167,2006-12-08,210.0
2168,2006-12-09,
2169,2006-12-10,
2170,2006-12-11,210.0
2171,2006-12-12,213.0
2172,2006-12-13,206.0
2173,2006-12-14,203.0
2174,2006-12-15,202.0
2175,2006-12-16,
2176,2006-12-17,
2177,2006-12-18,203.0
2178,2006-12-19,200.0
2179,2006-12-20,201.0
2180,2006-12-21,201.0
2181,2006-12-22,198.0
2182,2006-12-23,
2183,2006-12-24,
2184,2006-12-25,
2185,2006-12-26,200.0
2186,2006-12-27,196.0
2187,2006-12-28,192.0
2188,2006-12-29,192.0
2189,2006-12-30,
2190,2006-12-31,
2191,2007-01-01,
2192,2007-01-02,194.0
2193,2007-01-03,194.0
2194,2007-01-04,199.0
2195,2007-01-05,198.0
2196,2007-01-06,
2197,2007-01-07,
2198,2007-01-08,197.0
2199,2007-01-09,200.0
2200,2007-01-10,199.0
2201,2007-01-11,196.0
2202,2007-01-12,193.0
2203,2007-01-13,
2204,2007-01-14,
2205,2007-01-15,193.0
2206,2007-01-16,192.0
2207,2007-01-17,186.0
2208,2007-01-18,190.0
2209,2007-01-19,187.0
2210,2007-01-20,
2211,2007-01-21,
2212,2007-01-22,188.0
2213,2007-01-23,185.0
2214,2007-01-24,185.0
2215,2007-01-25,184.0
2216,2007-01-26,186.0
2217,2007-01-27,
2218,2007-01-28,
2219,2007-01-29,190.0
2220,2007-01-30,190.0
2221,2007-01-31,190.0
2222,2007-02-01,182.0
2223,2007-02-02,182.0
2224,2007-02-03,
2225,2007-02-04,
2226,2007-02-05,182.0
2227,2007-02-06,181.0
2228,2007-02-07,186.0
2229,2007-02-08,186.0
2230,2007-02-09,184.0
2231,2007-02-10,
2232,2007-02-11,
2233,2007-02-12,182.0
2234,2007-02-13,177.0
2235,2007-02-14,181.0
2236,2007-02-15,180.0
2237,2007-02-16,182.0
2238,2007-02-17,
2239,2007-02-18,
2240,2007-02-19,182.0
2241,2007-02-20,181.0
2242,2007-02-21,179.0
2243,2007-02-22,176.0
2244,2007-02-23,179.0
2245,2007-02-24,
2246,2007-02-25,
2247,2007-02-26,182.0
2248,2007-02-27,204.0
2249,2007-02-28,195.0
2250,2007-03-01,195.0
2251,2007-03-02,201.0
2252,2007-03-03,
2253,2007-03-04,
2254,2007-03-05,201.0
2255,2007-03-06,197.0
2256,2007-03-07,199.0
2257,2007-03-08,197.0
2258,2007-03-09,190.0
2259,2007-03-10,
2260,2007-03-11,
2261,2007-03-12,191.0
2262,2007-03-13,198.0
2263,2007-03-14,194.0
2264,2007-03-15,193.0
2265,2007-03-16,191.0
2266,2007-03-17,
2267,2007-03-18,
2268,2007-03-19,186.0
2269,2007-03-20,186.0
2270,2007-03-21,181.0
2271,2007-03-22,175.0
2272,2007-03-23,175.0
2273,2007-03-24,
2274,2007-03-25,
2275,2007-03-26,174.0
2276,2007-03-27,173.0
2277,2007-03-28,172.0
2278,2007-03-29,170.0
2279,2007-03-30,167.0
2280,2007-03-31,
2281,2007-04-01,
2282,2007-04-02,167.0
2283,2007-04-03,164.0
2284,2007-04-04,165.0
2285,2007-04-05,164.0
2286,2007-04-06,
2287,2007-04-07,
2288,2007-04-08,
2289,2007-04-09,156.0
2290,2007-04-10,158.0
2291,2007-04-11,156.0
2292,2007-04-12,157.0
2293,2007-04-13,154.0
2294,2007-04-14,
2295,2007-04-15,
2296,2007-04-16,154.0
2297,2007-04-17,155.0
2298,2007-04-18,153.0
2299,2007-04-19,148.0
2300,2007-04-20,146.0
2301,2007-04-21,
2302,2007-04-22,
2303,2007-04-23,148.0
2304,2007-04-24,149.0
2305,2007-04-25,148.0
2306,2007-04-26,148.0
2307,2007-04-27,148.0
2308,2007-04-28,
2309,2007-04-29,
2310,2007-04-30,156.0
2311,2007-05-01,152.0
2312,2007-05-02,153.0
2313,2007-05-03,152.0
2314,2007-05-04,157.0
2315,2007-05-05,
2316,2007-05-06,
2317,2007-05-07,156.0
2318,2007-05-08,155.0
2319,2007-05-09,152.0
2320,2007-05-10,154.0
2321,2007-05-11,152.0
2322,2007-05-12,
2323,2007-05-13,
2324,2007-05-14,152.0
2325,2007-05-15,150.0
2326,2007-05-16,148.0
2327,2007-05-17,145.0
2328,2007-05-18,141.0
2329,2007-05-19,
2330,2007-05-20,
2331,2007-05-21,143.0
2332,2007-05-22,139.0
2333,2007-05-23,139.0
2334,2007-05-24,143.0
2335,2007-05-25,140.0
2336,2007-05-26,
2337,2007-05-27,
2338,2007-05-28,140.0
2339,2007-05-29,142.0
2340,2007-05-30,146.0
2341,2007-05-31,145.0
2342,2007-06-01,139.0
2343,2007-06-02,
2344,2007-06-03,
2345,2007-06-04,144.0
2346,2007-06-05,144.0
2347,2007-06-06,146.0
2348,2007-06-07,146.0
2349,2007-06-08,146.0
2350,2007-06-09,
2351,2007-06-10,
2352,2007-06-11,146.0
2353,2007-06-12,143.0
2354,2007-06-13,151.0
2355,2007-06-14,148.0
2356,2007-06-15,141.0
2357,2007-06-16,
2358,2007-06-17,
2359,2007-06-18,138.0
2360,2007-06-19,143.0
2361,2007-06-20,142.0
2362,2007-06-21,145.0
2363,2007-06-22,147.0
2364,2007-06-23,
2365,2007-06-24,
2366,2007-06-25,154.0
2367,2007-06-26,157.0
2368,2007-06-27,158.0
2369,2007-06-28,151.0
2370,2007-06-29,160.0
2371,2007-06-30,
2372,2007-07-01,
2373,2007-07-02,157.0
2374,2007-07-03,157.0
2375,2007-07-04,157.0
2376,2007-07-05,153.0
2377,2007-07-06,147.0
2378,2007-07-07,
2379,2007-07-08,
2380,2007-07-09,148.0
2381,2007-07-10,158.0
2382,2007-07-11,154.0
2383,2007-07-12,151.0
2384,2007-07-13,154.0
2385,2007-07-14,
2386,2007-07-15,
2387,2007-07-16,158.0
2388,2007-07-17,155.0
2389,2007-07-18,162.0
2390,2007-07-19,160.0
2391,2007-07-20,167.0
2392,2007-07-21,
2393,2007-07-22,
2394,2007-07-23,169.0
2395,2007-07-24,176.0
2396,2007-07-25,183.0
2397,2007-07-26,222.0
2398,2007-07-27,212.0
2399,2007-07-28,
2400,2007-07-29,
2401,2007-07-30,207.0
2402,2007-07-31,208.0
2403,2007-08-01,206.0
2404,2007-08-02,201.0
2405,2007-08-03,201.0
2406,2007-08-04,
2407,2007-08-05,
2408,2007-08-06,200.0
2409,2007-08-07,194.0
2410,2007-08-08,175.0
2411,2007-08-09,184.0
2412,2007-08-10,190.0
2413,2007-08-11,
2414,2007-08-12,
2415,2007-08-13,189.0
2416,2007-08-14,197.0
2417,2007-08-15,200.0
2418,2007-08-16,229.0
2419,2007-08-17,208.0
2420,2007-08-18,
2421,2007-08-19,
2422,2007-08-20,216.0
2423,2007-08-21,217.0
2424,2007-08-22,210.0
2425,2007-08-23,207.0
2426,2007-08-24,200.0
2427,2007-08-25,
2428,2007-08-26,
2429,2007-08-27,200.0
2430,2007-08-28,207.0
2431,2007-08-29,200.0
2432,2007-08-30,206.0
2433,2007-08-31,195.0
2434,2007-09-01,
2435,2007-09-02,
2436,2007-09-03,195.0
2437,2007-09-04,196.0
2438,2007-09-05,206.0
2439,2007-09-06,204.0
2440,2007-09-07,212.0
2441,2007-09-08,
2442,2007-09-09,
2443,2007-09-10,219.0
2444,2007-09-11,210.0
2445,2007-09-12,207.0
2446,2007-09-13,199.0
2447,2007-09-14,198.0
2448,2007-09-15,
2449,2007-09-16,
2450,2007-09-17,199.0
2451,2007-09-18,188.0
2452,2007-09-19,177.0
2453,2007-09-20,172.0
2454,2007-09-21,172.0
2455,2007-09-22,
2456,2007-09-23,
2457,2007-09-24,174.0
2458,2007-09-25,173.0
2459,2007-09-26,172.0
2460,2007-09-27,176.0
2461,2007-09-28,173.0
2462,2007-09-29,
2463,2007-09-30,
2464,2007-10-01,173.0
2465,2007-10-02,173.0
2466,2007-10-03,170.0
2467,2007-10-04,171.0
2468,2007-10-05,165.0
2469,2007-10-06,
2470,2007-10-07,
2471,2007-10-08,165.0
2472,2007-10-09,161.0
2473,2007-10-10,162.0
2474,2007-10-11,161.0
2475,2007-10-12,158.0
2476,2007-10-13,
2477,2007-10-14,
2478,2007-10-15,160.0
2479,2007-10-16,161.0
2480,2007-10-17,170.0
2481,2007-10-18,167.0
2482,2007-10-19,177.0
2483,2007-10-20,
2484,2007-10-21,
2485,2007-10-22,179.0
2486,2007-10-23,177.0
2487,2007-10-24,183.0
2488,2007-10-25,180.0
2489,2007-10-26,177.0
2490,2007-10-27,
2491,2007-10-28,
2492,2007-10-29,176.0
2493,2007-10-30,175.0
2494,2007-10-31,167.0
2495,2007-11-01,179.0
2496,2007-11-02,187.0
2497,2007-11-03,
2498,2007-11-04,
2499,2007-11-05,186.0
2500,2007-11-06,184.0
2501,2007-11-07,191.0
2502,2007-11-08,200.0
2503,2007-11-09,202.0
2504,2007-11-10,
2505,2007-11-11,
2506,2007-11-12,202.0
2507,2007-11-13,202.0
2508,2007-11-14,197.0
2509,2007-11-15,202.0
2510,2007-11-16,210.0
2511,2007-11-17,
2512,2007-11-18,
2513,2007-11-19,220.0
2514,2007-11-20,221.0
2515,2007-11-21,234.0
2516,2007-11-22,234.0
2517,2007-11-23,233.0
2518,2007-11-24,
2519,2007-11-25,
2520,2007-11-26,254.0
2521,2007-11-27,246.0
2522,2007-11-28,229.0
2523,2007-11-29,233.0
2524,2007-11-30,213.0
2525,2007-12-01,
2526,2007-12-02,
2527,2007-12-03,230.0
2528,2007-12-04,231.0
2529,2007-12-05,227.0
2530,2007-12-06,218.0
2531,2007-12-07,211.0
2532,2007-12-08,
2533,2007-12-09,
2534,2007-12-10,205.0
2535,2007-12-11,216.0
2536,2007-12-12,214.0
2537,2007-12-13,205.0
2538,2007-12-14,202.0
2539,2007-12-15,
2540,2007-12-16,
2541,2007-12-17,212.0
2542,2007-12-18,217.0
2543,2007-12-19,223.0
2544,2007-12-20,228.0
2545,2007-12-21,214.0
2546,2007-12-22,
2547,2007-12-23,
2548,2007-12-24,207.0
2549,2007-12-25,
2550,2007-12-26,203.0
2551,2007-12-27,205.0
2552,2007-12-28,213.0
2553,2007-12-29,
2554,2007-12-30,
2555,2007-12-31,221.0
2556,2008-01-01,
2557,2008-01-02,227.0
2558,2008-01-03,226.0
2559,2008-01-04,231.0
2560,2008-01-05,
2561,2008-01-06,
2562,2008-01-07,229.0
2563,2008-01-08,225.0
2564,2008-01-09,238.0
2565,2008-01-10,226.0
2566,2008-01-11,231.0
2567,2008-01-12,
2568,2008-01-13,
2569,2008-01-14,231.0
2570,2008-01-15,238.0
2571,2008-01-16,236.0
2572,2008-01-17,248.0
2573,2008-01-18,252.0
2574,2008-01-19,
2575,2008-01-20,
2576,2008-01-21,252.0
2577,2008-01-22,269.0
2578,2008-01-23,275.0
2579,2008-01-24,252.0
2580,2008-01-25,258.0
2581,2008-01-26,
2582,2008-01-27,258.0
2583,2008-01-28,259.0
2584,2008-01-29,253.0
2585,2008-01-30,244.0
2586,2008-01-31,255.0
2587,2008-02-01,259.0
2588,2008-02-02,
2589,2008-02-03,
2590,2008-02-04,253.0
2591,2008-02-05,265.0
2592,2008-02-06,265.0
2593,2008-02-07,257.0
2594,2008-02-08,273.0
2595,2008-02-09,
2596,2008-02-10,
2597,2008-02-11,273.0
2598,2008-02-12,263.0
2599,2008-02-13,258.0
2600,2008-02-14,252.0
2601,2008-02-15,261.0
2602,2008-02-16,
2603,2008-02-17,
2604,2008-02-18,261.0
2605,2008-02-19,261.0
2606,2008-02-20,252.0
2607,2008-02-21,255.0
2608,2008-02-22,248.0
2609,2008-02-23,
2610,2008-02-24,
2611,2008-02-25,239.0
2612,2008-02-26,238.0
2613,2008-02-27,240.0
2614,2008-02-28,255.0
2615,2008-02-29,265.0
2616,2008-03-01,
2617,2008-03-02,
2618,2008-03-03,267.0
2619,2008-03-04,258.0
2620,2008-03-05,252.0
2621,2008-03-06,257.0
2622,2008-03-07,273.0
2623,2008-03-08,
2624,2008-03-09,
2625,2008-03-10,284.0
2626,2008-03-11,265.0
2627,2008-03-12,272.0
2628,2008-03-13,277.0
2629,2008-03-14,289.0
2630,2008-03-15,
2631,2008-03-16,
2632,2008-03-17,305.0
2633,2008-03-18,285.0
2634,2008-03-19,290.0
2635,2008-03-20,291.0
2636,2008-03-21,
2637,2008-03-22,
2638,2008-03-23,
2639,2008-03-24,273.0
2640,2008-03-25,275.0
2641,2008-03-26,277.0
2642,2008-03-27,273.0
2643,2008-03-28,278.0
2644,2008-03-29,
2645,2008-03-30,
2646,2008-03-31,284.0
2647,2008-04-01,273.0
2648,2008-04-02,268.0
2649,2008-04-03,263.0
2650,2008-04-04,265.0
2651,2008-04-05,
2652,2008-04-06,
2653,2008-04-07,258.0
2654,2008-04-08,256.0
2655,2008-04-09,264.0
2656,2008-04-10,256.0
2657,2008-04-11,256.0
2658,2008-04-12,
2659,2008-04-13,
2660,2008-04-14,252.0
2661,2008-04-15,245.0
2662,2008-04-16,228.0
2663,2008-04-17,230.0
2664,2008-04-18,229.0
2665,2008-04-19,
2666,2008-04-20,
2667,2008-04-21,235.0
2668,2008-04-22,234.0
2669,2008-04-23,233.0
2670,2008-04-24,228.0
2671,2008-04-25,225.0
2672,2008-04-26,
2673,2008-04-27,
2674,2008-04-28,228.0
2675,2008-04-29,225.0
2676,2008-04-30,218.0
2677,2008-05-01,207.0
2678,2008-05-02,201.0
2679,2008-05-03,
2680,2008-05-04,
2681,2008-05-05,201.0
2682,2008-05-06,198.0
2683,2008-05-07,204.0
2684,2008-05-08,211.0
2685,2008-05-09,216.0
2686,2008-05-10,
2687,2008-05-11,
2688,2008-05-12,216.0
2689,2008-05-13,205.0
2690,2008-05-14,205.0
2691,2008-05-15,210.0
2692,2008-05-16,205.0
2693,2008-05-17,
2694,2008-05-18,
2695,2008-05-19,206.0
2696,2008-05-20,210.0
2697,2008-05-21,208.0
2698,2008-05-22,202.0
2699,2008-05-23,210.0
2700,2008-05-24,
2701,2008-05-25,
2702,2008-05-26,210.0
2703,2008-05-27,208.0
2704,2008-05-28,207.0
2705,2008-05-29,191.0
2706,2008-05-30,181.0
2707,2008-05-31,
2708,2008-06-01,
2709,2008-06-02,179.0
2710,2008-06-03,184.0
2711,2008-06-04,180.0
2712,2008-06-05,179.0
2713,2008-06-06,190.0
2714,2008-06-07,
2715,2008-06-08,
2716,2008-06-09,195.0
2717,2008-06-10,184.0
2718,2008-06-11,192.0
2719,2008-06-12,186.0
2720,2008-06-13,183.0
2721,2008-06-14,
2722,2008-06-15,
2723,2008-06-16,188.0
2724,2008-06-17,187.0
2725,2008-06-18,194.0
2726,2008-06-19,190.0
2727,2008-06-20,197.0
2728,2008-06-21,
2729,2008-06-22,
2730,2008-06-23,199.0
2731,2008-06-24,206.0
2732,2008-06-25,209.0
2733,2008-06-26,221.0
2734,2008-06-27,229.0
2735,2008-06-28,
2736,2008-06-29,
2737,2008-06-30,228.0
2738,2008-07-01,232.0
2739,2008-07-02,235.0
2740,2008-07-03,235.0
2741,2008-07-04,235.0
2742,2008-07-05,
2743,2008-07-06,
2744,2008-07-07,238.0
2745,2008-07-08,244.0
2746,2008-07-09,247.0
2747,2008-07-10,249.0
2748,2008-07-11,241.0
2749,2008-07-12,
2750,2008-07-13,
2751,2008-07-14,249.0
2752,2008-07-15,248.0
2753,2008-07-16,239.0
2754,2008-07-17,228.0
2755,2008-07-18,226.0
2756,2008-07-19,
2757,2008-07-20,
2758,2008-07-21,226.0
2759,2008-07-22,223.0
2760,2008-07-23,217.0
2761,2008-07-24,225.0
2762,2008-07-25,217.0
2763,2008-07-26,
2764,2008-07-27,
2765,2008-07-28,222.0
2766,2008-07-29,220.0
2767,2008-07-30,221.0
2768,2008-07-31,226.0
2769,2008-08-01,228.0
2770,2008-08-02,
2771,2008-08-03,
2772,2008-08-04,227.0
2773,2008-08-05,224.0
2774,2008-08-06,220.0
2775,2008-08-07,229.0
2776,2008-08-08,230.0
2777,2008-08-09,
2778,2008-08-10,
2779,2008-08-11,225.0
2780,2008-08-12,231.0
2781,2008-08-13,231.0
2782,2008-08-14,235.0
2783,2008-08-15,239.0
2784,2008-08-16,
2785,2008-08-17,
2786,2008-08-18,244.0
2787,2008-08-19,241.0
2788,2008-08-20,245.0
2789,2008-08-21,241.0
2790,2008-08-22,240.0
2791,2008-08-23,
2792,2008-08-24,
2793,2008-08-25,247.0
2794,2008-08-26,247.0
2795,2008-08-27,248.0
2796,2008-08-28,244.0
2797,2008-08-29,240.0
2798,2008-08-30,
2799,2008-08-31,
2800,2008-09-01,240.0
2801,2008-09-02,246.0
2802,2008-09-03,252.0
2803,2008-09-04,259.0
2804,2008-09-05,262.0
2805,2008-09-06,
2806,2008-09-07,
2807,2008-09-08,254.0
2808,2008-09-09,268.0
2809,2008-09-10,268.0
2810,2008-09-11,272.0
2811,2008-09-12,268.0
2812,2008-09-13,
2813,2008-09-14,
2814,2008-09-15,310.0
2815,2008-09-16,350.0
2816,2008-09-17,373.0
2817,2008-09-18,339.0
2818,2008-09-19,285.0
2819,2008-09-20,
2820,2008-09-21,
2821,2008-09-22,278.0
2822,2008-09-23,289.0
2823,2008-09-24,296.0
2824,2008-09-25,285.0
2825,2008-09-26,296.0
2826,2008-09-27,
2827,2008-09-28,
2828,2008-09-29,337.0
2829,2008-09-30,331.0
2830,2008-10-01,337.0
2831,2008-10-02,356.0
2832,2008-10-03,349.0
2833,2008-10-04,
2834,2008-10-05,
2835,2008-10-06,409.0
2836,2008-10-07,404.0
2837,2008-10-08,438.0
2838,2008-10-09,440.0
2839,2008-10-10,520.0
2840,2008-10-11,
2841,2008-10-12,
2842,2008-10-13,
2843,2008-10-14,437.0
2844,2008-10-15,467.0
2845,2008-10-16,493.0
2846,2008-10-17,482.0
2847,2008-10-18,
2848,2008-10-19,
2849,2008-10-20,489.0
2850,2008-10-21,530.0
2851,2008-10-22,671.0
2852,2008-10-23,688.0
2853,2008-10-24,668.0
2854,2008-10-25,
2855,2008-10-26,
2856,2008-10-27,613.0
2857,2008-10-28,560.0
2858,2008-10-29,515.0
2859,2008-10-30,488.0
2860,2008-10-31,449.0
2861,2008-11-01,
2862,2008-11-02,
2863,2008-11-03,439.0
2864,2008-11-04,418.0
2865,2008-11-05,443.0
2866,2008-11-06,451.0
2867,2008-11-07,440.0
2868,2008-11-08,
2869,2008-11-09,
2870,2008-11-10,434.0
2871,2008-11-11,438.0
2872,2008-11-12,461.0
2873,2008-11-13,460.0
2874,2008-11-14,460.0
2875,2008-11-15,
2876,2008-11-16,
2877,2008-11-17,451.0
2878,2008-11-18,465.0
2879,2008-11-19,495.0
2880,2008-11-20,534.0
2881,2008-11-21,539.0
2882,2008-11-22,
2883,2008-11-23,
2884,2008-11-24,499.0
2885,2008-11-25,483.0
2886,2008-11-26,488.0
2887,2008-11-27,
2888,2008-11-28,489.0
2889,2008-11-29,
2890,2008-11-30,
2891,2008-12-01,530.0
2892,2008-12-02,526.0
2893,2008-12-03,524.0
2894,2008-12-04,530.0
2895,2008-12-05,523.0
2896,2008-12-06,
2897,2008-12-07,
2898,2008-12-08,499.0
2899,2008-12-09,498.0
2900,2008-12-10,489.0
2901,2008-12-11,489.0
2902,2008-12-12,495.0
2903,2008-12-13,
2904,2008-12-14,
2905,2008-12-15,506.0
2906,2008-12-16,503.0
2907,2008-12-17,463.0
2908,2008-12-18,453.0
2909,2008-12-19,448.0
2910,2008-12-20,
2911,2008-12-21,
2912,2008-12-22,445.0
2913,2008-12-23,437.0
2914,2008-12-24,436.0
2915,2008-12-25,
2916,2008-12-26,437.0
2917,2008-12-27,
2918,2008-12-28,
2919,2008-12-29,439.0
2920,2008-12-30,430.0
2921,2008-12-31,428.0
2922,2009-01-01,
2923,2009-01-02,405.0
2924,2009-01-03,
2925,2009-01-04,
2926,2009-01-05,393.0
2927,2009-01-06,388.0
2928,2009-01-07,402.0
2929,2009-01-08,426.0
2930,2009-01-09,423.0
2931,2009-01-10,
2932,2009-01-11,
2933,2009-01-12,445.0
2934,2009-01-13,446.0
2935,2009-01-14,459.0
2936,2009-01-15,465.0
2937,2009-01-16,450.0
2938,2009-01-17,
2939,2009-01-18,
2940,2009-01-19,450.0
2941,2009-01-20,460.0
2942,2009-01-21,448.0
2943,2009-01-22,438.0
2944,2009-01-23,432.0
2945,2009-01-24,
2946,2009-01-25,
2947,2009-01-26,423.0
2948,2009-01-27,429.0
2949,2009-01-28,413.0
2950,2009-01-29,412.0
2951,2009-01-30,409.0
2952,2009-01-31,
2953,2009-02-01,
2954,2009-02-02,426.0
2955,2009-02-03,413.0
2956,2009-02-04,418.0
2957,2009-02-05,429.0
2958,2009-02-06,413.0
2959,2009-02-07,
2960,2009-02-08,
2961,2009-02-09,408.0
2962,2009-02-10,426.0
2963,2009-02-11,439.0
2964,2009-02-12,451.0
2965,2009-02-13,426.0
2966,2009-02-14,
2967,2009-02-15,
2968,2009-02-16,424.0
2969,2009-02-17,451.0
2970,2009-02-18,487.0
2971,2009-02-19,417.0
2972,2009-02-20,426.0
2973,2009-02-21,
2974,2009-02-22,
2975,2009-02-23,439.0
2976,2009-02-24,431.0
2977,2009-02-25,420.0
2978,2009-02-26,419.0
2979,2009-02-27,421.0
2980,2009-02-28,
2981,2009-03-01,
2982,2009-03-02,442.0
2983,2009-03-03,441.0
2984,2009-03-04,434.0
2985,2009-03-05,458.0
2986,2009-03-06,457.0
2987,2009-03-07,
2988,2009-03-08,
2989,2009-03-09,453.0
2990,2009-03-10,442.0
2991,2009-03-11,446.0
2992,2009-03-12,446.0
2993,2009-03-13,442.0
2994,2009-03-14,
2995,2009-03-15,
2996,2009-03-16,431.0
2997,2009-03-17,428.0
2998,2009-03-18,438.0
2999,2009-03-19,423.0
3000,2009-03-20,426.0
3001,2009-03-21,
3002,2009-03-22,
3003,2009-03-23,419.0
3004,2009-03-24,421.0
3005,2009-03-25,417.0
3006,2009-03-26,411.0
3007,2009-03-27,414.0
3008,2009-03-28,
3009,2009-03-29,
3010,2009-03-30,427.0
3011,2009-03-31,425.0
3012,2009-04-01,427.0
3013,2009-04-02,412.0
3014,2009-04-03,384.0
3015,2009-04-04,
3016,2009-04-05,
3017,2009-04-06,378.0
3018,2009-04-07,383.0
3019,2009-04-08,376.0
3020,2009-04-09,368.0
3021,2009-04-10,
3022,2009-04-11,
3023,2009-04-12,
3024,2009-04-13,368.0
3025,2009-04-14,380.0
3026,2009-04-15,388.0
3027,2009-04-16,388.0
3028,2009-04-17,381.0
3029,2009-04-18,
3030,2009-04-19,
3031,2009-04-20,399.0
3032,2009-04-21,391.0
3033,2009-04-22,386.0
3034,2009-04-23,389.0
3035,2009-04-24,376.0
3036,2009-04-25,
3037,2009-04-26,
3038,2009-04-27,384.0
3039,2009-04-28,370.0
3040,2009-04-29,359.0
3041,2009-04-30,355.0
3042,2009-05-01,351.0
3043,2009-05-02,
3044,2009-05-03,
3045,2009-05-04,331.0
3046,2009-05-05,330.0
3047,2009-05-06,314.0
3048,2009-05-07,305.0
3049,2009-05-08,310.0
3050,2009-05-09,
3051,2009-05-10,
3052,2009-05-11,324.0
3053,2009-05-12,326.0
3054,2009-05-13,337.0
3055,2009-05-14,333.0
3056,2009-05-15,330.0
3057,2009-05-16,
3058,2009-05-17,
3059,2009-05-18,316.0
3060,2009-05-19,309.0
3061,2009-05-20,310.0
3062,2009-05-21,306.0
3063,2009-05-22,300.0
3064,2009-05-23,
3065,2009-05-24,
3066,2009-05-25,300.0
3067,2009-05-26,291.0
3068,2009-05-27,278.0
3069,2009-05-28,282.0
3070,2009-05-29,294.0
3071,2009-05-30,
3072,2009-05-31,
3073,2009-06-01,266.0
3074,2009-06-02,280.0
3075,2009-06-03,291.0
3076,2009-06-04,278.0
3077,2009-06-05,269.0
3078,2009-06-06,
3079,2009-06-07,
3080,2009-06-08,266.0
3081,2009-06-09,264.0
3082,2009-06-10,260.0
3083,2009-06-11,260.0
3084,2009-06-12,265.0
3085,2009-06-13,
3086,2009-06-14,
3087,2009-06-15,274.0
3088,2009-06-16,281.0
3089,2009-06-17,294.0
3090,2009-06-18,285.0
3091,2009-06-19,291.0
3092,2009-06-20,
3093,2009-06-21,
3094,2009-06-22,309.0
3095,2009-06-23,309.0
3096,2009-06-24,294.0
3097,2009-06-25,295.0
3098,2009-06-26,290.0
3099,2009-06-27,
3100,2009-06-28,
3101,2009-06-29,279.0
3102,2009-06-30,284.0
3103,2009-07-01,277.0
3104,2009-07-02,288.0
3105,2009-07-03,288.0
3106,2009-07-04,
3107,2009-07-05,
3108,2009-07-06,286.0
3109,2009-07-07,286.0
3110,2009-07-08,306.0
3111,2009-07-09,290.0
3112,2009-07-10,303.0
3113,2009-07-11,
3114,2009-07-12,
3115,2009-07-13,293.0
3116,2009-07-14,278.0
3117,2009-07-15,261.0
3118,2009-07-16,263.0
3119,2009-07-17,250.0
3120,2009-07-18,
3121,2009-07-19,
3122,2009-07-20,257.0
3123,2009-07-21,269.0
3124,2009-07-22,263.0
3125,2009-07-23,244.0
3126,2009-07-24,249.0
3127,2009-07-25,
3128,2009-07-26,
3129,2009-07-27,244.0
3130,2009-07-28,248.0
3131,2009-07-29,253.0
3132,2009-07-30,254.0
3133,2009-07-31,265.0
3134,2009-08-01,
3135,2009-08-02,
3136,2009-08-03,243.0
3137,2009-08-04,238.0
3138,2009-08-05,230.0
3139,2009-08-06,238.0
3140,2009-08-07,228.0
3141,2009-08-08,
3142,2009-08-09,
3143,2009-08-10,238.0
3144,2009-08-11,248.0
3145,2009-08-12,246.0
3146,2009-08-13,254.0
3147,2009-08-14,256.0
3148,2009-08-15,
3149,2009-08-16,
3150,2009-08-17,261.0
3151,2009-08-18,255.0
3152,2009-08-19,264.0
3153,2009-08-20,266.0
3154,2009-08-21,253.0
3155,2009-08-22,
3156,2009-08-23,
3157,2009-08-24,254.0
3158,2009-08-25,262.0
3159,2009-08-26,266.0
3160,2009-08-27,263.0
3161,2009-08-28,267.0
3162,2009-08-29,
3163,2009-08-30,
3164,2009-08-31,271.0
3165,2009-09-01,272.0
3166,2009-09-02,276.0
3167,2009-09-03,265.0
3168,2009-09-04,260.0
3169,2009-09-05,
3170,2009-09-06,
3171,2009-09-07,260.0
3172,2009-09-08,241.0
3173,2009-09-09,239.0
3174,2009-09-10,249.0
3175,2009-09-11,243.0
3176,2009-09-12,
3177,2009-09-13,
3178,2009-09-14,234.0
3179,2009-09-15,226.0
3180,2009-09-16,216.0
3181,2009-09-17,228.0
3182,2009-09-18,222.0
3183,2009-09-19,
3184,2009-09-20,
3185,2009-09-21,224.0
3186,2009-09-22,224.0
3187,2009-09-23,228.0
3188,2009-09-24,234.0
3189,2009-09-25,240.0
3190,2009-09-26,
3191,2009-09-27,
3192,2009-09-28,240.0
3193,2009-09-29,240.0
3194,2009-09-30,234.0
3195,2009-10-01,251.0
3196,2009-10-02,249.0
3197,2009-10-03,
3198,2009-10-04,
3199,2009-10-05,238.0
3200,2009-10-06,233.0
3201,2009-10-07,238.0
3202,2009-10-08,220.0
3203,2009-10-09,213.0
3204,2009-10-10,
3205,2009-10-11,
3206,2009-10-12,212.0
3207,2009-10-13,218.0
3208,2009-10-14,206.0
3209,2009-10-15,207.0
3210,2009-10-16,216.0
3211,2009-10-17,
3212,2009-10-18,
3213,2009-10-19,218.0
3214,2009-10-20,224.0
3215,2009-10-21,221.0
3216,2009-10-22,222.0
3217,2009-10-23,224.0
3218,2009-10-24,
3219,2009-10-25,
3220,2009-10-26,221.0
3221,2009-10-27,239.0
3222,2009-10-28,247.0
3223,2009-10-29,231.0
3224,2009-10-30,240.0
3225,2009-10-31,
3226,2009-11-01,
3227,2009-11-02,238.0
3228,2009-11-03,236.0
3229,2009-11-04,225.0
3230,2009-11-05,228.0
3231,2009-11-06,228.0
3232,2009-11-07,
3233,2009-11-08,
3234,2009-11-09,217.0
3235,2009-11-10,212.0
3236,2009-11-11,209.0
3237,2009-11-12,216.0
3238,2009-11-13,219.0
3239,2009-11-14,
3240,2009-11-15,
3241,2009-11-16,220.0
3242,2009-11-17,220.0
3243,2009-11-18,216.0
3244,2009-11-19,219.0
3245,2009-11-20,217.0
3246,2009-11-21,
3247,2009-11-22,
3248,2009-11-23,213.0
3249,2009-11-24,216.0
3250,2009-11-25,216.0
3251,2009-11-26,216.0
3252,2009-11-27,227.0
3253,2009-11-28,
3254,2009-11-29,
3255,2009-11-30,231.0
3256,2009-12-01,219.0
3257,2009-12-02,218.0
3258,2009-12-03,212.0
3259,2009-12-04,206.0
3260,2009-12-05,
3261,2009-12-06,
3262,2009-12-07,207.0
3263,2009-12-08,213.0
3264,2009-12-09,209.0
3265,2009-12-10,204.0
3266,2009-12-11,201.0
3267,2009-12-12,
3268,2009-12-13,
3269,2009-12-14,199.0
3270,2009-12-15,196.0
3271,2009-12-16,201.0
3272,2009-12-17,217.0
3273,2009-12-18,213.0
3274,2009-12-19,
3275,2009-12-20,
3276,2009-12-21,204.0
3277,2009-12-22,206.0
3278,2009-12-23,207.0
3279,2009-12-24,201.0
3280,2009-12-25,
3281,2009-12-26,
3282,2009-12-27,
3283,2009-12-28,194.0
3284,2009-12-29,197.0
3285,2009-12-30,197.0
3286,2009-12-31,192.0
3287,2010-01-01,
3288,2010-01-02,
3289,2010-01-03,
3290,2010-01-04,191.0
3291,2010-01-05,197.0
3292,2010-01-06,191.0
3293,2010-01-07,193.0
3294,2010-01-08,195.0
3295,2010-01-09,
3296,2010-01-10,
3297,2010-01-11,190.0
3298,2010-01-12,201.0
3299,2010-01-13,195.0
3300,2010-01-14,204.0
3301,2010-01-15,210.0
3302,2010-01-16,
3303,2010-01-17,
3304,2010-01-18,
3305,2010-01-19,207.0
3306,2010-01-20,214.0
3307,2010-01-21,223.0
3308,2010-01-22,223.0
3309,2010-01-23,
3310,2010-01-24,
3311,2010-01-25,217.0
3312,2010-01-26,219.0
3313,2010-01-27,224.0
3314,2010-01-28,228.0
3315,2010-01-29,234.0
3316,2010-01-30,
3317,2010-01-31,
3318,2010-02-01,230.0
3319,2010-02-02,230.0
3320,2010-02-03,225.0
3321,2010-02-04,240.0
3322,2010-02-05,249.0
3323,2010-02-06,
3324,2010-02-07,
3325,2010-02-08,243.0
3326,2010-02-09,234.0
3327,2010-02-10,224.0
3328,2010-02-11,216.0
3329,2010-02-12,222.0
3330,2010-02-13,
3331,2010-02-14,
3332,2010-02-15,222.0
3333,2010-02-16,219.0
3334,2010-02-17,211.0
3335,2010-02-18,206.0
3336,2010-02-19,209.0
3337,2010-02-20,
3338,2010-02-21,
3339,2010-02-22,208.0
3340,2010-02-23,221.0
3341,2010-02-24,218.0
3342,2010-02-25,215.0
3343,2010-02-26,215.0
3344,2010-02-27,
3345,2010-02-28,
3346,2010-03-01,201.0
3347,2010-03-02,200.0
3348,2010-03-03,203.0
3349,2010-03-04,198.0
3350,2010-03-05,189.0
3351,2010-03-06,
3352,2010-03-07,
3353,2010-03-08,183.0
3354,2010-03-09,183.0
3355,2010-03-10,185.0
3356,2010-03-11,186.0
3357,2010-03-12,189.0
3358,2010-03-13,
3359,2010-03-14,
3360,2010-03-15,189.0
3361,2010-03-16,191.0
3362,2010-03-17,192.0
3363,2010-03-18,193.0
3364,2010-03-19,194.0
3365,2010-03-20,
3366,2010-03-21,
3367,2010-03-22,197.0
3368,2010-03-23,192.0
3369,2010-03-24,182.0
3370,2010-03-25,181.0
3371,2010-03-26,184.0
3372,2010-03-27,
3373,2010-03-28,
3374,2010-03-29,182.0
3375,2010-03-30,182.0
3376,2010-03-31,185.0
3377,2010-04-01,184.0
3378,2010-04-02,
3379,2010-04-03,
3380,2010-04-04,
3381,2010-04-05,172.0
3382,2010-04-06,173.0
3383,2010-04-07,182.0
3384,2010-04-08,175.0
3385,2010-04-09,176.0
3386,2010-04-10,
3387,2010-04-11,
3388,2010-04-12,180.0
3389,2010-04-13,179.0
3390,2010-04-14,170.0
3391,2010-04-15,167.0
3392,2010-04-16,177.0
3393,2010-04-17,
3394,2010-04-18,
3395,2010-04-19,175.0
3396,2010-04-20,175.0
3397,2010-04-21,179.0
3398,2010-04-22,180.0
3399,2010-04-23,178.0
3400,2010-04-24,
3401,2010-04-25,
3402,2010-04-26,176.0
3403,2010-04-27,194.0
3404,2010-04-28,186.0
3405,2010-04-29,190.0
3406,2010-04-30,196.0
3407,2010-05-01,
3408,2010-05-02,
3409,2010-05-03,190.0
3410,2010-05-04,205.0
3411,2010-05-05,218.0
3412,2010-05-06,248.0
3413,2010-05-07,240.0
3414,2010-05-08,
3415,2010-05-09,
3416,2010-05-10,214.0
3417,2010-05-11,210.0
3418,2010-05-12,196.0
3419,2010-05-13,197.0
3420,2010-05-14,212.0
3421,2010-05-15,
3422,2010-05-16,
3423,2010-05-17,210.0
3424,2010-05-18,225.0
3425,2010-05-19,230.0
3426,2010-05-20,243.0
3427,2010-05-21,246.0
3428,2010-05-22,
3429,2010-05-23,
3430,2010-05-24,241.0
3431,2010-05-25,249.0
3432,2010-05-26,239.0
3433,2010-05-27,227.0
3434,2010-05-28,235.0
3435,2010-05-29,
3436,2010-05-30,
3437,2010-05-31,235.0
3438,2010-06-01,235.0
3439,2010-06-02,230.0
3440,2010-06-03,223.0
3441,2010-06-04,245.0
3442,2010-06-05,
3443,2010-06-06,
3444,2010-06-07,244.0
3445,2010-06-08,251.0
3446,2010-06-09,247.0
3447,2010-06-10,234.0
3448,2010-06-11,242.0
3449,2010-06-12,
3450,2010-06-13,
3451,2010-06-14,234.0
3452,2010-06-15,223.0
3453,2010-06-16,224.0
3454,2010-06-17,229.0
3455,2010-06-18,223.0
3456,2010-06-19,
3457,2010-06-20,
3458,2010-06-21,222.0
3459,2010-06-22,233.0
3460,2010-06-23,238.0
3461,2010-06-24,236.0
3462,2010-06-25,237.0
3463,2010-06-26,
3464,2010-06-27,
3465,2010-06-28,238.0
3466,2010-06-29,248.0
3467,2010-06-30,248.0
3468,2010-07-01,250.0
3469,2010-07-02,247.0
3470,2010-07-03,
3471,2010-07-04,
3472,2010-07-05,247.0
3473,2010-07-06,244.0
3474,2010-07-07,236.0
3475,2010-07-08,233.0
3476,2010-07-09,229.0
3477,2010-07-10,
3478,2010-07-11,
3479,2010-07-12,223.0
3480,2010-07-13,212.0
3481,2010-07-14,221.0
3482,2010-07-15,227.0
3483,2010-07-16,228.0
3484,2010-07-17,
3485,2010-07-18,
3486,2010-07-19,221.0
3487,2010-07-20,220.0
3488,2010-07-21,226.0
3489,2010-07-22,218.0
3490,2010-07-23,210.0
3491,2010-07-24,
3492,2010-07-25,
3493,2010-07-26,204.0
3494,2010-07-27,202.0
3495,2010-07-28,207.0
3496,2010-07-29,204.0
3497,2010-07-30,214.0
3498,2010-07-31,
3499,2010-08-01,
3500,2010-08-02,204.0
3501,2010-08-03,205.0
3502,2010-08-04,200.0
3503,2010-08-05,205.0
3504,2010-08-06,208.0
3505,2010-08-07,
3506,2010-08-08,
3507,2010-08-09,194.0
3508,2010-08-10,195.0
3509,2010-08-11,195.0
3510,2010-08-12,195.0
3511,2010-08-13,200.0
3512,2010-08-14,
3513,2010-08-15,
3514,2010-08-16,208.0
3515,2010-08-17,199.0
3516,2010-08-18,197.0
3517,2010-08-19,202.0
3518,2010-08-20,204.0
3519,2010-08-21,
3520,2010-08-22,
3521,2010-08-23,202.0
3522,2010-08-24,215.0
3523,2010-08-25,212.0
3524,2010-08-26,222.0
3525,2010-08-27,216.0
3526,2010-08-28,
3527,2010-08-29,
3528,2010-08-30,229.0
3529,2010-08-31,233.0
3530,2010-09-01,222.0
3531,2010-09-02,220.0
3532,2010-09-03,213.0
3533,2010-09-04,
3534,2010-09-05,
3535,2010-09-06,213.0
3536,2010-09-07,226.0
3537,2010-09-08,224.0
3538,2010-09-09,216.0
3539,2010-09-10,212.0
3540,2010-09-11,
3541,2010-09-12,
3542,2010-09-13,213.0
3543,2010-09-14,215.0
3544,2010-09-15,206.0
3545,2010-09-16,195.0
3546,2010-09-17,199.0
3547,2010-09-18,
3548,2010-09-19,
3549,2010-09-20,201.0
3550,2010-09-21,213.0
3551,2010-09-22,213.0
3552,2010-09-23,214.0
3553,2010-09-24,205.0
3554,2010-09-25,
3555,2010-09-26,
3556,2010-09-27,209.0
3557,2010-09-28,215.0
3558,2010-09-29,207.0
3559,2010-09-30,206.0
3560,2010-10-01,203.0
3561,2010-10-02,
3562,2010-10-03,
3563,2010-10-04,206.0
3564,2010-10-05,204.0
3565,2010-10-06,202.0
3566,2010-10-07,201.0
3567,2010-10-08,197.0
3568,2010-10-09,
3569,2010-10-10,
3570,2010-10-11,197.0
3571,2010-10-12,185.0
3572,2010-10-13,180.0
3573,2010-10-14,176.0
3574,2010-10-15,172.0
3575,2010-10-16,
3576,2010-10-17,
3577,2010-10-18,181.0
3578,2010-10-19,191.0
3579,2010-10-20,187.0
3580,2010-10-21,186.0
3581,2010-10-22,183.0
3582,2010-10-23,
3583,2010-10-24,
3584,2010-10-25,178.0
3585,2010-10-26,174.0
3586,2010-10-27,171.0
3587,2010-10-28,173.0
3588,2010-10-29,175.0
3589,2010-10-30,
3590,2010-10-31,
3591,2010-11-01,171.0
3592,2010-11-02,175.0
3593,2010-11-03,172.0
3594,2010-11-04,176.0
3595,2010-11-05,174.0
3596,2010-11-06,
3597,2010-11-07,
3598,2010-11-08,180.0
3599,2010-11-09,174.0
3600,2010-11-10,175.0
3601,2010-11-11,175.0
3602,2010-11-12,176.0
3603,2010-11-13,
3604,2010-11-14,
3605,2010-11-15,171.0
3606,2010-11-16,187.0
3607,2010-11-17,175.0
3608,2010-11-18,175.0
3609,2010-11-19,177.0
3610,2010-11-20,
3611,2010-11-21,
3612,2010-11-22,183.0
3613,2010-11-23,189.0
3614,2010-11-24,177.0
3615,2010-11-25,177.0
3616,2010-11-26,177.0
3617,2010-11-27,
3618,2010-11-28,
3619,2010-11-29,192.0
3620,2010-11-30,198.0
3621,2010-12-01,183.0
3622,2010-12-02,178.0
3623,2010-12-03,171.0
3624,2010-12-04,
3625,2010-12-05,
3626,2010-12-06,176.0
3627,2010-12-07,162.0
3628,2010-12-08,168.0
3629,2010-12-09,168.0
3630,2010-12-10,167.0
3631,2010-12-11,
3632,2010-12-12,
3633,2010-12-13,172.0
3634,2010-12-14,166.0
3635,2010-12-15,175.0
3636,2010-12-16,184.0
3637,2010-12-17,199.0
3638,2010-12-18,
3639,2010-12-19,
3640,2010-12-20,183.0
3641,2010-12-21,186.0
3642,2010-12-22,181.0
3643,2010-12-23,179.0
3644,2010-12-24,179.0
3645,2010-12-25,
3646,2010-12-26,
3647,2010-12-27,178.0
3648,2010-12-28,178.0
3649,2010-12-29,184.0
3650,2010-12-30,180.0
3651,2010-12-31,189.0
3652,2011-01-01,
3653,2011-01-02,
3654,2011-01-03,181.0
3655,2011-01-04,167.0
3656,2011-01-05,164.0
3657,2011-01-06,165.0
3658,2011-01-07,169.0
3659,2011-01-08,
3660,2011-01-09,
3661,2011-01-10,173.0
3662,2011-01-11,168.0
3663,2011-01-12,166.0
3664,2011-01-13,168.0
3665,2011-01-14,169.0
3666,2011-01-15,
3667,2011-01-16,
3668,2011-01-17,169.0
3669,2011-01-18,167.0
3670,2011-01-19,175.0
3671,2011-01-20,168.0
3672,2011-01-21,169.0
3673,2011-01-22,
3674,2011-01-23,
3675,2011-01-24,165.0
3676,2011-01-25,173.0
3677,2011-01-26,166.0
3678,2011-01-27,174.0
3679,2011-01-28,186.0
3680,2011-01-29,
3681,2011-01-30,
3682,2011-01-31,179.0
3683,2011-02-01,169.0
3684,2011-02-02,165.0
3685,2011-02-03,165.0
3686,2011-02-04,160.0
3687,2011-02-05,
3688,2011-02-06,
3689,2011-02-07,163.0
3690,2011-02-08,162.0
3691,2011-02-09,173.0
3692,2011-02-10,171.0
3693,2011-02-11,176.0
3694,2011-02-12,
3695,2011-02-13,
3696,2011-02-14,181.0
3697,2011-02-15,180.0
3698,2011-02-16,175.0
3699,2011-02-17,175.0
3700,2011-02-18,176.0
3701,2011-02-19,
3702,2011-02-20,
3703,2011-02-21,176.0
3704,2011-02-22,183.0
3705,2011-02-23,184.0
3706,2011-02-24,188.0
3707,2011-02-25,186.0
3708,2011-02-26,
3709,2011-02-27,
3710,2011-02-28,177.0
3711,2011-03-01,174.0
3712,2011-03-02,168.0
3713,2011-03-03,162.0
3714,2011-03-04,166.0
3715,2011-03-05,
3716,2011-03-06,
3717,2011-03-07,165.0
3718,2011-03-08,156.0
3719,2011-03-09,161.0
3720,2011-03-10,173.0
3721,2011-03-11,171.0
3722,2011-03-12,
3723,2011-03-13,
3724,2011-03-14,174.0
3725,2011-03-15,180.0
3726,2011-03-16,191.0
3727,2011-03-17,187.0
3728,2011-03-18,184.0
3729,2011-03-19,
3730,2011-03-20,
3731,2011-03-21,177.0
3732,2011-03-22,178.0
3733,2011-03-23,176.0
3734,2011-03-24,173.0
3735,2011-03-25,171.0
3736,2011-03-26,
3737,2011-03-27,
3738,2011-03-28,170.0
3739,2011-03-29,173.0
3740,2011-03-30,170.0
3741,2011-03-31,173.0
3742,2011-04-01,171.0
3743,2011-04-02,
3744,2011-04-03,
3745,2011-04-04,169.0
3746,2011-04-05,168.0
3747,2011-04-06,163.0
3748,2011-04-07,164.0
3749,2011-04-08,164.0
3750,2011-04-09,
3751,2011-04-10,
3752,2011-04-11,164.0
3753,2011-04-12,170.0
3754,2011-04-13,171.0
3755,2011-04-14,171.0
3756,2011-04-15,175.0
3757,2011-04-16,
3758,2011-04-17,
3759,2011-04-18,178.0
3760,2011-04-19,181.0
3761,2011-04-20,176.0
3762,2011-04-21,176.0
3763,2011-04-22,
3764,2011-04-23,
3765,2011-04-24,
3766,2011-04-25,179.0
3767,2011-04-26,179.0
3768,2011-04-27,176.0
3769,2011-04-28,176.0
3770,2011-04-29,169.0
3771,2011-04-30,
3772,2011-05-01,
3773,2011-05-02,165.0
3774,2011-05-03,169.0
3775,2011-05-04,173.0
3776,2011-05-05,171.0
3777,2011-05-06,171.0
3778,2011-05-07,
3779,2011-05-08,
3780,2011-05-09,168.0
3781,2011-05-10,166.0
3782,2011-05-11,171.0
3783,2011-05-12,167.0
3784,2011-05-13,168.0
3785,2011-05-14,
3786,2011-05-15,
3787,2011-05-16,169.0
3788,2011-05-17,169.0
3789,2011-05-18,166.0
3790,2011-05-19,163.0
3791,2011-05-20,162.0
3792,2011-05-21,
3793,2011-05-22,
3794,2011-05-23,165.0
3795,2011-05-24,165.0
3796,2011-05-25,166.0
3797,2011-05-26,174.0
3798,2011-05-27,175.0
3799,2011-05-28,
3800,2011-05-29,
3801,2011-05-30,175.0
3802,2011-05-31,175.0
3803,2011-06-01,183.0
3804,2011-06-02,174.0
3805,2011-06-03,175.0
3806,2011-06-04,
3807,2011-06-05,
3808,2011-06-06,177.0
3809,2011-06-07,175.0
3810,2011-06-08,179.0
3811,2011-06-09,176.0
3812,2011-06-10,177.0
3813,2011-06-11,
3814,2011-06-12,
3815,2011-06-13,176.0
3816,2011-06-14,161.0
3817,2011-06-15,174.0
3818,2011-06-16,179.0
3819,2011-06-17,179.0
3820,2011-06-18,
3821,2011-06-19,
3822,2011-06-20,172.0
3823,2011-06-21,167.0
3824,2011-06-22,166.0
3825,2011-06-23,172.0
3826,2011-06-24,175.0
3827,2011-06-25,
3828,2011-06-26,
3829,2011-06-27,168.0
3830,2011-06-28,160.0
3831,2011-06-29,154.0
3832,2011-06-30,148.0
3833,2011-07-01,147.0
3834,2011-07-02,
3835,2011-07-03,
3836,2011-07-04,147.0
3837,2011-07-05,154.0
3838,2011-07-06,159.0
3839,2011-07-07,153.0
3840,2011-07-08,163.0
3841,2011-07-09,
3842,2011-07-10,
3843,2011-07-11,173.0
3844,2011-07-12,173.0
3845,2011-07-13,176.0
3846,2011-07-14,172.0
3847,2011-07-15,173.0
3848,2011-07-16,
3849,2011-07-17,
3850,2011-07-18,170.0
3851,2011-07-19,171.0
3852,2011-07-20,166.0
3853,2011-07-21,161.0
3854,2011-07-22,163.0
3855,2011-07-23,
3856,2011-07-24,
3857,2011-07-25,159.0
3858,2011-07-26,159.0
3859,2011-07-27,156.0
3860,2011-07-28,153.0
3861,2011-07-29,157.0
3862,2011-07-30,
3863,2011-07-31,
3864,2011-08-01,157.0
3865,2011-08-02,162.0
3866,2011-08-03,166.0
3867,2011-08-04,186.0
3868,2011-08-05,179.0
3869,2011-08-06,
3870,2011-08-07,
3871,2011-08-08,212.0
3872,2011-08-09,217.0
3873,2011-08-10,221.0
3874,2011-08-11,215.0
3875,2011-08-12,214.0
3876,2011-08-13,
3877,2011-08-14,
3878,2011-08-15,199.0
3879,2011-08-16,206.0
3880,2011-08-17,206.0
3881,2011-08-18,213.0
3882,2011-08-19,215.0
3883,2011-08-20,
3884,2011-08-21,
3885,2011-08-22,214.0
3886,2011-08-23,213.0
3887,2011-08-24,201.0
3888,2011-08-25,204.0
3889,2011-08-26,210.0
3890,2011-08-27,
3891,2011-08-28,
3892,2011-08-29,200.0
3893,2011-08-30,207.0
3894,2011-08-31,194.0
3895,2011-09-01,203.0
3896,2011-09-02,214.0
3897,2011-09-03,
3898,2011-09-04,
3899,2011-09-05,214.0
3900,2011-09-06,217.0
3901,2011-09-07,211.0
3902,2011-09-08,217.0
3903,2011-09-09,228.0
3904,2011-09-10,
3905,2011-09-11,
3906,2011-09-12,232.0
3907,2011-09-13,228.0
3908,2011-09-14,233.0
3909,2011-09-15,228.0
3910,2011-09-16,231.0
3911,2011-09-17,
3912,2011-09-18,
3913,2011-09-19,251.0
3914,2011-09-20,244.0
3915,2011-09-21,254.0
3916,2011-09-22,282.0
3917,2011-09-23,278.0
3918,2011-09-24,
3919,2011-09-25,
3920,2011-09-26,282.0
3921,2011-09-27,264.0
3922,2011-09-28,265.0
3923,2011-09-29,270.0
3924,2011-09-30,275.0
3925,2011-10-01,
3926,2011-10-02,
3927,2011-10-03,288.0
3928,2011-10-04,289.0
3929,2011-10-05,279.0
3930,2011-10-06,262.0
3931,2011-10-07,257.0
3932,2011-10-08,
3933,2011-10-09,
3934,2011-10-10,257.0
3935,2011-10-11,239.0
3936,2011-10-12,223.0
3937,2011-10-13,233.0
3938,2011-10-14,225.0
3939,2011-10-15,
3940,2011-10-16,
3941,2011-10-17,232.0
3942,2011-10-18,232.0
3943,2011-10-19,235.0
3944,2011-10-20,237.0
3945,2011-10-21,231.0
3946,2011-10-22,
3947,2011-10-23,
3948,2011-10-24,226.0
3949,2011-10-25,233.0
3950,2011-10-26,224.0
3951,2011-10-27,197.0
3952,2011-10-28,212.0
3953,2011-10-29,
3954,2011-10-30,
3955,2011-10-31,222.0
3956,2011-11-01,229.0
3957,2011-11-02,225.0
3958,2011-11-03,215.0
3959,2011-11-04,219.0
3960,2011-11-05,
3961,2011-11-06,
3962,2011-11-07,223.0
3963,2011-11-08,213.0
3964,2011-11-09,230.0
3965,2011-11-10,220.0
3966,2011-11-11,220.0
3967,2011-11-12,
3968,2011-11-13,
3969,2011-11-14,220.0
3970,2011-11-15,219.0
3971,2011-11-16,225.0
3972,2011-11-17,236.0
3973,2011-11-18,232.0
3974,2011-11-19,
3975,2011-11-20,
3976,2011-11-21,241.0
3977,2011-11-22,239.0
3978,2011-11-23,248.0
3979,2011-11-24,248.0
3980,2011-11-25,241.0
3981,2011-11-26,
3982,2011-11-27,
3983,2011-11-28,241.0
3984,2011-11-29,237.0
3985,2011-11-30,228.0
3986,2011-12-01,219.0
3987,2011-12-02,224.0
3988,2011-12-03,
3989,2011-12-04,
3990,2011-12-05,220.0
3991,2011-12-06,214.0
3992,2011-12-07,221.0
3993,2011-12-08,221.0
3994,2011-12-09,208.0
3995,2011-12-10,
3996,2011-12-11,
3997,2011-12-12,211.0
3998,2011-12-13,213.0
3999,2011-12-14,222.0
4000,2011-12-15,221.0
4001,2011-12-16,231.0
4002,2011-12-17,
4003,2011-12-18,
4004,2011-12-19,235.0
4005,2011-12-20,223.0
4006,2011-12-21,217.0
4007,2011-12-22,219.0
4008,2011-12-23,210.0
4009,2011-12-24,
4010,2011-12-25,
4011,2011-12-26,210.0
4012,2011-12-27,211.0
4013,2011-12-28,220.0
4014,2011-12-29,223.0
4015,2011-12-30,223.0
4016,2011-12-31,
4017,2012-01-01,
4018,2012-01-02,223.0
4019,2012-01-03,217.0
4020,2012-01-04,216.0
4021,2012-01-05,214.0
4022,2012-01-06,219.0
4023,2012-01-07,
4024,2012-01-08,
4025,2012-01-09,220.0
4026,2012-01-10,224.0
4027,2012-01-11,233.0
4028,2012-01-12,229.0
4029,2012-01-13,237.0
4030,2012-01-14,
4031,2012-01-15,
4032,2012-01-16,237.0
4033,2012-01-17,234.0
4034,2012-01-18,230.0
4035,2012-01-19,218.0
4036,2012-01-20,213.0
4037,2012-01-21,
4038,2012-01-22,
4039,2012-01-23,209.0
4040,2012-01-24,212.0
4041,2012-01-25,210.0
4042,2012-01-26,218.0
4043,2012-01-27,218.0
4044,2012-01-28,
4045,2012-01-29,
4046,2012-01-30,224.0
4047,2012-01-31,224.0
4048,2012-02-01,216.0
4049,2012-02-02,218.0
4050,2012-02-03,207.0
4051,2012-02-04,
4052,2012-02-05,
4053,2012-02-06,210.0
4054,2012-02-07,203.0
4055,2012-02-08,203.0
4056,2012-02-09,196.0
4057,2012-02-10,201.0
4058,2012-02-11,
4059,2012-02-12,
4060,2012-02-13,196.0
4061,2012-02-14,203.0
4062,2012-02-15,205.0
4063,2012-02-16,202.0
4064,2012-02-17,198.0
4065,2012-02-18,
4066,2012-02-19,
4067,2012-02-20,198.0
4068,2012-02-21,194.0
4069,2012-02-22,197.0
4070,2012-02-23,201.0
4071,2012-02-24,201.0
4072,2012-02-25,
4073,2012-02-26,
4074,2012-02-27,206.0
4075,2012-02-28,202.0
4076,2012-02-29,196.0
4077,2012-03-01,193.0
4078,2012-03-02,190.0
4079,2012-03-03,
4080,2012-03-04,
4081,2012-03-05,191.0
4082,2012-03-06,200.0
4083,2012-03-07,195.0
4084,2012-03-08,186.0
4085,2012-03-09,182.0
4086,2012-03-10,
4087,2012-03-11,
4088,2012-03-12,176.0
4089,2012-03-13,172.0
4090,2012-03-14,166.0
4091,2012-03-15,169.0
4092,2012-03-16,171.0
4093,2012-03-17,
4094,2012-03-18,
4095,2012-03-19,166.0
4096,2012-03-20,165.0
4097,2012-03-21,167.0
4098,2012-03-22,171.0
4099,2012-03-23,174.0
4100,2012-03-24,
4101,2012-03-25,
4102,2012-03-26,173.0
4103,2012-03-27,177.0
4104,2012-03-28,179.0
4105,2012-03-29,183.0
4106,2012-03-30,177.0
4107,2012-03-31,
4108,2012-04-01,
4109,2012-04-02,178.0
4110,2012-04-03,167.0
4111,2012-04-04,178.0
4112,2012-04-05,185.0
4113,2012-04-06,
4114,2012-04-07,
4115,2012-04-08,
4116,2012-04-09,196.0
4117,2012-04-10,194.0
4118,2012-04-11,188.0
4119,2012-04-12,181.0
4120,2012-04-13,188.0
4121,2012-04-14,
4122,2012-04-15,
4123,2012-04-16,190.0
4124,2012-04-17,183.0
4125,2012-04-18,184.0
4126,2012-04-19,181.0
4127,2012-04-20,183.0
4128,2012-04-21,
4129,2012-04-22,
4130,2012-04-23,188.0
4131,2012-04-24,185.0
4132,2012-04-25,185.0
4133,2012-04-26,186.0
4134,2012-04-27,188.0
4135,2012-04-28,
4136,2012-04-29,
4137,2012-04-30,188.0
4138,2012-05-01,184.0
4139,2012-05-02,183.0
4140,2012-05-03,182.0
4141,2012-05-04,187.0
4142,2012-05-05,
4143,2012-05-06,
4144,2012-05-07,188.0
4145,2012-05-08,193.0
4146,2012-05-09,196.0
4147,2012-05-10,195.0
4148,2012-05-11,201.0
4149,2012-05-12,
4150,2012-05-13,
4151,2012-05-14,208.0
4152,2012-05-15,212.0
4153,2012-05-16,216.0
4154,2012-05-17,227.0
4155,2012-05-18,228.0
4156,2012-05-19,
4157,2012-05-20,
4158,2012-05-21,226.0
4159,2012-05-22,223.0
4160,2012-05-23,234.0
4161,2012-05-24,229.0
4162,2012-05-25,229.0
4163,2012-05-26,
4164,2012-05-27,
4165,2012-05-28,229.0
4166,2012-05-29,229.0
4167,2012-05-30,237.0
4168,2012-05-31,244.0
4169,2012-06-01,251.0
4170,2012-06-02,
4171,2012-06-03,
4172,2012-06-04,244.0
4173,2012-06-05,234.0
4174,2012-06-06,221.0
4175,2012-06-07,222.0
4176,2012-06-08,222.0
4177,2012-06-09,
4178,2012-06-10,
4179,2012-06-11,226.0
4180,2012-06-12,216.0
4181,2012-06-13,214.0
4182,2012-06-14,213.0
4183,2012-06-15,203.0
4184,2012-06-16,
4185,2012-06-17,
4186,2012-06-18,211.0
4187,2012-06-19,211.0
4188,2012-06-20,211.0
4189,2012-06-21,212.0
4190,2012-06-22,208.0
4191,2012-06-23,
4192,2012-06-24,
4193,2012-06-25,214.0
4194,2012-06-26,213.0
4195,2012-06-27,213.0
4196,2012-06-28,219.0
4197,2012-06-29,208.0
4198,2012-06-30,
4199,2012-07-01,
4200,2012-07-02,213.0
4201,2012-07-03,205.0
4202,2012-07-04,205.0
4203,2012-07-05,205.0
4204,2012-07-06,208.0
4205,2012-07-07,
4206,2012-07-08,
4207,2012-07-09,208.0
4208,2012-07-10,211.0
4209,2012-07-11,208.0
4210,2012-07-12,206.0
4211,2012-07-13,203.0
4212,2012-07-14,
4213,2012-07-15,
4214,2012-07-16,200.0
4215,2012-07-17,195.0
4216,2012-07-18,199.0
4217,2012-07-19,197.0
4218,2012-07-20,198.0
4219,2012-07-21,
4220,2012-07-22,
4221,2012-07-23,205.0
4222,2012-07-24,211.0
4223,2012-07-25,210.0
4224,2012-07-26,207.0
4225,2012-07-27,190.0
4226,2012-07-28,
4227,2012-07-29,
4228,2012-07-30,182.0
4229,2012-07-31,183.0
4230,2012-08-01,175.0
4231,2012-08-02,182.0
4232,2012-08-03,174.0
4233,2012-08-04,
4234,2012-08-05,
4235,2012-08-06,173.0
4236,2012-08-07,169.0
4237,2012-08-08,164.0
4238,2012-08-09,165.0
4239,2012-08-10,169.0
4240,2012-08-11,
4241,2012-08-12,
4242,2012-08-13,169.0
4243,2012-08-14,166.0
4244,2012-08-15,163.0
4245,2012-08-16,166.0
4246,2012-08-17,167.0
4247,2012-08-18,
4248,2012-08-19,
4249,2012-08-20,168.0
4250,2012-08-21,167.0
4251,2012-08-22,169.0
4252,2012-08-23,172.0
4253,2012-08-24,174.0
4254,2012-08-25,
4255,2012-08-26,
4256,2012-08-27,177.0
4257,2012-08-28,173.0
4258,2012-08-29,173.0
4259,2012-08-30,175.0
4260,2012-08-31,181.0
4261,2012-09-01,
4262,2012-09-02,
4263,2012-09-03,181.0
4264,2012-09-04,176.0
4265,2012-09-05,176.0
4266,2012-09-06,165.0
4267,2012-09-07,166.0
4268,2012-09-08,
4269,2012-09-09,
4270,2012-09-10,165.0
4271,2012-09-11,163.0
4272,2012-09-12,157.0
4273,2012-09-13,157.0
4274,2012-09-14,149.0
4275,2012-09-15,
4276,2012-09-16,
4277,2012-09-17,153.0
4278,2012-09-18,155.0
4279,2012-09-19,156.0
4280,2012-09-20,156.0
4281,2012-09-21,154.0
4282,2012-09-22,
4283,2012-09-23,
4284,2012-09-24,157.0
4285,2012-09-25,164.0
4286,2012-09-26,168.0
4287,2012-09-27,166.0
4288,2012-09-28,166.0
4289,2012-09-29,
4290,2012-09-30,
4291,2012-10-01,162.0
4292,2012-10-02,159.0
4293,2012-10-03,157.0
4294,2012-10-04,153.0
4295,2012-10-05,146.0
4296,2012-10-06,
4297,2012-10-07,
4298,2012-10-08,146.0
4299,2012-10-09,149.0
4300,2012-10-10,153.0
4301,2012-10-11,155.0
4302,2012-10-12,152.0
4303,2012-10-13,
4304,2012-10-14,
4305,2012-10-15,151.0
4306,2012-10-16,146.0
4307,2012-10-17,140.0
4308,2012-10-18,137.0
4309,2012-10-19,145.0
4310,2012-10-20,
4311,2012-10-21,
4312,2012-10-22,145.0
4313,2012-10-23,146.0
4314,2012-10-24,145.0
4315,2012-10-25,144.0
4316,2012-10-26,154.0
4317,2012-10-27,
4318,2012-10-28,
4319,2012-10-29,157.0
4320,2012-10-30,157.0
4321,2012-10-31,158.0
4322,2012-11-01,152.0
4323,2012-11-02,153.0
4324,2012-11-03,
4325,2012-11-04,
4326,2012-11-05,147.0
4327,2012-11-06,143.0
4328,2012-11-07,147.0
4329,2012-11-08,152.0
4330,2012-11-09,154.0
4331,2012-11-10,
4332,2012-11-11,
4333,2012-11-12,154.0
4334,2012-11-13,160.0
4335,2012-11-14,164.0
4336,2012-11-15,166.0
4337,2012-11-16,165.0
4338,2012-11-17,
4339,2012-11-18,
4340,2012-11-19,162.0
4341,2012-11-20,158.0
4342,2012-11-21,154.0
4343,2012-11-22,154.0
4344,2012-11-23,154.0
4345,2012-11-24,
4346,2012-11-25,
4347,2012-11-26,155.0
4348,2012-11-27,154.0
4349,2012-11-28,155.0
4350,2012-11-29,152.0
4351,2012-11-30,153.0
4352,2012-12-01,
4353,2012-12-02,
4354,2012-12-03,155.0
4355,2012-12-04,156.0
4356,2012-12-05,156.0
4357,2012-12-06,158.0
4358,2012-12-07,154.0
4359,2012-12-08,
4360,2012-12-09,
4361,2012-12-10,155.0
4362,2012-12-11,153.0
4363,2012-12-12,148.0
4364,2012-12-13,147.0
4365,2012-12-14,146.0
4366,2012-12-15,
4367,2012-12-16,
4368,2012-12-17,140.0
4369,2012-12-18,138.0
4370,2012-12-19,137.0
4371,2012-12-20,138.0
4372,2012-12-21,143.0
4373,2012-12-22,
4374,2012-12-23,
4375,2012-12-24,141.0
4376,2012-12-25,
4377,2012-12-26,142.0
4378,2012-12-27,146.0
4379,2012-12-28,148.0
4380,2012-12-29,
4381,2012-12-30,
4382,2012-12-31,142.0
4383,2013-01-01,
4384,2013-01-02,136.0
4385,2013-01-03,137.0
4386,2013-01-04,137.0
4387,2013-01-05,
4388,2013-01-06,
4389,2013-01-07,142.0
4390,2013-01-08,146.0
4391,2013-01-09,148.0
4392,2013-01-10,146.0
4393,2013-01-11,147.0
4394,2013-01-12,
4395,2013-01-13,
4396,2013-01-14,143.0
4397,2013-01-15,147.0
4398,2013-01-16,148.0
4399,2013-01-17,146.0
4400,2013-01-18,147.0
4401,2013-01-19,
4402,2013-01-20,
4403,2013-01-21,147.0
4404,2013-01-22,148.0
4405,2013-01-23,149.0
4406,2013-01-24,151.0
4407,2013-01-25,147.0
4408,2013-01-26,
4409,2013-01-27,
4410,2013-01-28,148.0
4411,2013-01-29,150.0
4412,2013-01-30,153.0
4413,2013-01-31,155.0
4414,2013-02-01,151.0
4415,2013-02-02,
4416,2013-02-03,
4417,2013-02-04,155.0
4418,2013-02-05,153.0
4419,2013-02-06,156.0
4420,2013-02-07,156.0
4421,2013-02-08,155.0
4422,2013-02-09,
4423,2013-02-10,
4424,2013-02-11,156.0
4425,2013-02-12,156.0
4426,2013-02-13,154.0
4427,2013-02-14,156.0
4428,2013-02-15,158.0
4429,2013-02-16,
4430,2013-02-17,
4431,2013-02-18,158.0
4432,2013-02-19,158.0
4433,2013-02-20,169.0
4434,2013-02-21,171.0
4435,2013-02-22,171.0
4436,2013-02-23,
4437,2013-02-24,
4438,2013-02-25,173.0
4439,2013-02-26,176.0
4440,2013-02-27,173.0
4441,2013-02-28,178.0
4442,2013-03-01,182.0
4443,2013-03-02,
4444,2013-03-03,
4445,2013-03-04,178.0
4446,2013-03-05,171.0
4447,2013-03-06,167.0
4448,2013-03-07,166.0
4449,2013-03-08,167.0
4450,2013-03-09,
4451,2013-03-10,
4452,2013-03-11,170.0
4453,2013-03-12,169.0
4454,2013-03-13,177.0
4455,2013-03-14,174.0
4456,2013-03-15,179.0
4457,2013-03-16,
4458,2013-03-17,
4459,2013-03-18,179.0
4460,2013-03-19,188.0
4461,2013-03-20,187.0
4462,2013-03-21,189.0
4463,2013-03-22,194.0
4464,2013-03-23,
4465,2013-03-24,
4466,2013-03-25,191.0
4467,2013-03-26,191.0
4468,2013-03-27,191.0
4469,2013-03-28,189.0
4470,2013-03-29,
4471,2013-03-30,
4472,2013-03-31,
4473,2013-04-01,191.0
4474,2013-04-02,188.0
4475,2013-04-03,185.0
4476,2013-04-04,181.0
4477,2013-04-05,181.0
4478,2013-04-06,
4479,2013-04-07,
4480,2013-04-08,178.0
4481,2013-04-09,174.0
4482,2013-04-10,169.0
4483,2013-04-11,165.0
4484,2013-04-12,168.0
4485,2013-04-13,
4486,2013-04-14,
4487,2013-04-15,174.0
4488,2013-04-16,172.0
4489,2013-04-17,173.0
4490,2013-04-18,178.0
4491,2013-04-19,176.0
4492,2013-04-20,
4493,2013-04-21,
4494,2013-04-22,174.0
4495,2013-04-23,174.0
4496,2013-04-24,176.0
4497,2013-04-25,174.0
4498,2013-04-26,175.0
4499,2013-04-27,
4500,2013-04-28,
4501,2013-04-29,173.0
4502,2013-04-30,171.0
4503,2013-05-01,170.0
4504,2013-05-02,169.0
4505,2013-05-03,165.0
4506,2013-05-04,
4507,2013-05-05,
4508,2013-05-06,162.0
4509,2013-05-07,161.0
4510,2013-05-08,164.0
4511,2013-05-09,161.0
4512,2013-05-10,161.0
4513,2013-05-11,
4514,2013-05-12,
4515,2013-05-13,165.0
4516,2013-05-14,162.0
4517,2013-05-15,168.0
4518,2013-05-16,177.0
4519,2013-05-17,175.0
4520,2013-05-18,
4521,2013-05-19,
4522,2013-05-20,176.0
4523,2013-05-21,181.0
4524,2013-05-22,178.0
4525,2013-05-23,189.0
4526,2013-05-24,191.0
4527,2013-05-25,
4528,2013-05-26,
4529,2013-05-27,191.0
4530,2013-05-28,197.0
4531,2013-05-29,203.0
4532,2013-05-30,198.0
4533,2013-05-31,206.0
4534,2013-06-01,
4535,2013-06-02,
4536,2013-06-03,207.0
4537,2013-06-04,206.0
4538,2013-06-05,210.0
4539,2013-06-06,218.0
4540,2013-06-07,213.0
4541,2013-06-08,
4542,2013-06-09,
4543,2013-06-10,222.0
4544,2013-06-11,236.0
4545,2013-06-12,226.0
4546,2013-06-13,212.0
4547,2013-06-14,216.0
4548,2013-06-15,
4549,2013-06-16,
4550,2013-06-17,216.0
4551,2013-06-18,224.0
4552,2013-06-19,233.0
4553,2013-06-20,249.0
4554,2013-06-21,253.0
4555,2013-06-22,
4556,2013-06-23,
4557,2013-06-24,263.0
4558,2013-06-25,252.0
4559,2013-06-26,248.0
4560,2013-06-27,244.0
4561,2013-06-28,237.0
4562,2013-06-29,
4563,2013-06-30,
4564,2013-07-01,232.0
4565,2013-07-02,236.0
4566,2013-07-03,239.0
4567,2013-07-04,239.0
4568,2013-07-05,236.0
4569,2013-07-06,
4570,2013-07-07,
4571,2013-07-08,241.0
4572,2013-07-09,243.0
4573,2013-07-10,238.0
4574,2013-07-11,239.0
4575,2013-07-12,234.0
4576,2013-07-13,
4577,2013-07-14,
4578,2013-07-15,224.0
4579,2013-07-16,221.0
4580,2013-07-17,211.0
4581,2013-07-18,203.0
4582,2013-07-19,207.0
4583,2013-07-20,
4584,2013-07-21,
4585,2013-07-22,207.0
4586,2013-07-23,208.0
4587,2013-07-24,211.0
4588,2013-07-25,217.0
4589,2013-07-26,230.0
4590,2013-07-27,
4591,2013-07-28,
4592,2013-07-29,233.0
4593,2013-07-30,236.0
4594,2013-07-31,235.0
4595,2013-08-01,233.0
4596,2013-08-02,236.0
4597,2013-08-03,
4598,2013-08-04,
4599,2013-08-05,233.0
4600,2013-08-06,232.0
4601,2013-08-07,237.0
4602,2013-08-08,234.0
4603,2013-08-09,236.0
4604,2013-08-10,
4605,2013-08-11,
4606,2013-08-12,230.0
4607,2013-08-13,222.0
4608,2013-08-14,226.0
4609,2013-08-15,228.0
4610,2013-08-16,232.0
4611,2013-08-17,
4612,2013-08-18,
4613,2013-08-19,240.0
4614,2013-08-20,241.0
4615,2013-08-21,246.0
4616,2013-08-22,238.0
4617,2013-08-23,242.0
4618,2013-08-24,
4619,2013-08-25,
4620,2013-08-26,242.0
4621,2013-08-27,249.0
4622,2013-08-28,248.0
4623,2013-08-29,251.0
4624,2013-08-30,251.0
4625,2013-08-31,
4626,2013-09-01,
4627,2013-09-02,251.0
4628,2013-09-03,248.0
4629,2013-09-04,250.0
4630,2013-09-05,243.0
4631,2013-09-06,237.0
4632,2013-09-07,
4633,2013-09-08,
4634,2013-09-09,230.0
4635,2013-09-10,235.0
4636,2013-09-11,230.0
4637,2013-09-12,231.0
4638,2013-09-13,229.0
4639,2013-09-14,
4640,2013-09-15,
4641,2013-09-16,222.0
4642,2013-09-17,217.0
4643,2013-09-18,211.0
4644,2013-09-19,208.0
4645,2013-09-20,213.0
4646,2013-09-21,
4647,2013-09-22,
4648,2013-09-23,213.0
4649,2013-09-24,221.0
4650,2013-09-25,221.0
4651,2013-09-26,228.0
4652,2013-09-27,231.0
4653,2013-09-28,
4654,2013-09-29,
4655,2013-09-30,236.0
4656,2013-10-01,234.0
4657,2013-10-02,234.0
4658,2013-10-03,234.0
4659,2013-10-04,230.0
4660,2013-10-05,
4661,2013-10-06,
4662,2013-10-07,228.0
4663,2013-10-08,225.0
4664,2013-10-09,222.0
4665,2013-10-10,219.0
4666,2013-10-11,213.0
4667,2013-10-12,
4668,2013-10-13,
4669,2013-10-14,213.0
4670,2013-10-15,207.0
4671,2013-10-16,211.0
4672,2013-10-17,214.0
4673,2013-10-18,206.0
4674,2013-10-19,
4675,2013-10-20,
4676,2013-10-21,211.0
4677,2013-10-22,213.0
4678,2013-10-23,213.0
4679,2013-10-24,215.0
4680,2013-10-25,219.0
4681,2013-10-26,
4682,2013-10-27,
4683,2013-10-28,219.0
4684,2013-10-29,219.0
4685,2013-10-30,216.0
4686,2013-10-31,220.0
4687,2013-11-01,224.0
4688,2013-11-02,
4689,2013-11-03,
4690,2013-11-04,223.0
4691,2013-11-05,224.0
4692,2013-11-06,226.0
4693,2013-11-07,233.0
4694,2013-11-08,237.0
4695,2013-11-09,
4696,2013-11-10,
4697,2013-11-11,237.0
4698,2013-11-12,242.0
4699,2013-11-13,241.0
4700,2013-11-14,235.0
4701,2013-11-15,233.0
4702,2013-11-16,
4703,2013-11-17,
4704,2013-11-18,232.0
4705,2013-11-19,236.0
4706,2013-11-20,235.0
4707,2013-11-21,236.0
4708,2013-11-22,237.0
4709,2013-11-23,
4710,2013-11-24,
4711,2013-11-25,242.0
4712,2013-11-26,243.0
4713,2013-11-27,247.0
4714,2013-11-28,247.0
4715,2013-11-29,247.0
4716,2013-11-30,
4717,2013-12-01,
4718,2013-12-02,255.0
4719,2013-12-03,259.0
4720,2013-12-04,257.0
4721,2013-12-05,255.0
4722,2013-12-06,246.0
4723,2013-12-07,
4724,2013-12-08,
4725,2013-12-09,246.0
4726,2013-12-10,247.0
4727,2013-12-11,243.0
4728,2013-12-12,235.0
4729,2013-12-13,234.0
4730,2013-12-14,
4731,2013-12-15,
4732,2013-12-16,232.0
4733,2013-12-17,238.0
4734,2013-12-18,235.0
4735,2013-12-19,230.0
4736,2013-12-20,232.0
4737,2013-12-21,
4738,2013-12-22,
4739,2013-12-23,229.0
4740,2013-12-24,223.0
4741,2013-12-25,
4742,2013-12-26,222.0
4743,2013-12-27,226.0
4744,2013-12-28,
4745,2013-12-29,
4746,2013-12-30,228.0
4747,2013-12-31,224.0
4748,2014-01-01,
4749,2014-01-02,230.0
4750,2014-01-03,229.0
4751,2014-01-04,
4752,2014-01-05,
4753,2014-01-06,236.0
4754,2014-01-07,245.0
4755,2014-01-08,248.0
4756,2014-01-09,245.0
4757,2014-01-10,249.0
4758,2014-01-11,
4759,2014-01-12,
4760,2014-01-13,251.0
4761,2014-01-14,248.0
4762,2014-01-15,243.0
4763,2014-01-16,246.0
4764,2014-01-17,248.0
4765,2014-01-18,
4766,2014-01-19,
4767,2014-01-20,248.0
4768,2014-01-21,248.0
4769,2014-01-22,252.0
4770,2014-01-23,261.0
4771,2014-01-24,264.0
4772,2014-01-25,
4773,2014-01-26,
4774,2014-01-27,264.0
4775,2014-01-28,264.0
4776,2014-01-29,273.0
4777,2014-01-30,273.0
4778,2014-01-31,272.0
4779,2014-02-01,
4780,2014-02-02,
4781,2014-02-03,278.0
4782,2014-02-04,268.0
4783,2014-02-05,260.0
4784,2014-02-06,254.0
4785,2014-02-07,252.0
4786,2014-02-08,
4787,2014-02-09,
4788,2014-02-10,256.0
4789,2014-02-11,255.0
4790,2014-02-12,255.0
4791,2014-02-13,257.0
4792,2014-02-14,256.0
4793,2014-02-15,
4794,2014-02-16,
4795,2014-02-17,256.0
4796,2014-02-18,259.0
4797,2014-02-19,251.0
4798,2014-02-20,249.0
4799,2014-02-21,246.0
4800,2014-02-22,
4801,2014-02-23,
4802,2014-02-24,239.0
4803,2014-02-25,244.0
4804,2014-02-26,249.0
4805,2014-02-27,247.0
4806,2014-02-28,245.0
4807,2014-03-01,
4808,2014-03-02,
4809,2014-03-03,251.0
4810,2014-03-04,238.0
4811,2014-03-05,229.0
4812,2014-03-06,226.0
4813,2014-03-07,230.0
4814,2014-03-08,
4815,2014-03-09,
4816,2014-03-10,232.0
4817,2014-03-11,237.0
4818,2014-03-12,238.0
4819,2014-03-13,245.0
4820,2014-03-14,245.0
4821,2014-03-15,
4822,2014-03-16,
4823,2014-03-17,240.0
4824,2014-03-18,234.0
4825,2014-03-19,232.0
4826,2014-03-20,236.0
4827,2014-03-21,234.0
4828,2014-03-22,
4829,2014-03-23,
4830,2014-03-24,237.0
4831,2014-03-25,230.0
4832,2014-03-26,223.0
4833,2014-03-27,224.0
4834,2014-03-28,227.0
4835,2014-03-29,
4836,2014-03-30,
4837,2014-03-31,228.0
4838,2014-04-01,222.0
4839,2014-04-02,223.0
4840,2014-04-03,223.0
4841,2014-04-04,221.0
4842,2014-04-05,
4843,2014-04-06,
4844,2014-04-07,222.0
4845,2014-04-08,221.0
4846,2014-04-09,222.0
4847,2014-04-10,220.0
4848,2014-04-11,222.0
4849,2014-04-12,
4850,2014-04-13,
4851,2014-04-14,223.0
4852,2014-04-15,224.0
4853,2014-04-16,221.0
4854,2014-04-17,212.0
4855,2014-04-18,
4856,2014-04-19,
4857,2014-04-20,
4858,2014-04-21,213.0
4859,2014-04-22,215.0
4860,2014-04-23,219.0
4861,2014-04-24,220.0
4862,2014-04-25,222.0
4863,2014-04-26,
4864,2014-04-27,
4865,2014-04-28,219.0
4866,2014-04-29,214.0
4867,2014-04-30,211.0
4868,2014-05-01,209.0
4869,2014-05-02,207.0
4870,2014-05-03,
4871,2014-05-04,
4872,2014-05-05,207.0
4873,2014-05-06,204.0
4874,2014-05-07,204.0
4875,2014-05-08,202.0
4876,2014-05-09,205.0
4877,2014-05-10,
4878,2014-05-11,
4879,2014-05-12,205.0
4880,2014-05-13,205.0
4881,2014-05-14,207.0
4882,2014-05-15,214.0
4883,2014-05-16,212.0
4884,2014-05-17,
4885,2014-05-18,
4886,2014-05-19,210.0
4887,2014-05-20,216.0
4888,2014-05-21,212.0
4889,2014-05-22,215.0
4890,2014-05-23,214.0
4891,2014-05-24,
4892,2014-05-25,
4893,2014-05-26,214.0
4894,2014-05-27,216.0
4895,2014-05-28,212.0
4896,2014-05-29,206.0
4897,2014-05-30,208.0
4898,2014-05-31,
4899,2014-06-01,
4900,2014-06-02,208.0
4901,2014-06-03,207.0
4902,2014-06-04,210.0
4903,2014-06-05,207.0
4904,2014-06-06,198.0
4905,2014-06-07,
4906,2014-06-08,
4907,2014-06-09,197.0
4908,2014-06-10,201.0
4909,2014-06-11,212.0
4910,2014-06-12,211.0
4911,2014-06-13,204.0
4912,2014-06-14,
4913,2014-06-15,
4914,2014-06-16,208.0
4915,2014-06-17,207.0
4916,2014-06-18,206.0
4917,2014-06-19,208.0
4918,2014-06-20,209.0
4919,2014-06-21,
4920,2014-06-22,
4921,2014-06-23,208.0
4922,2014-06-24,207.0
4923,2014-06-25,203.0
4924,2014-06-26,203.0
4925,2014-06-27,205.0
4926,2014-06-28,
4927,2014-06-29,
4928,2014-06-30,208.0
4929,2014-07-01,206.0
4930,2014-07-02,207.0
4931,2014-07-03,206.0
4932,2014-07-04,206.0
4933,2014-07-05,
4934,2014-07-06,
4935,2014-07-07,206.0
4936,2014-07-08,208.0
4937,2014-07-09,212.0
4938,2014-07-10,214.0
4939,2014-07-11,215.0
4940,2014-07-12,
4941,2014-07-13,
4942,2014-07-14,213.0
4943,2014-07-15,214.0
4944,2014-07-16,214.0
4945,2014-07-17,219.0
4946,2014-07-18,209.0
4947,2014-07-19,
4948,2014-07-20,
4949,2014-07-21,208.0
4950,2014-07-22,207.0
4951,2014-07-23,203.0
4952,2014-07-24,203.0
4953,2014-07-25,209.0
4954,2014-07-26,
4955,2014-07-27,
4956,2014-07-28,210.0
4957,2014-07-29,215.0
4958,2014-07-30,206.0
4959,2014-07-31,212.0
4960,2014-08-01,225.0
4961,2014-08-02,
4962,2014-08-03,
4963,2014-08-04,224.0
4964,2014-08-05,231.0
4965,2014-08-06,230.0
4966,2014-08-07,234.0
4967,2014-08-08,233.0
4968,2014-08-09,
4969,2014-08-10,
4970,2014-08-11,231.0
4971,2014-08-12,228.0
4972,2014-08-13,227.0
4973,2014-08-14,221.0
4974,2014-08-15,222.0
4975,2014-08-16,
4976,2014-08-17,
4977,2014-08-18,218.0
4978,2014-08-19,215.0
4979,2014-08-20,213.0
4980,2014-08-21,211.0
4981,2014-08-22,212.0
4982,2014-08-23,
4983,2014-08-24,
4984,2014-08-25,212.0
4985,2014-08-26,209.0
4986,2014-08-27,205.0
4987,2014-08-28,204.0
4988,2014-08-29,205.0
4989,2014-08-30,
4990,2014-08-31,
4991,2014-09-01,205.0
4992,2014-09-02,203.0
4993,2014-09-03,201.0
4994,2014-09-04,203.0
4995,2014-09-05,200.0
4996,2014-09-06,
4997,2014-09-07,
4998,2014-09-08,200.0
4999,2014-09-09,210.0
5000,2014-09-10,208.0
5001,2014-09-11,209.0
5002,2014-09-12,214.0
5003,2014-09-13,
5004,2014-09-14,
5005,2014-09-15,219.0
5006,2014-09-16,218.0
5007,2014-09-17,209.0
5008,2014-09-18,210.0
5009,2014-09-19,212.0
5010,2014-09-20,
5011,2014-09-21,
5012,2014-09-22,219.0
5013,2014-09-23,220.0
5014,2014-09-24,218.0
5015,2014-09-25,228.0
5016,2014-09-26,230.0
5017,2014-09-27,
5018,2014-09-28,
5019,2014-09-29,243.0
5020,2014-09-30,239.0
5021,2014-10-01,246.0
5022,2014-10-02,240.0
5023,2014-10-03,239.0
5024,2014-10-04,
5025,2014-10-05,
5026,2014-10-06,237.0
5027,2014-10-07,240.0
5028,2014-10-08,239.0
5029,2014-10-09,232.0
5030,2014-10-10,236.0
5031,2014-10-11,
5032,2014-10-12,
5033,2014-10-13,236.0
5034,2014-10-14,245.0
5035,2014-10-15,244.0
5036,2014-10-16,245.0
5037,2014-10-17,239.0
5038,2014-10-18,
5039,2014-10-19,
5040,2014-10-20,241.0
5041,2014-10-21,244.0
5042,2014-10-22,243.0
5043,2014-10-23,243.0
5044,2014-10-24,243.0
5045,2014-10-25,
5046,2014-10-26,
5047,2014-10-27,245.0
5048,2014-10-28,239.0
5049,2014-10-29,236.0
5050,2014-10-30,233.0
5051,2014-10-31,233.0
5052,2014-11-01,
5053,2014-11-02,
5054,2014-11-03,237.0
5055,2014-11-04,244.0
5056,2014-11-05,242.0
5057,2014-11-06,243.0
5058,2014-11-07,252.0
5059,2014-11-08,
5060,2014-11-09,
5061,2014-11-10,249.0
5062,2014-11-11,249.0
5063,2014-11-12,249.0
5064,2014-11-13,250.0
5065,2014-11-14,263.0
5066,2014-11-15,
5067,2014-11-16,
5068,2014-11-17,264.0
5069,2014-11-18,264.0
5070,2014-11-19,255.0
5071,2014-11-20,252.0
5072,2014-11-21,237.0
5073,2014-11-22,
5074,2014-11-23,
5075,2014-11-24,241.0
5076,2014-11-25,245.0
5077,2014-11-26,238.0
5078,2014-11-27,238.0
5079,2014-11-28,238.0
5080,2014-11-29,
5081,2014-11-30,
5082,2014-12-01,244.0
5083,2014-12-02,238.0
5084,2014-12-03,233.0
5085,2014-12-04,238.0
5086,2014-12-05,243.0
5087,2014-12-06,
5088,2014-12-07,
5089,2014-12-08,255.0
5090,2014-12-09,266.0
5091,2014-12-10,280.0
5092,2014-12-11,273.0
5093,2014-12-12,301.0
5094,2014-12-13,
5095,2014-12-14,
5096,2014-12-15,312.0
5097,2014-12-16,318.0
5098,2014-12-17,284.0
5099,2014-12-18,283.0
5100,2014-12-19,266.0
5101,2014-12-20,
5102,2014-12-21,
5103,2014-12-22,263.0
5104,2014-12-23,250.0
5105,2014-12-24,254.0
5106,2014-12-25,
5107,2014-12-26,256.0
5108,2014-12-27,
5109,2014-12-28,
5110,2014-12-29,257.0
5111,2014-12-30,261.0
5112,2014-12-31,259.0
5113,2015-01-01,
5114,2015-01-02,264.0
5115,2015-01-03,
5116,2015-01-04,
5117,2015-01-05,281.0
5118,2015-01-06,287.0
5119,2015-01-07,284.0
5120,2015-01-08,278.0
5121,2015-01-09,281.0
5122,2015-01-10,
5123,2015-01-11,
5124,2015-01-12,293.0
5125,2015-01-13,292.0
5126,2015-01-14,289.0
5127,2015-01-15,294.0
5128,2015-01-16,294.0
5129,2015-01-17,
5130,2015-01-18,
5131,2015-01-19,294.0
5132,2015-01-20,290.0
5133,2015-01-21,288.0
5134,2015-01-22,286.0
5135,2015-01-23,283.0
5136,2015-01-24,
5137,2015-01-25,
5138,2015-01-26,286.0
5139,2015-01-27,284.0
5140,2015-01-28,297.0
5141,2015-01-29,294.0
5142,2015-01-30,324.0
5143,2015-01-31,
5144,2015-02-01,
5145,2015-02-02,324.0
5146,2015-02-03,311.0
5147,2015-02-04,307.0
5148,2015-02-05,300.0
5149,2015-02-06,297.0
5150,2015-02-07,
5151,2015-02-08,
5152,2015-02-09,296.0
5153,2015-02-10,300.0
5154,2015-02-11,312.0
5155,2015-02-12,313.0
5156,2015-02-13,305.0
5157,2015-02-14,
5158,2015-02-15,
5159,2015-02-16,305.0
5160,2015-02-17,301.0
5161,2015-02-18,304.0
5162,2015-02-19,297.0
5163,2015-02-20,306.0
5164,2015-02-21,
5165,2015-02-22,
5166,2015-02-23,314.0
5167,2015-02-24,314.0
5168,2015-02-25,322.0
5169,2015-02-26,329.0
5170,2015-02-27,322.0
5171,2015-02-28,
5172,2015-03-01,
5173,2015-03-02,310.0
5174,2015-03-03,303.0
5175,2015-03-04,307.0
5176,2015-03-05,307.0
5177,2015-03-06,308.0
5178,2015-03-07,
5179,2015-03-08,
5180,2015-03-09,327.0
5181,2015-03-10,328.0
5182,2015-03-11,333.0
5183,2015-03-12,324.0
5184,2015-03-13,344.0
5185,2015-03-14,
5186,2015-03-15,
5187,2015-03-16,344.0
5188,2015-03-17,361.0
5189,2015-03-18,360.0
5190,2015-03-19,351.0
5191,2015-03-20,344.0
5192,2015-03-21,
5193,2015-03-22,
5194,2015-03-23,333.0
5195,2015-03-24,328.0
5196,2015-03-25,324.0
5197,2015-03-26,319.0
5198,2015-03-27,324.0
5199,2015-03-28,
5200,2015-03-29,
5201,2015-03-30,318.0
5202,2015-03-31,322.0
5203,2015-04-01,317.0
5204,2015-04-02,309.0
5205,2015-04-03,312.0
5206,2015-04-04,
5207,2015-04-05,
5208,2015-04-06,302.0
5209,2015-04-07,301.0
5210,2015-04-08,287.0
5211,2015-04-09,283.0
5212,2015-04-10,287.0
5213,2015-04-11,
5214,2015-04-12,
5215,2015-04-13,291.0
5216,2015-04-14,289.0
5217,2015-04-15,293.0
5218,2015-04-16,300.0
5219,2015-04-17,310.0
5220,2015-04-18,
5221,2015-04-19,
5222,2015-04-20,296.0
5223,2015-04-21,288.0
5224,2015-04-22,278.0
5225,2015-04-23,276.0
5226,2015-04-24,280.0
5227,2015-04-25,
5228,2015-04-26,
5229,2015-04-27,283.0
5230,2015-04-28,281.0
5231,2015-04-29,282.0
5232,2015-04-30,295.0
5233,2015-05-01,296.0
5234,2015-05-02,
5235,2015-05-03,
5236,2015-05-04,292.0
5237,2015-05-05,284.0
5238,2015-05-06,277.0
5239,2015-05-07,281.0
5240,2015-05-08,274.0
5241,2015-05-09,
5242,2015-05-10,
5243,2015-05-11,275.0
5244,2015-05-12,283.0
5245,2015-05-13,279.0
5246,2015-05-14,282.0
5247,2015-05-15,285.0
5248,2015-05-16,
5249,2015-05-17,
5250,2015-05-18,275.0
5251,2015-05-19,274.0
5252,2015-05-20,270.0
5253,2015-05-21,269.0
5254,2015-05-22,268.0
5255,2015-05-23,
5256,2015-05-24,
5257,2015-05-25,268.0
5258,2015-05-26,281.0
5259,2015-05-27,285.0
5260,2015-05-28,287.0
5261,2015-05-29,294.0
5262,2015-05-30,
5263,2015-05-31,
5264,2015-06-01,292.0
5265,2015-06-02,284.0
5266,2015-06-03,283.0
5267,2015-06-04,288.0
5268,2015-06-05,287.0
5269,2015-06-06,
5270,2015-06-07,
5271,2015-06-08,288.0
5272,2015-06-09,290.0
5273,2015-06-10,291.0
5274,2015-06-11,288.0
5275,2015-06-12,287.0
5276,2015-06-13,
5277,2015-06-14,
5278,2015-06-15,292.0
5279,2015-06-16,297.0
5280,2015-06-17,298.0
5281,2015-06-18,283.0
5282,2015-06-19,292.0
5283,2015-06-20,
5284,2015-06-21,
5285,2015-06-22,292.0
5286,2015-06-23,288.0
5287,2015-06-24,292.0
5288,2015-06-25,298.0
5289,2015-06-26,296.0
5290,2015-06-27,
5291,2015-06-28,
5292,2015-06-29,310.0
5293,2015-06-30,304.0
5294,2015-07-01,299.0
5295,2015-07-02,295.0
5296,2015-07-03,295.0
5297,2015-07-04,
5298,2015-07-05,
5299,2015-07-06,304.0
5300,2015-07-07,309.0
5301,2015-07-08,312.0
5302,2015-07-09,307.0
5303,2015-07-10,297.0
5304,2015-07-11,
5305,2015-07-12,
5306,2015-07-13,296.0
5307,2015-07-14,297.0
5308,2015-07-15,306.0
5309,2015-07-16,306.0
5310,2015-07-17,311.0
5311,2015-07-18,
5312,2015-07-19,
5313,2015-07-20,318.0
5314,2015-07-21,320.0
5315,2015-07-22,328.0
5316,2015-07-23,344.0
5317,2015-07-24,353.0
5318,2015-07-25,
5319,2015-07-26,
5320,2015-07-27,360.0
5321,2015-07-28,350.0
5322,2015-07-29,340.0
5323,2015-07-30,339.0
5324,2015-07-31,315.0
5325,2015-08-01,
5326,2015-08-02,
5327,2015-08-03,323.0
5328,2015-08-04,322.0
5329,2015-08-05,317.0
5330,2015-08-06,341.0
5331,2015-08-07,343.0
5332,2015-08-08,
5333,2015-08-09,
5334,2015-08-10,335.0
5335,2015-08-11,342.0
5336,2015-08-12,323.0
5337,2015-08-13,322.0
5338,2015-08-14,318.0
5339,2015-08-15,
5340,2015-08-16,
5341,2015-08-17,316.0
5342,2015-08-18,316.0
5343,2015-08-19,329.0
5344,2015-08-20,338.0
5345,2015-08-21,351.0
5346,2015-08-22,
5347,2015-08-23,
5348,2015-08-24,369.0
5349,2015-08-25,352.0
5350,2015-08-26,358.0
5351,2015-08-27,338.0
5352,2015-08-28,334.0
5353,2015-08-29,
5354,2015-08-30,
5355,2015-08-31,340.0
5356,2015-09-01,361.0
5357,2015-09-02,367.0
5358,2015-09-03,365.0
5359,2015-09-04,381.0
5360,2015-09-05,
5361,2015-09-06,
5362,2015-09-07,381.0
5363,2015-09-08,372.0
5364,2015-09-09,363.0
5365,2015-09-10,388.0
5366,2015-09-11,390.0
5367,2015-09-12,
5368,2015-09-13,
5369,2015-09-14,389.0
5370,2015-09-15,377.0
5371,2015-09-16,374.0
5372,2015-09-17,376.0
5373,2015-09-18,397.0
5374,2015-09-19,
5375,2015-09-20,
5376,2015-09-21,422.0
5377,2015-09-22,443.0
5378,2015-09-23,454.0
5379,2015-09-24,450.0
5380,2015-09-25,453.0
5381,2015-09-26,
5382,2015-09-27,
5383,2015-09-28,489.0
5384,2015-09-29,485.0
5385,2015-09-30,442.0
5386,2015-10-01,421.0
5387,2015-10-02,406.0
5388,2015-10-03,
5389,2015-10-04,
5390,2015-10-05,388.0
5391,2015-10-06,386.0
5392,2015-10-07,405.0
5393,2015-10-08,389.0
5394,2015-10-09,383.0
5395,2015-10-10,
5396,2015-10-11,
5397,2015-10-12,383.0
5398,2015-10-13,408.0
5399,2015-10-14,411.0
5400,2015-10-15,408.0
5401,2015-10-16,419.0
5402,2015-10-17,
5403,2015-10-18,
5404,2015-10-19,438.0
5405,2015-10-20,454.0
5406,2015-10-21,450.0
5407,2015-10-22,437.0
5408,2015-10-23,423.0
5409,2015-10-24,
5410,2015-10-25,
5411,2015-10-26,418.0
5412,2015-10-27,422.0
5413,2015-10-28,414.0
5414,2015-10-29,410.0
5415,2015-10-30,410.0
5416,2015-10-31,
5417,2015-11-01,
5418,2015-11-02,394.0
5419,2015-11-03,376.0
5420,2015-11-04,378.0
5421,2015-11-05,387.0
5422,2015-11-06,393.0
5423,2015-11-07,
5424,2015-11-08,
5425,2015-11-09,403.0
5426,2015-11-10,396.0
5427,2015-11-11,396.0
5428,2015-11-12,398.0
5429,2015-11-13,415.0
5430,2015-11-14,
5431,2015-11-15,
5432,2015-11-16,410.0
5433,2015-11-17,399.0
5434,2015-11-18,395.0
5435,2015-11-19,381.0
5436,2015-11-20,386.0
5437,2015-11-21,
5438,2015-11-22,
5439,2015-11-23,397.0
5440,2015-11-24,393.0
5441,2015-11-25,411.0
5442,2015-11-26,411.0
5443,2015-11-27,409.0
5444,2015-11-28,
5445,2015-11-29,
5446,2015-11-30,432.0
5447,2015-12-01,436.0
5448,2015-12-02,440.0
5449,2015-12-03,438.0
5450,2015-12-04,435.0
5451,2015-12-05,
5452,2015-12-06,
5453,2015-12-07,444.0
5454,2015-12-08,453.0
5455,2015-12-09,458.0
5456,2015-12-10,473.0
5457,2015-12-11,501.0
5458,2015-12-12,
5459,2015-12-13,
5460,2015-12-14,484.0
5461,2015-12-15,465.0
5462,2015-12-16,499.0
5463,2015-12-17,498.0
5464,2015-12-18,524.0
5465,2015-12-19,
5466,2015-12-20,
5467,2015-12-21,545.0
5468,2015-12-22,521.0
5469,2015-12-23,516.0
5470,2015-12-24,518.0
5471,2015-12-25,
5472,2015-12-26,
5473,2015-12-27,
5474,2015-12-28,520.0
5475,2015-12-29,506.0
5476,2015-12-30,516.0
5477,2015-12-31,523.0
5478,2016-01-01,
5479,2016-01-02,
5480,2016-01-03,
5481,2016-01-04,532.0
5482,2016-01-05,497.0
5483,2016-01-06,505.0
5484,2016-01-07,506.0
5485,2016-01-08,512.0
5486,2016-01-09,
5487,2016-01-10,
5488,2016-01-11,506.0
5489,2016-01-12,506.0
5490,2016-01-13,521.0
5491,2016-01-14,512.0
5492,2016-01-15,533.0
5493,2016-01-16,
5494,2016-01-17,
5495,2016-01-18,533.0
5496,2016-01-19,533.0
5497,2016-01-20,544.0
5498,2016-01-21,534.0
5499,2016-01-22,514.0
5500,2016-01-23,
5501,2016-01-24,
5502,2016-01-25,523.0
5503,2016-01-26,511.0
5504,2016-01-27,503.0
5505,2016-01-28,499.0
5506,2016-01-29,512.0
5507,2016-02-01,513.0
5508,2016-02-02,530.0
5509,2016-02-03,525.0
5510,2016-02-04,523.0
5511,2016-02-05,521.0
5512,2016-02-08,548.0
5513,2016-02-09,547.0
5514,2016-02-10,554.0
5515,2016-02-11,569.0
5516,2016-02-12,554.0
5517,2016-02-15,554.0
5518,2016-02-16,549.0
5519,2016-02-17,535.0
5520,2016-02-18,539.0
5521,2016-02-19,529.0
5522,2016-02-22,521.0
5523,2016-02-23,519.0
5524,2016-02-24,506.0
5525,2016-02-25,513.0
5526,2016-02-26,506.0
5527,2016-02-29,502.0
5528,2016-03-01,489.0
5529,2016-03-02,485.0
5530,2016-03-03,462.0
5531,2016-03-04,447.0
5532,2016-03-07,452.0
5533,2016-03-08,460.0
5534,2016-03-09,440.0
5535,2016-03-10,434.0
5536,2016-03-11,427.0
5537,2016-03-14,437.0
5538,2016-03-15,459.0
5539,2016-03-16,457.0
5540,2016-03-17,435.0
5541,2016-03-18,409.0
5542,2016-03-21,392.0
5543,2016-03-22,391.0
5544,2016-03-23,419.0
5545,2016-03-24,427.0
5546,2016-03-28,419.0
5547,2016-03-29,416.0
5548,2016-03-30,404.0
5549,2016-03-31,409.0
5550,2016-04-01,404.0
5551,2016-04-04,413.0
5552,2016-04-05,432.0
5553,2016-04-06,430.0
5554,2016-04-07,449.0
5555,2016-04-08,440.0
5556,2016-04-11,416.0
5557,2016-04-12,397.0
5558,2016-04-13,387.0
5559,2016-04-14,382.0
5560,2016-04-15,387.0
5561,2016-04-18,394.0
5562,2016-04-19,390.0
5563,2016-04-20,385.0
5564,2016-04-21,400.0
5565,2016-04-22,406.0
5566,2016-04-25,403.0
5567,2016-04-26,397.0
5568,2016-04-27,382.0
5569,2016-04-28,385.0
5570,2016-04-29,385.0
5571,2016-05-02,382.0
5572,2016-05-03,392.0
5573,2016-05-04,395.0
5574,2016-05-05,397.0
5575,2016-05-06,390.0
5576,2016-05-09,394.0
5577,2016-05-10,387.0
5578,2016-05-11,379.0
5579,2016-05-12,376.0
5580,2016-05-13,382.0
5581,2016-05-16,375.0
5582,2016-05-17,374.0
5583,2016-05-18,377.0
5584,2016-05-19,394.0
5585,2016-05-20,392.0
5586,2016-05-23,397.0
5587,2016-05-24,395.0
5588,2016-05-25,391.0
5589,2016-05-26,395.0
5590,2016-05-27,391.0
5591,2016-05-30,391.0
5592,2016-05-31,404.0
5593,2016-06-01,401.0
5594,2016-06-02,392.0
5595,2016-06-03,391.0
5596,2016-06-06,385.0
5597,2016-06-07,377.0
5598,2016-06-08,371.0
5599,2016-06-09,375.0
5600,2016-06-10,383.0
5601,2016-06-13,389.0
5602,2016-06-14,401.0
5603,2016-06-15,395.0
5604,2016-06-16,399.0
5605,2016-06-17,392.0
5606,2016-06-20,380.0
5607,2016-06-21,378.0
5608,2016-06-22,376.0
5609,2016-06-23,365.0
5610,2016-06-24,384.0
5611,2016-06-27,393.0
5612,2016-06-28,376.0
5613,2016-06-29,354.0
5614,2016-06-30,350.0
5615,2016-07-01,347.0
5616,2016-07-04,347.0
5617,2016-07-05,352.0
5618,2016-07-06,355.0
5619,2016-07-07,355.0
5620,2016-07-08,345.0
5621,2016-07-11,340.0
5622,2016-07-12,331.0
5623,2016-07-13,334.0
5624,2016-07-14,331.0
5625,2016-07-15,331.0
5626,2016-07-18,332.0
5627,2016-07-19,332.0
5628,2016-07-20,330.0
5629,2016-07-21,337.0
5630,2016-07-22,338.0
5631,2016-07-25,341.0
5632,2016-07-26,343.0
5633,2016-07-27,344.0
5634,2016-07-28,340.0
5635,2016-07-29,339.0
5636,2016-08-01,336.0
5637,2016-08-02,331.0
5638,2016-08-03,327.0
5639,2016-08-04,325.0
5640,2016-08-05,319.0
5641,2016-08-08,317.0
5642,2016-08-09,320.0
5643,2016-08-10,316.0
5644,2016-08-11,309.0
5645,2016-08-12,306.0
5646,2016-08-15,299.0
5647,2016-08-16,292.0
5648,2016-08-17,298.0
5649,2016-08-18,297.0
5650,2016-08-19,296.0
5651,2016-08-22,303.0
5652,2016-08-23,302.0
5653,2016-08-24,305.0
5654,2016-08-25,306.0
5655,2016-08-26,299.0
5656,2016-08-29,304.0
5657,2016-08-30,306.0
5658,2016-08-31,309.0
5659,2016-09-01,315.0
5660,2016-09-02,309.0
5661,2016-09-05,309.0
5662,2016-09-06,309.0
5663,2016-09-07,303.0
5664,2016-09-08,303.0
5665,2016-09-09,314.0
5666,2016-09-12,313.0
5667,2016-09-13,325.0
5668,2016-09-14,333.0
5669,2016-09-15,331.0
5670,2016-09-16,340.0
5671,2016-09-19,334.0
5672,2016-09-20,328.0
5673,2016-09-21,312.0
5674,2016-09-22,306.0
5675,2016-09-23,315.0
5676,2016-09-26,320.0
5677,2016-09-27,322.0
5678,2016-09-28,311.0
5679,2016-09-29,318.0
5680,2016-09-30,319.0
5681,2016-10-03,315.0
5682,2016-10-04,318.0
5683,2016-10-05,319.0
5684,2016-10-06,317.0
5685,2016-10-07,317.0
5686,2016-10-10,317.0
5687,2016-10-11,319.0
5688,2016-10-12,314.0
5689,2016-10-13,313.0
5690,2016-10-14,309.0
5691,2016-10-17,314.0
5692,2016-10-18,314.0
5693,2016-10-19,311.0
5694,2016-10-20,308.0
5695,2016-10-21,308.0
5696,2016-10-24,305.0
5697,2016-10-25,307.0
5698,2016-10-26,309.0
5699,2016-10-27,313.0
5700,2016-10-28,308.0
5701,2016-10-31,313.0
5702,2016-11-01,323.0
5703,2016-11-02,328.0
5704,2016-11-03,327.0
5705,2016-11-04,328.0
5706,2016-11-07,314.0
5707,2016-11-08,303.0
5708,2016-11-09,306.0
5709,2016-11-10,341.0
5710,2016-11-11,341.0
5711,2016-11-14,357.0
5712,2016-11-15,330.0
5713,2016-11-16,329.0
5714,2016-11-17,331.0
5715,2016-11-18,334.0
5716,2016-11-21,333.0
5717,2016-11-22,332.0
5718,2016-11-23,336.0
5719,2016-11-24,336.0
5720,2016-11-25,337.0
5721,2016-11-28,334.0
5722,2016-11-29,337.0
5723,2016-11-30,337.0
5724,2016-12-01,348.0
5725,2016-12-02,350.0
5726,2016-12-05,342.0
5727,2016-12-06,341.0
5728,2016-12-07,336.0
5729,2016-12-08,334.0
5730,2016-12-09,328.0
5731,2016-12-12,330.0
5732,2016-12-13,324.0
5733,2016-12-14,332.0
5734,2016-12-15,332.0
5735,2016-12-16,328.0
5736,2016-12-19,327.0
5737,2016-12-20,324.0
5738,2016-12-21,323.0
5739,2016-12-22,326.0
5740,2016-12-23,325.0
5741,2016-12-26,325.0
5742,2016-12-27,322.0
5743,2016-12-28,325.0
5744,2016-12-29,325.0
5745,2016-12-30,328.0
5746,2017-01-02,328.0
5747,2017-01-03,325.0
5748,2017-01-04,311.0
5749,2017-01-05,302.0
5750,2017-01-06,301.0
5751,2017-01-09,302.0
5752,2017-01-10,305.0
5753,2017-01-11,305.0
5754,2017-01-12,298.0
5755,2017-01-13,288.0
5756,2017-01-16,288.0
5757,2017-01-17,282.0
5758,2017-01-18,291.0
5759,2017-01-19,296.0
5760,2017-01-20,294.0
5761,2017-01-23,295.0
5762,2017-01-24,293.0
5763,2017-01-25,296.0
5764,2017-01-26,296.0
5765,2017-01-27,284.0
5766,2017-01-30,291.0
5767,2017-01-31,289.0
5768,2017-02-01,285.0
5769,2017-02-02,281.0
5770,2017-02-03,276.0
5771,2017-02-06,277.0
5772,2017-02-07,287.0
5773,2017-02-08,284.0
5774,2017-02-09,280.0
5775,2017-02-10,272.0
5776,2017-02-13,268.0
5777,2017-02-14,266.0
5778,2017-02-15,271.0
5779,2017-02-16,280.0
5780,2017-02-17,282.0
5781,2017-02-20,282.0
5782,2017-02-21,279.0
5783,2017-02-22,277.0
5784,2017-02-23,272.0
5785,2017-02-24,277.0
5786,2017-02-27,277.0
5787,2017-02-28,286.0
5788,2017-03-01,275.0
5789,2017-03-02,280.0
5790,2017-03-03,273.0
5791,2017-03-06,272.0
5792,2017-03-07,274.0
5793,2017-03-08,287.0
5794,2017-03-09,290.0
5795,2017-03-10,280.0
5796,2017-03-13,286.0
5797,2017-03-14,291.0
5798,2017-03-15,282.0
5799,2017-03-16,274.0
5800,2017-03-17,272.0
5801,2017-03-20,269.0
5802,2017-03-21,277.0
5803,2017-03-22,280.0
5804,2017-03-23,280.0
5805,2017-03-24,278.0
5806,2017-03-27,279.0
5807,2017-03-28,278.0
5808,2017-03-29,275.0
5809,2017-03-30,274.0
5810,2017-03-31,270.0
5811,2017-04-03,270.0
5812,2017-04-04,265.0
5813,2017-04-05,263.0
5814,2017-04-06,269.0
5815,2017-04-07,271.0
5816,2017-04-10,267.0
5817,2017-04-11,272.0
5818,2017-04-12,271.0
5819,2017-04-13,271.0
5820,2017-04-17,270.0
5821,2017-04-18,275.0
5822,2017-04-19,273.0
5823,2017-04-20,275.0
5824,2017-04-21,272.0
5825,2017-04-24,263.0
5826,2017-04-25,263.0
5827,2017-04-26,268.0
5828,2017-04-27,264.0
5829,2017-04-28,263.0
5830,2017-05-01,260.0
5831,2017-05-02,258.0
5832,2017-05-03,256.0
5833,2017-05-04,264.0
5834,2017-05-05,262.0
5835,2017-05-08,262.0
5836,2017-05-09,264.0
5837,2017-05-10,257.0
5838,2017-05-11,255.0
5839,2017-05-12,255.0
5840,2017-05-15,251.0
5841,2017-05-16,250.0
5842,2017-05-17,258.0
5843,2017-05-18,300.0
5844,2017-05-19,282.0
5845,2017-05-22,288.0
5846,2017-05-23,280.0
5847,2017-05-24,281.0
5848,2017-05-25,286.0
5849,2017-05-26,283.0
5850,2017-05-29,286.0
5851,2017-05-30,284.0
5852,2017-05-31,284.0
5853,2017-06-01,284.0
5854,2017-06-02,283.0
5855,2017-06-05,283.0
5856,2017-06-06,285.0
5857,2017-06-07,288.0
5858,2017-06-08,285.0
5859,2017-06-09,285.0
5860,2017-06-12,286.0
5861,2017-06-13,282.0
5862,2017-06-14,281.0
5863,2017-06-15,286.0
5864,2017-06-16,286.0
5865,2017-06-19,289.0
5866,2017-06-20,299.0
5867,2017-06-21,302.0
5868,2017-06-22,298.0
5869,2017-06-23,294.0
5870,2017-06-26,290.0
5871,2017-06-27,298.0
5872,2017-06-28,290.0
5873,2017-06-29,294.0
5874,2017-06-30,289.0
5875,2017-07-03,286.0
5876,2017-07-05,291.0
5877,2017-07-06,297.0
5878,2017-07-07,293.0
5879,2017-07-10,286.0
5880,2017-07-11,282.0
5881,2017-07-12,277.0
5882,2017-07-13,277.0
5883,2017-07-14,274.0
5884,2017-07-17,273.0
5885,2017-07-18,273.0
5886,2017-07-19,271.0
5887,2017-07-20,266.0
5888,2017-07-21,264.0
5889,2017-07-24,270.0
5890,2017-07-25,272.0
5891,2017-07-26,269.0
5892,2017-07-27,268.0
5893,2017-07-28,271.0
5894,2017-07-31,268.0
5895,2017-08-01,267.0
5896,2017-08-02,268.0
5897,2017-08-03,264.0
5898,2017-08-04,262.0
5899,2017-08-07,263.0
5900,2017-08-08,262.0
5901,2017-08-09,269.0
5902,2017-08-10,281.0
5903,2017-08-11,281.0
5904,2017-08-14,276.0
5905,2017-08-15,269.0
5906,2017-08-16,271.0
5907,2017-08-17,279.0
5908,2017-08-18,277.0
5909,2017-08-21,279.0
5910,2017-08-22,276.0
5911,2017-08-23,274.0
5912,2017-08-24,269.0
5913,2017-08-25,270.0
5914,2017-08-28,273.0
5915,2017-08-29,274.0
5916,2017-08-30,272.0
5917,2017-08-31,272.0
5918,2017-09-01,265.0
5919,2017-09-04,265.0
5920,2017-09-05,268.0
5921,2017-09-06,267.0
5922,2017-09-07,265.0
5923,2017-09-08,264.0
5924,2017-09-11,259.0
5925,2017-09-12,260.0
5926,2017-09-13,257.0
5927,2017-09-14,256.0
5928,2017-09-15,255.0
5929,2017-09-18,252.0
5930,2017-09-19,252.0
5931,2017-09-20,254.0
5932,2017-09-21,255.0
5933,2017-09-22,253.0
5934,2017-09-25,257.0
5935,2017-09-26,256.0
5936,2017-09-27,256.0
5937,2017-09-28,253.0
5938,2017-09-29,247.0
5939,2017-10-02,246.0
5940,2017-10-03,245.0
5941,2017-10-04,245.0
5942,2017-10-05,241.0
5943,2017-10-06,244.0
5944,2017-10-09,244.0
5945,2017-10-10,248.0
5946,2017-10-11,247.0
5947,2017-10-12,245.0
5948,2017-10-13,244.0
5949,2017-10-16,242.0
5950,2017-10-17,240.0
5951,2017-10-18,236.0
5952,2017-10-19,236.0
5953,2017-10-20,233.0
5954,2017-10-23,233.0
5955,2017-10-24,234.0
5956,2017-10-25,234.0
5957,2017-10-26,242.0
5958,2017-10-27,238.0
5959,2017-10-30,239.0
5960,2017-10-31,243.0
5961,2017-11-01,244.0
5962,2017-11-02,245.0
5963,2017-11-03,249.0
5964,2017-11-06,247.0
5965,2017-11-07,253.0
5966,2017-11-08,253.0
5967,2017-11-09,255.0
5968,2017-11-10,253.0
5969,2017-11-13,251.0
5970,2017-11-14,256.0
5971,2017-11-15,260.0
5972,2017-11-16,251.0
5973,2017-11-17,246.0
5974,2017-11-20,248.0
5975,2017-11-21,247.0
5976,2017-11-22,246.0
5977,2017-11-23,246.0
5978,2017-11-24,243.0
5979,2017-11-27,242.0
5980,2017-11-28,239.0
5981,2017-11-29,240.0
5982,2017-11-30,241.0
5983,2017-12-01,244.0
5984,2017-12-04,242.0
5985,2017-12-05,236.0
5986,2017-12-06,238.0
5987,2017-12-07,242.0
5988,2017-12-08,240.0
5989,2017-12-11,239.0
5990,2017-12-12,239.0
5991,2017-12-13,243.0
5992,2017-12-14,245.0
5993,2017-12-15,244.0
5994,2017-12-18,238.0
5995,2017-12-19,234.0
5996,2017-12-20,231.0
5997,2017-12-21,233.0
5998,2017-12-22,235.0
5999,2017-12-26,237.0
6000,2017-12-27,240.0
6001,2017-12-28,239.0
6002,2017-12-29,240.0
6003,2018-01-02,234.0
6004,2018-01-03,228.0
6005,2018-01-04,225.0
6006,2018-01-05,221.0
6007,2018-01-08,222.0
6008,2018-01-09,218.0
6009,2018-01-10,222.0
6010,2018-01-11,223.0
6011,2018-01-12,225.0
6012,2018-01-15,225.0
6013,2018-01-16,226.0
6014,2018-01-17,228.0
6015,2018-01-18,231.0
6016,2018-01-19,231.0
6017,2018-01-22,231.0
6018,2018-01-23,233.0
6019,2018-01-24,226.0
6020,2018-01-25,225.0
6021,2018-01-26,222.0
6022,2018-01-27,
6023,2018-01-29,224.0
6024,2018-01-30,224.0
6025,2018-01-31,227.0
6026,2018-02-01,227.0
6027,2018-02-02,229.0
6028,2018-02-05,243.0
6029,2018-02-06,235.0
6030,2018-02-07,226.0
6031,2018-02-08,241.0
6032,2018-02-09,256.0
6033,2018-02-12,245.0
6034,2018-02-13,255.0
6035,2018-02-14,249.0
6036,2018-02-15,233.0
6037,2018-02-16,228.0
6038,2018-02-20,235.0
6039,2018-02-21,233.0
6040,2018-02-22,238.0
6041,2018-02-23,236.0
6042,2018-02-26,231.0
6043,2018-02-27,229.0
6044,2018-02-28,236.0
6045,2018-03-01,243.0
6046,2018-03-02,240.0
6047,2018-03-05,237.0
6048,2018-03-06,235.0
6049,2018-03-07,239.0
6050,2018-03-08,242.0
6051,2018-03-09,233.0
6052,2018-03-12,235.0
6053,2018-03-13,243.0
6054,2018-03-14,245.0
6055,2018-03-15,247.0
6056,2018-03-16,244.0
6057,2018-03-19,249.0
6058,2018-03-20,246.0
6059,2018-03-21,246.0
6060,2018-03-22,250.0
6061,2018-03-23,252.0
6062,2018-03-26,248.0
6063,2018-03-27,251.0
6064,2018-03-28,250.0
6065,2018-03-29,248.0
6066,2018-04-02,251.0
6067,2018-04-03,243.0
6068,2018-04-04,244.0
6069,2018-04-05,239.0
6070,2018-04-06,247.0
6071,2018-04-09,247.0
6072,2018-04-10,246.0
6073,2018-04-11,246.0
6074,2018-04-12,244.0
6075,2018-04-13,245.0
6076,2018-04-16,248.0
6077,2018-04-17,247.0
6078,2018-04-18,244.0
6079,2018-04-19,245.0
6080,2018-04-20,243.0
6081,2018-04-23,243.0
6082,2018-04-24,242.0
6083,2018-04-25,243.0
6084,2018-04-26,244.0
6085,2018-04-27,249.0
6086,2018-04-30,250.0
6087,2018-05-01,250.0
6088,2018-05-02,256.0
6089,2018-05-03,263.0
6090,2018-05-04,261.0
6091,2018-05-07,262.0
6092,2018-05-08,269.0
6093,2018-05-09,264.0
6094,2018-05-10,252.0
6095,2018-05-11,254.0
6096,2018-05-14,255.0
6097,2018-05-15,260.0
6098,2018-05-16,257.0
6099,2018-05-17,261.0
6100,2018-05-18,274.0
6101,2018-05-21,270.0
6102,2018-05-22,265.0
6103,2018-05-23,265.0
6104,2018-05-24,268.0
6105,2018-05-25,271.0
6106,2018-05-28,271.0
6107,2018-05-29,297.0
6108,2018-05-30,295.0
6109,2018-05-31,307.0
6110,2018-06-01,309.0
6111,2018-06-04,300.0
6112,2018-06-05,304.0
6113,2018-06-06,311.0
6114,2018-06-07,330.0
6115,2018-06-08,325.0
6116,2018-06-11,330.0
6117,2018-06-12,332.0
6118,2018-06-13,330.0
6119,2018-06-14,334.0
6120,2018-06-15,333.0
6121,2018-06-18,343.0
6122,2018-06-19,345.0
6123,2018-06-20,333.0
6124,2018-06-21,325.0
6125,2018-06-22,318.0
6126,2018-06-25,323.0
6127,2018-06-26,320.0
6128,2018-06-27,332.0
6129,2018-06-28,332.0
6130,2018-06-29,332.0
6131,2018-07-02,331.0
6132,2018-07-03,327.0
6133,2018-07-04,327.0
6134,2018-07-05,319.0
6135,2018-07-06,312.0
6136,2018-07-09,303.0
6137,2018-07-10,296.0
6138,2018-07-11,301.0
6139,2018-07-12,299.0
6140,2018-07-13,298.0
6141,2018-07-16,295.0
6142,2018-07-17,295.0
6143,2018-07-18,292.0
6144,2018-07-19,297.0
6145,2018-07-20,280.0
6146,2018-07-23,277.0
6147,2018-07-24,276.0
6148,2018-07-25,271.0
6149,2018-07-26,267.0
6150,2018-07-27,264.0
6151,2018-07-30,266.0
6152,2018-07-31,267.0
6153,2018-08-01,271.0
6154,2018-08-02,273.0
6155,2018-08-03,270.0
6156,2018-08-06,272.0
6157,2018-08-07,275.0
6158,2018-08-08,277.0
6159,2018-08-09,285.0
6160,2018-08-10,301.0
6161,2018-08-13,306.0
6162,2018-08-14,300.0
6163,2018-08-15,306.0
6164,2018-08-16,302.0
6165,2018-08-17,305.0
6166,2018-08-20,308.0
6167,2018-08-21,311.0
6168,2018-08-22,323.0
6169,2018-08-23,332.0
6170,2018-08-24,332.0
6171,2018-08-27,329.0
6172,2018-08-28,330.0
6173,2018-08-29,335.0
6174,2018-08-30,343.0
6175,2018-08-31,345.0
6176,2018-09-03,345.0
6177,2018-09-04,349.0
6178,2018-09-05,338.0
6179,2018-09-06,332.0
6180,2018-09-07,323.0
6181,2018-09-10,329.0
6182,2018-09-11,336.0
6183,2018-09-12,332.0
6184,2018-09-13,334.0
6185,2018-09-14,334.0
6186,2018-09-17,337.0
6187,2018-09-18,335.0
6188,2018-09-19,328.0
6189,2018-09-20,309.0
6190,2018-09-21,287.0
6191,2018-09-24,293.0
6192,2018-09-25,295.0
6193,2018-09-26,294.0
6194,2018-09-27,291.0
6195,2018-09-28,293.0
6196,2018-10-01,296.0
6197,2018-10-02,285.0
6198,2018-10-03,273.0
6199,2018-10-04,278.0
6200,2018-10-05,272.0
6201,2018-10-08,272.0
6202,2018-10-09,260.0
6203,2018-10-10,268.0
6204,2018-10-11,272.0
6205,2018-10-12,266.0
6206,2018-10-15,261.0
6207,2018-10-16,256.0
6208,2018-10-17,255.0
6209,2018-10-18,264.0
6210,2018-10-19,262.0
6211,2018-10-22,260.0
6212,2018-10-23,260.0
6213,2018-10-24,269.0
6214,2018-10-25,264.0
6215,2018-10-26,266.0
6216,2018-10-29,267.0
6217,2018-10-30,263.0
6218,2018-10-31,260.0
6219,2018-11-01,254.0
6220,2018-11-02,248.0
6221,2018-11-05,247.0
6222,2018-11-06,249.0
6223,2018-11-07,247.0
6224,2018-11-08,251.0
6225,2018-11-09,254.0
6226,2018-11-12,254.0
6227,2018-11-13,262.0
6228,2018-11-14,263.0
6229,2018-11-15,261.0
6230,2018-11-16,263.0
6231,2018-11-19,267.0
6232,2018-11-20,273.0
6233,2018-11-21,271.0
6234,2018-11-22,271.0
6235,2018-11-23,274.0
6236,2018-11-26,276.0
6237,2018-11-27,280.0
6238,2018-11-28,272.0
6239,2018-11-29,272.0
6240,2018-11-30,270.0
6241,2018-12-03,267.0
6242,2018-12-04,274.0
6243,2018-12-05,274.0
6244,2018-12-06,277.0
6245,2018-12-07,274.0
6246,2018-12-10,276.0
6247,2018-12-11,270.0
6248,2018-12-12,261.0
6249,2018-12-13,258.0
6250,2018-12-14,261.0
6251,2018-12-17,260.0
6252,2018-12-18,265.0
6253,2018-12-19,270.0
6254,2018-12-20,268.0
6255,2018-12-21,273.0
6256,2018-12-24,276.0
6257,2018-12-26,273.0
6258,2018-12-27,274.0
6259,2018-12-28,272.0
6260,2018-12-31,276.0
6261,2019-01-02,275.0
6262,2019-01-03,278.0
6263,2019-01-04,264.0
6264,2019-01-07,256.0
6265,2019-01-08,254.0
6266,2019-01-09,250.0
6267,2019-01-10,254.0
6268,2019-01-11,258.0
6269,2019-01-14,258.0
6270,2019-01-15,255.0
6271,2019-01-16,255.0
6272,2019-01-17,255.0
6273,2019-01-18,245.0
6274,2019-01-21,245.0
6275,2019-01-22,252.0
6276,2019-01-23,247.0
6277,2019-01-24,246.0
6278,2019-01-25,239.0
6279,2019-01-28,240.0
6280,2019-01-29,244.0
6281,2019-01-30,240.0
6282,2019-01-31,238.0
6283,2019-02-01,237.0
6284,2019-02-04,234.0
6285,2019-02-05,232.0
6286,2019-02-06,239.0
6287,2019-02-07,245.0
6288,2019-02-08,249.0
6289,2019-02-11,250.0
6290,2019-02-12,244.0
6291,2019-02-13,242.0
6292,2019-02-14,240.0
6293,2019-02-15,241.0
6294,2019-02-18,241.0
6295,2019-02-19,241.0
6296,2019-02-20,241.0
6297,2019-02-21,242.0
6298,2019-02-22,241.0
6299,2019-02-25,240.0
6300,2019-02-26,239.0
6301,2019-02-27,236.0
6302,2019-02-28,235.0
6303,2019-03-01,236.0
6304,2019-03-04,240.0
6305,2019-03-05,242.0
6306,2019-03-06,245.0
6307,2019-03-07,249.0
6308,2019-03-08,251.0
6309,2019-03-11,243.0
6310,2019-03-12,245.0
6311,2019-03-13,249.0
6312,2019-03-14,245.0
6313,2019-03-15,246.0
6314,2019-03-18,242.0
6315,2019-03-19,240.0
6316,2019-03-20,240.0
6317,2019-03-21,239.0
6318,2019-03-22,255.0
6319,2019-03-25,255.0
6320,2019-03-26,255.0
6321,2019-03-27,262.0
6322,2019-03-28,258.0
6323,2019-03-29,253.0
6324,2019-04-01,248.0
6325,2019-04-02,253.0
6326,2019-04-03,249.0
6327,2019-04-04,250.0
6328,2019-04-05,250.0
6329,2019-04-08,250.0
6330,2019-04-09,251.0
6331,2019-04-10,253.0
6332,2019-04-11,253.0
6333,2019-04-12,252.0
6334,2019-04-15,254.0
6335,2019-04-16,248.0
6336,2019-04-17,249.0
6337,2019-04-18,253.0
6338,2019-04-19,253.0
6339,2019-04-22,250.0
6340,2019-04-23,247.0
6341,2019-04-24,251.0
6342,2019-04-25,252.0
6343,2019-04-26,252.0
6344,2019-04-29,248.0
6345,2019-04-30,252.0
6346,2019-05-01,250.0
6347,2019-05-02,250.0
6348,2019-05-03,248.0
6349,2019-05-06,250.0
6350,2019-05-07,255.0
6351,2019-05-08,250.0
6352,2019-05-09,253.0
6353,2019-05-10,252.0
6354,2019-05-13,260.0
6355,2019-05-14,256.0
6356,2019-05-15,260.0
6357,2019-05-16,261.0
6358,2019-05-17,263.0
6359,2019-05-20,260.0
6360,2019-05-21,257.0
6361,2019-05-22,258.0
6362,2019-05-23,266.0
6363,2019-05-24,265.0
6364,2019-05-27,265.0
6365,2019-05-28,267.0
6366,2019-05-29,269.0
6367,2019-05-30,270.0
6368,2019-05-31,274.0
6369,2019-06-03,276.0
6370,2019-06-04,261.0
6371,2019-06-05,256.0
6372,2019-06-06,255.0
6373,2019-06-07,254.0
6374,2019-06-10,250.0
6375,2019-06-11,248.0
6376,2019-06-12,247.0
6377,2019-06-13,248.0
6378,2019-06-14,250.0
6379,2019-06-17,252.0
6380,2019-06-18,247.0
6381,2019-06-19,246.0
6382,2019-06-20,237.0
6383,2019-06-21,236.0
6384,2019-06-24,239.0
6385,2019-06-25,243.0
6386,2019-06-26,240.0
6387,2019-06-27,242.0
6388,2019-06-28,239.0
6389,2019-07-01,234.0
6390,2019-07-02,238.0
6391,2019-07-03,238.0
6392,2019-07-04,238.0
6393,2019-07-05,233.0
6394,2019-07-08,232.0
6395,2019-07-09,228.0
6396,2019-07-10,224.0
6397,2019-07-11,218.0
6398,2019-07-12,217.0
6399,2019-07-15,217.0
6400,2019-07-16,215.0
6401,2019-07-17,221.0
6402,2019-07-18,222.0
6403,2019-07-19,220.0
6404,2019-07-22,216.0
6405,2019-07-23,213.0
6406,2019-07-24,213.0
6407,2019-07-25,208.0
6408,2019-07-26,207.0
6409,2019-07-29,207.0
6410,2019-07-30,209.0
6411,2019-07-31,212.0
6412,2019-08-01,221.0
6413,2019-08-02,222.0
6414,2019-08-05,235.0
6415,2019-08-06,233.0
6416,2019-08-07,232.0
6417,2019-08-08,229.0
6418,2019-08-09,226.0
6419,2019-08-12,239.0
6420,2019-08-13,236.0
6421,2019-08-14,244.0
6422,2019-08-15,251.0
6423,2019-08-16,248.0
6424,2019-08-19,243.0
6425,2019-08-20,247.0
6426,2019-08-21,244.0
6427,2019-08-22,240.0
6428,2019-08-23,246.0
6429,2019-08-26,245.0
6430,2019-08-27,250.0
6431,2019-08-28,252.0
6432,2019-08-29,247.0
6433,2019-08-30,248.0
6434,2019-09-02,248.0
6435,2019-09-03,249.0
6436,2019-09-04,247.0
6437,2019-09-05,238.0
6438,2019-09-06,240.0
6439,2019-09-09,234.0
6440,2019-09-10,229.0
6441,2019-09-11,228.0
6442,2019-09-12,222.0
6443,2019-09-13,219.0
6444,2019-09-16,224.0
6445,2019-09-17,227.0
6446,2019-09-18,225.0
6447,2019-09-19,227.0
6448,2019-09-20,232.0
6449,2019-09-23,234.0
6450,2019-09-24,243.0
6451,2019-09-25,240.0
6452,2019-09-26,243.0
6453,2019-09-27,246.0
6454,2019-09-30,247.0
6455,2019-10-01,252.0
6456,2019-10-02,259.0
6457,2019-10-03,264.0
6458,2019-10-04,264.0
6459,2019-10-07,259.0
6460,2019-10-08,262.0
6461,2019-10-09,255.0
6462,2019-10-10,247.0
6463,2019-10-11,240.0
6464,2019-10-14,240.0
6465,2019-10-15,237.0
6466,2019-10-16,239.0
6467,2019-10-17,238.0
6468,2019-10-18,238.0
6469,2019-10-21,235.0
6470,2019-10-22,237.0
6471,2019-10-23,237.0
6472,2019-10-24,235.0
6473,2019-10-25,231.0
6474,2019-10-28,227.0
6475,2019-10-29,228.0
6476,2019-10-30,237.0
6477,2019-10-31,240.0
6478,2019-11-01,231.0
6479,2019-11-04,229.0
6480,2019-11-05,231.0
6481,2019-11-06,235.0
6482,2019-11-07,230.0
6483,2019-11-08,229.0
6484,2019-11-11,229.0
6485,2019-11-12,232.0
6486,2019-11-13,235.0
6487,2019-11-14,238.0
6488,2019-11-15,238.0
6489,2019-11-18,240.0
6490,2019-11-19,246.0
6491,2019-11-20,249.0
6492,2019-11-21,245.0
6493,2019-11-22,241.0
6494,2019-11-25,242.0
6495,2019-11-26,246.0
6496,2019-11-27,244.0
6497,2019-11-28,244.0
6498,2019-11-29,239.0
6499,2019-12-02,240.0
6500,2019-12-03,250.0
6501,2019-12-04,240.0
6502,2019-12-05,238.0
6503,2019-12-06,231.0
6504,2019-12-09,231.0
6505,2019-12-10,228.0
6506,2019-12-11,230.0
6507,2019-12-12,215.0
6508,2019-12-13,218.0
6509,2019-12-16,212.0
6510,2019-12-17,211.0
6511,2019-12-18,208.0
6512,2019-12-19,213.0
6513,2019-12-20,214.0
6514,2019-12-23,212.0
6515,2019-12-24,215.0
6516,2019-12-26,214.0
6517,2019-12-27,215.0
6518,2019-12-30,215.0
6519,2019-12-31,214.0
6520,2020-01-02,218.0
6521,2020-01-03,225.0
6522,2020-01-06,222.0
6523,2020-01-07,220.0
6524,2020-01-08,215.0
6525,2020-01-09,215.0
6526,2020-01-10,213.0
6527,2020-01-13,213.0
6528,2020-01-14,215.0
6529,2020-01-15,217.0
6530,2020-01-16,211.0
6531,2020-01-17,209.0
6532,2020-01-20,209.0
6533,2020-01-21,214.0
6534,2020-01-22,216.0
6535,2020-01-23,220.0
6536,2020-01-24,225.0
6537,2020-01-27,232.0
6538,2020-01-28,227.0
6539,2020-01-29,225.0
6540,2020-01-30,224.0
6541,2020-01-31,225.0
6542,2020-02-03,226.0
6543,2020-02-04,219.0
6544,2020-02-05,214.0
6545,2020-02-06,213.0
6546,2020-02-07,217.0
6547,2020-02-10,216.0
6548,2020-02-11,209.0
6549,2020-02-12,203.0
6550,2020-02-13,203.0
6551,2020-02-14,196.0
6552,2020-02-17,196.0
6553,2020-02-18,198.0
6554,2020-02-19,189.0
6555,2020-02-20,193.0
6556,2020-02-21,202.0
6557,2020-02-24,208.0
6558,2020-02-25,214.0
6559,2020-02-26,218.0
6560,2020-02-27,233.0
6561,2020-02-28,252.0
6562,2020-03-02,247.0
6563,2020-03-03,240.0
6564,2020-03-04,223.0
6565,2020-03-05,239.0
6566,2020-03-06,262.0
6567,2020-03-09,312.0
6568,2020-03-10,284.0
6569,2020-03-11,302.0
6570,2020-03-12,367.0
6571,2020-03-13,335.0
6572,2020-03-16,395.0
6573,2020-03-17,374.0
6574,2020-03-18,441.0
6575,2020-03-19,465.0
6576,2020-03-20,453.0
6577,2020-03-23,476.0
6578,2020-03-24,427.0
6579,2020-03-25,370.0
6580,2020-03-26,343.0
6581,2020-03-27,375.0
6582,2020-03-30,393.0
6583,2020-03-31,389.0
6584,2020-04-01,414.0
6585,2020-04-02,427.0
6586,2020-04-03,445.0
6587,2020-04-06,437.0
6588,2020-04-07,418.0
6589,2020-04-08,415.0
6590,2020-04-09,390.0
6591,2020-04-13,374.0
6592,2020-04-14,366.0
6593,2020-04-15,394.0
6594,2020-04-16,400.0
6595,2020-04-17,397.0
6596,2020-04-20,403.0
6597,2020-04-21,421.0
6598,2020-04-22,426.0
6599,2020-04-23,442.0
6600,2020-04-24,473.0
6601,2020-04-27,475.0
6602,2020-04-28,470.0
6603,2020-04-29,446.0
6604,2020-04-30,422.0
6605,2020-05-01,422.0
6606,2020-05-04,426.0
6607,2020-05-05,423.0
6608,2020-05-06,429.0
6609,2020-05-07,432.0
6610,2020-05-08,419.0
6611,2020-05-11,414.0
6612,2020-05-12,420.0
6613,2020-05-13,438.0
6614,2020-05-14,450.0
6615,2020-05-15,451.0
6616,2020-05-18,427.0
6617,2020-05-19,429.0
6618,2020-05-20,420.0
6619,2020-05-21,405.0
6620,2020-05-22,405.0
6621,2020-05-25,405.0
6622,2020-05-26,387.0
6623,2020-05-27,384.0
6624,2020-05-28,379.0
6625,2020-05-29,392.0
6626,2020-06-01,386.0
6627,2020-06-02,375.0
6628,2020-06-03,351.0
6629,2020-06-04,348.0
6630,2020-06-05,334.0
6631,2020-06-08,332.0
6632,2020-06-09,344.0
6633,2020-06-10,355.0
6634,2020-06-11,389.0
6635,2020-06-12,384.0
6636,2020-06-15,387.0
6637,2020-06-16,367.0
6638,2020-06-17,374.0
6639,2020-06-18,380.0
6640,2020-06-19,377.0
6641,2020-06-22,375.0
6642,2020-06-23,375.0
6643,2020-06-24,376.0
6644,2020-06-25,377.0
6645,2020-06-26,384.0
6646,2020-06-29,384.0
6647,2020-06-30,380.0
6648,2020-07-01,372.0
6649,2020-07-02,366.0
6650,2020-07-03,366.0
6651,2020-07-06,362.0
6652,2020-07-07,375.0
6653,2020-07-08,374.0
6654,2020-07-09,382.0
6655,2020-07-10,382.0
6656,2020-07-13,377.0
6657,2020-07-14,385.0
6658,2020-07-15,376.0
6659,2020-07-16,375.0
6660,2020-07-17,364.0
6661,2020-07-20,355.0
6662,2020-07-21,346.0
6663,2020-07-22,342.0
6664,2020-07-23,351.0
6665,2020-07-24,352.0
6666,2020-07-27,346.0
6667,2020-07-28,349.0
6668,2020-07-29,340.0
6669,2020-07-30,342.0
6670,2020-07-31,334.0
6671,2020-08-03,329.0
6672,2020-08-04,333.0
6673,2020-08-05,323.0
6674,2020-08-06,323.0
6675,2020-08-07,317.0
6676,2020-08-10,309.0
6677,2020-08-11,298.0
6678,2020-08-12,307.0
6679,2020-08-13,307.0
6680,2020-08-14,317.0
6681,2020-08-17,321.0
6682,2020-08-18,325.0
6683,2020-08-19,327.0
6684,2020-08-20,338.0
6685,2020-08-21,333.0
6686,2020-08-24,329.0
6687,2020-08-25,334.0
6688,2020-08-26,334.0
6689,2020-08-27,327.0
6690,2020-08-28,320.0
6691,2020-08-31,319.0
6692,2020-09-01,314.0
6693,2020-09-02,312.0
6694,2020-09-03,318.0
6695,2020-09-04,312.0
6696,2020-09-07,312.0
6697,2020-09-08,317.0
6698,2020-09-09,311.0
6699,2020-09-10,308.0
6700,2020-09-11,311.0
6701,2020-09-14,310.0
6702,2020-09-15,307.0
6703,2020-09-16,306.0
6704,2020-09-17,310.0
6705,2020-09-18,313.0
6706,2020-09-21,327.0
6707,2020-09-22,332.0
6708,2020-09-23,348.0
6709,2020-09-24,348.0
6710,2020-09-25,346.0
6711,2020-09-28,347.0
6712,2020-09-29,353.0
6713,2020-09-30,343.0
6714,2020-10-01,343.0
6715,2020-10-02,341.0
6716,2020-10-05,331.0
6717,2020-10-06,328.0
6718,2020-10-07,320.0
6719,2020-10-08,315.0
6720,2020-10-09,309.0
6721,2020-10-12,308.0
6722,2020-10-13,311.0
6723,2020-10-14,309.0
6724,2020-10-15,310.0
6725,2020-10-16,307.0
6726,2020-10-19,306.0
6727,2020-10-20,305.0
6728,2020-10-21,306.0
6729,2020-10-22,306.0
6730,2020-10-23,310.0
6731,2020-10-26,317.0
6732,2020-10-27,315.0
6733,2020-10-28,321.0
6734,2020-10-29,319.0
6735,2020-10-30,318.0
6736,2020-11-02,317.0
6737,2020-11-03,307.0
6738,2020-11-04,296.0
6739,2020-11-05,290.0
6740,2020-11-06,289.0
6741,2020-11-09,271.0
6742,2020-11-10,273.0
6743,2020-11-11,273.0
6744,2020-11-12,279.0
6745,2020-11-13,279.0
6746,2020-11-16,276.0
6747,2020-11-17,279.0
6748,2020-11-18,275.0
6749,2020-11-19,277.0
6750,2020-11-20,276.0
6751,2020-11-21,261.0
6752,2020-11-22,263.0
6753,2020-11-23,275.0
6754,2020-11-24,272.0
6755,2020-11-25,271.0
6756,2020-11-26,271.0
6757,2020-11-27,275.0
6758,2020-11-28,261.0
6759,2020-11-29,259.0
6760,2020-11-30,275.0
6761,2020-12-01,264.0
6762,2020-12-02,266.0
6763,2020-12-03,267.0
6764,2020-12-04,262.0
6765,2020-12-07,266.0
6766,2020-12-08,270.0
6767,2020-12-09,267.0
6768,2020-12-10,268.0
6769,2020-12-11,269.0
6770,2020-12-14,268.0
6771,2020-12-15,263.0
6772,2020-12-16,260.0
6773,2020-12-17,258.0
6774,2020-12-18,256.0
6775,2020-12-21,261.0
6776,2020-12-22,263.0
6777,2020-12-23,259.0
6778,2020-12-24,261.0
6779,2020-12-28,261.0
6780,2020-12-29,259.0
6781,2020-12-30,259.0
6782,2020-12-31,260.0
6783,2021-01-04,261.0
6784,2021-01-05,264.0
6785,2021-01-06,266.0
6786,2021-01-07,268.0
6787,2021-01-08,265.0
6788,2021-01-11,270.0
6789,2021-01-12,273.0
6790,2021-01-13,273.0
6791,2021-01-14,272.0
6792,2021-01-15,280.0
6793,2021-01-18,280.0
6794,2021-01-19,283.0
6795,2021-01-20,283.0
6796,2021-01-21,283.0
6797,2021-01-22,287.0
6798,2021-01-25,291.0
6799,2021-01-26,290.0
6800,2021-01-27,294.0
6801,2021-01-28,287.0
6802,2021-01-29,288.0
6803,2021-02-01,283.0
6804,2021-02-02,276.0
6805,2021-02-03,276.0
6806,2021-02-04,270.0
6807,2021-02-05,266.0
6808,2021-02-08,268.0
6809,2021-02-09,270.0
6810,2021-02-10,273.0
6811,2021-02-11,271.0
6812,2021-02-12,269.0
6813,2021-02-15,269.0
6814,2021-02-16,270.0
6815,2021-02-17,271.0
6816,2021-02-18,279.0
6817,2021-02-19,274.0
6818,2021-02-22,292.0
6819,2021-02-23,288.0
6820,2021-02-24,280.0
6821,2021-02-25,285.0
6822,2021-02-26,299.0
6823,2021-03-01,296.0
6824,2021-03-02,303.0
6825,2021-03-03,304.0
6826,2021-03-04,299.0
6827,2021-03-05,306.0
6828,2021-03-08,323.0
6829,2021-03-09,324.0
6830,2021-03-10,320.0
6831,2021-03-11,310.0
6832,2021-03-12,302.0
6833,2021-03-15,302.0
6834,2021-03-16,295.0
6835,2021-03-17,294.0
6836,2021-03-18,289.0
6837,2021-03-19,288.0
6838,2021-03-22,289.0
6839,2021-03-23,289.0
6840,2021-03-24,294.0
6841,2021-03-25,301.0
6842,2021-03-26,299.0
6843,2021-03-29,295.0
6844,2021-03-30,299.0
6845,2021-03-31,290.0
6846,2021-04-01,292.0
6847,2021-04-05,289.0
6848,2021-04-06,288.0
6849,2021-04-07,286.0
6850,2021-04-08,289.0
6851,2021-04-09,289.0
6852,2021-04-12,292.0
6853,2021-04-13,296.0
6854,2021-04-14,291.0
6855,2021-04-15,290.0
6856,2021-04-16,285.0
6857,2021-04-19,281.0
6858,2021-04-20,286.0
6859,2021-04-21,286.0
6860,2021-04-22,287.0
6861,2021-04-23,283.0
6862,2021-04-26,283.0
6863,2021-04-27,282.0
6864,2021-04-28,281.0
6865,2021-04-29,277.0
6866,2021-04-30,277.0
6867,2021-05-03,277.0
6868,2021-05-04,277.0
6869,2021-05-05,276.0
6870,2021-05-06,272.0
6871,2021-05-07,261.0
6872,2021-05-10,254.0
6873,2021-05-11,256.0
6874,2021-05-12,256.0
6875,2021-05-13,257.0
6876,2021-05-14,258.0
6877,2021-05-17,260.0
6878,2021-05-18,260.0
6879,2021-05-19,262.0
6880,2021-05-20,266.0
6881,2021-05-21,266.0
6882,2021-05-24,268.0
6883,2021-05-25,271.0
6884,2021-05-26,265.0
6885,2021-05-27,264.0
6886,2021-05-28,261.0
6887,2021-05-31,262.0
6888,2021-06-01,260.0
6889,2021-06-02,258.0
6890,2021-06-03,260.0
6891,2021-06-04,263.0
6892,2021-06-07,261.0
6893,2021-06-08,263.0
6894,2021-06-09,264.0
6895,2021-06-10,266.0
6896,2021-06-11,262.0
6897,2021-06-14,263.0
6898,2021-06-15,266.0
6899,2021-06-16,266.0
6900,2021-06-17,263.0
6901,2021-06-18,267.0
6902,2021-06-21,263.0
6903,2021-06-22,267.0
6904,2021-06-23,264.0
6905,2021-06-24,265.0
6906,2021-06-25,262.0
6907,2021-06-28,266.0
6908,2021-06-29,270.0
6909,2021-06-30,275.0
6910,2021-07-01,276.0
6911,2021-07-02,279.0
6912,2021-07-05,279.0
6913,2021-07-06,287.0
6914,2021-07-07,291.0
6915,2021-07-08,294.0
6916,2021-07-09,289.0
6917,2021-07-12,288.0
6918,2021-07-13,285.0
6919,2021-07-14,289.0
6920,2021-07-15,292.0
6921,2021-07-16,291.0
6922,2021-07-19,303.0
6923,2021-07-20,299.0
6924,2021-07-21,296.0
6925,2021-07-22,296.0
6926,2021-07-23,294.0
6927,2021-07-26,294.0
6928,2021-07-27,300.0
6929,2021-07-28,300.0
6930,2021-07-29,298.0
6931,2021-07-30,300.0
6932,2021-08-02,302.0
6933,2021-08-03,304.0
6934,2021-08-04,305.0
6935,2021-08-05,301.0
6936,2021-08-06,301.0
6937,2021-08-09,301.0
6938,2021-08-10,301.0
6939,2021-08-11,301.0
6940,2021-08-12,300.0
6941,2021-08-13,304.0
6942,2021-08-16,307.0
6943,2021-08-17,309.0
6944,2021-08-18,313.0
6945,2021-08-19,321.0
6946,2021-08-20,320.0
6947,2021-08-23,318.0
6948,2021-08-24,315.0
6949,2021-08-25,310.0
6950,2021-08-26,311.0
6951,2021-08-27,309.0
6952,2021-08-30,304.0
6953,2021-08-31,304.0
6954,2021-09-01,304.0
6955,2021-09-02,305.0
6956,2021-09-03,304.0
6957,2021-09-06,304.0
6958,2021-09-07,304.0
6959,2021-09-08,312.0
6960,2021-09-09,317.0
6961,2021-09-10,310.0
6962,2021-09-13,314.0
6963,2021-09-14,318.0
6964,2021-09-15,314.0
6965,2021-09-16,312.0
6966,2021-09-17,311.0
6967,2021-09-20,322.0
6968,2021-09-21,318.0
6969,2021-09-22,318.0
6970,2021-09-23,317.0
6971,2021-09-24,320.0
6972,2021-09-27,322.0
6973,2021-09-28,325.0
6974,2021-09-29,320.0
6975,2021-09-30,327.0
6976,2021-10-01,333.0
6977,2021-10-04,334.0
6978,2021-10-05,332.0
6979,2021-10-06,334.0
6980,2021-10-07,326.0
6981,2021-10-08,326.0
6982,2021-10-11,327.0
6983,2021-10-12,332.0
6984,2021-10-13,330.0
6985,2021-10-14,328.0
6986,2021-10-15,324.0
6987,2021-10-18,327.0
6988,2021-10-19,329.0
6989,2021-10-20,336.0
6990,2021-10-21,350.0
6991,2021-10-22,353.0
6992,2021-10-25,348.0
6993,2021-10-26,346.0
6994,2021-10-27,346.0
6995,2021-10-28,347.0
6996,2021-10-29,362.0
6997,2021-11-01,366.0
6998,2021-11-02,370.0
6999,2021-11-03,361.0
7000,2021-11-04,356.0
7001,2021-11-05,355.0
7002,2021-11-08,343.0
7003,2021-11-09,346.0
7004,2021-11-10,341.0
7005,2021-11-11,338.0
7006,2021-11-12,339.0
7007,2021-11-15,336.0
7008,2021-11-16,336.0
7009,2021-11-17,338.0
7010,2021-11-18,340.0
7011,2021-11-19,341.0
7012,2021-11-22,339.0
7013,2021-11-23,345.0
7014,2021-11-24,349.0
7015,2021-11-25,349.0
7016,2021-11-26,375.0
7017,2021-11-29,366.0
7018,2021-11-30,366.0
7019,2021-12-01,355.0
7020,2021-12-02,345.0
7021,2021-12-03,349.0
7022,2021-12-06,343.0
7023,2021-12-07,330.0
7024,2021-12-08,327.0
7025,2021-12-09,333.0
7026,2021-12-10,333.0
7027,2021-12-13,337.0
7028,2021-12-14,338.0
7029,2021-12-15,339.0
7030,2021-12-16,342.0
7031,2021-12-17,343.0
7032,2021-12-20,345.0
7033,2021-12-21,341.0
7034,2021-12-22,342.0
7035,2021-12-23,335.0
7036,2021-12-24,335.0
7037,2021-12-27,334.0
7038,2021-12-28,331.0
7039,2021-12-29,325.0
7040,2021-12-30,326.0
7041,2021-12-31,326.0
7042,2022-01-03,320.0
7043,2022-01-04,323.0
7044,2022-01-05,323.0
7045,2022-01-06,333.0
7046,2022-01-07,333.0
7047,2022-01-10,335.0
7048,2022-01-11,336.0
7049,2022-01-12,333.0
7050,2022-01-13,337.0
7051,2022-01-14,336.0
7052,2022-01-17,336.0
7053,2022-01-18,336.0
7054,2022-01-19,332.0
7055,2022-01-20,328.0
7056,2022-01-21,335.0
7057,2022-01-24,336.0
7058,2022-01-25,334.0
7059,2022-01-26,329.0
7060,2022-01-27,333.0
7061,2022-01-28,339.0
7062,2022-01-31,334.0
7063,2022-02-01,331.0
7064,2022-02-02,327.0
7065,2022-02-03,325.0
7066,2022-02-04,326.0
7067,2022-02-07,328.0
7068,2022-02-08,325.0
7069,2022-02-09,318.0
7070,2022-02-10,318.0
7071,2022-02-11,337.0
7072,2022-02-14,335.0
7073,2022-02-15,325.0
7074,2022-02-16,328.0
7075,2022-02-17,335.0
7076,2022-02-18,340.0
7077,2022-02-22,341.0
7078,2022-02-23,340.0
7079,2022-02-24,338.0
7080,2022-02-25,328.0
7081,2022-02-28,338.0
7082,2022-03-01,339.0
7083,2022-03-02,327.0
7084,2022-03-03,330.0
7085,2022-03-04,343.0
7086,2022-03-07,347.0
7087,2022-03-08,346.0
7088,2022-03-09,332.0
7089,2022-03-10,332.0
7090,2022-03-11,330.0
7091,2022-03-14,331.0
7092,2022-03-15,331.0
7093,2022-03-16,324.0
7094,2022-03-17,310.0
7095,2022-03-18,313.0
7096,2022-03-21,309.0
7097,2022-03-22,309.0
7098,2022-03-23,320.0
7099,2022-03-24,313.0
7100,2022-03-25,301.0
7101,2022-03-28,301.0
7102,2022-03-29,300.0
7103,2022-03-30,294.0
7104,2022-03-31,294.0
7105,2022-04-01,295.0
7106,2022-04-04,290.0
7107,2022-04-05,283.0
7108,2022-04-06,292.0
7109,2022-04-07,291.0
7110,2022-04-08,294.0
7111,2022-04-11,300.0
7112,2022-04-12,301.0
7113,2022-04-13,296.0
7114,2022-04-14,284.0
7115,2022-04-18,284.0
7116,2022-04-19,283.0
7117,2022-04-20,283.0
7118,2022-04-21,288.0
7119,2022-04-22,293.0
7120,2022-04-25,295.0
7121,2022-04-26,298.0
7122,2022-04-27,297.0
7123,2022-04-28,303.0
7124,2022-04-29,306.0
7125,2022-05-02,310.0
7126,2022-05-03,302.0
7127,2022-05-04,300.0
7128,2022-05-05,299.0
7129,2022-05-06,301.0
7130,2022-05-09,323.0
7131,2022-05-10,315.0
7132,2022-05-11,316.0
7133,2022-05-12,318.0
7134,2022-05-13,314.0
7135,2022-05-16,319.0
7136,2022-05-17,315.0
7137,2022-05-18,328.0
7138,2022-05-19,326.0
7139,2022-05-20,332.0
7140,2022-05-23,325.0
7141,2022-05-24,330.0
7142,2022-05-25,316.0
7143,2022-05-26,310.0
7144,2022-05-27,305.0
7145,2022-05-30,305.0
7146,2022-05-31,300.0
7147,2022-06-01,302.0
7148,2022-06-02,305.0
7149,2022-06-03,309.0
7150,2022-06-06,307.0
7151,2022-06-07,311.0
7152,2022-06-08,312.0
7153,2022-06-09,318.0
7154,2022-06-10,325.0
7155,2022-06-13,338.0
7156,2022-06-14,338.0
7157,2022-06-15,336.0
7158,2022-06-16,348.0
7159,2022-06-17,346.0
7160,2022-06-20,346.0
7161,2022-06-21,342.0
7162,2022-06-22,347.0
7163,2022-06-23,347.0
7164,2022-06-24,343.0
7165,2022-06-27,340.0
7166,2022-06-28,356.0
7167,2022-06-29,365.0
7168,2022-06-30,364.0
7169,2022-07-01,362.0
7170,2022-07-04,362.0
7171,2022-07-05,369.0
7172,2022-07-06,357.0
7173,2022-07-07,352.0
7174,2022-07-08,349.0
7175,2022-07-11,359.0
7176,2022-07-12,367.0
7177,2022-07-13,376.0
7178,2022-07-15,376.0
7179,2022-07-18,364.0
7180,2022-07-19,345.0
7181,2022-07-20,331.0
7182,2022-07-21,337.0
7183,2022-07-22,339.0
7184,2022-07-25,332.0
7185,2022-07-26,334.0
7186,2022-07-27,329.0
7187,2022-07-28,317.0
7188,2022-07-29,305.0
7189,2022-08-01,312.0
7190,2022-08-02,307.0
7191,2022-08-03,311.0
7192,2022-08-04,300.0
7193,2022-08-05,297.0
7194,2022-08-08,294.0
7195,2022-08-09,305.0
7196,2022-08-10,290.0
7197,2022-08-11,282.0
7198,2022-08-12,285.0
7199,2022-08-15,286.0
7200,2022-08-16,291.0
7201,2022-08-17,295.0
7202,2022-08-18,292.0
7203,2022-08-19,297.0
7204,2022-08-22,303.0
7205,2022-08-23,299.0
7206,2022-08-24,288.0
7207,2022-08-25,288.0
7208,2022-08-26,291.0
7209,2022-08-29,297.0
7210,2022-08-30,293.0
7211,2022-08-31,285.0
7212,2022-09-01,281.0
7213,2022-09-02,281.0
7214,2022-09-05,281.0
7215,2022-09-06,274.0
7216,2022-09-07,273.0
7217,2022-09-08,264.0
7218,2022-09-09,259.0
7219,2022-09-12,255.0
7220,2022-09-13,259.0
7221,2022-09-14,263.0
7222,2022-09-15,261.0
7223,2022-09-16,269.0
7224,2022-09-19,266.0
7225,2022-09-20,270.0
7226,2022-09-21,270.0
7227,2022-09-22,266.0
7228,2022-09-23,278.0
7229,2022-09-26,292.0
7230,2022-09-27,297.0
7231,2022-09-28,299.0
7232,2022-09-29,301.0
7233,2022-09-30,288.0
7234,2022-10-03,280.0
7235,2022-10-04,266.0
7236,2022-10-05,272.0
7237,2022-10-06,271.0
7238,2022-10-07,276.0
7239,2022-10-11,282.0
7240,2022-10-12,288.0
7241,2022-10-13,291.0
7242,2022-10-14,288.0
7243,2022-10-17,283.0
7244,2022-10-18,278.0
7245,2022-10-19,276.0
7246,2022-10-20,264.0
7247,2022-10-21,255.0
7248,2022-10-22,246.0
7249,2022-10-24,246.0
7250,2022-10-25,253.0
7251,2022-10-26,259.0
7252,2022-10-27,272.0
7253,2022-10-28,255.0
7254,2022-11-01,261.0
7255,2022-11-02,260.0
7256,2022-11-03,263.0
7257,2022-11-04,259.0
7258,2022-11-07,252.0
7259,2022-11-08,264.0
7260,2022-11-09,279.0
7261,2022-11-10,286.0
7262,2022-11-14,277.0
7263,2022-11-15,265.0
7264,2022-11-16,270.0
7265,2022-11-17,278.0
7266,2022-11-18,271.0
7267,2022-11-21,268.0
7268,2022-11-22,265.0
7269,2022-11-23,269.0
7270,2022-11-25,270.0
7271,2022-11-28,270.0
7272,2022-11-29,251.0
7273,2022-11-30,251.0
7274,2022-12-01,253.0
7275,2022-12-02,248.0
7276,2022-12-05,244.0
7277,2022-12-06,256.0
7278,2022-12-07,260.0
7279,2022-12-08,252.0
7280,2022-12-09,244.0
7281,2022-12-12,254.0
7282,2022-12-13,251.0
7283,2022-12-14,260.0
7284,2022-12-15,267.0
7285,2022-12-16,274.0
7286,2022-12-19,276.0
7287,2022-12-20,275.0
7288,2022-12-21,267.0
7289,2022-12-22,265.0
7290,2022-12-23,263.0
7291,2022-12-27,258.0
7292,2022-12-28,255.0
7293,2022-12-29,260.0
7294,2022-12-30,256.0
7295,2023-01-03,257.0
7296,2023-01-04,261.0
7297,2023-01-05,261.0
7298,2023-01-06,262.0
7299,2023-01-09,263.0
7300,2023-01-10,260.0
7301,2023-01-11,258.0
7302,2023-01-12,258.0
7303,2023-01-13,252.0
7304,2023-01-17,251.0
7305,2023-01-18,252.0
7306,2023-01-19,254.0
7307,2023-01-20,250.0
7308,2023-01-23,249.0
7309,2023-01-24,255.0
7310,2023-01-25,262.0
7311,2023-01-26,257.0
7312,2023-01-27,257.0
7313,2023-01-30,259.0
7314,2023-01-31,258.0
7315,2023-02-01,257.0
7316,2023-02-02,248.0
7317,2023-02-03,243.0
7318,2023-02-06,242.0
7319,2023-02-07,241.0
7320,2023-02-08,249.0
7321,2023-02-09,251.0
7322,2023-02-10,253.0
7323,2023-02-13,252.0
7324,2023-02-14,250.0
7325,2023-02-15,251.0
7326,2023-02-16,254.0
7327,2023-02-17,259.0
7328,2023-02-21,256.0
7329,2023-02-22,256.0
7330,2023-02-23,250.0
7331,2023-02-24,246.0
7332,2023-02-27,247.0
7333,2023-02-28,248.0
7334,2023-03-01,247.0
7335,2023-03-02,248.0
7336,2023-03-03,247.0
7337,2023-03-06,247.0
7338,2023-03-07,253.0
7339,2023-03-08,252.0
7340,2023-03-09,259.0
7341,2023-03-10,265.0
7342,2023-03-13,273.0
7343,2023-03-14,262.0
7344,2023-03-15,276.0
7345,2023-03-16,266.0
7346,2023-03-17,278.0
7347,2023-03-20,269.0
7348,2023-03-21,259.0
7349,2023-03-22,265.0
7350,2023-03-23,267.0
7351,2023-03-24,269.0
7352,2023-03-27,256.0
7353,2023-03-28,257.0
7354,2023-03-29,251.0
7355,2023-03-30,252.0
7356,2023-03-31,253.0
7357,2023-04-03,251.0
7358,2023-04-04,255.0
7359,2023-04-05,260.0
7360,2023-04-06,263.0
7361,2023-04-07,258.0
7362,2023-04-10,261.0
7363,2023-04-11,261.0
7364,2023-04-12,261.0
7365,2023-04-13,257.0
7366,2023-04-14,250.0
7367,2023-04-17,250.0
7368,2023-04-18,249.0
7369,2023-04-19,251.0
7370,2023-04-20,256.0
7371,2023-04-21,253.0
7372,2023-04-24,257.0
7373,2023-04-25,265.0
7374,2023-04-26,264.0
7375,2023-04-27,259.0
7376,2023-04-28,260.0
7377,2023-05-01,252.0
7378,2023-05-02,265.0
7379,2023-05-03,269.0
7380,2023-05-04,269.0
7381,2023-05-05,266.0
7382,2023-05-08,261.0
7383,2023-05-09,258.0
7384,2023-05-10,261.0
7385,2023-05-11,261.0
7386,2023-05-12,258.0
7387,2023-05-15,258.0
7388,2023-05-16,253.0
7389,2023-05-17,252.0
7390,2023-05-18,246.0
7391,2023-05-19,244.0
7392,2023-05-22,242.0
7393,2023-05-23,246.0
7394,2023-05-24,244.0
7395,2023-05-25,239.0
7396,2023-05-26,240.0
7397,2023-05-30,241.0
7398,2023-05-31,249.0
7399,2023-06-01,252.0
7400,2023-06-02,241.0
7401,2023-06-05,241.0
7402,2023-06-06,239.0
7403,2023-06-09,233.0
7404,2023-06-12,233.0
7405,2023-06-13,225.0
7406,2023-06-14,227.0
7407,2023-06-15,230.0
7408,2023-06-16,228.0
7409,2023-06-20,231.0
7410,2023-06-21,231.0
7411,2023-06-22,228.0
7412,2023-06-23,232.0
7413,2023-06-26,232.0
7414,2023-06-27,230.0
7415,2023-06-28,235.0
7416,2023-06-29,230.0
7417,2023-06-30,230.0
7418,2023-07-03,227.0
7419,2023-07-05,221.0
7420,2023-07-06,223.0
7421,2023-07-07,225.0
7422,2023-07-10,228.0
7423,2023-07-11,223.0
7424,2023-07-12,225.0
7425,2023-07-13,224.0
7426,2023-07-14,221.0
7427,2023-07-17,221.0
7428,2023-07-18,218.0
7429,2023-07-19,220.0
7430,2023-07-20,217.0
7431,2023-07-21,214.0
7432,2023-07-24,211.0
7433,2023-07-25,211.0
7434,2023-07-26,206.0
7435,2023-07-27,199.0
7436,2023-07-28,201.0
7437,2023-07-31,199.0
7438,2023-08-01,198.0
7439,2023-08-02,204.0
7440,2023-08-03,204.0
7441,2023-08-04,211.0
7442,2023-08-07,211.0
7443,2023-08-08,213.0
7444,2023-08-09,216.0
7445,2023-08-10,207.0
7446,2023-08-11,204.0
7447,2023-08-14,207.0
7448,2023-08-15,216.0
7449,2023-08-16,213.0
7450,2023-08-17,219.0
7451,2023-08-18,221.0
7452,2023-08-21,218.0
7453,2023-08-22,215.0
7454,2023-08-23,217.0
7455,2023-08-24,212.0
7456,2023-08-25,210.0
7457,2023-08-28,209.0
7458,2023-08-29,209.0
7459,2023-08-30,207.0
7460,2023-08-31,209.0
7461,2023-09-01,208.0
7462,2023-09-05,208.0
7463,2023-09-06,210.0
7464,2023-09-07,213.0
7465,2023-09-08,209.0
7466,2023-09-11,208.0
7467,2023-09-12,211.0
7468,2023-09-13,208.0
7469,2023-09-14,204.0
7470,2023-09-15,205.0
7471,2023-09-18,207.0
7472,2023-09-19,204.0
7473,2023-09-20,201.0
7474,2023-09-21,205.0
7475,2023-09-22,205.0
7476,2023-09-25,201.0
7477,2023-09-26,203.0
7478,2023-09-27,202.0
7479,2023-09-28,204.0
7480,2023-09-29,201.0
7481,2023-10-02,200.0
7482,2023-10-03,205.0
7483,2023-10-04,209.0
7484,2023-10-05,211.0
7485,2023-10-06,208.0
7486,2023-10-10,204.0
7487,2023-10-11,202.0
7488,2023-10-12,198.0
7489,2023-10-13,200.0
7490,2023-10-16,200.0
7491,2023-10-17,200.0
7492,2023-10-18,198.0
7493,2023-10-19,199.0
7494,2023-10-20,200.0
7495,2023-10-23,200.0
7496,2023-10-24,198.0
7497,2023-10-25,194.0
7498,2023-10-26,201.0
7499,2023-10-27,203.0
7500,2023-10-30,201.0
7501,2023-11-01,200.0
7502,2023-11-02,195.0
7503,2023-11-03,194.0
7504,2023-11-06,196.0
7505,2023-11-07,202.0
7506,2023-11-08,207.0
7507,2023-11-09,204.0
7508,2023-11-10,203.0
7509,2023-11-13,207.0
7510,2023-11-14,207.0
7511,2023-11-15,202.0
7512,2023-11-16,203.0
7513,2023-11-17,203.0
7514,2023-11-20,200.0
7515,2023-11-21,199.0
7516,2023-11-22,197.0
7517,2023-11-24,196.0
7518,2023-11-27,199.0
7519,2023-11-28,198.0
7520,2023-11-29,196.0
7521,2023-11-30,189.0
7522,2023-12-01,193.0
7523,2023-12-04,192.0
7524,2023-12-05,193.0
7525,2023-12-06,196.0
7526,2023-12-07,196.0
7527,2023-12-08,195.0
7528,2023-12-11,195.0
7529,2023-12-12,196.0
7530,2023-12-13,197.0
7531,2023-12-14,192.0
7532,2023-12-15,192.0
7533,2023-12-18,191.0
7534,2023-12-19,192.0
7535,2023-12-20,195.0
7536,2023-12-21,194.0
7537,2023-12-22,193.0
7538,2023-12-26,195.0
7539,2023-12-27,201.0
7540,2023-12-28,197.0
7541,2023-12-29,195.0
7542,2024-01-02,202.0
7543,2024-01-03,211.0
7544,2024-01-04,209.0
7545,2024-01-05,206.0
7546,2024-01-08,205.0
7547,2024-01-09,203.0
7548,2024-01-10,197.0
7549,2024-01-11,194.0
7550,2024-01-12,191.0
7551,2024-01-16,186.0
7552,2024-01-17,187.0
7553,2024-01-18,186.0
7554,2024-01-19,190.0
7555,2024-01-22,201.0
7556,2024-01-23,205.0
7557,2024-01-24,201.0
7558,2024-01-25,202.0
7559,2024-01-26,201.0
7560,2024-01-29,202.0
7561,2024-01-30,205.0
7562,2024-01-31,230.0
7563,2024-02-01,225.0
7564,2024-02-02,220.0
7565,2024-02-05,216.0
7566,2024-02-06,215.0
7567,2024-02-07,212.0
7568,2024-02-08,211.0
7569,2024-02-09,211.0
7570,2024-02-12,210.0
7571,2024-02-13,206.0
7572,2024-02-14,209.0
7573,2024-02-15,208.0
7574,2024-02-16,208.0
7575,2024-02-20,207.0
7576,2024-02-21,205.0
7577,2024-02-22,205.0
7578,2024-02-23,205.0
7579,2024-02-26,203.0
7580,2024-02-27,202.0
7581,2024-02-28,208.0
7582,2024-02-29,208.0
7583,2024-03-01,207.0
7584,2024-03-04,208.0
7585,2024-03-05,213.0
7586,2024-03-06,213.0
7587,2024-03-07,215.0
7588,2024-03-08,214.0
7589,2024-03-11,213.0
7590,2024-03-12,210.0
7591,2024-03-13,208.0
7592,2024-03-14,205.0
7593,2024-03-15,205.0
7594,2024-03-18,204.0
7595,2024-03-19,206.0
7596,2024-03-20,205.0
7597,2024-03-21,200.0
7598,2024-03-22,201.0
7599,2024-03-25,202.0
7600,2024-03-26,202.0
7601,2024-03-27,205.0
7602,2024-03-28,210.0
7603,2024-04-01,208.0
7604,2024-04-02,210.0
7605,2024-04-03,214.0
7606,2024-04-04,210.0
7607,2024-04-05,206.0
7608,2024-04-08,208.0
7609,2024-04-09,209.0
7610,2024-04-10,206.0
7611,2024-04-11,205.0
7612,2024-04-12,211.0
7613,2024-04-15,216.0
7614,2024-04-16,221.0
7615,2024-04-17,220.0
7616,2024-04-18,218.0
7617,2024-04-19,217.0
7618,2024-04-22,215.0
7619,2024-04-23,213.0
7620,2024-04-24,214.0
7621,2024-04-25,214.0
7622,2024-04-26,212.0
7623,2024-04-29,212.0
7624,2024-04-30,210.0
7625,2024-05-01,209.0
7626,2024-05-02,208.0
7627,2024-05-03,204.0
7628,2024-05-06,201.0
7629,2024-05-07,204.0
7630,2024-05-08,206.0
7631,2024-05-09,209.0
7632,2024-05-10,210.0
7633,2024-05-13,211.0
7634,2024-05-14,216.0
7635,2024-05-15,221.0
7636,2024-05-16,217.0
7637,2024-05-17,217.0
7638,2024-05-20,212.0
7639,2024-05-21,212.0
7640,2024-05-22,214.0
7641,2024-05-23,213.0
7642,2024-05-24,212.0
7643,2024-05-28,219.0
7644,2024-05-29,210.0
7645,2024-05-30,210.0
7646,2024-05-31,213.0
7647,2024-06-03,217.0
7648,2024-06-04,220.0
7649,2024-06-05,224.0
7650,2024-06-06,227.0
7651,2024-06-07,221.0
7652,2024-06-10,216.0
7653,2024-06-11,225.0
7654,2024-06-12,223.0
7655,2024-06-13,230.0
7656,2024-06-14,234.0
7657,2024-06-17,234.0
7658,2024-06-18,235.0
7659,2024-06-20,234.0
7660,2024-06-21,235.0
7661,2024-06-24,236.0
7662,2024-06-25,235.0
7663,2024-06-26,233.0
7664,2024-06-27,235.0
7665,2024-06-28,231.0
7666,2024-07-01,235.0
7667,2024-07-02,238.0
7668,2024-07-03,235.0
7669,2024-07-05,230.0
7670,2024-07-08,226.0
7671,2024-07-09,225.0
7672,2024-07-10,224.0
7673,2024-07-11,216.0
7674,2024-07-12,224.0
7675,2024-07-15,223.0
7676,2024-07-16,226.0
7677,2024-07-17,230.0
7678,2024-07-18,232.0
7679,2024-07-19,229.0
7680,2024-07-22,225.0
7681,2024-07-23,224.0
7682,2024-07-24,220.0
7683,2024-07-25,226.0
7684,2024-07-26,224.0
7685,2024-07-29,225.0
7686,2024-07-30,228.0
