,Data,evento,Reward_delta,Margem_exigida,Troca_Aprovada,Prob_Estado_Futuro,Carteira_Atual,Carteira_Pendente
0,2010-01-05,HOLDING,4.2100296943414115,0.2,True,0.8663557915454015,100_CDI,
1,2010-01-06,AGUARDANDO_EXECUCAO,4.210029694217777,0.0,True,0.8663557915746115,100_CDI,Alvo_Suavizado
2,2010-01-07,AGUARDANDO_EXECUCAO,4.210029694656164,0.2,True,0.8663557914483859,100_CDI,Alvo_Suavizado
3,2010-01-08,EXECUTOU_TROCA,4.210029697708705,0.2,False,0.8663557908141923,Alvo_Suavizado,
4,2010-01-11,HOLDING,0.0,0.2,False,0.8663557797981565,Alvo_Suavizado,
5,2010-01-12,HOLDING,0.0,0.2,False,0.8663557884962159,Alvo_Suavizado,
6,2010-01-13,HOLDING,0.0,0.2,False,0.8663557915847663,Alvo_Suavizado,
7,2010-01-14,HOLDING,0.0,0.2,False,0.8663557915828107,Alvo_Suavizado,
8,2010-01-15,HOLDING,0.0,0.2,False,0.8663557915795845,Alvo_Suavizado,
9,2010-01-18,HOLDING,0.0,0.2,False,0.8663557913798382,Alvo_Suavizado,
10,2010-01-19,HOLDING,0.0,0.2,False,0.8663557914541067,Alvo_Suavizado,
11,2010-01-20,HOLDING,0.0,0.2,False,0.8663557817082964,Alvo_Suavizado,
12,2010-01-21,HOLDING,0.0,0.2,False,0.8663556795660851,Alvo_Suavizado,
13,2010-01-22,HOLDING,0.0,0.2,False,0.8663472827565544,Alvo_Suavizado,
14,2010-01-26,HOLDING,0.0,0.2,False,0.866355577283854,Alvo_Suavizado,
15,2010-01-27,HOLDING,0.0,0.2,False,0.8663557902333073,Alvo_Suavizado,
16,2010-01-28,HOLDING,0.0,0.2,False,0.8663557915840432,Alvo_Suavizado,
17,2010-01-29,HOLDING,0.0,0.2,False,0.8663557915200818,Alvo_Suavizado,
18,2010-02-01,HOLDING,0.0,0.2,False,0.866355785394255,Alvo_Suavizado,
19,2010-02-02,HOLDING,0.0,0.2,False,0.8663557890536514,Alvo_Suavizado,
20,2010-02-03,HOLDING,0.0,0.2,False,0.8663557915840688,Alvo_Suavizado,
21,2010-02-04,HOLDING,0.0,0.2,False,0.8663557915847298,Alvo_Suavizado,
22,2010-02-05,HOLDING,0.0,0.2,False,0.8663557915847383,Alvo_Suavizado,
23,2010-02-08,HOLDING,0.0,0.2,False,0.866355791584022,Alvo_Suavizado,
24,2010-02-09,HOLDING,0.0,0.2,False,0.8663557915847342,Alvo_Suavizado,
25,2010-02-10,HOLDING,0.0,0.2,False,0.8663557915847355,Alvo_Suavizado,
26,2010-02-11,HOLDING,0.0,0.2,False,0.8663557915847278,Alvo_Suavizado,
27,2010-02-12,HOLDING,0.0,0.2,False,0.8663557915847275,Alvo_Suavizado,
28,2010-02-17,HOLDING,0.0,0.2,False,0.8663557915847276,Alvo_Suavizado,
29,2010-02-18,HOLDING,0.0,0.2,False,0.8663557915847527,Alvo_Suavizado,
30,2010-02-19,HOLDING,0.0,0.2,False,0.9103604985859235,Alvo_Suavizado,
31,2010-02-22,HOLDING,0.0,0.2,False,0.9103605924463278,Alvo_Suavizado,
32,2010-02-23,HOLDING,0.0,0.2,False,0.9103605924841576,Alvo_Suavizado,
33,2010-02-24,HOLDING,0.0,0.2,False,0.9103605924857016,Alvo_Suavizado,
34,2010-02-25,HOLDING,0.0,0.2,False,0.9103605923758851,Alvo_Suavizado,
35,2010-02-26,HOLDING,0.0,0.2,False,0.9103605923387394,Alvo_Suavizado,
36,2010-03-01,HOLDING,0.0,0.2,False,0.9103605924220997,Alvo_Suavizado,
37,2010-03-02,HOLDING,0.0,0.2,False,0.9103605924167948,Alvo_Suavizado,
38,2010-03-03,HOLDING,0.0,0.2,False,0.9103605925091747,Alvo_Suavizado,
39,2010-03-04,HOLDING,0.0,0.2,False,0.9103605925091813,Alvo_Suavizado,
40,2010-03-05,HOLDING,0.0,0.2,False,0.9103605925083823,Alvo_Suavizado,
41,2010-03-08,HOLDING,0.0,0.2,False,0.9103605925083946,Alvo_Suavizado,
42,2010-03-09,HOLDING,0.0,0.2,False,0.9103605925084082,Alvo_Suavizado,
43,2010-03-10,HOLDING,0.0,0.2,False,0.9103605925084397,Alvo_Suavizado,
44,2010-03-11,HOLDING,0.0,0.2,False,0.9103605925061601,Alvo_Suavizado,
45,2010-03-12,HOLDING,0.0,0.2,False,0.9103605924705768,Alvo_Suavizado,
46,2010-03-15,HOLDING,0.0,0.2,False,0.9103605924720706,Alvo_Suavizado,
47,2010-03-16,HOLDING,0.0,0.2,False,0.9103605924614211,Alvo_Suavizado,
48,2010-03-17,HOLDING,0.0,0.2,False,0.9103605924970665,Alvo_Suavizado,
49,2010-03-18,HOLDING,0.0,0.2,False,0.9103605924962662,Alvo_Suavizado,
50,2010-03-19,HOLDING,0.0,0.2,False,0.9103605924781504,Alvo_Suavizado,
51,2010-03-22,HOLDING,0.0,0.2,False,0.910360592444823,Alvo_Suavizado,
52,2010-03-23,HOLDING,0.0,0.2,False,0.9103605924311373,Alvo_Suavizado,
53,2010-03-24,HOLDING,0.0,0.2,False,0.8945644172224626,Alvo_Suavizado,
54,2010-03-25,HOLDING,0.0,0.2,False,0.8945644172224626,Alvo_Suavizado,
55,2010-03-26,HOLDING,0.0,0.2,False,0.8945644172224626,Alvo_Suavizado,
56,2010-03-29,HOLDING,0.0,0.2,False,0.8945644172224626,Alvo_Suavizado,
57,2010-03-30,HOLDING,0.0,0.2,False,0.8945644172224626,Alvo_Suavizado,
58,2010-03-31,HOLDING,0.0,0.2,False,0.8945644172224626,Alvo_Suavizado,
59,2010-04-01,HOLDING,0.0,0.2,False,0.8945644172224626,Alvo_Suavizado,
60,2010-04-05,HOLDING,0.0,0.2,False,0.8945644172224626,Alvo_Suavizado,
61,2010-04-06,HOLDING,0.0,0.2,False,0.8945644172224626,Alvo_Suavizado,
62,2010-04-07,HOLDING,0.0,0.2,False,0.8945644172224626,Alvo_Suavizado,
63,2010-04-08,HOLDING,0.0,0.2,False,0.8945644172224626,Alvo_Suavizado,
64,2010-04-09,HOLDING,0.0,0.2,False,0.8945644172224626,Alvo_Suavizado,
65,2010-04-12,HOLDING,0.0,0.2,False,0.8945644172224626,Alvo_Suavizado,
66,2010-04-13,HOLDING,0.0,0.2,False,0.8945644172224626,Alvo_Suavizado,
67,2010-04-14,HOLDING,0.0,0.2,False,0.8945644172224626,Alvo_Suavizado,
68,2010-04-15,SEM_TROCA,0.0,0.2,False,0.8945644172224626,Alvo_Suavizado,
69,2010-04-16,SEM_TROCA,0.0,0.2,False,0.8945644172224626,Alvo_Suavizado,
70,2010-04-19,SEM_TROCA,0.0,0.2,False,0.8945644172224626,Alvo_Suavizado,
71,2010-04-20,SEM_TROCA,0.0,0.2,False,0.8945644172224626,Alvo_Suavizado,
72,2010-04-22,SEM_TROCA,0.0,0.2,False,0.8945644172224626,Alvo_Suavizado,
73,2010-04-23,SEM_TROCA,0.0,0.2,False,0.8945644172224626,Alvo_Suavizado,
74,2010-04-26,SEM_TROCA,0.0,0.2,False,0.8945644172224626,Alvo_Suavizado,
75,2010-04-27,SEM_TROCA,0.0,0.2,False,0.8945644172224626,Alvo_Suavizado,
76,2010-04-28,SEM_TROCA,0.0,0.2,False,0.8945644172224626,Alvo_Suavizado,
77,2010-04-29,SEM_TROCA,0.0,0.2,False,0.8945644172224626,Alvo_Suavizado,
78,2010-04-30,SEM_TROCA,0.0,0.2,False,0.8945644172224626,Alvo_Suavizado,
79,2010-05-03,SEM_TROCA,0.0,0.2,False,0.8945644172224626,Alvo_Suavizado,
80,2010-05-04,SEM_TROCA,0.0,0.2,False,0.8945644172224626,Alvo_Suavizado,
81,2010-05-05,SEM_TROCA,0.0,0.2,False,0.8945644172224626,Alvo_Suavizado,
82,2010-05-06,SEM_TROCA,0.0,0.2,False,0.8945644172224626,Alvo_Suavizado,
83,2010-05-07,SEM_TROCA,0.0,0.2,False,0.8945644172224626,Alvo_Suavizado,
84,2010-05-10,SEM_TROCA,0.0,0.2,False,0.8945644172224626,Alvo_Suavizado,
85,2010-05-11,SEM_TROCA,0.0,0.2,False,0.8945644172224626,Alvo_Suavizado,
86,2010-05-12,SEM_TROCA,0.0,0.2,False,0.8945644172224626,Alvo_Suavizado,
87,2010-05-13,SEM_TROCA,0.0,0.2,False,0.8945644172224626,Alvo_Suavizado,
88,2010-05-14,SEM_TROCA,0.0,0.2,False,0.8945644172224626,Alvo_Suavizado,
89,2010-05-17,SEM_TROCA,0.0,0.2,False,0.8945644172224626,Alvo_Suavizado,
90,2010-05-18,SEM_TROCA,0.0,0.2,False,0.8945644172224626,Alvo_Suavizado,
91,2010-05-19,SEM_TROCA,0.0,0.2,False,0.8945644172224626,Alvo_Suavizado,
92,2010-05-20,SEM_TROCA,0.0,0.2,False,0.8945644172224626,Alvo_Suavizado,
93,2010-05-21,SEM_TROCA,0.0,0.2,False,0.8945644172224626,Alvo_Suavizado,
94,2010-05-24,SEM_TROCA,0.0,0.2,False,0.8945644172224626,Alvo_Suavizado,
95,2010-05-25,SEM_TROCA,0.0,0.2,False,0.8945644172224626,Alvo_Suavizado,
96,2010-05-26,SEM_TROCA,0.0,0.2,False,0.8945644172224626,Alvo_Suavizado,
97,2010-05-27,SEM_TROCA,0.0,0.2,False,0.8945644172224626,Alvo_Suavizado,
98,2010-05-28,SEM_TROCA,0.0,0.2,False,0.8945644172224626,Alvo_Suavizado,
99,2010-05-31,SEM_TROCA,0.0,0.2,False,0.8945644172224626,Alvo_Suavizado,
100,2010-06-01,SEM_TROCA,0.0,0.2,False,0.8945644172224626,Alvo_Suavizado,
101,2010-06-02,SEM_TROCA,0.0,0.2,False,0.9103605925091678,Alvo_Suavizado,
102,2010-06-04,AGUARDANDO_EXECUCAO,0.0,0.2,False,0.9103605924652598,Alvo_Suavizado,Alvo_Suavizado
103,2010-06-07,AGUARDANDO_EXECUCAO,0.0,0.2,False,0.9103605924818947,Alvo_Suavizado,Alvo_Suavizado
104,2010-06-08,EXECUTOU_TROCA,0.0,0.2,False,0.9103605923902962,Alvo_Suavizado,
105,2010-06-09,HOLDING,0.0,0.2,False,0.910360592314503,Alvo_Suavizado,
106,2010-06-10,HOLDING,0.0,0.2,False,0.9103605922864748,Alvo_Suavizado,
107,2010-06-11,HOLDING,0.0,0.2,False,0.9103605923130046,Alvo_Suavizado,
108,2010-06-14,HOLDING,0.0,0.2,False,0.9103605925084148,Alvo_Suavizado,
109,2010-06-15,HOLDING,0.0,0.2,False,0.9103605924993288,Alvo_Suavizado,
110,2010-06-16,HOLDING,0.0,0.2,False,0.9103605925046043,Alvo_Suavizado,
111,2010-06-17,HOLDING,0.0,0.2,False,0.9103605925084132,Alvo_Suavizado,
112,2010-06-18,HOLDING,0.0,0.2,False,0.9103605925084193,Alvo_Suavizado,
113,2010-06-21,HOLDING,0.0,0.2,False,0.9103605925053481,Alvo_Suavizado,
114,2010-06-22,HOLDING,0.0,0.2,False,0.9103605925076871,Alvo_Suavizado,
115,2010-06-23,HOLDING,0.0,0.2,False,0.9103605925053675,Alvo_Suavizado,
116,2010-06-24,HOLDING,0.0,0.2,False,0.9103605924629373,Alvo_Suavizado,
117,2010-06-25,HOLDING,0.0,0.2,False,0.9103605924629422,Alvo_Suavizado,
118,2010-06-28,HOLDING,0.0,0.2,False,0.9103605924758341,Alvo_Suavizado,
119,2010-06-29,HOLDING,0.0,0.2,False,0.910360592496286,Alvo_Suavizado,
120,2010-06-30,HOLDING,0.0,0.2,False,0.9103605924773482,Alvo_Suavizado,
121,2010-07-01,HOLDING,0.0,0.2,False,0.9103605923925014,Alvo_Suavizado,
122,2010-07-02,HOLDING,0.0,0.2,False,0.9103605924144905,Alvo_Suavizado,
123,2010-07-05,HOLDING,0.0,0.2,False,0.910360592509196,Alvo_Suavizado,
124,2010-07-06,HOLDING,0.0,0.2,False,0.9103605925091796,Alvo_Suavizado,
125,2010-07-07,HOLDING,0.0,0.2,False,0.9103605925031095,Alvo_Suavizado,
126,2010-07-08,HOLDING,0.0,0.2,False,0.9103605925083895,Alvo_Suavizado,
127,2010-07-12,HOLDING,0.0,0.2,False,0.9103605925091727,Alvo_Suavizado,
128,2010-07-13,HOLDING,0.0,0.2,False,0.9103605925091769,Alvo_Suavizado,
129,2010-07-14,HOLDING,0.0,0.2,False,0.9103605925091695,Alvo_Suavizado,
130,2010-07-15,HOLDING,0.0,0.2,False,0.9103605925091679,Alvo_Suavizado,
131,2010-07-16,HOLDING,0.0,0.2,False,0.9103605925091703,Alvo_Suavizado,
132,2010-07-19,HOLDING,0.0,0.2,False,0.9103605925091706,Alvo_Suavizado,
133,2010-07-20,HOLDING,0.0,0.2,False,0.9103605925091708,Alvo_Suavizado,
134,2010-07-21,HOLDING,0.0,0.2,False,0.9103605925091683,Alvo_Suavizado,
135,2010-07-22,HOLDING,0.0,0.2,False,0.9103605925091691,Alvo_Suavizado,
136,2010-07-23,HOLDING,0.0,0.2,False,0.9103605925091711,Alvo_Suavizado,
137,2010-07-26,HOLDING,0.0,0.2,False,0.9103605925091678,Alvo_Suavizado,
138,2010-07-27,HOLDING,0.0,0.2,False,0.9103605925091678,Alvo_Suavizado,
139,2010-07-28,HOLDING,0.0,0.2,False,0.9103605925091678,Alvo_Suavizado,
140,2010-07-29,HOLDING,0.0,0.2,False,0.9103605925091683,Alvo_Suavizado,
141,2010-07-30,HOLDING,0.0,0.2,False,0.9103605925091691,Alvo_Suavizado,
142,2010-08-02,HOLDING,0.0,0.2,False,0.9103605925091686,Alvo_Suavizado,
143,2010-08-03,HOLDING,0.0,0.2,False,0.9103605925091687,Alvo_Suavizado,
144,2010-08-04,HOLDING,0.0,0.2,False,0.9103605925091679,Alvo_Suavizado,
145,2010-08-05,HOLDING,0.0,0.2,False,0.9103605925091678,Alvo_Suavizado,
146,2010-08-06,HOLDING,0.0,0.2,False,0.9103605925091678,Alvo_Suavizado,
147,2010-08-09,HOLDING,0.0,0.2,False,0.9103605925091678,Alvo_Suavizado,
148,2010-08-10,HOLDING,0.0,0.2,False,0.9103605925091678,Alvo_Suavizado,
149,2010-08-11,HOLDING,0.0,0.2,False,0.9103605925091678,Alvo_Suavizado,
150,2010-08-12,HOLDING,0.0,0.2,False,0.9103605925091678,Alvo_Suavizado,
151,2010-08-13,HOLDING,0.0,0.2,False,0.9103605925091691,Alvo_Suavizado,
152,2010-08-16,HOLDING,0.0,0.2,False,0.910360592508392,Alvo_Suavizado,
153,2010-08-17,HOLDING,0.0,0.2,False,0.9103605925083809,Alvo_Suavizado,
154,2010-08-18,HOLDING,0.0,0.2,False,0.8663557915847276,Alvo_Suavizado,
155,2010-08-19,HOLDING,0.0,0.2,False,0.8663557915847274,Alvo_Suavizado,
156,2010-08-20,HOLDING,0.0,0.2,False,0.8663557915847274,Alvo_Suavizado,
157,2010-08-23,HOLDING,0.0,0.2,False,0.8663557915847274,Alvo_Suavizado,
158,2010-08-24,HOLDING,0.0,0.2,False,0.8663557915834769,Alvo_Suavizado,
159,2010-08-25,HOLDING,0.0,0.2,False,0.8663557915847275,Alvo_Suavizado,
160,2010-08-26,HOLDING,0.0,0.2,False,0.8663003335729744,Alvo_Suavizado,
161,2010-08-27,HOLDING,0.0,0.2,False,0.8663465774479779,Alvo_Suavizado,
162,2010-08-30,HOLDING,0.0,0.2,False,0.8663557915847709,Alvo_Suavizado,
163,2010-08-31,HOLDING,0.0,0.2,False,0.8663557915847274,Alvo_Suavizado,
164,2010-09-01,HOLDING,0.0,0.2,False,0.8663557915847274,Alvo_Suavizado,
165,2010-09-02,HOLDING,0.0,0.2,False,0.8663557915847274,Alvo_Suavizado,
166,2010-09-03,HOLDING,0.0,0.2,False,0.8663557915847274,Alvo_Suavizado,
167,2010-09-06,HOLDING,0.0,0.2,False,0.8945644172224626,Alvo_Suavizado,
168,2010-09-08,HOLDING,0.0,0.2,False,0.8945644172224626,Alvo_Suavizado,
169,2010-09-09,AGUARDANDO_EXECUCAO,0.0,0.2,False,0.8945644172224626,Alvo_Suavizado,Alvo_Suavizado
170,2010-09-10,AGUARDANDO_EXECUCAO,0.0,0.2,False,0.8945644172224626,Alvo_Suavizado,Alvo_Suavizado
171,2010-09-13,EXECUTOU_TROCA,0.0,0.2,False,0.8663557915847275,Alvo_Suavizado,
172,2010-09-14,HOLDING,0.0,0.2,False,0.8663557915847274,Alvo_Suavizado,
173,2010-09-15,HOLDING,0.0,0.2,False,0.8663557915847274,Alvo_Suavizado,
174,2010-09-16,HOLDING,0.0,0.2,False,0.8663557915847274,Alvo_Suavizado,
175,2010-09-17,HOLDING,0.0,0.2,False,0.8663557915847274,Alvo_Suavizado,
176,2010-09-20,HOLDING,0.0,0.2,False,0.8663557915847342,Alvo_Suavizado,
177,2010-09-21,HOLDING,0.0,0.2,False,0.8663557915847538,Alvo_Suavizado,
178,2010-09-22,HOLDING,0.0,0.2,False,0.8663557915803205,Alvo_Suavizado,
179,2010-09-23,HOLDING,0.0,0.2,False,0.8663557915827756,Alvo_Suavizado,
180,2010-09-24,HOLDING,0.0,0.2,False,0.9103605458929162,Alvo_Suavizado,
181,2010-09-27,HOLDING,0.0,0.2,False,0.9103605924766317,Alvo_Suavizado,
182,2010-09-28,HOLDING,0.0,0.2,False,0.9103605924970678,Alvo_Suavizado,
183,2010-09-29,HOLDING,0.0,0.2,False,0.9103605924940191,Alvo_Suavizado,
184,2010-09-30,HOLDING,0.0,0.2,False,0.9103605924705642,Alvo_Suavizado,
185,2010-10-01,HOLDING,0.0,0.2,False,0.9103605925023678,Alvo_Suavizado,
186,2010-10-04,HOLDING,0.0,0.2,False,0.9103605925053619,Alvo_Suavizado,
187,2010-10-05,HOLDING,0.0,0.2,False,0.9103605924978418,Alvo_Suavizado,
188,2010-10-06,HOLDING,0.0,0.2,False,0.9103605924660211,Alvo_Suavizado,
189,2010-10-07,HOLDING,0.0,0.2,False,0.9103605924879762,Alvo_Suavizado,
190,2010-10-08,HOLDING,0.0,0.2,False,0.910360592495525,Alvo_Suavizado,
191,2010-10-11,HOLDING,0.0,0.2,False,0.910360592506925,Alvo_Suavizado,
192,2010-10-13,HOLDING,0.0,0.2,False,0.9103605925091713,Alvo_Suavizado,
193,2010-10-14,HOLDING,0.0,0.2,False,0.9103605924992968,Alvo_Suavizado,
194,2010-10-15,HOLDING,0.0,0.2,False,0.9103605925091749,Alvo_Suavizado,
195,2010-10-18,HOLDING,0.0,0.2,False,0.9103605925091687,Alvo_Suavizado,
196,2010-10-19,HOLDING,0.0,0.2,False,0.9103605925091687,Alvo_Suavizado,
197,2010-10-20,HOLDING,0.0,0.2,False,0.9103605925091683,Alvo_Suavizado,
198,2010-10-21,HOLDING,0.0,0.2,False,0.9103605925091801,Alvo_Suavizado,
199,2010-10-22,HOLDING,0.0,0.2,False,0.9103605925091717,Alvo_Suavizado,
200,2010-10-25,HOLDING,0.0,0.2,False,0.9103605925091783,Alvo_Suavizado,
201,2010-10-26,HOLDING,0.0,0.2,False,0.910360592509201,Alvo_Suavizado,
202,2010-10-27,HOLDING,0.0,0.2,False,0.910360592509187,Alvo_Suavizado,
203,2010-10-28,HOLDING,0.0,0.2,False,0.9103605925054101,Alvo_Suavizado,
204,2010-10-29,HOLDING,0.0,0.2,False,0.9103605924879377,Alvo_Suavizado,
205,2010-11-01,HOLDING,0.0,0.2,False,0.9103605924925353,Alvo_Suavizado,
206,2010-11-03,HOLDING,0.0,0.2,False,0.9103605925061217,Alvo_Suavizado,
207,2010-11-04,HOLDING,0.0,0.2,False,0.9103605925038397,Alvo_Suavizado,
208,2010-11-05,HOLDING,0.0,0.2,False,0.9103605925069224,Alvo_Suavizado,
209,2010-11-08,HOLDING,0.0,0.2,False,0.9103605925083781,Alvo_Suavizado,
210,2010-11-09,HOLDING,0.0,0.2,False,0.9103605925046094,Alvo_Suavizado,
211,2010-11-10,HOLDING,0.0,0.2,False,0.8945644172224626,Alvo_Suavizado,
212,2010-11-11,HOLDING,0.0,0.2,False,0.8945644172224626,Alvo_Suavizado,
213,2010-11-12,HOLDING,0.0,0.2,False,0.8945644172224626,Alvo_Suavizado,
214,2010-11-16,HOLDING,0.0,0.2,False,0.8945644172224626,Alvo_Suavizado,
215,2010-11-17,HOLDING,0.0,0.2,False,0.8945644172224626,Alvo_Suavizado,
216,2010-11-18,HOLDING,0.0,0.2,False,0.8945644172224626,Alvo_Suavizado,
217,2010-11-19,HOLDING,0.0,0.2,False,0.8945644172224626,Alvo_Suavizado,
218,2010-11-22,HOLDING,0.0,0.2,False,0.8945644172224626,Alvo_Suavizado,
219,2010-11-23,HOLDING,0.0,0.2,False,0.8945644172224626,Alvo_Suavizado,
220,2010-11-24,HOLDING,0.0,0.2,False,0.8945644172224626,Alvo_Suavizado,
221,2010-11-25,HOLDING,0.0,0.2,False,0.8945644172224626,Alvo_Suavizado,
222,2010-11-26,HOLDING,0.0,0.2,False,0.8945644172224626,Alvo_Suavizado,
223,2010-11-29,HOLDING,0.0,0.2,False,0.9103605925091678,Alvo_Suavizado,
224,2010-11-30,HOLDING,0.0,0.2,False,0.9103605923895622,Alvo_Suavizado,
225,2010-12-01,HOLDING,0.0,0.2,False,0.9103605913321854,Alvo_Suavizado,
226,2010-12-02,HOLDING,0.0,0.2,False,0.910360590309761,Alvo_Suavizado,
227,2010-12-03,HOLDING,0.0,0.2,False,0.9103605924728785,Alvo_Suavizado,
228,2010-12-06,HOLDING,0.0,0.2,False,0.9103605924849789,Alvo_Suavizado,
229,2010-12-07,HOLDING,0.0,0.2,False,0.9103605925061352,Alvo_Suavizado,
230,2010-12-08,HOLDING,0.0,0.2,False,0.9103605924940184,Alvo_Suavizado,
231,2010-12-09,HOLDING,0.0,0.2,False,0.9103605925076236,Alvo_Suavizado,
232,2010-12-10,HOLDING,0.0,0.2,False,0.9103605925000439,Alvo_Suavizado,
233,2010-12-13,HOLDING,0.0,0.2,False,0.8663557915530556,Alvo_Suavizado,
234,2010-12-14,HOLDING,0.0,0.2,False,0.866355791020376,Alvo_Suavizado,
235,2010-12-15,HOLDING,0.0,0.2,False,0.8663557915847411,Alvo_Suavizado,
236,2010-12-16,AGUARDANDO_EXECUCAO,0.0,0.2,False,0.8663557915847274,Alvo_Suavizado,Alvo_Suavizado
237,2010-12-17,AGUARDANDO_EXECUCAO,0.0,0.2,False,0.8663557915847281,Alvo_Suavizado,Alvo_Suavizado
238,2010-12-20,EXECUTOU_TROCA,0.0,0.2,False,0.8663557915847274,Alvo_Suavizado,
239,2010-12-21,HOLDING,0.0,0.2,False,0.8663557915847274,Alvo_Suavizado,
240,2010-12-22,HOLDING,0.0,0.2,False,0.9103602058119954,Alvo_Suavizado,
241,2010-12-23,HOLDING,0.0,0.2,False,0.9103605922759103,Alvo_Suavizado,
242,2010-12-27,HOLDING,0.0,0.2,False,0.9103605923077801,Alvo_Suavizado,
243,2010-12-28,HOLDING,0.0,0.2,False,0.9103605924955475,Alvo_Suavizado,
244,2010-12-29,HOLDING,0.0,0.2,False,0.910360592487923,Alvo_Suavizado,
245,2010-12-30,HOLDING,0.0,0.2,False,0.9103605925075845,Alvo_Suavizado,
246,2011-01-04,HOLDING,0.0,0.2,False,0.9490841045127456,Alvo_Suavizado,
247,2011-01-05,AGUARDANDO_EXECUCAO,0.0,0.2,False,0.9339471081808902,Alvo_Suavizado,Alvo_Suavizado
248,2011-01-06,AGUARDANDO_EXECUCAO,0.0,0.2,False,0.9490506425663296,Alvo_Suavizado,Alvo_Suavizado
249,2011-01-07,EXECUTOU_TROCA,0.0,0.2,False,0.9328535638047389,Alvo_Suavizado,
250,2011-01-10,HOLDING,0.0,0.2,False,0.9478445635719206,Alvo_Suavizado,
251,2011-01-11,HOLDING,0.0,0.2,False,0.9490541787740869,Alvo_Suavizado,
252,2011-01-12,HOLDING,0.0,0.2,False,0.9259220847854812,Alvo_Suavizado,
253,2011-01-13,HOLDING,0.0,0.2,False,0.8228856390977888,Alvo_Suavizado,
254,2011-01-14,HOLDING,0.0,0.2,False,0.655492570563997,Alvo_Suavizado,
255,2011-01-17,HOLDING,0.0,0.2,False,0.7184355253839582,Alvo_Suavizado,
256,2011-01-18,HOLDING,0.0,0.2,False,0.9479079708268865,Alvo_Suavizado,
257,2011-01-19,HOLDING,0.0,0.2,False,0.9490808961808327,Alvo_Suavizado,
258,2011-01-20,HOLDING,0.0,0.2,False,0.9490846937741995,Alvo_Suavizado,
259,2011-01-21,HOLDING,0.0,0.2,False,0.949081974860688,Alvo_Suavizado,
260,2011-01-24,HOLDING,0.0,0.2,False,0.9490759451527256,Alvo_Suavizado,
261,2011-01-26,HOLDING,0.0,0.2,False,0.949071815875868,Alvo_Suavizado,
262,2011-01-27,HOLDING,0.0,0.2,False,0.9490741157321728,Alvo_Suavizado,
263,2011-01-28,HOLDING,0.0,0.2,False,0.9490726418602674,Alvo_Suavizado,
264,2011-01-31,HOLDING,0.0,0.2,False,0.9490850868371923,Alvo_Suavizado,
265,2011-02-01,HOLDING,0.0,0.2,False,0.9490854246237693,Alvo_Suavizado,
266,2011-02-02,HOLDING,0.0,0.2,False,0.9490799030378384,Alvo_Suavizado,
267,2011-02-03,HOLDING,0.0,0.2,False,0.9490846040109612,Alvo_Suavizado,
268,2011-02-04,HOLDING,0.0,0.2,False,0.9490830023754385,Alvo_Suavizado,
269,2011-02-07,HOLDING,0.0,0.2,False,0.9490848053171154,Alvo_Suavizado,
270,2011-02-08,HOLDING,0.0,0.2,False,0.949053949020246,Alvo_Suavizado,
271,2011-02-09,HOLDING,0.0,0.2,False,0.9489973095539501,Alvo_Suavizado,
272,2011-02-10,HOLDING,0.0,0.2,False,0.9490605005897713,Alvo_Suavizado,
273,2011-02-11,HOLDING,0.0,0.2,False,0.9490695195599022,Alvo_Suavizado,
274,2011-02-14,HOLDING,0.0,0.2,False,0.9490856133343711,Alvo_Suavizado,
275,2011-02-15,HOLDING,0.0,0.2,False,0.9490858546859963,Alvo_Suavizado,
276,2011-02-16,HOLDING,0.0,0.2,False,0.9490858531959777,Alvo_Suavizado,
277,2011-02-17,HOLDING,0.0,0.2,False,0.9490858579314811,Alvo_Suavizado,
278,2011-02-18,HOLDING,0.0,0.2,False,0.9490786371970625,Alvo_Suavizado,
279,2011-02-21,HOLDING,0.0,0.2,False,0.9490180691360192,Alvo_Suavizado,
280,2011-02-22,HOLDING,0.0,0.2,False,0.9490614617409665,Alvo_Suavizado,
281,2011-02-23,HOLDING,0.0,0.2,False,0.9490807391694175,Alvo_Suavizado,
282,2011-02-24,HOLDING,0.0,0.2,False,0.9490852779471173,Alvo_Suavizado,
283,2011-02-25,HOLDING,0.0,0.2,False,0.9490855210186314,Alvo_Suavizado,
284,2011-02-28,HOLDING,0.0,0.2,False,0.9490847005445826,Alvo_Suavizado,
285,2011-03-01,HOLDING,0.0,0.2,False,0.949084782597323,Alvo_Suavizado,
286,2011-03-02,HOLDING,0.0,0.2,False,0.9490850409281177,Alvo_Suavizado,
287,2011-03-03,HOLDING,0.0,0.2,False,0.9490855352360054,Alvo_Suavizado,
288,2011-03-04,HOLDING,0.0,0.2,False,0.9490858553436212,Alvo_Suavizado,
289,2011-03-09,HOLDING,0.0,0.2,False,0.9490858590492841,Alvo_Suavizado,
290,2011-03-10,HOLDING,0.0,0.2,False,0.9490858589165274,Alvo_Suavizado,
291,2011-03-11,HOLDING,0.0,0.2,False,0.9490858535646511,Alvo_Suavizado,
292,2011-03-14,HOLDING,0.0,0.2,False,0.9490738527740518,Alvo_Suavizado,
293,2011-03-15,HOLDING,0.0,0.2,False,0.9490838493148883,Alvo_Suavizado,
294,2011-03-16,HOLDING,0.0,0.2,False,0.9490853023437505,Alvo_Suavizado,
295,2011-03-17,HOLDING,0.0,0.2,False,0.9490818638275215,Alvo_Suavizado,
296,2011-03-18,HOLDING,0.0,0.2,False,0.9490846577945233,Alvo_Suavizado,
297,2011-03-21,HOLDING,0.0,0.2,False,0.9490731945278094,Alvo_Suavizado,
298,2011-03-22,HOLDING,0.0,0.2,False,0.9490696816950625,Alvo_Suavizado,
299,2011-03-23,HOLDING,0.0,0.2,False,0.9490834269380455,Alvo_Suavizado,
300,2011-03-24,HOLDING,0.0,0.2,False,0.9490822788366108,Alvo_Suavizado,
301,2011-03-25,HOLDING,0.0,0.2,False,0.949085311912254,Alvo_Suavizado,
302,2011-03-28,HOLDING,0.0,0.2,False,0.9490366004834677,Alvo_Suavizado,
303,2011-03-29,HOLDING,0.0,0.2,False,0.9490577961802388,Alvo_Suavizado,
304,2011-03-30,HOLDING,0.0,0.2,False,0.949081723109106,Alvo_Suavizado,
305,2011-03-31,HOLDING,0.0,0.2,False,0.9490856820798028,Alvo_Suavizado,
306,2011-04-01,HOLDING,0.0,0.2,False,0.9490858570080644,Alvo_Suavizado,
307,2011-04-04,HOLDING,0.0,0.2,False,0.9490858526077102,Alvo_Suavizado,
308,2011-04-05,HOLDING,0.0,0.2,False,0.9490858515285099,Alvo_Suavizado,
309,2011-04-06,HOLDING,0.0,0.2,False,0.9490858543755737,Alvo_Suavizado,
310,2011-04-07,HOLDING,0.0,0.2,False,0.9490858531201118,Alvo_Suavizado,
311,2011-04-08,HOLDING,0.0,0.2,False,0.9490858493584486,Alvo_Suavizado,
312,2011-04-11,HOLDING,0.0,0.2,False,0.949085856508072,Alvo_Suavizado,
313,2011-04-12,HOLDING,0.0,0.2,False,0.9490858582812948,Alvo_Suavizado,
314,2011-04-13,SEM_TROCA,0.0,0.2,False,0.9490858521736834,Alvo_Suavizado,
315,2011-04-14,SEM_TROCA,0.0,0.2,False,0.949085690493368,Alvo_Suavizado,
316,2011-04-15,SEM_TROCA,0.0,0.2,False,0.9490856643914881,Alvo_Suavizado,
317,2011-04-18,SEM_TROCA,0.0,0.2,False,0.949085695069859,Alvo_Suavizado,
318,2011-04-19,SEM_TROCA,0.0,0.2,False,0.9490857568937024,Alvo_Suavizado,
319,2011-04-20,SEM_TROCA,0.0,0.2,False,0.9490857082562761,Alvo_Suavizado,
320,2011-04-25,SEM_TROCA,0.0,0.2,False,0.9490858465430505,Alvo_Suavizado,
321,2011-04-26,SEM_TROCA,0.0,0.2,False,0.949085399972246,Alvo_Suavizado,
322,2011-04-27,SEM_TROCA,0.0,0.2,False,0.9490564039805831,Alvo_Suavizado,
323,2011-04-28,SEM_TROCA,0.0,0.2,False,0.8656525353275976,Alvo_Suavizado,
324,2011-04-29,AGUARDANDO_EXECUCAO,0.0,0.2,False,0.865652535362755,Alvo_Suavizado,Alvo_Suavizado
325,2011-05-02,AGUARDANDO_EXECUCAO,0.0,0.2,False,0.8656525354728243,Alvo_Suavizado,Alvo_Suavizado
326,2011-05-03,EXECUTOU_TROCA,0.0,0.2,False,0.8656525292575024,Alvo_Suavizado,
327,2011-05-04,HOLDING,0.0,0.2,False,0.865646557143777,Alvo_Suavizado,
328,2011-05-05,HOLDING,0.0,0.2,False,0.8656525335467715,Alvo_Suavizado,
329,2011-05-06,HOLDING,0.0,0.2,False,0.8656525354743735,Alvo_Suavizado,
330,2011-05-09,HOLDING,0.0,0.2,False,0.8656525354743597,Alvo_Suavizado,
331,2011-05-10,HOLDING,0.0,0.2,False,0.8656525354743602,Alvo_Suavizado,
332,2011-05-11,HOLDING,0.0,0.2,False,0.8656525354743597,Alvo_Suavizado,
333,2011-05-12,HOLDING,0.0,0.2,False,0.865652535474361,Alvo_Suavizado,
334,2011-05-13,HOLDING,0.0,0.2,False,0.86565253547436,Alvo_Suavizado,
335,2011-05-16,HOLDING,0.0,0.2,False,0.8656525354743597,Alvo_Suavizado,
336,2011-05-17,HOLDING,0.0,0.2,False,0.8656525354743597,Alvo_Suavizado,
337,2011-05-18,HOLDING,0.0,0.2,False,0.8656525354728197,Alvo_Suavizado,
338,2011-05-19,HOLDING,0.0,0.2,False,0.8656525354728495,Alvo_Suavizado,
339,2011-05-20,HOLDING,0.0,0.2,False,0.8656525353963996,Alvo_Suavizado,
340,2011-05-23,HOLDING,0.0,0.2,False,0.8656525353526842,Alvo_Suavizado,
341,2011-05-24,HOLDING,0.0,0.2,False,0.8655899126603079,Alvo_Suavizado,
342,2011-05-25,HOLDING,0.0,0.2,False,0.8142702639754354,Alvo_Suavizado,
343,2011-05-26,HOLDING,0.0,0.2,False,0.8148220990331064,Alvo_Suavizado,
344,2011-05-27,HOLDING,0.0,0.2,False,0.8147730875751945,Alvo_Suavizado,
345,2011-05-30,HOLDING,0.0,0.2,False,0.8026122197976309,Alvo_Suavizado,
346,2011-05-31,HOLDING,0.0,0.2,False,0.7515853326787083,Alvo_Suavizado,
347,2011-06-01,HOLDING,0.0,0.2,False,0.9490415440578999,Alvo_Suavizado,
348,2011-06-02,HOLDING,0.0,0.2,False,0.949085846556822,Alvo_Suavizado,
349,2011-06-03,HOLDING,0.0,0.2,False,0.9490858562531229,Alvo_Suavizado,
350,2011-06-06,HOLDING,0.0,0.2,False,0.9490855956107392,Alvo_Suavizado,
351,2011-06-07,HOLDING,0.0,0.2,False,0.9490856056992037,Alvo_Suavizado,
352,2011-06-08,HOLDING,0.0,0.2,False,0.9490849414049735,Alvo_Suavizado,
353,2011-06-09,HOLDING,0.0,0.2,False,0.9490849450395596,Alvo_Suavizado,
354,2011-06-10,HOLDING,0.0,0.2,False,0.9490849833447037,Alvo_Suavizado,
355,2011-06-13,HOLDING,0.0,0.2,False,0.9489995211630657,Alvo_Suavizado,
356,2011-06-14,HOLDING,0.0,0.2,False,0.9490273090140244,Alvo_Suavizado,
357,2011-06-15,HOLDING,0.0,0.2,False,0.9490588891292575,Alvo_Suavizado,
358,2011-06-16,HOLDING,0.0,0.2,False,0.9490856978219623,Alvo_Suavizado,
359,2011-06-17,HOLDING,0.0,0.2,False,0.9490693424835983,Alvo_Suavizado,
360,2011-06-20,HOLDING,0.0,0.2,False,0.9490529031461665,Alvo_Suavizado,
361,2011-06-21,HOLDING,0.0,0.2,False,0.9490717382464557,Alvo_Suavizado,
362,2011-06-22,HOLDING,0.0,0.2,False,0.9490771815085929,Alvo_Suavizado,
363,2011-06-24,HOLDING,0.0,0.2,False,0.9490852726742751,Alvo_Suavizado,
364,2011-06-27,HOLDING,0.0,0.2,False,0.9490856475538839,Alvo_Suavizado,
365,2011-06-28,HOLDING,0.0,0.2,False,0.949070853414446,Alvo_Suavizado,
366,2011-06-29,HOLDING,0.0,0.2,False,0.9490840236908009,Alvo_Suavizado,
367,2011-06-30,HOLDING,0.0,0.2,False,0.9490858371646835,Alvo_Suavizado,
368,2011-07-01,HOLDING,0.0,0.2,False,0.9490858587545089,Alvo_Suavizado,
369,2011-07-04,HOLDING,0.0,0.2,False,0.9490858588856715,Alvo_Suavizado,
370,2011-07-05,HOLDING,0.0,0.2,False,0.9490858588180627,Alvo_Suavizado,
371,2011-07-06,HOLDING,0.0,0.2,False,0.9490856827154825,Alvo_Suavizado,
372,2011-07-07,HOLDING,0.0,0.2,False,0.9490856383716685,Alvo_Suavizado,
373,2011-07-08,HOLDING,0.0,0.2,False,0.9490854620176186,Alvo_Suavizado,
374,2011-07-11,HOLDING,0.0,0.2,False,0.9490854551868672,Alvo_Suavizado,
375,2011-07-12,HOLDING,0.0,0.2,False,0.9490856271230222,Alvo_Suavizado,
376,2011-07-13,HOLDING,0.0,0.2,False,0.9490824702711623,Alvo_Suavizado,
377,2011-07-14,HOLDING,0.0,0.2,False,0.9490845501993302,Alvo_Suavizado,
378,2011-07-15,HOLDING,0.0,0.2,False,0.9490827473171698,Alvo_Suavizado,
379,2011-07-18,HOLDING,0.0,0.2,False,0.9490830982140976,Alvo_Suavizado,
380,2011-07-19,HOLDING,0.0,0.2,False,0.9490831128744841,Alvo_Suavizado,
381,2011-07-20,HOLDING,0.0,0.2,False,0.9490772422980256,Alvo_Suavizado,
382,2011-07-21,HOLDING,0.0,0.2,False,0.9490843904828801,Alvo_Suavizado,
383,2011-07-22,HOLDING,0.0,0.2,False,0.9490856307178025,Alvo_Suavizado,
384,2011-07-25,HOLDING,0.0,0.2,False,0.9490857919441044,Alvo_Suavizado,
385,2011-07-26,HOLDING,0.0,0.2,False,0.9490857545236437,Alvo_Suavizado,
386,2011-07-27,HOLDING,0.0,0.2,False,0.9490858582572026,Alvo_Suavizado,
387,2011-07-28,HOLDING,0.0,0.2,False,0.9490858590091847,Alvo_Suavizado,
388,2011-07-29,HOLDING,0.0,0.2,False,0.9490856030558353,Alvo_Suavizado,
389,2011-08-01,HOLDING,0.0,0.2,False,0.9490857542210341,Alvo_Suavizado,
390,2011-08-02,HOLDING,0.0,0.2,False,0.9490858536237157,Alvo_Suavizado,
391,2011-08-03,AGUARDANDO_EXECUCAO,0.0,0.2,False,0.9490819823227507,Alvo_Suavizado,Alvo_Suavizado
392,2011-08-04,AGUARDANDO_EXECUCAO,0.0,0.2,False,0.9490827542540612,Alvo_Suavizado,Alvo_Suavizado
393,2011-08-05,EXECUTOU_TROCA,0.0,0.2,False,0.9490856652143036,Alvo_Suavizado,
394,2011-08-08,HOLDING,0.0,0.2,False,0.9490858590740714,Alvo_Suavizado,
395,2011-08-09,HOLDING,0.0,0.2,False,0.9490858590740714,Alvo_Suavizado,
396,2011-08-10,HOLDING,0.0,0.2,False,0.9490858590740714,Alvo_Suavizado,
397,2011-08-11,HOLDING,0.0,0.2,False,0.9490858590740714,Alvo_Suavizado,
398,2011-08-12,HOLDING,0.0,0.2,False,0.9490858590740714,Alvo_Suavizado,
399,2011-08-15,HOLDING,0.0,0.2,False,0.9490858590740714,Alvo_Suavizado,
400,2011-08-16,HOLDING,0.0,0.2,False,0.9490858590740714,Alvo_Suavizado,
401,2011-08-17,HOLDING,0.0,0.2,False,0.9490858590740714,Alvo_Suavizado,
402,2011-08-18,HOLDING,0.0,0.2,False,0.9490858590740727,Alvo_Suavizado,
403,2011-08-19,HOLDING,0.0,0.2,False,0.9490858590740717,Alvo_Suavizado,
404,2011-08-22,HOLDING,0.0,0.2,False,0.9490858590740714,Alvo_Suavizado,
405,2011-08-23,HOLDING,0.0,0.2,False,0.9490858590740714,Alvo_Suavizado,
406,2011-08-24,HOLDING,0.0,0.2,False,0.9490858590740714,Alvo_Suavizado,
407,2011-08-25,HOLDING,0.0,0.2,False,0.9490858590740714,Alvo_Suavizado,
408,2011-08-26,HOLDING,0.0,0.2,False,0.9490858590740714,Alvo_Suavizado,
409,2011-08-29,HOLDING,0.0,0.2,False,0.9490858590740714,Alvo_Suavizado,
410,2011-08-30,HOLDING,0.0,0.2,False,0.9490858590740714,Alvo_Suavizado,
411,2011-08-31,HOLDING,0.0,0.2,False,0.9490858590740714,Alvo_Suavizado,
412,2011-09-01,HOLDING,0.0,0.2,False,0.9490858590740714,Alvo_Suavizado,
413,2011-09-02,HOLDING,0.0,0.2,False,0.9219425756832921,Alvo_Suavizado,
414,2011-09-05,HOLDING,0.0,0.2,False,0.9219425756832921,Alvo_Suavizado,
415,2011-09-06,HOLDING,0.0,0.2,False,0.9219425756832921,Alvo_Suavizado,
416,2011-09-08,HOLDING,0.0,0.2,False,0.9490858590740714,Alvo_Suavizado,
417,2011-09-09,HOLDING,0.0,0.2,False,0.9490858590740714,Alvo_Suavizado,
418,2011-09-12,HOLDING,0.0,0.2,False,0.9490858590740714,Alvo_Suavizado,
419,2011-09-13,HOLDING,0.0,0.2,False,0.9490858590740714,Alvo_Suavizado,
420,2011-09-14,HOLDING,0.0,0.2,False,0.9490858589320332,Alvo_Suavizado,
421,2011-09-15,HOLDING,0.0,0.2,False,0.9490858456860782,Alvo_Suavizado,
422,2011-09-16,HOLDING,0.0,0.2,False,0.9490858530726369,Alvo_Suavizado,
423,2011-09-19,HOLDING,0.0,0.2,False,0.9490857580440003,Alvo_Suavizado,
424,2011-09-20,HOLDING,0.0,0.2,False,0.9490857945657644,Alvo_Suavizado,
425,2011-09-21,HOLDING,0.0,0.2,False,0.9490858589628843,Alvo_Suavizado,
426,2011-09-22,HOLDING,0.0,0.2,False,0.949085847981975,Alvo_Suavizado,
427,2011-09-23,HOLDING,0.0,0.2,False,0.9490858571085415,Alvo_Suavizado,
428,2011-09-26,HOLDING,0.0,0.2,False,0.949085858905745,Alvo_Suavizado,
429,2011-09-27,HOLDING,0.0,0.2,False,0.949085857811035,Alvo_Suavizado,
430,2011-09-28,HOLDING,0.0,0.2,False,0.9490858541270983,Alvo_Suavizado,
431,2011-09-29,HOLDING,0.0,0.2,False,0.9490856283945629,Alvo_Suavizado,
432,2011-09-30,HOLDING,0.0,0.2,False,0.9490854996620947,Alvo_Suavizado,
433,2011-10-03,HOLDING,0.0,0.2,False,0.9490856308757107,Alvo_Suavizado,
434,2011-10-04,HOLDING,0.0,0.2,False,0.9490857719092278,Alvo_Suavizado,
435,2011-10-05,HOLDING,0.0,0.2,False,0.9490858224241618,Alvo_Suavizado,
436,2011-10-06,HOLDING,0.0,0.2,False,0.9490858349676045,Alvo_Suavizado,
437,2011-10-07,HOLDING,0.0,0.2,False,0.9490856392611822,Alvo_Suavizado,
438,2011-10-10,HOLDING,0.0,0.2,False,0.9490834911900814,Alvo_Suavizado,
439,2011-10-11,HOLDING,0.0,0.2,False,0.9490844097436484,Alvo_Suavizado,
440,2011-10-13,HOLDING,0.0,0.2,False,0.9490800849906571,Alvo_Suavizado,
441,2011-10-14,HOLDING,0.0,0.2,False,0.9490762774050869,Alvo_Suavizado,
442,2011-10-17,HOLDING,0.0,0.2,False,0.9490682527049091,Alvo_Suavizado,
443,2011-10-18,HOLDING,0.0,0.2,False,0.9490651668119137,Alvo_Suavizado,
444,2011-10-19,HOLDING,0.0,0.2,False,0.9490740466144296,Alvo_Suavizado,
445,2011-10-20,HOLDING,0.0,0.2,False,0.9490573141971016,Alvo_Suavizado,
446,2011-10-21,HOLDING,0.0,0.2,False,0.9490854032686936,Alvo_Suavizado,
447,2011-10-24,HOLDING,0.0,0.2,False,0.9490844473662144,Alvo_Suavizado,
448,2011-10-25,HOLDING,0.0,0.2,False,0.9490620439370091,Alvo_Suavizado,
449,2011-10-26,HOLDING,0.0,0.2,False,0.9490567462718348,Alvo_Suavizado,
450,2011-10-27,HOLDING,0.0,0.2,False,0.9490818823199212,Alvo_Suavizado,
451,2011-10-28,HOLDING,0.0,0.2,False,0.9490744968707514,Alvo_Suavizado,
452,2011-10-31,HOLDING,0.0,0.2,False,0.9488999253314853,Alvo_Suavizado,
453,2011-11-01,HOLDING,0.0,0.2,False,0.9490753638334612,Alvo_Suavizado,
454,2011-11-03,HOLDING,0.0,0.2,False,0.949085214816129,Alvo_Suavizado,
455,2011-11-04,HOLDING,0.0,0.2,False,0.9490797881910848,Alvo_Suavizado,
456,2011-11-07,HOLDING,0.0,0.2,False,0.9490807686193636,Alvo_Suavizado,
457,2011-11-08,HOLDING,0.0,0.2,False,0.9490838795678094,Alvo_Suavizado,
458,2011-11-09,AGUARDANDO_EXECUCAO,0.0,0.2,False,0.8656525354743597,Alvo_Suavizado,Alvo_Suavizado
459,2011-11-10,AGUARDANDO_EXECUCAO,0.0,0.2,False,0.8656525354743597,Alvo_Suavizado,Alvo_Suavizado
460,2011-11-11,EXECUTOU_TROCA,0.0,0.2,False,0.8656414285476168,Alvo_Suavizado,
461,2011-11-14,HOLDING,0.0,0.2,False,0.8656525353077223,Alvo_Suavizado,
462,2011-11-16,HOLDING,0.0,0.2,False,0.8656525354713076,Alvo_Suavizado,
463,2011-11-17,HOLDING,0.0,0.2,False,0.8548055876038732,Alvo_Suavizado,
464,2011-11-18,HOLDING,0.0,0.2,False,0.8655466997026355,Alvo_Suavizado,
465,2011-11-21,HOLDING,0.0,0.2,False,0.8656525143857129,Alvo_Suavizado,
466,2011-11-22,HOLDING,0.0,0.2,False,0.8656522131936595,Alvo_Suavizado,
467,2011-11-23,HOLDING,0.0,0.2,False,0.8656524873339587,Alvo_Suavizado,
468,2011-11-24,HOLDING,0.0,0.2,False,0.8656523271115193,Alvo_Suavizado,
469,2011-11-25,HOLDING,0.0,0.2,False,0.865652535008123,Alvo_Suavizado,
470,2011-11-28,HOLDING,0.0,0.2,False,0.9404709617954822,Alvo_Suavizado,
471,2011-11-29,HOLDING,0.0,0.2,False,0.9490712156932565,Alvo_Suavizado,
472,2011-11-30,HOLDING,0.0,0.2,False,0.9490754223662831,Alvo_Suavizado,
473,2011-12-01,HOLDING,0.0,0.2,False,0.949084414357445,Alvo_Suavizado,
474,2011-12-02,HOLDING,0.0,0.2,False,0.949083579489708,Alvo_Suavizado,
475,2011-12-05,HOLDING,0.0,0.2,False,0.9490857107780314,Alvo_Suavizado,
476,2011-12-06,HOLDING,0.0,0.2,False,0.9490857476109665,Alvo_Suavizado,
477,2011-12-07,HOLDING,0.0,0.2,False,0.9490856111736492,Alvo_Suavizado,
478,2011-12-08,HOLDING,0.0,0.2,False,0.9490856710758522,Alvo_Suavizado,
479,2011-12-09,HOLDING,0.0,0.2,False,0.9490849545730984,Alvo_Suavizado,
480,2011-12-12,HOLDING,0.0,0.2,False,0.9490839078555137,Alvo_Suavizado,
481,2011-12-13,HOLDING,0.0,0.2,False,0.9490858504355536,Alvo_Suavizado,
482,2011-12-14,HOLDING,0.0,0.2,False,0.9490858575959887,Alvo_Suavizado,
483,2011-12-15,HOLDING,0.0,0.2,False,0.9490858560803668,Alvo_Suavizado,
484,2011-12-16,HOLDING,0.0,0.2,False,0.9490858590153097,Alvo_Suavizado,
485,2011-12-19,HOLDING,0.0,0.2,False,0.9490858580495385,Alvo_Suavizado,
486,2011-12-20,HOLDING,0.0,0.2,False,0.949085854285821,Alvo_Suavizado,
487,2011-12-21,HOLDING,0.0,0.2,False,0.9490858583235974,Alvo_Suavizado,
488,2011-12-22,HOLDING,0.0,0.2,False,0.9490858530572827,Alvo_Suavizado,
489,2011-12-23,HOLDING,0.0,0.2,False,0.9490858563854342,Alvo_Suavizado,
490,2011-12-26,HOLDING,0.0,0.2,False,0.9490858568015098,Alvo_Suavizado,
491,2011-12-27,HOLDING,0.0,0.2,False,0.9490858588783242,Alvo_Suavizado,
492,2011-12-28,HOLDING,0.0,0.2,False,0.9490858577705349,Alvo_Suavizado,
493,2011-12-29,HOLDING,0.0,0.2,False,0.949085857336599,Alvo_Suavizado,
494,2012-01-04,HOLDING,0.0,0.2,False,0.8879092840606261,Alvo_Suavizado,
495,2012-01-05,AGUARDANDO_EXECUCAO,0.0,0.2,False,0.9155811786022913,Alvo_Suavizado,Alvo_Suavizado
496,2012-01-06,AGUARDANDO_EXECUCAO,0.0,0.2,False,0.9155811784483171,Alvo_Suavizado,Alvo_Suavizado
497,2012-01-09,EXECUTOU_TROCA,0.0,0.2,False,0.915581177818211,Alvo_Suavizado,
498,2012-01-10,HOLDING,0.0,0.2,False,0.915581178350852,Alvo_Suavizado,
499,2012-01-11,HOLDING,0.0,0.2,False,0.9155811785315957,Alvo_Suavizado,
500,2012-01-12,HOLDING,0.0,0.2,False,0.9155811786097229,Alvo_Suavizado,
501,2012-01-13,HOLDING,0.0,0.2,False,0.9155811786097221,Alvo_Suavizado,
502,2012-01-16,HOLDING,0.0,0.2,False,0.9155811786097219,Alvo_Suavizado,
503,2012-01-17,HOLDING,0.0,0.2,False,0.9155811786097219,Alvo_Suavizado,
504,2012-01-18,HOLDING,0.0,0.2,False,0.9155811786097223,Alvo_Suavizado,
505,2012-01-19,HOLDING,0.0,0.2,False,0.9155811786097225,Alvo_Suavizado,
506,2012-01-20,HOLDING,0.0,0.2,False,0.9155811786097298,Alvo_Suavizado,
507,2012-01-23,HOLDING,0.0,0.2,False,0.9155811786097219,Alvo_Suavizado,
508,2012-01-24,HOLDING,0.0,0.2,False,0.9155811786097219,Alvo_Suavizado,
509,2012-01-26,HOLDING,0.0,0.2,False,0.9155811786097219,Alvo_Suavizado,
510,2012-01-27,HOLDING,0.0,0.2,False,0.9155811786097219,Alvo_Suavizado,
511,2012-01-30,HOLDING,0.0,0.2,False,0.9155811786097219,Alvo_Suavizado,
512,2012-01-31,HOLDING,0.0,0.2,False,0.9155811786097221,Alvo_Suavizado,
513,2012-02-01,HOLDING,0.0,0.2,False,0.9155811786097222,Alvo_Suavizado,
514,2012-02-02,HOLDING,0.0,0.2,False,0.9155811786097222,Alvo_Suavizado,
515,2012-02-03,HOLDING,0.0,0.2,False,0.9155811786097228,Alvo_Suavizado,
516,2012-02-06,HOLDING,0.0,0.2,False,0.9155811786097289,Alvo_Suavizado,
517,2012-02-07,HOLDING,0.0,0.2,False,0.9155811786097298,Alvo_Suavizado,
518,2012-02-08,HOLDING,0.0,0.2,False,0.9155811786097474,Alvo_Suavizado,
519,2012-02-09,HOLDING,0.0,0.2,False,0.9155811786097415,Alvo_Suavizado,
520,2012-02-10,HOLDING,0.0,0.2,False,0.9155811786097412,Alvo_Suavizado,
521,2012-02-13,HOLDING,0.0,0.2,False,0.9155811786097442,Alvo_Suavizado,
522,2012-02-14,HOLDING,0.0,0.2,False,0.9155811786097297,Alvo_Suavizado,
523,2012-02-15,HOLDING,0.0,0.2,False,0.9155811786097324,Alvo_Suavizado,
524,2012-02-16,HOLDING,0.0,0.2,False,0.9155811786097239,Alvo_Suavizado,
525,2012-02-17,HOLDING,0.0,0.2,False,0.9155811786082176,Alvo_Suavizado,
526,2012-02-23,HOLDING,0.0,0.2,False,0.915581178609725,Alvo_Suavizado,
527,2012-02-24,HOLDING,0.0,0.2,False,0.9155811786097243,Alvo_Suavizado,
528,2012-02-27,HOLDING,0.0,0.2,False,0.9155811786097363,Alvo_Suavizado,
529,2012-02-28,HOLDING,0.0,0.2,False,0.9155811786097288,Alvo_Suavizado,
530,2012-02-29,HOLDING,0.0,0.2,False,0.9155811786097298,Alvo_Suavizado,
531,2012-03-01,HOLDING,0.0,0.2,False,0.9155811786089734,Alvo_Suavizado,
532,2012-03-02,HOLDING,0.0,0.2,False,0.9155811786090049,Alvo_Suavizado,
533,2012-03-05,HOLDING,0.0,0.2,False,0.9155811786097369,Alvo_Suavizado,
534,2012-03-06,HOLDING,0.0,0.2,False,0.9155811786097222,Alvo_Suavizado,
535,2012-03-07,HOLDING,0.0,0.2,False,0.9155811786097221,Alvo_Suavizado,
536,2012-03-08,HOLDING,0.0,0.2,False,0.9155811786097224,Alvo_Suavizado,
537,2012-03-09,HOLDING,0.0,0.2,False,0.915581178609722,Alvo_Suavizado,
538,2012-03-12,HOLDING,0.0,0.2,False,0.9155811786097219,Alvo_Suavizado,
539,2012-03-13,HOLDING,0.0,0.2,False,0.9155811786097219,Alvo_Suavizado,
540,2012-03-14,HOLDING,0.0,0.2,False,0.915581178609722,Alvo_Suavizado,
541,2012-03-15,HOLDING,0.0,0.2,False,0.9155811786097273,Alvo_Suavizado,
542,2012-03-16,HOLDING,0.0,0.2,False,0.915581178609723,Alvo_Suavizado,
543,2012-03-19,HOLDING,0.0,0.2,False,0.9155811786067186,Alvo_Suavizado,
544,2012-03-20,HOLDING,0.0,0.2,False,0.9155811786097299,Alvo_Suavizado,
545,2012-03-21,HOLDING,0.0,0.2,False,0.915581178606781,Alvo_Suavizado,
546,2012-03-22,HOLDING,0.0,0.2,False,0.8981740738021975,Alvo_Suavizado,
547,2012-03-23,HOLDING,0.0,0.2,False,0.8996627594789002,Alvo_Suavizado,
548,2012-03-26,HOLDING,0.0,0.2,False,0.8996823040429821,Alvo_Suavizado,
549,2012-03-27,HOLDING,0.0,0.2,False,0.8996822487446897,Alvo_Suavizado,
550,2012-03-28,HOLDING,0.0,0.2,False,0.8996817130700308,Alvo_Suavizado,
551,2012-03-29,HOLDING,0.0,0.2,False,0.8996589126637867,Alvo_Suavizado,
552,2012-03-30,HOLDING,0.0,0.2,False,0.8996180640545197,Alvo_Suavizado,
553,2012-04-02,HOLDING,0.0,0.2,False,0.8897844757183695,Alvo_Suavizado,
554,2012-04-03,HOLDING,0.0,0.2,False,0.8879092840606261,Alvo_Suavizado,
555,2012-04-04,HOLDING,0.0,0.2,False,0.8516784988406347,Alvo_Suavizado,
556,2012-04-05,HOLDING,0.0,0.2,False,0.450837613167599,Alvo_Suavizado,
557,2012-04-09,HOLDING,0.0,0.2,False,0.8512481827974752,Alvo_Suavizado,
558,2012-04-10,HOLDING,0.0,0.2,False,0.8516773833627426,Alvo_Suavizado,
559,2012-04-11,HOLDING,0.0,0.2,False,0.8516847607768557,Alvo_Suavizado,
560,2012-04-12,HOLDING,0.0,0.2,False,0.851684760779177,Alvo_Suavizado,
561,2012-04-13,HOLDING,0.0,0.2,False,0.8516847606282979,Alvo_Suavizado,
562,2012-04-16,AGUARDANDO_EXECUCAO,0.0,0.2,False,0.8516601376795861,Alvo_Suavizado,Alvo_Suavizado
563,2012-04-17,AGUARDANDO_EXECUCAO,0.0,0.2,False,0.8516146988738257,Alvo_Suavizado,Alvo_Suavizado
564,2012-04-18,EXECUTOU_TROCA,0.0,0.2,False,0.8516840916030174,Alvo_Suavizado,
565,2012-04-19,HOLDING,0.0,0.2,False,0.785101026419458,Alvo_Suavizado,
566,2012-04-20,HOLDING,0.0,0.2,False,0.6594638700420637,Alvo_Suavizado,
567,2012-04-23,HOLDING,0.0,0.2,False,0.8170504117097155,Alvo_Suavizado,
568,2012-04-24,HOLDING,0.0,0.2,False,0.8514606971457681,Alvo_Suavizado,
569,2012-04-25,HOLDING,0.0,0.2,False,0.8516645154485795,Alvo_Suavizado,
570,2012-04-26,HOLDING,0.0,0.2,False,0.8516760447347271,Alvo_Suavizado,
571,2012-04-27,HOLDING,0.0,0.2,False,0.8514681765716828,Alvo_Suavizado,
572,2012-04-30,HOLDING,0.0,0.2,False,0.8468715465976158,Alvo_Suavizado,
573,2012-05-02,HOLDING,0.0,0.2,False,0.8497292109042637,Alvo_Suavizado,
574,2012-05-03,HOLDING,0.0,0.2,False,0.8493239186098465,Alvo_Suavizado,
575,2012-05-04,HOLDING,0.0,0.2,False,0.7012996046800576,Alvo_Suavizado,
576,2012-05-07,HOLDING,0.0,0.2,False,0.8983877309940652,Alvo_Suavizado,
577,2012-05-08,HOLDING,0.0,0.2,False,0.4620926152055652,Alvo_Suavizado,
578,2012-05-09,HOLDING,0.0,0.2,False,0.8502998177537463,Alvo_Suavizado,
579,2012-05-10,HOLDING,0.0,0.2,False,0.8516823116954767,Alvo_Suavizado,
580,2012-05-11,HOLDING,0.0,0.2,False,0.8516798403499051,Alvo_Suavizado,
581,2012-05-14,HOLDING,0.0,0.2,False,0.8516545783984006,Alvo_Suavizado,
582,2012-05-15,HOLDING,0.0,0.2,False,0.8516784243057709,Alvo_Suavizado,
583,2012-05-16,HOLDING,0.0,0.2,False,0.8516545422164434,Alvo_Suavizado,
584,2012-05-17,HOLDING,0.0,0.2,False,0.8511966455768867,Alvo_Suavizado,
585,2012-05-18,HOLDING,0.0,0.2,False,0.8512389782372282,Alvo_Suavizado,
586,2012-05-21,HOLDING,0.0,0.2,False,0.8491815020403843,Alvo_Suavizado,
587,2012-05-22,HOLDING,0.0,0.2,False,0.8516842915299191,Alvo_Suavizado,
588,2012-05-23,HOLDING,0.0,0.2,False,0.7536302217607084,Alvo_Suavizado,
589,2012-05-24,HOLDING,0.0,0.2,False,0.6021271147765502,Alvo_Suavizado,
590,2012-05-25,HOLDING,0.0,0.2,False,0.6802593840149831,Alvo_Suavizado,
591,2012-05-28,HOLDING,0.0,0.2,False,0.8423437392367689,Alvo_Suavizado,
592,2012-05-29,HOLDING,0.0,0.2,False,0.8459568825283071,Alvo_Suavizado,
593,2012-05-30,HOLDING,0.0,0.2,False,0.9155811594873737,Alvo_Suavizado,
594,2012-05-31,HOLDING,0.0,0.2,False,0.9155811783426995,Alvo_Suavizado,
595,2012-06-01,HOLDING,0.0,0.2,False,0.9155811786097443,Alvo_Suavizado,
596,2012-06-04,HOLDING,0.0,0.2,False,0.9155811786097219,Alvo_Suavizado,
597,2012-06-05,HOLDING,0.0,0.2,False,0.9155811786097221,Alvo_Suavizado,
598,2012-06-06,HOLDING,0.0,0.2,False,0.9155811786097388,Alvo_Suavizado,
599,2012-06-08,HOLDING,0.0,0.2,False,0.9155811786060112,Alvo_Suavizado,
600,2012-06-11,HOLDING,0.0,0.2,False,0.9155811782437547,Alvo_Suavizado,
601,2012-06-12,HOLDING,0.0,0.2,False,0.9155811779908397,Alvo_Suavizado,
602,2012-06-13,HOLDING,0.0,0.2,False,0.915581178184962,Alvo_Suavizado,
603,2012-06-14,HOLDING,0.0,0.2,False,0.9155811511216106,Alvo_Suavizado,
604,2012-06-15,HOLDING,0.0,0.2,False,0.9155811623074598,Alvo_Suavizado,
605,2012-06-18,HOLDING,0.0,0.2,False,0.915581157762334,Alvo_Suavizado,
606,2012-06-19,HOLDING,0.0,0.2,False,0.9155811723157192,Alvo_Suavizado,
607,2012-06-20,HOLDING,0.0,0.2,False,0.9155811752986553,Alvo_Suavizado,
608,2012-06-21,HOLDING,0.0,0.2,False,0.9155811782355427,Alvo_Suavizado,
609,2012-06-22,HOLDING,0.0,0.2,False,0.9155811786075071,Alvo_Suavizado,
610,2012-06-25,HOLDING,0.0,0.2,False,0.9155811786082203,Alvo_Suavizado,
611,2012-06-26,HOLDING,0.0,0.2,False,0.9155811786097385,Alvo_Suavizado,
612,2012-06-27,HOLDING,0.0,0.2,False,0.9155811773719283,Alvo_Suavizado,
613,2012-06-28,HOLDING,0.0,0.2,False,0.915581178155226,Alvo_Suavizado,
614,2012-06-29,HOLDING,0.0,0.2,False,0.9155811783619845,Alvo_Suavizado,
615,2012-07-02,HOLDING,0.0,0.2,False,0.9155811535645205,Alvo_Suavizado,
616,2012-07-03,HOLDING,0.0,0.2,False,0.9155811786097293,Alvo_Suavizado,
617,2012-07-04,HOLDING,0.0,0.2,False,0.9155811786097661,Alvo_Suavizado,
618,2012-07-05,HOLDING,0.0,0.2,False,0.9155811786089364,Alvo_Suavizado,
619,2012-07-06,HOLDING,0.0,0.2,False,0.9155811786052767,Alvo_Suavizado,
620,2012-07-10,HOLDING,0.0,0.2,False,0.915581178602306,Alvo_Suavizado,
621,2012-07-11,HOLDING,0.0,0.2,False,0.9155811785822138,Alvo_Suavizado,
622,2012-07-12,HOLDING,0.0,0.2,False,0.9155811784631332,Alvo_Suavizado,
623,2012-07-13,HOLDING,0.0,0.2,False,0.9155811785859284,Alvo_Suavizado,
624,2012-07-16,HOLDING,0.0,0.2,False,0.9155811786097219,Alvo_Suavizado,
625,2012-07-17,HOLDING,0.0,0.2,False,0.9155811786097223,Alvo_Suavizado,
626,2012-07-18,HOLDING,0.0,0.2,False,0.9155811786082421,Alvo_Suavizado,
627,2012-07-19,HOLDING,0.0,0.2,False,0.9155811786067718,Alvo_Suavizado,
628,2012-07-20,HOLDING,0.0,0.2,False,0.915581178608962,Alvo_Suavizado,
629,2012-07-23,AGUARDANDO_EXECUCAO,0.0,0.2,False,0.9155811786089669,Alvo_Suavizado,Alvo_Suavizado
630,2012-07-24,AGUARDANDO_EXECUCAO,0.0,0.2,False,0.9155811786037263,Alvo_Suavizado,Alvo_Suavizado
631,2012-07-25,EXECUTOU_TROCA,0.0,0.2,False,0.9155811785911427,Alvo_Suavizado,
632,2012-07-26,HOLDING,0.0,0.2,False,0.9155811786082234,Alvo_Suavizado,
633,2012-07-27,HOLDING,0.0,0.2,False,0.9155811786090116,Alvo_Suavizado,
634,2012-07-30,HOLDING,0.0,0.2,False,0.9155811786074883,Alvo_Suavizado,
635,2012-07-31,HOLDING,0.0,0.2,False,0.9155811775898236,Alvo_Suavizado,
636,2012-08-01,HOLDING,0.0,0.2,False,0.9155811712377757,Alvo_Suavizado,
637,2012-08-02,HOLDING,0.0,0.2,False,0.9155805268587851,Alvo_Suavizado,
638,2012-08-03,HOLDING,0.0,0.2,False,0.915581163342217,Alvo_Suavizado,
639,2012-08-06,HOLDING,0.0,0.2,False,0.915581178339706,Alvo_Suavizado,
640,2012-08-07,HOLDING,0.0,0.2,False,0.9155811786037485,Alvo_Suavizado,
641,2012-08-08,HOLDING,0.0,0.2,False,0.915581178489973,Alvo_Suavizado,
642,2012-08-09,HOLDING,0.0,0.2,False,0.9155811786097409,Alvo_Suavizado,
643,2012-08-10,HOLDING,0.0,0.2,False,0.9155811786089365,Alvo_Suavizado,
644,2012-08-13,HOLDING,0.0,0.2,False,0.9155811786097521,Alvo_Suavizado,
645,2012-08-14,HOLDING,0.0,0.2,False,0.9155811786074637,Alvo_Suavizado,
646,2012-08-15,HOLDING,0.0,0.2,False,0.9155811786097513,Alvo_Suavizado,
647,2012-08-16,HOLDING,0.0,0.2,False,0.9155811786097452,Alvo_Suavizado,
648,2012-08-17,HOLDING,0.0,0.2,False,0.9155811786097418,Alvo_Suavizado,
649,2012-08-20,HOLDING,0.0,0.2,False,0.9155811786097277,Alvo_Suavizado,
650,2012-08-21,HOLDING,0.0,0.2,False,0.9155811786097247,Alvo_Suavizado,
651,2012-08-22,HOLDING,0.0,0.2,False,0.9155811786097241,Alvo_Suavizado,
652,2012-08-23,HOLDING,0.0,0.2,False,0.9155811786097252,Alvo_Suavizado,
653,2012-08-24,HOLDING,0.0,0.2,False,0.8879092840606261,Alvo_Suavizado,
654,2012-08-27,HOLDING,0.0,0.2,False,0.8879092840606261,Alvo_Suavizado,
655,2012-08-28,HOLDING,0.0,0.2,False,0.8879092840606261,Alvo_Suavizado,
656,2012-08-29,HOLDING,0.0,0.2,False,0.8879092840606261,Alvo_Suavizado,
657,2012-08-30,HOLDING,0.0,0.2,False,0.8879092840606261,Alvo_Suavizado,
658,2012-08-31,HOLDING,0.0,0.2,False,0.8879092840606261,Alvo_Suavizado,
659,2012-09-03,HOLDING,0.0,0.2,False,0.8879092840606261,Alvo_Suavizado,
660,2012-09-04,HOLDING,0.0,0.2,False,0.8879092840606261,Alvo_Suavizado,
661,2012-09-05,HOLDING,0.0,0.2,False,0.8879092840606261,Alvo_Suavizado,
662,2012-09-06,HOLDING,0.0,0.2,False,0.8879092840606261,Alvo_Suavizado,
663,2012-09-10,HOLDING,0.0,0.2,False,0.8879092840606261,Alvo_Suavizado,
664,2012-09-11,HOLDING,0.0,0.2,False,0.8879092840606261,Alvo_Suavizado,
665,2012-09-12,HOLDING,0.0,0.2,False,0.8879092840606261,Alvo_Suavizado,
666,2012-09-13,HOLDING,0.0,0.2,False,0.8879092840606261,Alvo_Suavizado,
667,2012-09-14,HOLDING,0.0,0.2,False,0.8879092840606261,Alvo_Suavizado,
668,2012-09-17,HOLDING,0.0,0.2,False,0.8879092840606261,Alvo_Suavizado,
669,2012-09-18,HOLDING,0.0,0.2,False,0.8879092840606261,Alvo_Suavizado,
670,2012-09-19,HOLDING,0.0,0.2,False,0.8879092840606261,Alvo_Suavizado,
671,2012-09-20,HOLDING,0.0,0.2,False,0.8879092840606261,Alvo_Suavizado,
672,2012-09-21,HOLDING,0.0,0.2,False,0.8879092840606261,Alvo_Suavizado,
673,2012-09-24,HOLDING,0.0,0.2,False,0.8879092840606261,Alvo_Suavizado,
674,2012-09-25,HOLDING,0.0,0.2,False,0.8879092840606261,Alvo_Suavizado,
675,2012-09-26,HOLDING,0.0,0.2,False,0.8879092840606261,Alvo_Suavizado,
676,2012-09-27,HOLDING,0.0,0.2,False,0.8879092840606261,Alvo_Suavizado,
677,2012-09-28,HOLDING,0.0,0.2,False,0.8879092840606261,Alvo_Suavizado,
678,2012-10-01,HOLDING,0.0,0.2,False,0.8879092840606261,Alvo_Suavizado,
679,2012-10-02,HOLDING,0.0,0.2,False,0.8879092840606261,Alvo_Suavizado,
680,2012-10-03,HOLDING,0.0,0.2,False,0.915581178605279,Alvo_Suavizado,
681,2012-10-04,HOLDING,0.0,0.2,False,0.915581178379887,Alvo_Suavizado,
682,2012-10-05,HOLDING,0.0,0.2,False,0.9155811786089718,Alvo_Suavizado,
683,2012-10-08,HOLDING,0.0,0.2,False,0.9155811786059822,Alvo_Suavizado,
684,2012-10-09,HOLDING,0.0,0.2,False,0.9155811786097525,Alvo_Suavizado,
685,2012-10-10,HOLDING,0.0,0.2,False,0.9155811782764938,Alvo_Suavizado,
686,2012-10-11,HOLDING,0.0,0.2,False,0.9155811762820786,Alvo_Suavizado,
687,2012-10-15,HOLDING,0.0,0.2,False,0.9155811784244713,Alvo_Suavizado,
688,2012-10-16,HOLDING,0.0,0.2,False,0.9155811786097219,Alvo_Suavizado,
689,2012-10-17,HOLDING,0.0,0.2,False,0.9155811786097222,Alvo_Suavizado,
690,2012-10-18,HOLDING,0.0,0.2,False,0.9155811786097232,Alvo_Suavizado,
691,2012-10-19,HOLDING,0.0,0.2,False,0.9155811786097249,Alvo_Suavizado,
692,2012-10-22,HOLDING,0.0,0.2,False,0.9155811786097231,Alvo_Suavizado,
693,2012-10-23,HOLDING,0.0,0.2,False,0.9155811786097269,Alvo_Suavizado,
694,2012-10-24,HOLDING,0.0,0.2,False,0.9155811786097221,Alvo_Suavizado,
695,2012-10-25,HOLDING,0.0,0.2,False,0.9155811786082021,Alvo_Suavizado,
696,2012-10-26,SEM_TROCA,0.0,0.2,False,0.9155811786097349,Alvo_Suavizado,
697,2012-10-29,SEM_TROCA,0.0,0.2,False,0.9155811786097253,Alvo_Suavizado,
698,2012-10-30,SEM_TROCA,0.0,0.2,False,0.9155811786097248,Alvo_Suavizado,
699,2012-10-31,SEM_TROCA,0.0,0.2,False,0.9155811786097221,Alvo_Suavizado,
700,2012-11-01,SEM_TROCA,0.0,0.2,False,0.915581178609722,Alvo_Suavizado,
701,2012-11-05,SEM_TROCA,0.0,0.2,False,0.915581178609722,Alvo_Suavizado,
702,2012-11-06,SEM_TROCA,0.0,0.2,False,0.9155811786097303,Alvo_Suavizado,
703,2012-11-07,SEM_TROCA,0.0,0.2,False,0.9155811786097223,Alvo_Suavizado,
704,2012-11-08,SEM_TROCA,0.0,0.2,False,0.9155811786074654,Alvo_Suavizado,
705,2012-11-09,SEM_TROCA,0.0,0.2,False,0.9155811785375965,Alvo_Suavizado,
706,2012-11-12,SEM_TROCA,0.0,0.2,False,0.9155811785948514,Alvo_Suavizado,
707,2012-11-13,SEM_TROCA,0.0,0.2,False,0.9155811786089808,Alvo_Suavizado,
708,2012-11-14,SEM_TROCA,0.0,0.2,False,0.9155811781105949,Alvo_Suavizado,
709,2012-11-16,SEM_TROCA,0.0,0.2,False,0.915581178566583,Alvo_Suavizado,
710,2012-11-19,SEM_TROCA,0.0,0.2,False,0.9155811786097443,Alvo_Suavizado,
711,2012-11-21,SEM_TROCA,0.0,0.2,False,0.9155811786097219,Alvo_Suavizado,
712,2012-11-22,SEM_TROCA,0.0,0.2,False,0.9155811786097312,Alvo_Suavizado,
713,2012-11-23,SEM_TROCA,0.0,0.2,False,0.9155811786097219,Alvo_Suavizado,
714,2012-11-26,SEM_TROCA,0.0,0.2,False,0.9155811786097219,Alvo_Suavizado,
715,2012-11-27,SEM_TROCA,0.0,0.2,False,0.9155811786097363,Alvo_Suavizado,
716,2012-11-28,SEM_TROCA,0.0,0.2,False,0.9155811786097228,Alvo_Suavizado,
717,2012-11-29,SEM_TROCA,0.0,0.2,False,0.9155811786097224,Alvo_Suavizado,
718,2012-11-30,SEM_TROCA,0.0,0.2,False,0.9155811780562796,Alvo_Suavizado,
719,2012-12-03,SEM_TROCA,0.0,0.2,False,0.9155811711670977,Alvo_Suavizado,
720,2012-12-04,SEM_TROCA,0.0,0.2,False,0.9155811785412935,Alvo_Suavizado,
721,2012-12-05,SEM_TROCA,0.0,0.2,False,0.915581174749694,Alvo_Suavizado,
722,2012-12-06,SEM_TROCA,0.0,0.2,False,0.9155811711329387,Alvo_Suavizado,
723,2012-12-07,SEM_TROCA,0.0,0.2,False,0.9155811784289313,Alvo_Suavizado,
724,2012-12-10,SEM_TROCA,0.0,0.2,False,0.9155811786097245,Alvo_Suavizado,
725,2012-12-11,SEM_TROCA,0.0,0.2,False,0.915581178609723,Alvo_Suavizado,
726,2012-12-12,SEM_TROCA,0.0,0.2,False,0.8879092840606261,Alvo_Suavizado,
727,2012-12-13,AGUARDANDO_EXECUCAO,0.0,0.2,False,0.8879092840606261,Alvo_Suavizado,Alvo_Suavizado
728,2012-12-14,AGUARDANDO_EXECUCAO,0.0,0.2,False,0.8879092840606261,Alvo_Suavizado,Alvo_Suavizado
729,2012-12-17,EXECUTOU_TROCA,0.0,0.2,False,0.8879092840606261,Alvo_Suavizado,
730,2012-12-18,HOLDING,0.0,0.2,False,0.8879092840606261,Alvo_Suavizado,
731,2012-12-19,HOLDING,0.0,0.2,False,0.8879092840606261,Alvo_Suavizado,
732,2012-12-20,HOLDING,0.0,0.2,False,0.8879092840606261,Alvo_Suavizado,
733,2012-12-21,HOLDING,0.0,0.2,False,0.8879092840606261,Alvo_Suavizado,
734,2012-12-26,HOLDING,0.0,0.2,False,0.8879092840606261,Alvo_Suavizado,
735,2012-12-27,HOLDING,0.0,0.2,False,0.8879092840606261,Alvo_Suavizado,
736,2012-12-28,HOLDING,0.0,0.2,False,0.8879092840606261,Alvo_Suavizado,
737,2013-01-03,HOLDING,0.0,0.2,False,0.8725542385059346,Alvo_Suavizado,
738,2013-01-04,AGUARDANDO_EXECUCAO,0.0,0.2,False,0.9275444843431956,Alvo_Suavizado,Alvo_Suavizado
739,2013-01-07,AGUARDANDO_EXECUCAO,0.0,0.2,False,0.9275444843431956,Alvo_Suavizado,Alvo_Suavizado
740,2013-01-08,EXECUTOU_TROCA,0.0,0.2,False,0.9275444843431956,Alvo_Suavizado,
741,2013-01-09,HOLDING,0.0,0.2,False,0.9275444843431956,Alvo_Suavizado,
742,2013-01-10,HOLDING,0.0,0.2,False,0.9275444843431956,Alvo_Suavizado,
743,2013-01-11,HOLDING,0.0,0.2,False,0.9275444843431956,Alvo_Suavizado,
744,2013-01-14,HOLDING,0.0,0.2,False,0.9275444843431956,Alvo_Suavizado,
745,2013-01-15,HOLDING,0.0,0.2,False,0.9275444843431956,Alvo_Suavizado,
746,2013-01-16,HOLDING,0.0,0.2,False,0.9275444843431956,Alvo_Suavizado,
747,2013-01-17,HOLDING,0.0,0.2,False,0.9275444843431956,Alvo_Suavizado,
748,2013-01-18,HOLDING,0.0,0.2,False,0.9275444843431956,Alvo_Suavizado,
749,2013-01-21,HOLDING,0.0,0.2,False,0.9275444843431956,Alvo_Suavizado,
750,2013-01-22,HOLDING,0.0,0.2,False,0.9275444843431956,Alvo_Suavizado,
751,2013-01-23,HOLDING,0.0,0.2,False,0.9275444843431956,Alvo_Suavizado,
752,2013-01-24,HOLDING,0.0,0.2,False,0.9275444843431956,Alvo_Suavizado,
753,2013-01-28,HOLDING,0.0,0.2,False,0.9275444843431956,Alvo_Suavizado,
754,2013-01-29,HOLDING,0.0,0.2,False,0.9275444843431956,Alvo_Suavizado,
755,2013-01-30,HOLDING,0.0,0.2,False,0.9275444843431956,Alvo_Suavizado,
756,2013-01-31,HOLDING,0.0,0.2,False,0.9275444843431956,Alvo_Suavizado,
757,2013-02-01,HOLDING,0.0,0.2,False,0.9275444843431956,Alvo_Suavizado,
758,2013-02-04,HOLDING,0.0,0.2,False,0.9275444843431956,Alvo_Suavizado,
759,2013-02-05,HOLDING,0.0,0.2,False,0.9275444843431956,Alvo_Suavizado,
760,2013-02-06,HOLDING,0.0,0.2,False,0.9275444843431956,Alvo_Suavizado,
761,2013-02-07,HOLDING,0.0,0.2,False,0.9275444843431956,Alvo_Suavizado,
762,2013-02-08,HOLDING,0.0,0.2,False,0.9275444843431956,Alvo_Suavizado,
763,2013-02-13,HOLDING,0.0,0.2,False,0.9275444843431956,Alvo_Suavizado,
764,2013-02-14,HOLDING,0.0,0.2,False,0.9275444843431956,Alvo_Suavizado,
765,2013-02-15,HOLDING,0.0,0.2,False,0.9275444843431956,Alvo_Suavizado,
766,2013-02-18,HOLDING,0.0,0.2,False,0.9275444843431956,Alvo_Suavizado,
767,2013-02-19,HOLDING,0.0,0.2,False,0.9275444843431956,Alvo_Suavizado,
768,2013-02-20,HOLDING,0.0,0.2,False,0.9275444843431956,Alvo_Suavizado,
769,2013-02-21,HOLDING,0.0,0.2,False,0.9275444843431956,Alvo_Suavizado,
770,2013-02-22,HOLDING,0.0,0.2,False,0.9275444843431956,Alvo_Suavizado,
771,2013-02-25,HOLDING,0.0,0.2,False,0.9275444843431956,Alvo_Suavizado,
772,2013-02-26,HOLDING,0.0,0.2,False,0.9275444843431956,Alvo_Suavizado,
773,2013-02-27,HOLDING,0.0,0.2,False,0.9275444843431956,Alvo_Suavizado,
774,2013-02-28,HOLDING,0.0,0.2,False,0.9275444843431956,Alvo_Suavizado,
775,2013-03-01,HOLDING,0.0,0.2,False,0.9275444843431956,Alvo_Suavizado,
776,2013-03-04,HOLDING,0.0,0.2,False,0.9275444843431956,Alvo_Suavizado,
777,2013-03-05,HOLDING,0.0,0.2,False,0.9275444843431956,Alvo_Suavizado,
778,2013-03-06,HOLDING,0.0,0.2,False,0.9275444843431956,Alvo_Suavizado,
779,2013-03-07,HOLDING,0.0,0.2,False,0.9275444843431956,Alvo_Suavizado,
780,2013-03-08,HOLDING,0.0,0.2,False,0.9275444843431956,Alvo_Suavizado,
781,2013-03-11,HOLDING,0.0,0.2,False,0.9275444843431956,Alvo_Suavizado,
782,2013-03-12,HOLDING,0.0,0.2,False,0.9275444843431956,Alvo_Suavizado,
783,2013-03-13,HOLDING,0.0,0.2,False,0.9275444843431956,Alvo_Suavizado,
784,2013-03-14,HOLDING,0.0,0.2,False,0.9275444843431956,Alvo_Suavizado,
785,2013-03-15,HOLDING,0.0,0.2,False,0.9275444843431956,Alvo_Suavizado,
786,2013-03-18,HOLDING,0.0,0.2,False,0.9275444843431956,Alvo_Suavizado,
787,2013-03-19,HOLDING,0.0,0.2,False,0.9275444843431956,Alvo_Suavizado,
788,2013-03-20,HOLDING,0.0,0.2,False,0.9275444843431956,Alvo_Suavizado,
789,2013-03-21,HOLDING,0.0,0.2,False,0.9275444843431956,Alvo_Suavizado,
790,2013-03-22,HOLDING,0.0,0.2,False,0.9275444843431956,Alvo_Suavizado,
791,2013-03-25,HOLDING,0.0,0.2,False,0.9275444843431956,Alvo_Suavizado,
792,2013-03-26,HOLDING,0.0,0.2,False,0.9275444843431956,Alvo_Suavizado,
793,2013-03-27,HOLDING,0.0,0.2,False,0.9275444843431956,Alvo_Suavizado,
794,2013-03-28,HOLDING,0.0,0.2,False,0.9275444843431956,Alvo_Suavizado,
795,2013-04-01,HOLDING,0.0,0.2,False,0.9275444843431956,Alvo_Suavizado,
796,2013-04-02,HOLDING,0.0,0.2,False,0.9275444843431956,Alvo_Suavizado,
797,2013-04-03,HOLDING,0.0,0.2,False,0.9275444843431956,Alvo_Suavizado,
798,2013-04-04,HOLDING,0.0,0.2,False,0.9275444843431956,Alvo_Suavizado,
799,2013-04-05,HOLDING,0.0,0.2,False,0.9275444843431956,Alvo_Suavizado,
800,2013-04-08,HOLDING,0.0,0.2,False,0.9275444843431956,Alvo_Suavizado,
801,2013-04-09,HOLDING,0.0,0.2,False,0.9275444843431956,Alvo_Suavizado,
802,2013-04-10,HOLDING,0.0,0.2,False,0.9275444843431956,Alvo_Suavizado,
803,2013-04-11,HOLDING,0.0,0.2,False,0.9275444843431956,Alvo_Suavizado,
804,2013-04-12,HOLDING,0.0,0.2,False,0.9275444843431956,Alvo_Suavizado,
805,2013-04-15,AGUARDANDO_EXECUCAO,0.0,0.2,False,0.9275444843431956,Alvo_Suavizado,Alvo_Suavizado
806,2013-04-16,AGUARDANDO_EXECUCAO,0.0,0.2,False,0.9275444843431956,Alvo_Suavizado,Alvo_Suavizado
807,2013-04-17,EXECUTOU_TROCA,0.0,0.2,False,0.9275444843431956,Alvo_Suavizado,
808,2013-04-18,HOLDING,0.0,0.2,False,0.9275444843431956,Alvo_Suavizado,
809,2013-04-19,HOLDING,0.0,0.2,False,0.9275444843431956,Alvo_Suavizado,
810,2013-04-22,HOLDING,0.0,0.2,False,0.8780471625044596,Alvo_Suavizado,
811,2013-04-23,HOLDING,0.0,0.2,False,0.8780471625351989,Alvo_Suavizado,
812,2013-04-24,HOLDING,0.0,0.2,False,0.8780471625351985,Alvo_Suavizado,
813,2013-04-25,HOLDING,0.0,0.2,False,0.8780471625350041,Alvo_Suavizado,
814,2013-04-26,HOLDING,0.0,0.2,False,0.8780471625351965,Alvo_Suavizado,
815,2013-04-29,HOLDING,0.0,0.2,False,0.8780471625352961,Alvo_Suavizado,
816,2013-04-30,HOLDING,0.0,0.2,False,0.8780471625347137,Alvo_Suavizado,
817,2013-05-02,HOLDING,0.0,0.2,False,0.8780471625353908,Alvo_Suavizado,
818,2013-05-03,HOLDING,0.0,0.2,False,0.8780471625352954,Alvo_Suavizado,
819,2013-05-06,HOLDING,0.0,0.2,False,0.8780471625352939,Alvo_Suavizado,
820,2013-05-07,HOLDING,0.0,0.2,False,0.8780471625354891,Alvo_Suavizado,
821,2013-05-08,HOLDING,0.0,0.2,False,0.878047162535488,Alvo_Suavizado,
822,2013-05-09,HOLDING,0.0,0.2,False,0.8780471625354882,Alvo_Suavizado,
823,2013-05-10,HOLDING,0.0,0.2,False,0.8780471625353905,Alvo_Suavizado,
824,2013-05-13,HOLDING,0.0,0.2,False,0.8780471625354888,Alvo_Suavizado,
825,2013-05-14,HOLDING,0.0,0.2,False,0.8780471625237923,Alvo_Suavizado,
826,2013-05-15,HOLDING,0.0,0.2,False,0.8780471625086649,Alvo_Suavizado,
827,2013-05-16,HOLDING,0.0,0.2,False,0.8780471625239376,Alvo_Suavizado,
828,2013-05-17,HOLDING,0.0,0.2,False,0.8780471607853229,Alvo_Suavizado,
829,2013-05-20,HOLDING,0.0,0.2,False,0.8780471590247572,Alvo_Suavizado,
830,2013-05-21,HOLDING,0.0,0.2,False,0.8780470438089246,Alvo_Suavizado,
831,2013-05-22,HOLDING,0.0,0.2,False,0.8780471489433364,Alvo_Suavizado,
832,2013-05-23,HOLDING,0.0,0.2,False,0.878047153762374,Alvo_Suavizado,
833,2013-05-24,HOLDING,0.0,0.2,False,0.8780471625247585,Alvo_Suavizado,
834,2013-05-27,HOLDING,0.0,0.2,False,0.878047162531621,Alvo_Suavizado,
835,2013-05-28,HOLDING,0.0,0.2,False,0.8780471625339898,Alvo_Suavizado,
836,2013-05-29,HOLDING,0.0,0.2,False,0.9275444843429134,Alvo_Suavizado,
837,2013-05-31,HOLDING,0.0,0.2,False,0.9275444843431956,Alvo_Suavizado,
838,2013-06-03,HOLDING,0.0,0.2,False,0.9275444843431956,Alvo_Suavizado,
839,2013-06-04,HOLDING,0.0,0.2,False,0.9275444843431956,Alvo_Suavizado,
840,2013-06-05,HOLDING,0.0,0.2,False,0.9275444843431956,Alvo_Suavizado,
841,2013-06-06,HOLDING,0.0,0.2,False,0.9275444843431956,Alvo_Suavizado,
842,2013-06-07,HOLDING,0.0,0.2,False,0.9275444843431956,Alvo_Suavizado,
843,2013-06-10,HOLDING,0.0,0.2,False,0.9275444843431956,Alvo_Suavizado,
844,2013-06-11,HOLDING,0.0,0.2,False,0.9275444843431956,Alvo_Suavizado,
845,2013-06-12,HOLDING,0.0,0.2,False,0.9275444843431956,Alvo_Suavizado,
846,2013-06-13,HOLDING,0.0,0.2,False,0.9275444843431956,Alvo_Suavizado,
847,2013-06-14,HOLDING,0.0,0.2,False,0.9275444843431956,Alvo_Suavizado,
848,2013-06-17,HOLDING,0.0,0.2,False,0.9275444843431956,Alvo_Suavizado,
849,2013-06-18,HOLDING,0.0,0.2,False,0.9275444843431956,Alvo_Suavizado,
850,2013-06-19,HOLDING,0.0,0.2,False,0.9275444843431956,Alvo_Suavizado,
851,2013-06-20,HOLDING,0.0,0.2,False,0.9275444843431956,Alvo_Suavizado,
852,2013-06-21,HOLDING,0.0,0.2,False,0.9275444843431956,Alvo_Suavizado,
853,2013-06-24,HOLDING,0.0,0.2,False,0.9275444843431956,Alvo_Suavizado,
854,2013-06-25,HOLDING,0.0,0.2,False,0.9275444843431956,Alvo_Suavizado,
855,2013-06-26,HOLDING,0.0,0.2,False,0.9275444843431956,Alvo_Suavizado,
856,2013-06-27,HOLDING,0.0,0.2,False,0.9275444843431956,Alvo_Suavizado,
857,2013-06-28,HOLDING,0.0,0.2,False,0.9275444843431956,Alvo_Suavizado,
858,2013-07-01,HOLDING,0.0,0.2,False,0.9275444843431956,Alvo_Suavizado,
859,2013-07-02,HOLDING,0.0,0.2,False,0.9275444843431956,Alvo_Suavizado,
860,2013-07-03,HOLDING,0.0,0.2,False,0.9275444843431956,Alvo_Suavizado,
861,2013-07-04,HOLDING,0.0,0.2,False,0.9275444843431956,Alvo_Suavizado,
862,2013-07-05,HOLDING,0.0,0.2,False,0.9275444843431956,Alvo_Suavizado,
863,2013-07-08,HOLDING,0.0,0.2,False,0.9275444843431956,Alvo_Suavizado,
864,2013-07-10,HOLDING,0.0,0.2,False,0.9275444843431956,Alvo_Suavizado,
865,2013-07-11,HOLDING,0.0,0.2,False,0.9275444843431956,Alvo_Suavizado,
866,2013-07-12,HOLDING,0.0,0.2,False,0.9275444843431956,Alvo_Suavizado,
867,2013-07-15,HOLDING,0.0,0.2,False,0.9275444843431956,Alvo_Suavizado,
868,2013-07-16,HOLDING,0.0,0.2,False,0.9275444843431956,Alvo_Suavizado,
869,2013-07-17,HOLDING,0.0,0.2,False,0.9275444843431956,Alvo_Suavizado,
870,2013-07-18,HOLDING,0.0,0.2,False,0.9275444843431956,Alvo_Suavizado,
871,2013-07-19,HOLDING,0.0,0.2,False,0.9275444843431956,Alvo_Suavizado,
872,2013-07-22,SEM_TROCA,0.0,0.2,False,0.9275444843431956,Alvo_Suavizado,
873,2013-07-23,SEM_TROCA,0.0,0.2,False,0.9275444843431956,Alvo_Suavizado,
874,2013-07-24,SEM_TROCA,0.0,0.2,False,0.9275444843431956,Alvo_Suavizado,
875,2013-07-25,SEM_TROCA,0.0,0.2,False,0.9275444843431956,Alvo_Suavizado,
876,2013-07-26,SEM_TROCA,0.0,0.2,False,0.9275444843431956,Alvo_Suavizado,
877,2013-07-29,SEM_TROCA,0.0,0.2,False,0.9275444843431956,Alvo_Suavizado,
878,2013-07-30,SEM_TROCA,0.0,0.2,False,0.9275444843431956,Alvo_Suavizado,
879,2013-07-31,SEM_TROCA,0.0,0.2,False,0.9275444843431956,Alvo_Suavizado,
880,2013-08-01,SEM_TROCA,0.0,0.2,False,0.9275444843431956,Alvo_Suavizado,
881,2013-08-02,SEM_TROCA,0.0,0.2,False,0.9275444843431956,Alvo_Suavizado,
882,2013-08-05,SEM_TROCA,0.0,0.2,False,0.9275444843431956,Alvo_Suavizado,
883,2013-08-06,SEM_TROCA,0.0,0.2,False,0.9275444843431956,Alvo_Suavizado,
884,2013-08-07,SEM_TROCA,0.0,0.2,False,0.9275444843431959,Alvo_Suavizado,
885,2013-08-08,SEM_TROCA,0.0,0.2,False,0.9275444843431956,Alvo_Suavizado,
886,2013-08-09,SEM_TROCA,0.0,0.2,False,0.9275444843431956,Alvo_Suavizado,
887,2013-08-12,SEM_TROCA,0.0,0.2,False,0.9275444843431956,Alvo_Suavizado,
888,2013-08-13,SEM_TROCA,0.0,0.2,False,0.9275444843431956,Alvo_Suavizado,
889,2013-08-14,SEM_TROCA,0.0,0.2,False,0.8725542385059346,Alvo_Suavizado,
890,2013-08-15,AGUARDANDO_EXECUCAO,0.0,0.2,False,0.8725542385059346,Alvo_Suavizado,Alvo_Suavizado
891,2013-08-16,AGUARDANDO_EXECUCAO,0.0,0.2,False,0.8725542385059346,Alvo_Suavizado,Alvo_Suavizado
892,2013-08-19,EXECUTOU_TROCA,0.0,0.2,False,0.8725542385059346,Alvo_Suavizado,
893,2013-08-20,HOLDING,0.0,0.2,False,0.8725542385059346,Alvo_Suavizado,
894,2013-08-21,HOLDING,0.0,0.2,False,0.8725542385059346,Alvo_Suavizado,
895,2013-08-22,HOLDING,0.0,0.2,False,0.8725542385059346,Alvo_Suavizado,
896,2013-08-23,HOLDING,0.0,0.2,False,0.8725542385059346,Alvo_Suavizado,
897,2013-08-26,HOLDING,0.0,0.2,False,0.8725542385059346,Alvo_Suavizado,
898,2013-08-27,HOLDING,0.0,0.2,False,0.8725542385059346,Alvo_Suavizado,
899,2013-08-28,HOLDING,0.0,0.2,False,0.8725542385059346,Alvo_Suavizado,
900,2013-08-29,HOLDING,0.0,0.2,False,0.8725542385059346,Alvo_Suavizado,
901,2013-08-30,HOLDING,0.0,0.2,False,0.8725542385059346,Alvo_Suavizado,
902,2013-09-02,HOLDING,0.0,0.2,False,0.8725542385059346,Alvo_Suavizado,
903,2013-09-03,HOLDING,0.0,0.2,False,0.8725542385059346,Alvo_Suavizado,
904,2013-09-04,HOLDING,0.0,0.2,False,0.8725542385059346,Alvo_Suavizado,
905,2013-09-05,HOLDING,0.0,0.2,False,0.8725542385059346,Alvo_Suavizado,
906,2013-09-06,HOLDING,0.0,0.2,False,0.8725542385059346,Alvo_Suavizado,
907,2013-09-09,HOLDING,0.0,0.2,False,0.8725542385059346,Alvo_Suavizado,
908,2013-09-10,HOLDING,0.0,0.2,False,0.8725542385059346,Alvo_Suavizado,
909,2013-09-11,HOLDING,0.0,0.2,False,0.8725542385059346,Alvo_Suavizado,
910,2013-09-12,HOLDING,0.0,0.2,False,0.8725542385059346,Alvo_Suavizado,
911,2013-09-13,HOLDING,0.0,0.2,False,0.8725542385059346,Alvo_Suavizado,
912,2013-09-16,HOLDING,0.0,0.2,False,0.8725542385059346,Alvo_Suavizado,
913,2013-09-17,HOLDING,0.0,0.2,False,0.8725542385059346,Alvo_Suavizado,
914,2013-09-18,HOLDING,0.0,0.2,False,0.8725542385059346,Alvo_Suavizado,
915,2013-09-19,HOLDING,0.0,0.2,False,0.8725542385059346,Alvo_Suavizado,
916,2013-09-20,HOLDING,0.0,0.2,False,0.8725542385059346,Alvo_Suavizado,
917,2013-09-23,HOLDING,0.0,0.2,False,0.9275444843431956,Alvo_Suavizado,
918,2013-09-24,HOLDING,0.0,0.2,False,0.9275444843431956,Alvo_Suavizado,
919,2013-09-25,HOLDING,0.0,0.2,False,0.9275444843431956,Alvo_Suavizado,
920,2013-09-26,HOLDING,0.0,0.2,False,0.9275444843431956,Alvo_Suavizado,
921,2013-09-27,HOLDING,0.0,0.2,False,0.9275444843431956,Alvo_Suavizado,
922,2013-09-30,HOLDING,0.0,0.2,False,0.9275444843431956,Alvo_Suavizado,
923,2013-10-01,HOLDING,0.0,0.2,False,0.9275444843431956,Alvo_Suavizado,
924,2013-10-02,HOLDING,0.0,0.2,False,0.9275444843431956,Alvo_Suavizado,
925,2013-10-03,HOLDING,0.0,0.2,False,0.9275444843431956,Alvo_Suavizado,
926,2013-10-04,HOLDING,0.0,0.2,False,0.9275444843431956,Alvo_Suavizado,
927,2013-10-07,HOLDING,0.0,0.2,False,0.9275444843431956,Alvo_Suavizado,
928,2013-10-08,HOLDING,0.0,0.2,False,0.9275444843431956,Alvo_Suavizado,
929,2013-10-09,HOLDING,0.0,0.2,False,0.9275444843431957,Alvo_Suavizado,
930,2013-10-10,HOLDING,0.0,0.2,False,0.9275444843431956,Alvo_Suavizado,
931,2013-10-11,HOLDING,0.0,0.2,False,0.9275444843431956,Alvo_Suavizado,
932,2013-10-14,HOLDING,0.0,0.2,False,0.9275444843431956,Alvo_Suavizado,
933,2013-10-15,HOLDING,0.0,0.2,False,0.9275444843431956,Alvo_Suavizado,
934,2013-10-16,HOLDING,0.0,0.2,False,0.9275444843431956,Alvo_Suavizado,
935,2013-10-17,HOLDING,0.0,0.2,False,0.9275444843431956,Alvo_Suavizado,
936,2013-10-18,HOLDING,0.0,0.2,False,0.9275444843431956,Alvo_Suavizado,
937,2013-10-21,HOLDING,0.0,0.2,False,0.9275444843431956,Alvo_Suavizado,
938,2013-10-22,HOLDING,0.0,0.2,False,0.9275444843431956,Alvo_Suavizado,
939,2013-10-23,HOLDING,0.0,0.2,False,0.9275444843431956,Alvo_Suavizado,
940,2013-10-24,HOLDING,0.0,0.2,False,0.9275444843431956,Alvo_Suavizado,
941,2013-10-25,HOLDING,0.0,0.2,False,0.9275444843431956,Alvo_Suavizado,
942,2013-10-28,HOLDING,0.0,0.2,False,0.9275444843431956,Alvo_Suavizado,
943,2013-10-29,HOLDING,0.0,0.2,False,0.9275444843431956,Alvo_Suavizado,
944,2013-10-30,HOLDING,0.0,0.2,False,0.9275444843431956,Alvo_Suavizado,
945,2013-10-31,HOLDING,0.0,0.2,False,0.9275444843431956,Alvo_Suavizado,
946,2013-11-01,HOLDING,0.0,0.2,False,0.8780471607407776,Alvo_Suavizado,
947,2013-11-04,HOLDING,0.0,0.2,False,0.8780471625301708,Alvo_Suavizado,
948,2013-11-05,HOLDING,0.0,0.2,False,0.8780471620974185,Alvo_Suavizado,
949,2013-11-06,HOLDING,0.0,0.2,False,0.8780471624320606,Alvo_Suavizado,
950,2013-11-07,HOLDING,0.0,0.2,False,0.8780471622750344,Alvo_Suavizado,
951,2013-11-08,HOLDING,0.0,0.2,False,0.878047160967353,Alvo_Suavizado,
952,2013-11-11,HOLDING,0.0,0.2,False,0.8780471624211856,Alvo_Suavizado,
953,2013-11-12,HOLDING,0.0,0.2,False,0.8780471577836706,Alvo_Suavizado,
954,2013-11-13,HOLDING,0.0,0.2,False,0.8780471611752235,Alvo_Suavizado,
955,2013-11-14,HOLDING,0.0,0.2,False,0.8780471615626408,Alvo_Suavizado,
956,2013-11-18,HOLDING,0.0,0.2,False,0.8780471601322478,Alvo_Suavizado,
957,2013-11-19,AGUARDANDO_EXECUCAO,0.0,0.2,False,0.8780471611156323,Alvo_Suavizado,Alvo_Suavizado
958,2013-11-21,AGUARDANDO_EXECUCAO,0.0,0.2,False,0.8780471625277547,Alvo_Suavizado,Alvo_Suavizado
959,2013-11-22,EXECUTOU_TROCA,0.0,0.2,False,0.8780471625315254,Alvo_Suavizado,
960,2013-11-25,HOLDING,0.0,0.2,False,0.8780471623869681,Alvo_Suavizado,
961,2013-11-26,HOLDING,0.0,0.2,False,0.8780471622835883,Alvo_Suavizado,
962,2013-11-27,HOLDING,0.0,0.2,False,0.878047162498756,Alvo_Suavizado,
963,2013-11-28,HOLDING,0.0,0.2,False,0.8780471624945033,Alvo_Suavizado,
964,2013-11-29,HOLDING,0.0,0.2,False,0.8780471625276106,Alvo_Suavizado,
965,2013-12-02,HOLDING,0.0,0.2,False,0.9275444843431956,Alvo_Suavizado,
966,2013-12-03,HOLDING,0.0,0.2,False,0.9275444843431956,Alvo_Suavizado,
967,2013-12-04,HOLDING,0.0,0.2,False,0.9275444843431956,Alvo_Suavizado,
968,2013-12-05,HOLDING,0.0,0.2,False,0.9275444843431956,Alvo_Suavizado,
969,2013-12-06,HOLDING,0.0,0.2,False,0.9275444843431956,Alvo_Suavizado,
970,2013-12-09,HOLDING,0.0,0.2,False,0.9275444843431956,Alvo_Suavizado,
971,2013-12-10,HOLDING,0.0,0.2,False,0.8725542385059346,Alvo_Suavizado,
972,2013-12-11,HOLDING,0.0,0.2,False,0.8725542385059346,Alvo_Suavizado,
973,2013-12-12,HOLDING,0.0,0.2,False,0.8725542385059346,Alvo_Suavizado,
974,2013-12-13,HOLDING,0.0,0.2,False,0.8725542385059346,Alvo_Suavizado,
975,2013-12-16,HOLDING,0.0,0.2,False,0.8725542385059346,Alvo_Suavizado,
976,2013-12-17,HOLDING,0.0,0.2,False,0.8725542385059346,Alvo_Suavizado,
977,2013-12-18,HOLDING,0.0,0.2,False,0.8725542385059346,Alvo_Suavizado,
978,2013-12-19,HOLDING,0.0,0.2,False,0.8725542385059346,Alvo_Suavizado,
979,2013-12-20,HOLDING,0.0,0.2,False,0.8725542385059346,Alvo_Suavizado,
980,2013-12-23,HOLDING,0.0,0.2,False,0.8725542385059346,Alvo_Suavizado,
981,2013-12-26,HOLDING,0.0,0.2,False,0.8725542385059346,Alvo_Suavizado,
982,2013-12-27,HOLDING,0.0,0.2,False,0.8725542385059346,Alvo_Suavizado,
983,2013-12-30,HOLDING,0.0,0.2,False,0.8725542385059346,Alvo_Suavizado,
984,2014-01-03,HOLDING,0.0,0.2,False,0.8589121049524215,Alvo_Suavizado,
985,2014-01-06,AGUARDANDO_EXECUCAO,0.0,0.2,False,0.8589121049524215,Alvo_Suavizado,Alvo_Suavizado
986,2014-01-07,AGUARDANDO_EXECUCAO,0.0,0.2,False,0.8589121049524215,Alvo_Suavizado,Alvo_Suavizado
987,2014-01-08,EXECUTOU_TROCA,0.0,0.2,False,0.8589121049524215,Alvo_Suavizado,
988,2014-01-09,HOLDING,0.0,0.2,False,0.8589121049524215,Alvo_Suavizado,
989,2014-01-10,HOLDING,0.0,0.2,False,0.8589121049524215,Alvo_Suavizado,
990,2014-01-13,HOLDING,0.0,0.2,False,0.8589121049524215,Alvo_Suavizado,
991,2014-01-14,HOLDING,0.0,0.2,False,0.8589121049524215,Alvo_Suavizado,
992,2014-01-15,HOLDING,0.0,0.2,False,0.8589121049524215,Alvo_Suavizado,
993,2014-01-16,HOLDING,0.0,0.2,False,0.8589121049524215,Alvo_Suavizado,
994,2014-01-17,HOLDING,0.0,0.2,False,0.8589121049524215,Alvo_Suavizado,
995,2014-01-20,HOLDING,0.0,0.2,False,0.8589121049524215,Alvo_Suavizado,
996,2014-01-21,HOLDING,0.0,0.2,False,0.8589121049524215,Alvo_Suavizado,
997,2014-01-22,HOLDING,0.0,0.2,False,0.8589121049524215,Alvo_Suavizado,
998,2014-01-23,HOLDING,0.0,0.2,False,0.8589121049524215,Alvo_Suavizado,
999,2014-01-24,HOLDING,0.0,0.2,False,0.8589121049524215,Alvo_Suavizado,
1000,2014-01-27,HOLDING,0.0,0.2,False,0.8589121049524215,Alvo_Suavizado,
1001,2014-01-28,HOLDING,0.0,0.2,False,0.8589121049524215,Alvo_Suavizado,
1002,2014-01-29,HOLDING,0.0,0.2,False,0.8589121049524215,Alvo_Suavizado,
1003,2014-01-30,HOLDING,0.0,0.2,False,0.8589121049524215,Alvo_Suavizado,
1004,2014-01-31,HOLDING,0.0,0.2,False,0.8589121049524215,Alvo_Suavizado,
1005,2014-02-03,HOLDING,0.0,0.2,False,0.8589121049524215,Alvo_Suavizado,
1006,2014-02-04,HOLDING,0.0,0.2,False,0.9312406385195103,Alvo_Suavizado,
1007,2014-02-05,HOLDING,0.0,0.2,False,0.9312406385195103,Alvo_Suavizado,
1008,2014-02-06,HOLDING,0.0,0.2,False,0.9312406385195103,Alvo_Suavizado,
1009,2014-02-07,HOLDING,0.0,0.2,False,0.9312406385195103,Alvo_Suavizado,
1010,2014-02-10,HOLDING,0.0,0.2,False,0.9312406385195103,Alvo_Suavizado,
1011,2014-02-11,HOLDING,0.0,0.2,False,0.9312406385195103,Alvo_Suavizado,
1012,2014-02-12,HOLDING,0.0,0.2,False,0.9312406385195103,Alvo_Suavizado,
1013,2014-02-13,HOLDING,0.0,0.2,False,0.9312406385195103,Alvo_Suavizado,
1014,2014-02-14,HOLDING,0.0,0.2,False,0.9312406385195103,Alvo_Suavizado,
1015,2014-02-17,HOLDING,0.0,0.2,False,0.9312406385195103,Alvo_Suavizado,
1016,2014-02-18,HOLDING,0.0,0.2,False,0.9312406385195103,Alvo_Suavizado,
1017,2014-02-19,HOLDING,0.0,0.2,False,0.9312406385195103,Alvo_Suavizado,
1018,2014-02-20,HOLDING,0.0,0.2,False,0.9312406385195103,Alvo_Suavizado,
1019,2014-02-21,HOLDING,0.0,0.2,False,0.9312406385195103,Alvo_Suavizado,
1020,2014-02-24,HOLDING,0.0,0.2,False,0.9312406385195103,Alvo_Suavizado,
1021,2014-02-25,HOLDING,0.0,0.2,False,0.9312406385195103,Alvo_Suavizado,
1022,2014-02-26,HOLDING,0.0,0.2,False,0.9312406385195103,Alvo_Suavizado,
1023,2014-02-27,HOLDING,0.0,0.2,False,0.9312406385195103,Alvo_Suavizado,
1024,2014-02-28,HOLDING,0.0,0.2,False,0.9312406385195103,Alvo_Suavizado,
1025,2014-03-05,HOLDING,0.0,0.2,False,0.9312406385195103,Alvo_Suavizado,
1026,2014-03-06,HOLDING,0.0,0.2,False,0.9312406385195103,Alvo_Suavizado,
1027,2014-03-07,HOLDING,0.0,0.2,False,0.9312406385195103,Alvo_Suavizado,
1028,2014-03-10,HOLDING,0.0,0.2,False,0.9312406385195103,Alvo_Suavizado,
1029,2014-03-11,HOLDING,0.0,0.2,False,0.9312406385195103,Alvo_Suavizado,
1030,2014-03-12,HOLDING,0.0,0.2,False,0.9312406385195103,Alvo_Suavizado,
1031,2014-03-13,HOLDING,0.0,0.2,False,0.9312406385195103,Alvo_Suavizado,
1032,2014-03-14,HOLDING,0.0,0.2,False,0.9312406385195103,Alvo_Suavizado,
1033,2014-03-17,HOLDING,0.0,0.2,False,0.9312406385195103,Alvo_Suavizado,
1034,2014-03-18,HOLDING,0.0,0.2,False,0.9312406385195103,Alvo_Suavizado,
1035,2014-03-19,HOLDING,0.0,0.2,False,0.9312406385195103,Alvo_Suavizado,
1036,2014-03-20,HOLDING,0.0,0.2,False,0.9312406385195103,Alvo_Suavizado,
1037,2014-03-21,HOLDING,0.0,0.2,False,0.9312406385195103,Alvo_Suavizado,
1038,2014-03-24,HOLDING,0.0,0.2,False,0.9312406385195103,Alvo_Suavizado,
1039,2014-03-25,HOLDING,0.0,0.2,False,0.9312406385195103,Alvo_Suavizado,
1040,2014-03-26,HOLDING,0.0,0.2,False,0.9312406385195103,Alvo_Suavizado,
1041,2014-03-27,HOLDING,0.0,0.2,False,0.9312406385195103,Alvo_Suavizado,
1042,2014-03-28,HOLDING,0.0,0.2,False,0.9312406385195103,Alvo_Suavizado,
1043,2014-03-31,HOLDING,0.0,0.2,False,0.9312406385195103,Alvo_Suavizado,
1044,2014-04-01,HOLDING,0.0,0.2,False,0.9312406385195103,Alvo_Suavizado,
1045,2014-04-02,HOLDING,0.0,0.2,False,0.9312406385195103,Alvo_Suavizado,
1046,2014-04-03,HOLDING,0.0,0.2,False,0.9312406385195103,Alvo_Suavizado,
1047,2014-04-04,HOLDING,0.0,0.2,False,0.9312406385195103,Alvo_Suavizado,
1048,2014-04-07,HOLDING,0.0,0.2,False,0.9312406385195103,Alvo_Suavizado,
1049,2014-04-08,HOLDING,0.0,0.2,False,0.9312406385195103,Alvo_Suavizado,
1050,2014-04-09,HOLDING,0.0,0.2,False,0.9312406385195103,Alvo_Suavizado,
1051,2014-04-10,HOLDING,0.0,0.2,False,0.9312406385195103,Alvo_Suavizado,
1052,2014-04-11,AGUARDANDO_EXECUCAO,0.0,0.2,False,0.9312406385195103,Alvo_Suavizado,Alvo_Suavizado
1053,2014-04-14,AGUARDANDO_EXECUCAO,0.0,0.2,False,0.9312406385195103,Alvo_Suavizado,Alvo_Suavizado
1054,2014-04-15,EXECUTOU_TROCA,0.0,0.2,False,0.9312406385195103,Alvo_Suavizado,
1055,2014-04-16,HOLDING,0.0,0.2,False,0.9312406385195103,Alvo_Suavizado,
1056,2014-04-17,HOLDING,0.0,0.2,False,0.9312406385195103,Alvo_Suavizado,
1057,2014-04-22,HOLDING,0.0,0.2,False,0.9312406385195103,Alvo_Suavizado,
1058,2014-04-23,HOLDING,0.0,0.2,False,0.9312406385195103,Alvo_Suavizado,
1059,2014-04-24,HOLDING,0.0,0.2,False,0.8646511814362311,Alvo_Suavizado,
1060,2014-04-25,HOLDING,0.0,0.2,False,0.8646511814362311,Alvo_Suavizado,
1061,2014-04-28,HOLDING,0.0,0.2,False,0.8646511814362311,Alvo_Suavizado,
1062,2014-04-29,HOLDING,0.0,0.2,False,0.8646511814362311,Alvo_Suavizado,
1063,2014-04-30,HOLDING,0.0,0.2,False,0.8646511814362311,Alvo_Suavizado,
1064,2014-05-02,HOLDING,0.0,0.2,False,0.8646511814362311,Alvo_Suavizado,
1065,2014-05-05,HOLDING,0.0,0.2,False,0.8646511814362311,Alvo_Suavizado,
1066,2014-05-06,HOLDING,0.0,0.2,False,0.8646511814362311,Alvo_Suavizado,
1067,2014-05-07,HOLDING,0.0,0.2,False,0.8646511814362311,Alvo_Suavizado,
1068,2014-05-08,HOLDING,0.0,0.2,False,0.8646511814362311,Alvo_Suavizado,
1069,2014-05-09,HOLDING,0.0,0.2,False,0.8646511814362311,Alvo_Suavizado,
1070,2014-05-12,HOLDING,0.0,0.2,False,0.8646511814362311,Alvo_Suavizado,
1071,2014-05-13,HOLDING,0.0,0.2,False,0.8646511814362311,Alvo_Suavizado,
1072,2014-05-14,HOLDING,0.0,0.2,False,0.8646511814362311,Alvo_Suavizado,
1073,2014-05-15,HOLDING,0.0,0.2,False,0.8646511814362311,Alvo_Suavizado,
1074,2014-05-16,HOLDING,0.0,0.2,False,0.8646511814362311,Alvo_Suavizado,
1075,2014-05-19,HOLDING,0.0,0.2,False,0.8646511814362311,Alvo_Suavizado,
1076,2014-05-20,HOLDING,0.0,0.2,False,0.8646511814362311,Alvo_Suavizado,
1077,2014-05-21,HOLDING,0.0,0.2,False,0.8646511814362311,Alvo_Suavizado,
1078,2014-05-22,HOLDING,0.0,0.2,False,0.8646511814362315,Alvo_Suavizado,
1079,2014-05-23,HOLDING,0.0,0.2,False,0.8646511814362311,Alvo_Suavizado,
1080,2014-05-26,HOLDING,0.0,0.2,False,0.8646511814362311,Alvo_Suavizado,
1081,2014-05-27,HOLDING,0.0,0.2,False,0.8646511814362311,Alvo_Suavizado,
1082,2014-05-28,HOLDING,0.0,0.2,False,0.9312406385195106,Alvo_Suavizado,
1083,2014-05-29,HOLDING,0.0,0.2,False,0.9312406385195103,Alvo_Suavizado,
1084,2014-05-30,HOLDING,0.0,0.2,False,0.9312406385195103,Alvo_Suavizado,
1085,2014-06-02,HOLDING,0.0,0.2,False,0.9312406385195103,Alvo_Suavizado,
1086,2014-06-03,HOLDING,0.0,0.2,False,0.9312406385195103,Alvo_Suavizado,
1087,2014-06-04,HOLDING,0.0,0.2,False,0.9312406385195106,Alvo_Suavizado,
1088,2014-06-05,HOLDING,0.0,0.2,False,0.9312406385195103,Alvo_Suavizado,
1089,2014-06-06,HOLDING,0.0,0.2,False,0.9312406385195103,Alvo_Suavizado,
1090,2014-06-09,HOLDING,0.0,0.2,False,0.9312406385195103,Alvo_Suavizado,
1091,2014-06-10,HOLDING,0.0,0.2,False,0.9312406385195103,Alvo_Suavizado,
1092,2014-06-11,HOLDING,0.0,0.2,False,0.9312406385195103,Alvo_Suavizado,
1093,2014-06-13,HOLDING,0.0,0.2,False,0.9312406385195103,Alvo_Suavizado,
1094,2014-06-16,HOLDING,0.0,0.2,False,0.9312406385195103,Alvo_Suavizado,
1095,2014-06-17,HOLDING,0.0,0.2,False,0.9312406385195103,Alvo_Suavizado,
1096,2014-06-18,HOLDING,0.0,0.2,False,0.9312406385195103,Alvo_Suavizado,
1097,2014-06-20,HOLDING,0.0,0.2,False,0.9312406385195103,Alvo_Suavizado,
1098,2014-06-23,HOLDING,0.0,0.2,False,0.9312406385195103,Alvo_Suavizado,
1099,2014-06-24,HOLDING,0.0,0.2,False,0.9312406385195103,Alvo_Suavizado,
1100,2014-06-25,HOLDING,0.0,0.2,False,0.9312406385195103,Alvo_Suavizado,
1101,2014-06-26,HOLDING,0.0,0.2,False,0.9312406385195103,Alvo_Suavizado,
1102,2014-06-27,HOLDING,0.0,0.2,False,0.9312406385195103,Alvo_Suavizado,
1103,2014-06-30,HOLDING,0.0,0.2,False,0.9312406385195103,Alvo_Suavizado,
1104,2014-07-01,HOLDING,0.0,0.2,False,0.9312406385195103,Alvo_Suavizado,
1105,2014-07-02,HOLDING,0.0,0.2,False,0.9312406385195103,Alvo_Suavizado,
1106,2014-07-03,HOLDING,0.0,0.2,False,0.9312406385195103,Alvo_Suavizado,
1107,2014-07-04,HOLDING,0.0,0.2,False,0.9312406385195103,Alvo_Suavizado,
1108,2014-07-07,HOLDING,0.0,0.2,False,0.9312406385195106,Alvo_Suavizado,
1109,2014-07-08,HOLDING,0.0,0.2,False,0.9312406385195103,Alvo_Suavizado,
1110,2014-07-10,HOLDING,0.0,0.2,False,0.9312406385195103,Alvo_Suavizado,
1111,2014-07-11,HOLDING,0.0,0.2,False,0.9312406385195103,Alvo_Suavizado,
1112,2014-07-14,HOLDING,0.0,0.2,False,0.9312406385195106,Alvo_Suavizado,
1113,2014-07-15,HOLDING,0.0,0.2,False,0.9312406385195142,Alvo_Suavizado,
1114,2014-07-16,HOLDING,0.0,0.2,False,0.9312406385195104,Alvo_Suavizado,
1115,2014-07-17,HOLDING,0.0,0.2,False,0.9312406385195107,Alvo_Suavizado,
1116,2014-07-18,HOLDING,0.0,0.2,False,0.9312406385195106,Alvo_Suavizado,
1117,2014-07-21,HOLDING,0.0,0.2,False,0.9312406385195119,Alvo_Suavizado,
1118,2014-07-22,HOLDING,0.0,0.2,False,0.9312406385195103,Alvo_Suavizado,
1119,2014-07-23,AGUARDANDO_EXECUCAO,0.0,0.2,False,0.9312406385195103,Alvo_Suavizado,Alvo_Suavizado
1120,2014-07-24,AGUARDANDO_EXECUCAO,0.0,0.2,False,0.9312406385195103,Alvo_Suavizado,Alvo_Suavizado
1121,2014-07-25,EXECUTOU_TROCA,0.0,0.2,False,0.9312406385195103,Alvo_Suavizado,
1122,2014-07-28,HOLDING,0.0,0.2,False,0.9312406385195103,Alvo_Suavizado,
1123,2014-07-29,HOLDING,0.0,0.2,False,0.9312406385195103,Alvo_Suavizado,
1124,2014-07-30,HOLDING,0.0,0.2,False,0.9312406385195103,Alvo_Suavizado,
1125,2014-07-31,HOLDING,0.0,0.2,False,0.9312406385195103,Alvo_Suavizado,
1126,2014-08-01,HOLDING,0.0,0.2,False,0.9312406385195103,Alvo_Suavizado,
1127,2014-08-04,HOLDING,0.0,0.2,False,0.9312406385195103,Alvo_Suavizado,
1128,2014-08-05,HOLDING,0.0,0.2,False,0.9312406385195103,Alvo_Suavizado,
1129,2014-08-06,HOLDING,0.0,0.2,False,0.8589121049524215,Alvo_Suavizado,
1130,2014-08-07,HOLDING,0.0,0.2,False,0.8589121049524215,Alvo_Suavizado,
1131,2014-08-08,HOLDING,0.0,0.2,False,0.8589121049524215,Alvo_Suavizado,
1132,2014-08-11,HOLDING,0.0,0.2,False,0.8589121049524215,Alvo_Suavizado,
1133,2014-08-12,HOLDING,0.0,0.2,False,0.8589121049524215,Alvo_Suavizado,
1134,2014-08-13,HOLDING,0.0,0.2,False,0.8589121049524215,Alvo_Suavizado,
1135,2014-08-14,HOLDING,0.0,0.2,False,0.8589121049524215,Alvo_Suavizado,
1136,2014-08-15,HOLDING,0.0,0.2,False,0.8589121049524215,Alvo_Suavizado,
1137,2014-08-18,HOLDING,0.0,0.2,False,0.8589121049524215,Alvo_Suavizado,
1138,2014-08-19,HOLDING,0.0,0.2,False,0.8589121049524215,Alvo_Suavizado,
1139,2014-08-20,HOLDING,0.0,0.2,False,0.8589121049524215,Alvo_Suavizado,
1140,2014-08-21,HOLDING,0.0,0.2,False,0.8589121049524215,Alvo_Suavizado,
1141,2014-08-22,HOLDING,0.0,0.2,False,0.8589121049524215,Alvo_Suavizado,
1142,2014-08-25,HOLDING,0.0,0.2,False,0.8589121049524215,Alvo_Suavizado,
1143,2014-08-26,HOLDING,0.0,0.2,False,0.8589121049524215,Alvo_Suavizado,
1144,2014-08-27,HOLDING,0.0,0.2,False,0.8589121049524215,Alvo_Suavizado,
1145,2014-08-28,HOLDING,0.0,0.2,False,0.8589121049524215,Alvo_Suavizado,
1146,2014-08-29,HOLDING,0.0,0.2,False,0.8589121049524215,Alvo_Suavizado,
1147,2014-09-01,HOLDING,0.0,0.2,False,0.8589121049524215,Alvo_Suavizado,
1148,2014-09-02,HOLDING,0.0,0.2,False,0.8589121049524215,Alvo_Suavizado,
1149,2014-09-03,HOLDING,0.0,0.2,False,0.8589121049524215,Alvo_Suavizado,
1150,2014-09-04,HOLDING,0.0,0.2,False,0.8589121049524215,Alvo_Suavizado,
1151,2014-09-05,HOLDING,0.0,0.2,False,0.8589121049524215,Alvo_Suavizado,
1152,2014-09-08,HOLDING,0.0,0.2,False,0.8589121049524215,Alvo_Suavizado,
1153,2014-09-09,HOLDING,0.0,0.2,False,0.8589121049524215,Alvo_Suavizado,
1154,2014-09-10,HOLDING,0.0,0.2,False,0.9312406385195103,Alvo_Suavizado,
1155,2014-09-11,HOLDING,0.0,0.2,False,0.9312406385195103,Alvo_Suavizado,
1156,2014-09-12,HOLDING,0.0,0.2,False,0.9312406385195103,Alvo_Suavizado,
1157,2014-09-15,HOLDING,0.0,0.2,False,0.9312406385195103,Alvo_Suavizado,
1158,2014-09-16,HOLDING,0.0,0.2,False,0.9312406385195103,Alvo_Suavizado,
1159,2014-09-17,HOLDING,0.0,0.2,False,0.9312406385195103,Alvo_Suavizado,
1160,2014-09-18,HOLDING,0.0,0.2,False,0.9312406385195103,Alvo_Suavizado,
1161,2014-09-19,HOLDING,0.0,0.2,False,0.9312406385195103,Alvo_Suavizado,
1162,2014-09-22,HOLDING,0.0,0.2,False,0.9312406385195103,Alvo_Suavizado,
1163,2014-09-23,HOLDING,0.0,0.2,False,0.9312406385195103,Alvo_Suavizado,
1164,2014-09-24,HOLDING,0.0,0.2,False,0.9312406385195103,Alvo_Suavizado,
1165,2014-09-25,HOLDING,0.0,0.2,False,0.9312406385195103,Alvo_Suavizado,
1166,2014-09-26,HOLDING,0.0,0.2,False,0.9312406385195103,Alvo_Suavizado,
1167,2014-09-29,HOLDING,0.0,0.2,False,0.9312406385195103,Alvo_Suavizado,
1168,2014-09-30,HOLDING,0.0,0.2,False,0.9312406385195103,Alvo_Suavizado,
1169,2014-10-01,HOLDING,0.0,0.2,False,0.9312406385195103,Alvo_Suavizado,
1170,2014-10-02,HOLDING,0.0,0.2,False,0.9312406385195103,Alvo_Suavizado,
1171,2014-10-03,HOLDING,0.0,0.2,False,0.9312406385195103,Alvo_Suavizado,
1172,2014-10-06,HOLDING,0.0,0.2,False,0.9312406385195103,Alvo_Suavizado,
1173,2014-10-07,HOLDING,0.0,0.2,False,0.9312406385195103,Alvo_Suavizado,
1174,2014-10-08,HOLDING,0.0,0.2,False,0.9312406385195103,Alvo_Suavizado,
1175,2014-10-09,HOLDING,0.0,0.2,False,0.9312406385195103,Alvo_Suavizado,
1176,2014-10-10,HOLDING,0.0,0.2,False,0.9312406385195103,Alvo_Suavizado,
1177,2014-10-13,HOLDING,0.0,0.2,False,0.9312406385195103,Alvo_Suavizado,
1178,2014-10-14,HOLDING,0.0,0.2,False,0.9312406385195103,Alvo_Suavizado,
1179,2014-10-15,HOLDING,0.0,0.2,False,0.9312406385195103,Alvo_Suavizado,
1180,2014-10-16,HOLDING,0.0,0.2,False,0.9312406385195103,Alvo_Suavizado,
1181,2014-10-17,HOLDING,0.0,0.2,False,0.9312406385195103,Alvo_Suavizado,
1182,2014-10-20,HOLDING,0.0,0.2,False,0.9312406385195103,Alvo_Suavizado,
1183,2014-10-21,HOLDING,0.0,0.2,False,0.9312406385195103,Alvo_Suavizado,
1184,2014-10-22,HOLDING,0.0,0.2,False,0.9312406385195103,Alvo_Suavizado,
1185,2014-10-23,HOLDING,0.0,0.2,False,0.9312406385195103,Alvo_Suavizado,
1186,2014-10-24,SEM_TROCA,0.0,0.2,False,0.9312406385195103,Alvo_Suavizado,
1187,2014-10-27,SEM_TROCA,0.0,0.2,False,0.9312406385195103,Alvo_Suavizado,
1188,2014-10-28,SEM_TROCA,0.0,0.2,False,0.9312406385195103,Alvo_Suavizado,
1189,2014-10-29,SEM_TROCA,0.0,0.2,False,0.9312406385195103,Alvo_Suavizado,
1190,2014-10-30,SEM_TROCA,0.0,0.2,False,0.9312406385195103,Alvo_Suavizado,
1191,2014-10-31,SEM_TROCA,0.0,0.2,False,0.8646511814362311,Alvo_Suavizado,
1192,2014-11-03,AGUARDANDO_EXECUCAO,0.0,0.2,False,0.8646511814362311,Alvo_Suavizado,Alvo_Suavizado
1193,2014-11-04,AGUARDANDO_EXECUCAO,0.0,0.2,False,0.8646511814362311,Alvo_Suavizado,Alvo_Suavizado
1194,2014-11-05,EXECUTOU_TROCA,0.0,0.2,False,0.8646511814362311,Alvo_Suavizado,
1195,2014-11-06,HOLDING,0.0,0.2,False,0.8646511814362311,Alvo_Suavizado,
1196,2014-11-07,HOLDING,0.0,0.2,False,0.8646511814362311,Alvo_Suavizado,
1197,2014-11-10,HOLDING,0.0,0.2,False,0.8646511814362311,Alvo_Suavizado,
1198,2014-11-11,HOLDING,0.0,0.2,False,0.8646511814362311,Alvo_Suavizado,
1199,2014-11-12,HOLDING,0.0,0.2,False,0.8646511814362311,Alvo_Suavizado,
1200,2014-11-13,HOLDING,0.0,0.2,False,0.8646511814362311,Alvo_Suavizado,
1201,2014-11-14,HOLDING,0.0,0.2,False,0.8646511814362311,Alvo_Suavizado,
1202,2014-11-17,HOLDING,0.0,0.2,False,0.8646511814362311,Alvo_Suavizado,
1203,2014-11-18,HOLDING,0.0,0.2,False,0.8646511814362311,Alvo_Suavizado,
1204,2014-11-19,HOLDING,0.0,0.2,False,0.8646511814362311,Alvo_Suavizado,
1205,2014-11-21,HOLDING,0.0,0.2,False,0.8646511814362311,Alvo_Suavizado,
1206,2014-11-24,HOLDING,0.0,0.2,False,0.8646511814362311,Alvo_Suavizado,
1207,2014-11-25,HOLDING,0.0,0.2,False,0.8646511814362313,Alvo_Suavizado,
1208,2014-11-26,HOLDING,0.0,0.2,False,0.8646511814362312,Alvo_Suavizado,
1209,2014-11-27,HOLDING,0.0,0.2,False,0.8646511814362311,Alvo_Suavizado,
1210,2014-11-28,HOLDING,0.0,0.2,False,0.8646511814362311,Alvo_Suavizado,
1211,2014-12-01,HOLDING,0.0,0.2,False,0.9312406385195103,Alvo_Suavizado,
1212,2014-12-02,HOLDING,0.0,0.2,False,0.9312406385195103,Alvo_Suavizado,
1213,2014-12-03,HOLDING,0.0,0.2,False,0.9312406385195103,Alvo_Suavizado,
1214,2014-12-04,HOLDING,0.0,0.2,False,0.9312406385195103,Alvo_Suavizado,
1215,2014-12-05,HOLDING,0.0,0.2,False,0.9312406385195103,Alvo_Suavizado,
1216,2014-12-08,HOLDING,0.0,0.2,False,0.9312406385195103,Alvo_Suavizado,
1217,2014-12-09,HOLDING,0.0,0.2,False,0.8589121049524215,Alvo_Suavizado,
1218,2014-12-10,HOLDING,0.0,0.2,False,0.8589121049524215,Alvo_Suavizado,
1219,2014-12-11,HOLDING,0.0,0.2,False,0.8589121049524215,Alvo_Suavizado,
1220,2014-12-12,HOLDING,0.0,0.2,False,0.8589121049524215,Alvo_Suavizado,
1221,2014-12-15,HOLDING,0.0,0.2,False,0.8589121049524215,Alvo_Suavizado,
1222,2014-12-16,HOLDING,0.0,0.2,False,0.8589121049524215,Alvo_Suavizado,
1223,2014-12-17,HOLDING,0.0,0.2,False,0.8589121049524215,Alvo_Suavizado,
1224,2014-12-18,HOLDING,0.0,0.2,False,0.8589121049524215,Alvo_Suavizado,
1225,2014-12-19,HOLDING,0.0,0.2,False,0.8589121049524215,Alvo_Suavizado,
1226,2014-12-22,HOLDING,0.0,0.2,False,0.8589121049524215,Alvo_Suavizado,
1227,2014-12-23,HOLDING,0.0,0.2,False,0.8589121049524215,Alvo_Suavizado,
1228,2014-12-26,HOLDING,0.0,0.2,False,0.8589121049524215,Alvo_Suavizado,
1229,2014-12-29,HOLDING,0.0,0.2,False,0.8589121049524215,Alvo_Suavizado,
1230,2014-12-30,HOLDING,0.0,0.2,False,0.8589121049524215,Alvo_Suavizado,
1231,2015-01-05,HOLDING,0.0,0.2,False,0.6660475995114016,Alvo_Suavizado,
1232,2015-01-06,AGUARDANDO_EXECUCAO,0.0,0.2,False,0.6660475995071783,Alvo_Suavizado,Alvo_Suavizado
1233,2015-01-07,AGUARDANDO_EXECUCAO,0.0,0.2,False,0.6660475993349091,Alvo_Suavizado,Alvo_Suavizado
1234,2015-01-08,EXECUTOU_TROCA,0.0,0.2,False,0.6660475986636356,Alvo_Suavizado,
1235,2015-01-09,HOLDING,0.0,0.2,False,0.666047597620672,Alvo_Suavizado,
1236,2015-01-12,HOLDING,0.0,0.2,False,0.6660475990283865,Alvo_Suavizado,
1237,2015-01-13,HOLDING,0.0,0.2,False,0.6660475990823896,Alvo_Suavizado,
1238,2015-01-14,HOLDING,0.0,0.2,False,0.6660475963547497,Alvo_Suavizado,
1239,2015-01-15,HOLDING,0.0,0.2,False,0.6660475987579964,Alvo_Suavizado,
1240,2015-01-16,HOLDING,0.0,0.2,False,0.666047599509591,Alvo_Suavizado,
1241,2015-01-19,HOLDING,0.0,0.2,False,0.6660475995101945,Alvo_Suavizado,
1242,2015-01-20,HOLDING,0.0,0.2,False,0.6660475994767062,Alvo_Suavizado,
1243,2015-01-21,HOLDING,0.0,0.2,False,0.9188820839482091,Alvo_Suavizado,
1244,2015-01-22,HOLDING,0.0,0.2,False,0.9188820842411104,Alvo_Suavizado,
1245,2015-01-23,HOLDING,0.0,0.2,False,0.9188820842393512,Alvo_Suavizado,
1246,2015-01-26,HOLDING,0.0,0.2,False,0.9188820841850521,Alvo_Suavizado,
1247,2015-01-27,HOLDING,0.0,0.2,False,0.9188820842237301,Alvo_Suavizado,
1248,2015-01-28,HOLDING,0.0,0.2,False,0.9188820842373174,Alvo_Suavizado,
1249,2015-01-29,HOLDING,0.0,0.2,False,0.9188820842231714,Alvo_Suavizado,
1250,2015-01-30,HOLDING,0.0,0.2,False,0.9188820842420189,Alvo_Suavizado,
1251,2015-02-02,HOLDING,0.0,0.2,False,0.9188820842402622,Alvo_Suavizado,
1252,2015-02-03,HOLDING,0.0,0.2,False,0.9188820842429278,Alvo_Suavizado,
1253,2015-02-04,HOLDING,0.0,0.2,False,0.9188820842429282,Alvo_Suavizado,
1254,2015-02-05,HOLDING,0.0,0.2,False,0.918882084242933,Alvo_Suavizado,
1255,2015-02-06,HOLDING,0.0,0.2,False,0.9188820842429516,Alvo_Suavizado,
1256,2015-02-09,HOLDING,0.0,0.2,False,0.9188820842425873,Alvo_Suavizado,
1257,2015-02-10,HOLDING,0.0,0.2,False,0.9188820842426647,Alvo_Suavizado,
1258,2015-02-11,HOLDING,0.0,0.2,False,0.9188820842426243,Alvo_Suavizado,
1259,2015-02-12,HOLDING,0.0,0.2,False,0.9188820842422954,Alvo_Suavizado,
1260,2015-02-13,HOLDING,0.0,0.2,False,0.9188820842429589,Alvo_Suavizado,
1261,2015-02-18,HOLDING,0.0,0.2,False,0.9188820842429475,Alvo_Suavizado,
1262,2015-02-19,HOLDING,0.0,0.2,False,0.918882084242284,Alvo_Suavizado,
1263,2015-02-20,HOLDING,0.0,0.2,False,0.918882084241719,Alvo_Suavizado,
1264,2015-02-23,HOLDING,0.0,0.2,False,0.6660475995107978,Alvo_Suavizado,
1265,2015-02-24,HOLDING,0.0,0.2,False,0.6660475994996354,Alvo_Suavizado,
1266,2015-02-25,HOLDING,0.0,0.2,False,0.6660475972734198,Alvo_Suavizado,
1267,2015-02-26,HOLDING,0.0,0.2,False,0.6660475945819888,Alvo_Suavizado,
1268,2015-02-27,HOLDING,0.0,0.2,False,0.6660475511543403,Alvo_Suavizado,
1269,2015-03-02,HOLDING,0.0,0.2,False,0.666046563910066,Alvo_Suavizado,
1270,2015-03-03,HOLDING,0.0,0.2,False,0.6660475936750893,Alvo_Suavizado,
1271,2015-03-04,HOLDING,0.0,0.2,False,0.6660475994049023,Alvo_Suavizado,
1272,2015-03-05,HOLDING,0.0,0.2,False,0.6660475995114017,Alvo_Suavizado,
1273,2015-03-06,HOLDING,0.0,0.2,False,0.6660475995114016,Alvo_Suavizado,
1274,2015-03-09,HOLDING,0.0,0.2,False,0.6660475995114016,Alvo_Suavizado,
1275,2015-03-10,HOLDING,0.0,0.2,False,0.6660475995114016,Alvo_Suavizado,
1276,2015-03-11,HOLDING,0.0,0.2,False,0.6660475991934138,Alvo_Suavizado,
1277,2015-03-12,HOLDING,0.0,0.2,False,0.6660475994827411,Alvo_Suavizado,
1278,2015-03-13,HOLDING,0.0,0.2,False,0.6660475993002138,Alvo_Suavizado,
1279,2015-03-16,HOLDING,0.0,0.2,False,0.6660475994978248,Alvo_Suavizado,
1280,2015-03-17,HOLDING,0.0,0.2,False,0.6660474787502952,Alvo_Suavizado,
1281,2015-03-18,HOLDING,0.0,0.2,False,0.6660474924083777,Alvo_Suavizado,
1282,2015-03-19,HOLDING,0.0,0.2,False,0.6660426708783825,Alvo_Suavizado,
1283,2015-03-20,HOLDING,0.0,0.2,False,0.6660471404712409,Alvo_Suavizado,
1284,2015-03-23,HOLDING,0.0,0.2,False,0.6660475976897599,Alvo_Suavizado,
1285,2015-03-24,HOLDING,0.0,0.2,False,0.8827215525102097,Alvo_Suavizado,
1286,2015-03-25,HOLDING,0.0,0.2,False,0.8827215525102097,Alvo_Suavizado,
1287,2015-03-26,HOLDING,0.0,0.2,False,0.8827215525102097,Alvo_Suavizado,
1288,2015-03-27,HOLDING,0.0,0.2,False,0.8827215525102097,Alvo_Suavizado,
1289,2015-03-30,HOLDING,0.0,0.2,False,0.8827215525102097,Alvo_Suavizado,
1290,2015-03-31,HOLDING,0.0,0.2,False,0.8827215525102097,Alvo_Suavizado,
1291,2015-04-01,HOLDING,0.0,0.2,False,0.8827215525102097,Alvo_Suavizado,
1292,2015-04-02,HOLDING,0.0,0.2,False,0.8827215525102097,Alvo_Suavizado,
1293,2015-04-06,HOLDING,0.0,0.2,False,0.8827215525102097,Alvo_Suavizado,
1294,2015-04-07,HOLDING,0.0,0.2,False,0.8827215525102097,Alvo_Suavizado,
1295,2015-04-08,HOLDING,0.0,0.2,False,0.8827215525102097,Alvo_Suavizado,
1296,2015-04-09,HOLDING,0.0,0.2,False,0.8827215525102097,Alvo_Suavizado,
1297,2015-04-10,HOLDING,0.0,0.2,False,0.8827215525102097,Alvo_Suavizado,
1298,2015-04-13,HOLDING,0.0,0.2,False,0.8827215525102097,Alvo_Suavizado,
1299,2015-04-14,AGUARDANDO_EXECUCAO,0.0,0.2,False,0.8827215525102097,Alvo_Suavizado,Alvo_Suavizado
1300,2015-04-15,AGUARDANDO_EXECUCAO,0.0,0.2,False,0.8827215525102097,Alvo_Suavizado,Alvo_Suavizado
1301,2015-04-16,EXECUTOU_TROCA,0.0,0.2,False,0.8827215525102097,Alvo_Suavizado,
1302,2015-04-17,HOLDING,0.0,0.2,False,0.8827215525102097,Alvo_Suavizado,
1303,2015-04-20,HOLDING,0.0,0.2,False,0.8827215525102097,Alvo_Suavizado,
1304,2015-04-22,HOLDING,0.0,0.2,False,0.8827215525102097,Alvo_Suavizado,
1305,2015-04-23,HOLDING,0.0,0.2,False,0.8827215525102097,Alvo_Suavizado,
1306,2015-04-24,HOLDING,0.0,0.2,False,0.8827215525102097,Alvo_Suavizado,
1307,2015-04-27,HOLDING,0.0,0.2,False,0.8827215525102097,Alvo_Suavizado,
1308,2015-04-28,HOLDING,0.0,0.2,False,0.8827215525102097,Alvo_Suavizado,
1309,2015-04-29,HOLDING,0.0,0.2,False,0.8827215525102097,Alvo_Suavizado,
1310,2015-04-30,HOLDING,0.0,0.2,False,0.8827215525102097,Alvo_Suavizado,
1311,2015-05-04,HOLDING,0.0,0.2,False,0.8827215525102097,Alvo_Suavizado,
1312,2015-05-05,HOLDING,0.0,0.2,False,0.8827215525102097,Alvo_Suavizado,
1313,2015-05-06,HOLDING,0.0,0.2,False,0.8827215525102097,Alvo_Suavizado,
1314,2015-05-07,HOLDING,0.0,0.2,False,0.8827215525102097,Alvo_Suavizado,
1315,2015-05-08,HOLDING,0.0,0.2,False,0.8827215525102097,Alvo_Suavizado,
1316,2015-05-11,HOLDING,0.0,0.2,False,0.8827215525102097,Alvo_Suavizado,
1317,2015-05-12,HOLDING,0.0,0.2,False,0.8827215525102097,Alvo_Suavizado,
1318,2015-05-13,HOLDING,0.0,0.2,False,0.8827215525102097,Alvo_Suavizado,
1319,2015-05-14,HOLDING,0.0,0.2,False,0.8827215525102097,Alvo_Suavizado,
1320,2015-05-15,HOLDING,0.0,0.2,False,0.8827215525102097,Alvo_Suavizado,
1321,2015-05-18,HOLDING,0.0,0.2,False,0.8827215525102097,Alvo_Suavizado,
1322,2015-05-19,HOLDING,0.0,0.2,False,0.8827215525102097,Alvo_Suavizado,
1323,2015-05-20,HOLDING,0.0,0.2,False,0.8827215525102097,Alvo_Suavizado,
1324,2015-05-21,HOLDING,0.0,0.2,False,0.8827215525102097,Alvo_Suavizado,
1325,2015-05-22,HOLDING,0.0,0.2,False,0.8827215525102097,Alvo_Suavizado,
1326,2015-05-25,HOLDING,0.0,0.2,False,0.8827215525102097,Alvo_Suavizado,
1327,2015-05-26,HOLDING,0.0,0.2,False,0.8827215525102097,Alvo_Suavizado,
1328,2015-05-27,HOLDING,0.0,0.2,False,0.9188820842429277,Alvo_Suavizado,
1329,2015-05-28,HOLDING,0.0,0.2,False,0.9188820842396718,Alvo_Suavizado,
1330,2015-05-29,HOLDING,0.0,0.2,False,0.9188820842423658,Alvo_Suavizado,
1331,2015-06-01,HOLDING,0.0,0.2,False,0.9188820842423933,Alvo_Suavizado,
1332,2015-06-02,HOLDING,0.0,0.2,False,0.9188820842429732,Alvo_Suavizado,
1333,2015-06-03,HOLDING,0.0,0.2,False,0.9188820842429554,Alvo_Suavizado,
1334,2015-06-05,HOLDING,0.0,0.2,False,0.9188820842423703,Alvo_Suavizado,
1335,2015-06-08,HOLDING,0.0,0.2,False,0.9188820842417204,Alvo_Suavizado,
1336,2015-06-09,HOLDING,0.0,0.2,False,0.9188820842429299,Alvo_Suavizado,
1337,2015-06-10,HOLDING,0.0,0.2,False,0.9188820842420143,Alvo_Suavizado,
1338,2015-06-11,HOLDING,0.0,0.2,False,0.9188820842390395,Alvo_Suavizado,
1339,2015-06-12,HOLDING,0.0,0.2,False,0.9188820842054841,Alvo_Suavizado,
1340,2015-06-15,HOLDING,0.0,0.2,False,0.9188820842137146,Alvo_Suavizado,
1341,2015-06-16,HOLDING,0.0,0.2,False,0.918882084200415,Alvo_Suavizado,
1342,2015-06-17,HOLDING,0.0,0.2,False,0.9188820842169431,Alvo_Suavizado,
1343,2015-06-18,HOLDING,0.0,0.2,False,0.9188820842161167,Alvo_Suavizado,
1344,2015-06-19,HOLDING,0.0,0.2,False,0.9188820842373501,Alvo_Suavizado,
1345,2015-06-22,HOLDING,0.0,0.2,False,0.918882084178026,Alvo_Suavizado,
1346,2015-06-23,HOLDING,0.0,0.2,False,0.9188820842184598,Alvo_Suavizado,
1347,2015-06-24,HOLDING,0.0,0.2,False,0.9188820842405752,Alvo_Suavizado,
1348,2015-06-25,HOLDING,0.0,0.2,False,0.9188820842353083,Alvo_Suavizado,
1349,2015-06-26,HOLDING,0.0,0.2,False,0.6660475995101943,Alvo_Suavizado,
1350,2015-06-29,HOLDING,0.0,0.2,False,0.6660475992434959,Alvo_Suavizado,
1351,2015-06-30,HOLDING,0.0,0.2,False,0.666047599502954,Alvo_Suavizado,
1352,2015-07-01,HOLDING,0.0,0.2,False,0.6660475994477439,Alvo_Suavizado,
1353,2015-07-02,HOLDING,0.0,0.2,False,0.6660475995110996,Alvo_Suavizado,
1354,2015-07-03,HOLDING,0.0,0.2,False,0.6660475995092896,Alvo_Suavizado,
1355,2015-07-06,HOLDING,0.0,0.2,False,0.6660475995107985,Alvo_Suavizado,
1356,2015-07-07,HOLDING,0.0,0.2,False,0.9188820827893622,Alvo_Suavizado,
1357,2015-07-08,HOLDING,0.0,0.2,False,0.9188820842426756,Alvo_Suavizado,
1358,2015-07-10,HOLDING,0.0,0.2,False,0.918882084242943,Alvo_Suavizado,
1359,2015-07-13,HOLDING,0.0,0.2,False,0.9188820842429323,Alvo_Suavizado,
1360,2015-07-14,HOLDING,0.0,0.2,False,0.9188820842411167,Alvo_Suavizado,
1361,2015-07-15,HOLDING,0.0,0.2,False,0.9188820842361018,Alvo_Suavizado,
1362,2015-07-16,HOLDING,0.0,0.2,False,0.9188820842258075,Alvo_Suavizado,
1363,2015-07-17,HOLDING,0.0,0.2,False,0.9188820842405618,Alvo_Suavizado,
1364,2015-07-20,HOLDING,0.0,0.2,False,0.918882084239675,Alvo_Suavizado,
1365,2015-07-21,HOLDING,0.0,0.2,False,0.9188820842423362,Alvo_Suavizado,
1366,2015-07-22,AGUARDANDO_EXECUCAO,0.0,0.2,False,0.9188820842429465,Alvo_Suavizado,Alvo_Suavizado
1367,2015-07-23,AGUARDANDO_EXECUCAO,0.0,0.2,False,0.9188820842425803,Alvo_Suavizado,Alvo_Suavizado
1368,2015-07-24,EXECUTOU_TROCA,0.0,0.2,False,0.9188820842429417,Alvo_Suavizado,
1369,2015-07-27,HOLDING,0.0,0.2,False,0.9188820842429283,Alvo_Suavizado,
1370,2015-07-28,HOLDING,0.0,0.2,False,0.9188820842429288,Alvo_Suavizado,
1371,2015-07-29,HOLDING,0.0,0.2,False,0.9188820842429302,Alvo_Suavizado,
1372,2015-07-30,HOLDING,0.0,0.2,False,0.9188820842429545,Alvo_Suavizado,
1373,2015-07-31,HOLDING,0.0,0.2,False,0.918882084242011,Alvo_Suavizado,
1374,2015-08-03,HOLDING,0.0,0.2,False,0.9188820842429287,Alvo_Suavizado,
1375,2015-08-04,HOLDING,0.0,0.2,False,0.918882084242955,Alvo_Suavizado,
1376,2015-08-05,HOLDING,0.0,0.2,False,0.9188820842429483,Alvo_Suavizado,
1377,2015-08-06,HOLDING,0.0,0.2,False,0.6660475995114016,Alvo_Suavizado,
1378,2015-08-07,HOLDING,0.0,0.2,False,0.6660475995114016,Alvo_Suavizado,
1379,2015-08-10,HOLDING,0.0,0.2,False,0.6660475995114021,Alvo_Suavizado,
1380,2015-08-11,HOLDING,0.0,0.2,False,0.6660475995114016,Alvo_Suavizado,
1381,2015-08-12,HOLDING,0.0,0.2,False,0.6660475995114017,Alvo_Suavizado,
1382,2015-08-13,HOLDING,0.0,0.2,False,0.6660475995114016,Alvo_Suavizado,
1383,2015-08-14,HOLDING,0.0,0.2,False,0.6660475995114016,Alvo_Suavizado,
1384,2015-08-17,HOLDING,0.0,0.2,False,0.6660475995114016,Alvo_Suavizado,
1385,2015-08-18,HOLDING,0.0,0.2,False,0.6660475995114016,Alvo_Suavizado,
1386,2015-08-19,HOLDING,0.0,0.2,False,0.6660475995114016,Alvo_Suavizado,
1387,2015-08-20,HOLDING,0.0,0.2,False,0.6660475995114016,Alvo_Suavizado,
1388,2015-08-21,HOLDING,0.0,0.2,False,0.6660475995114016,Alvo_Suavizado,
1389,2015-08-24,HOLDING,0.0,0.2,False,0.6660475995114016,Alvo_Suavizado,
1390,2015-08-25,HOLDING,0.0,0.2,False,0.6660475995114016,Alvo_Suavizado,
1391,2015-08-26,HOLDING,0.0,0.2,False,0.6660475995114016,Alvo_Suavizado,
1392,2015-08-27,HOLDING,0.0,0.2,False,0.6660475995114016,Alvo_Suavizado,
1393,2015-08-28,HOLDING,0.0,0.2,False,0.6660475995114016,Alvo_Suavizado,
1394,2015-08-31,HOLDING,0.0,0.2,False,0.6660475995114016,Alvo_Suavizado,
1395,2015-09-01,HOLDING,0.0,0.2,False,0.6660475995114016,Alvo_Suavizado,
1396,2015-09-02,HOLDING,0.0,0.2,False,0.6660475995114016,Alvo_Suavizado,
1397,2015-09-03,HOLDING,0.0,0.2,False,0.6660475995114016,Alvo_Suavizado,
1398,2015-09-04,HOLDING,0.0,0.2,False,0.8827213194099935,Alvo_Suavizado,
1399,2015-09-08,HOLDING,0.0,0.2,False,0.8827215525102097,Alvo_Suavizado,
1400,2015-09-09,HOLDING,0.0,0.2,False,0.8827215525102097,Alvo_Suavizado,
1401,2015-09-10,HOLDING,0.0,0.2,False,0.8827215525102097,Alvo_Suavizado,
1402,2015-09-11,HOLDING,0.0,0.2,False,0.8827215525102097,Alvo_Suavizado,
1403,2015-09-14,HOLDING,0.0,0.2,False,0.8827215525102097,Alvo_Suavizado,
1404,2015-09-15,HOLDING,0.0,0.2,False,0.8827215525102097,Alvo_Suavizado,
1405,2015-09-16,HOLDING,0.0,0.2,False,0.8827215525102097,Alvo_Suavizado,
1406,2015-09-17,HOLDING,0.0,0.2,False,0.8827215525102097,Alvo_Suavizado,
1407,2015-09-18,HOLDING,0.0,0.2,False,0.8827215525102097,Alvo_Suavizado,
1408,2015-09-21,HOLDING,0.0,0.2,False,0.8827215525102097,Alvo_Suavizado,
1409,2015-09-22,HOLDING,0.0,0.2,False,0.8827215525102097,Alvo_Suavizado,
1410,2015-09-23,HOLDING,0.0,0.2,False,0.8827215525102097,Alvo_Suavizado,
1411,2015-09-24,HOLDING,0.0,0.2,False,0.8827215525102097,Alvo_Suavizado,
1412,2015-09-25,HOLDING,0.0,0.2,False,0.8827215525102097,Alvo_Suavizado,
1413,2015-09-28,HOLDING,0.0,0.2,False,0.8827215525102097,Alvo_Suavizado,
1414,2015-09-29,HOLDING,0.0,0.2,False,0.8827215525102097,Alvo_Suavizado,
1415,2015-09-30,HOLDING,0.0,0.2,False,0.8827215525102097,Alvo_Suavizado,
1416,2015-10-01,HOLDING,0.0,0.2,False,0.8827215525102097,Alvo_Suavizado,
1417,2015-10-02,HOLDING,0.0,0.2,False,0.8827215525102097,Alvo_Suavizado,
1418,2015-10-05,HOLDING,0.0,0.2,False,0.8827215525102097,Alvo_Suavizado,
1419,2015-10-06,HOLDING,0.0,0.2,False,0.8827215525102097,Alvo_Suavizado,
1420,2015-10-07,HOLDING,0.0,0.2,False,0.8827215525102097,Alvo_Suavizado,
1421,2015-10-08,HOLDING,0.0,0.2,False,0.8827215525102097,Alvo_Suavizado,
1422,2015-10-09,HOLDING,0.0,0.2,False,0.8827215525102097,Alvo_Suavizado,
1423,2015-10-13,HOLDING,0.0,0.2,False,0.8827215525102097,Alvo_Suavizado,
1424,2015-10-14,HOLDING,0.0,0.2,False,0.8827215525102097,Alvo_Suavizado,
1425,2015-10-15,HOLDING,0.0,0.2,False,0.8827215525102097,Alvo_Suavizado,
1426,2015-10-16,HOLDING,0.0,0.2,False,0.8827215525102097,Alvo_Suavizado,
1427,2015-10-19,HOLDING,0.0,0.2,False,0.8827215525102097,Alvo_Suavizado,
1428,2015-10-20,HOLDING,0.0,0.2,False,0.8827215525102097,Alvo_Suavizado,
1429,2015-10-21,HOLDING,0.0,0.2,False,0.8827215525102097,Alvo_Suavizado,
1430,2015-10-22,HOLDING,0.0,0.2,False,0.8827215525102097,Alvo_Suavizado,
1431,2015-10-23,HOLDING,0.0,0.2,False,0.8827215525102097,Alvo_Suavizado,
1432,2015-10-26,HOLDING,0.0,0.2,False,0.8827215525102097,Alvo_Suavizado,
1433,2015-10-27,AGUARDANDO_EXECUCAO,0.0,0.2,False,0.8827215525102097,Alvo_Suavizado,Alvo_Suavizado
1434,2015-10-28,AGUARDANDO_EXECUCAO,0.0,0.2,False,0.8827215525102097,Alvo_Suavizado,Alvo_Suavizado
1435,2015-10-29,EXECUTOU_TROCA,0.0,0.2,False,0.8827215525102097,Alvo_Suavizado,
1436,2015-10-30,HOLDING,0.0,0.2,False,0.8827215525102097,Alvo_Suavizado,
1437,2015-11-03,HOLDING,0.0,0.2,False,0.8827215525102097,Alvo_Suavizado,
1438,2015-11-04,HOLDING,0.0,0.2,False,0.8827215525102097,Alvo_Suavizado,
1439,2015-11-05,HOLDING,0.0,0.2,False,0.8827215525102097,Alvo_Suavizado,
1440,2015-11-06,HOLDING,0.0,0.2,False,0.8827215525102097,Alvo_Suavizado,
1441,2015-11-09,HOLDING,0.0,0.2,False,0.8827215525102097,Alvo_Suavizado,
1442,2015-11-10,HOLDING,0.0,0.2,False,0.8827215525102097,Alvo_Suavizado,
1443,2015-11-11,HOLDING,0.0,0.2,False,0.8827215525102097,Alvo_Suavizado,
1444,2015-11-12,HOLDING,0.0,0.2,False,0.8827215525102097,Alvo_Suavizado,
1445,2015-11-13,HOLDING,0.0,0.2,False,0.8827215525102097,Alvo_Suavizado,
1446,2015-11-16,HOLDING,0.0,0.2,False,0.8827215525102097,Alvo_Suavizado,
1447,2015-11-17,HOLDING,0.0,0.2,False,0.8827215525102097,Alvo_Suavizado,
1448,2015-11-18,HOLDING,0.0,0.2,False,0.8827215525102097,Alvo_Suavizado,
1449,2015-11-19,HOLDING,0.0,0.2,False,0.8827215525102097,Alvo_Suavizado,
1450,2015-11-23,HOLDING,0.0,0.2,False,0.8827215525102097,Alvo_Suavizado,
1451,2015-11-24,HOLDING,0.0,0.2,False,0.8827215525102097,Alvo_Suavizado,
1452,2015-11-25,HOLDING,0.0,0.2,False,0.8827215525102097,Alvo_Suavizado,
1453,2015-11-26,HOLDING,0.0,0.2,False,0.8827215525102097,Alvo_Suavizado,
1454,2015-11-27,HOLDING,0.0,0.2,False,0.8827215525102097,Alvo_Suavizado,
1455,2015-11-30,HOLDING,0.0,0.2,False,0.9188820842429277,Alvo_Suavizado,
1456,2015-12-01,HOLDING,0.0,0.2,False,0.9188820841972768,Alvo_Suavizado,
1457,2015-12-02,HOLDING,0.0,0.2,False,0.9188820842427055,Alvo_Suavizado,
1458,2015-12-03,HOLDING,0.0,0.2,False,0.9188820842428573,Alvo_Suavizado,
1459,2015-12-04,HOLDING,0.0,0.2,False,0.9188820842427073,Alvo_Suavizado,
1460,2015-12-07,HOLDING,0.0,0.2,False,0.9188820842419024,Alvo_Suavizado,
1461,2015-12-08,HOLDING,0.0,0.2,False,0.9188820842341637,Alvo_Suavizado,
1462,2015-12-09,HOLDING,0.0,0.2,False,0.918882084235334,Alvo_Suavizado,
1463,2015-12-10,HOLDING,0.0,0.2,False,0.9188820842407248,Alvo_Suavizado,
1464,2015-12-11,HOLDING,0.0,0.2,False,0.9188820842010127,Alvo_Suavizado,
1465,2015-12-14,HOLDING,0.0,0.2,False,0.918882084238956,Alvo_Suavizado,
1466,2015-12-15,HOLDING,0.0,0.2,False,0.918882084242572,Alvo_Suavizado,
1467,2015-12-16,HOLDING,0.0,0.2,False,0.9188820842423308,Alvo_Suavizado,
1468,2015-12-17,HOLDING,0.0,0.2,False,0.9188820842375318,Alvo_Suavizado,
1469,2015-12-18,HOLDING,0.0,0.2,False,0.9188820842404126,Alvo_Suavizado,
1470,2015-12-21,HOLDING,0.0,0.2,False,0.9188820842357773,Alvo_Suavizado,
1471,2015-12-22,HOLDING,0.0,0.2,False,0.918882084242476,Alvo_Suavizado,
1472,2015-12-23,HOLDING,0.0,0.2,False,0.9188820842423517,Alvo_Suavizado,
1473,2015-12-28,HOLDING,0.0,0.2,False,0.9188820842391594,Alvo_Suavizado,
1474,2015-12-29,HOLDING,0.0,0.2,False,0.9188820842370378,Alvo_Suavizado,
1475,2015-12-30,HOLDING,0.0,0.2,False,0.9188820842354065,Alvo_Suavizado,
1476,2016-01-05,HOLDING,0.0,0.2,False,0.8439168219003617,Alvo_Suavizado,
1477,2016-01-06,AGUARDANDO_EXECUCAO,0.0,0.2,False,0.8439168219003617,Alvo_Suavizado,Alvo_Suavizado
1478,2016-01-07,AGUARDANDO_EXECUCAO,0.0,0.2,False,0.8439168219003617,Alvo_Suavizado,Alvo_Suavizado
1479,2016-01-08,EXECUTOU_TROCA,0.0,0.2,False,0.8439168219003617,Alvo_Suavizado,
1480,2016-01-11,HOLDING,0.0,0.2,False,0.8439168219003617,Alvo_Suavizado,
1481,2016-01-12,HOLDING,0.0,0.2,False,0.8439168219003617,Alvo_Suavizado,
1482,2016-01-13,HOLDING,0.0,0.2,False,0.8439168219003617,Alvo_Suavizado,
1483,2016-01-14,HOLDING,0.0,0.2,False,0.8439168219003617,Alvo_Suavizado,
1484,2016-01-15,HOLDING,0.0,0.2,False,0.8439168219003617,Alvo_Suavizado,
1485,2016-01-18,HOLDING,0.0,0.2,False,0.8439168219003617,Alvo_Suavizado,
1486,2016-01-19,HOLDING,0.0,0.2,False,0.8439168219003617,Alvo_Suavizado,
1487,2016-01-20,HOLDING,0.0,0.2,False,0.8439168219003617,Alvo_Suavizado,
1488,2016-01-21,HOLDING,0.0,0.2,False,0.8439168219003617,Alvo_Suavizado,
1489,2016-01-22,HOLDING,0.0,0.2,False,0.8439168219003617,Alvo_Suavizado,
1490,2016-01-26,HOLDING,0.0,0.2,False,0.8439168219003617,Alvo_Suavizado,
1491,2016-01-27,HOLDING,0.0,0.2,False,0.8439168219003617,Alvo_Suavizado,
1492,2016-01-28,HOLDING,0.0,0.2,False,0.8439168219003617,Alvo_Suavizado,
1493,2016-01-29,HOLDING,0.0,0.2,False,0.8439168219003617,Alvo_Suavizado,
1494,2016-02-01,HOLDING,0.0,0.2,False,0.8439168219003617,Alvo_Suavizado,
1495,2016-02-02,HOLDING,0.0,0.2,False,0.8439168219003617,Alvo_Suavizado,
1496,2016-02-03,HOLDING,0.0,0.2,False,0.8439168219003617,Alvo_Suavizado,
1497,2016-02-04,HOLDING,0.0,0.2,False,0.8439168219003617,Alvo_Suavizado,
1498,2016-02-05,HOLDING,0.0,0.2,False,0.8439168219003617,Alvo_Suavizado,
1499,2016-02-10,HOLDING,0.0,0.2,False,0.8439168219003617,Alvo_Suavizado,
1500,2016-02-11,HOLDING,0.0,0.2,False,0.8439168219003617,Alvo_Suavizado,
1501,2016-02-12,HOLDING,0.0,0.2,False,0.9263709827072382,Alvo_Suavizado,
1502,2016-02-15,HOLDING,0.0,0.2,False,0.9263709827072382,Alvo_Suavizado,
1503,2016-02-16,HOLDING,0.0,0.2,False,0.9263709827072382,Alvo_Suavizado,
1504,2016-02-17,HOLDING,0.0,0.2,False,0.9263709827072382,Alvo_Suavizado,
1505,2016-02-18,HOLDING,0.0,0.2,False,0.9263709827072382,Alvo_Suavizado,
1506,2016-02-19,HOLDING,0.0,0.2,False,0.9263709827072382,Alvo_Suavizado,
1507,2016-02-22,HOLDING,0.0,0.2,False,0.9263709827072382,Alvo_Suavizado,
1508,2016-02-23,HOLDING,0.0,0.2,False,0.9263709827072382,Alvo_Suavizado,
1509,2016-02-24,HOLDING,0.0,0.2,False,0.9263709827072382,Alvo_Suavizado,
1510,2016-02-25,HOLDING,0.0,0.2,False,0.9263709827072382,Alvo_Suavizado,
1511,2016-02-26,HOLDING,0.0,0.2,False,0.9263709827072382,Alvo_Suavizado,
1512,2016-02-29,HOLDING,0.0,0.2,False,0.9263709827072382,Alvo_Suavizado,
1513,2016-03-01,HOLDING,0.0,0.2,False,0.9263709827072382,Alvo_Suavizado,
1514,2016-03-02,HOLDING,0.0,0.2,False,0.9263709827072382,Alvo_Suavizado,
1515,2016-03-03,HOLDING,0.0,0.2,False,0.9263709827072382,Alvo_Suavizado,
1516,2016-03-04,HOLDING,0.0,0.2,False,0.9263709827072382,Alvo_Suavizado,
1517,2016-03-07,HOLDING,0.0,0.2,False,0.9263709827072382,Alvo_Suavizado,
1518,2016-03-08,HOLDING,0.0,0.2,False,0.9263709827072382,Alvo_Suavizado,
1519,2016-03-09,HOLDING,0.0,0.2,False,0.9263709827072382,Alvo_Suavizado,
1520,2016-03-10,HOLDING,0.0,0.2,False,0.9263709827072382,Alvo_Suavizado,
1521,2016-03-11,HOLDING,0.0,0.2,False,0.9263709827072382,Alvo_Suavizado,
1522,2016-03-14,HOLDING,0.0,0.2,False,0.9263709827072382,Alvo_Suavizado,
1523,2016-03-15,HOLDING,0.0,0.2,False,0.9263709827072382,Alvo_Suavizado,
1524,2016-03-16,HOLDING,0.0,0.2,False,0.9263709827072382,Alvo_Suavizado,
1525,2016-03-17,HOLDING,0.0,0.2,False,0.9263709827072382,Alvo_Suavizado,
1526,2016-03-18,HOLDING,0.0,0.2,False,0.9263709827072382,Alvo_Suavizado,
1527,2016-03-21,HOLDING,0.0,0.2,False,0.9263709827072382,Alvo_Suavizado,
1528,2016-03-22,HOLDING,0.0,0.2,False,0.9263709827072382,Alvo_Suavizado,
1529,2016-03-23,HOLDING,0.0,0.2,False,0.9263709827072382,Alvo_Suavizado,
1530,2016-03-24,HOLDING,0.0,0.2,False,0.9263709827072382,Alvo_Suavizado,
1531,2016-03-28,HOLDING,0.0,0.2,False,0.9263709827072382,Alvo_Suavizado,
1532,2016-03-29,HOLDING,0.0,0.2,False,0.9263709827072382,Alvo_Suavizado,
1533,2016-03-30,HOLDING,0.0,0.2,False,0.9263709827072382,Alvo_Suavizado,
1534,2016-03-31,HOLDING,0.0,0.2,False,0.9263709827072382,Alvo_Suavizado,
1535,2016-04-01,HOLDING,0.0,0.2,False,0.9263709827072382,Alvo_Suavizado,
1536,2016-04-04,HOLDING,0.0,0.2,False,0.9263709827072382,Alvo_Suavizado,
1537,2016-04-05,HOLDING,0.0,0.2,False,0.9263709827072382,Alvo_Suavizado,
1538,2016-04-06,HOLDING,0.0,0.2,False,0.9263709827072382,Alvo_Suavizado,
1539,2016-04-07,HOLDING,0.0,0.2,False,0.9263709827072382,Alvo_Suavizado,
1540,2016-04-08,HOLDING,0.0,0.2,False,0.9263709827072382,Alvo_Suavizado,
1541,2016-04-11,HOLDING,0.0,0.2,False,0.9263709827072382,Alvo_Suavizado,
1542,2016-04-12,HOLDING,0.0,0.2,False,0.9263709827072382,Alvo_Suavizado,
1543,2016-04-13,HOLDING,0.0,0.2,False,0.9263709827072382,Alvo_Suavizado,
1544,2016-04-14,AGUARDANDO_EXECUCAO,0.0,0.2,False,0.9263709827072382,Alvo_Suavizado,Alvo_Suavizado
1545,2016-04-15,AGUARDANDO_EXECUCAO,0.0,0.2,False,0.9263709827072382,Alvo_Suavizado,Alvo_Suavizado
1546,2016-04-18,EXECUTOU_TROCA,0.0,0.2,False,0.8592524719984908,Alvo_Suavizado,
1547,2016-04-19,HOLDING,0.0,0.2,False,0.8592524719984908,Alvo_Suavizado,
1548,2016-04-20,HOLDING,0.0,0.2,False,0.5480517437877361,Alvo_Suavizado,
1549,2016-04-22,HOLDING,0.0,0.2,False,0.8164129486355094,Alvo_Suavizado,
1550,2016-04-25,HOLDING,0.0,0.2,False,0.7795973245392434,Alvo_Suavizado,
1551,2016-04-26,HOLDING,0.0,0.2,False,0.834311648944443,Alvo_Suavizado,
1552,2016-04-27,HOLDING,0.0,0.2,False,0.8343772906864925,Alvo_Suavizado,
1553,2016-04-28,HOLDING,0.0,0.2,False,0.8341581923626767,Alvo_Suavizado,
1554,2016-04-29,HOLDING,0.0,0.2,False,0.7410170769480751,Alvo_Suavizado,
1555,2016-05-02,HOLDING,0.0,0.2,False,0.855303734874909,Alvo_Suavizado,
1556,2016-05-03,HOLDING,0.0,0.2,False,0.8590318198129449,Alvo_Suavizado,
1557,2016-05-04,HOLDING,0.0,0.2,False,0.6520319105371045,Alvo_Suavizado,
1558,2016-05-05,HOLDING,0.0,0.2,False,0.6301065084147929,Alvo_Suavizado,
1559,2016-05-06,HOLDING,0.0,0.2,False,0.8343883866260585,Alvo_Suavizado,
1560,2016-05-09,HOLDING,0.0,0.2,False,0.834391030474956,Alvo_Suavizado,
1561,2016-05-10,HOLDING,0.0,0.2,False,0.8343910402222556,Alvo_Suavizado,
1562,2016-05-11,HOLDING,0.0,0.2,False,0.8343909970469153,Alvo_Suavizado,
1563,2016-05-12,HOLDING,0.0,0.2,False,0.8343910350639373,Alvo_Suavizado,
1564,2016-05-13,HOLDING,0.0,0.2,False,0.8184250440795567,Alvo_Suavizado,
1565,2016-05-16,HOLDING,0.0,0.2,False,0.737938997310247,Alvo_Suavizado,
1566,2016-05-17,HOLDING,0.0,0.2,False,0.854572640788925,Alvo_Suavizado,
1567,2016-05-18,HOLDING,0.0,0.2,False,0.8592500254255867,Alvo_Suavizado,
1568,2016-05-19,HOLDING,0.0,0.2,False,0.8592524252851055,Alvo_Suavizado,
1569,2016-05-20,HOLDING,0.0,0.2,False,0.8592512895332787,Alvo_Suavizado,
1570,2016-05-23,HOLDING,0.0,0.2,False,0.4752575838845513,Alvo_Suavizado,
1571,2016-05-24,HOLDING,0.0,0.2,False,0.8341583469859309,Alvo_Suavizado,
1572,2016-05-25,HOLDING,0.0,0.2,False,0.8343910311152551,Alvo_Suavizado,
1573,2016-05-27,HOLDING,0.0,0.2,False,0.8343908632557994,Alvo_Suavizado,
1574,2016-05-30,HOLDING,0.0,0.2,False,0.8341421861123418,Alvo_Suavizado,
1575,2016-05-31,HOLDING,0.0,0.2,False,0.7604739829148371,Alvo_Suavizado,
1576,2016-06-01,HOLDING,0.0,0.2,False,0.9263709827072382,Alvo_Suavizado,
1577,2016-06-02,HOLDING,0.0,0.2,False,0.9263709827072382,Alvo_Suavizado,
1578,2016-06-03,HOLDING,0.0,0.2,False,0.9263709827072382,Alvo_Suavizado,
1579,2016-06-06,HOLDING,0.0,0.2,False,0.9263709827072382,Alvo_Suavizado,
1580,2016-06-07,HOLDING,0.0,0.2,False,0.9263709827072382,Alvo_Suavizado,
1581,2016-06-08,HOLDING,0.0,0.2,False,0.9263709827072382,Alvo_Suavizado,
1582,2016-06-09,HOLDING,0.0,0.2,False,0.9263709827072382,Alvo_Suavizado,
1583,2016-06-10,HOLDING,0.0,0.2,False,0.9263709827072382,Alvo_Suavizado,
1584,2016-06-13,HOLDING,0.0,0.2,False,0.9263709827072382,Alvo_Suavizado,
1585,2016-06-14,HOLDING,0.0,0.2,False,0.9263709827072382,Alvo_Suavizado,
1586,2016-06-15,HOLDING,0.0,0.2,False,0.9263709827072382,Alvo_Suavizado,
1587,2016-06-16,HOLDING,0.0,0.2,False,0.9263709827072382,Alvo_Suavizado,
1588,2016-06-17,HOLDING,0.0,0.2,False,0.9263709827072382,Alvo_Suavizado,
1589,2016-06-20,HOLDING,0.0,0.2,False,0.9263709827072382,Alvo_Suavizado,
1590,2016-06-21,HOLDING,0.0,0.2,False,0.9263709827072382,Alvo_Suavizado,
1591,2016-06-22,HOLDING,0.0,0.2,False,0.9263709827072382,Alvo_Suavizado,
1592,2016-06-23,HOLDING,0.0,0.2,False,0.9263709827072382,Alvo_Suavizado,
1593,2016-06-24,HOLDING,0.0,0.2,False,0.9263709827072382,Alvo_Suavizado,
1594,2016-06-27,HOLDING,0.0,0.2,False,0.9263709827072382,Alvo_Suavizado,
1595,2016-06-28,HOLDING,0.0,0.2,False,0.9263709827072382,Alvo_Suavizado,
1596,2016-06-29,HOLDING,0.0,0.2,False,0.9263709827072382,Alvo_Suavizado,
1597,2016-06-30,HOLDING,0.0,0.2,False,0.9263709827072382,Alvo_Suavizado,
1598,2016-07-01,HOLDING,0.0,0.2,False,0.9263709827072382,Alvo_Suavizado,
1599,2016-07-04,HOLDING,0.0,0.2,False,0.9263709827072382,Alvo_Suavizado,
1600,2016-07-05,HOLDING,0.0,0.2,False,0.9263709827072382,Alvo_Suavizado,
1601,2016-07-06,HOLDING,0.0,0.2,False,0.9263709827072382,Alvo_Suavizado,
1602,2016-07-07,HOLDING,0.0,0.2,False,0.9263709827072382,Alvo_Suavizado,
1603,2016-07-08,HOLDING,0.0,0.2,False,0.9263709827072382,Alvo_Suavizado,
1604,2016-07-11,HOLDING,0.0,0.2,False,0.9263709827072382,Alvo_Suavizado,
1605,2016-07-12,HOLDING,0.0,0.2,False,0.9263709827072382,Alvo_Suavizado,
1606,2016-07-13,HOLDING,0.0,0.2,False,0.9263709827072382,Alvo_Suavizado,
1607,2016-07-14,HOLDING,0.0,0.2,False,0.9263709827072382,Alvo_Suavizado,
1608,2016-07-15,HOLDING,0.0,0.2,False,0.9263709827072382,Alvo_Suavizado,
1609,2016-07-18,HOLDING,0.0,0.2,False,0.9263709827072382,Alvo_Suavizado,
1610,2016-07-19,HOLDING,0.0,0.2,False,0.9263709827072382,Alvo_Suavizado,
1611,2016-07-20,SEM_TROCA,0.0,0.2,False,0.9263709827072382,Alvo_Suavizado,
1612,2016-07-21,SEM_TROCA,0.0,0.2,False,0.9263709827072382,Alvo_Suavizado,
1613,2016-07-22,SEM_TROCA,0.0,0.2,False,0.9263709827072382,Alvo_Suavizado,
1614,2016-07-25,SEM_TROCA,0.0,0.2,False,0.9263709827072382,Alvo_Suavizado,
1615,2016-07-26,SEM_TROCA,0.0,0.2,False,0.9263709827072382,Alvo_Suavizado,
1616,2016-07-27,SEM_TROCA,0.0,0.2,False,0.9263709827072382,Alvo_Suavizado,
1617,2016-07-28,SEM_TROCA,0.0,0.2,False,0.9263709827072382,Alvo_Suavizado,
1618,2016-07-29,SEM_TROCA,0.0,0.2,False,0.9263709827072382,Alvo_Suavizado,
1619,2016-08-01,SEM_TROCA,0.0,0.2,False,0.9263709827072382,Alvo_Suavizado,
1620,2016-08-02,SEM_TROCA,0.0,0.2,False,0.9263709827072382,Alvo_Suavizado,
1621,2016-08-03,SEM_TROCA,0.0,0.2,False,0.9263709827072382,Alvo_Suavizado,
1622,2016-08-04,SEM_TROCA,0.0,0.2,False,0.9263709827072382,Alvo_Suavizado,
1623,2016-08-05,SEM_TROCA,0.0,0.2,False,0.9263709827072382,Alvo_Suavizado,
1624,2016-08-08,SEM_TROCA,0.0,0.2,False,0.9263709827072382,Alvo_Suavizado,
1625,2016-08-09,SEM_TROCA,0.0,0.2,False,0.9263709827072382,Alvo_Suavizado,
1626,2016-08-10,SEM_TROCA,0.0,0.2,False,0.9263709827072382,Alvo_Suavizado,
1627,2016-08-11,SEM_TROCA,0.0,0.2,False,0.8439168219003617,Alvo_Suavizado,
1628,2016-08-12,AGUARDANDO_EXECUCAO,0.0,0.2,False,0.8439168219003617,Alvo_Suavizado,Alvo_Suavizado
1629,2016-08-15,AGUARDANDO_EXECUCAO,0.0,0.2,False,0.8439168219003617,Alvo_Suavizado,Alvo_Suavizado
1630,2016-08-16,EXECUTOU_TROCA,0.0,0.2,False,0.8439168219003617,Alvo_Suavizado,
1631,2016-08-17,HOLDING,0.0,0.2,False,0.8439168219003617,Alvo_Suavizado,
1632,2016-08-18,HOLDING,0.0,0.2,False,0.8439168219003617,Alvo_Suavizado,
1633,2016-08-19,HOLDING,0.0,0.2,False,0.8439168219003617,Alvo_Suavizado,
1634,2016-08-22,HOLDING,0.0,0.2,False,0.8439168219003617,Alvo_Suavizado,
1635,2016-08-23,HOLDING,0.0,0.2,False,0.8439168219003617,Alvo_Suavizado,
1636,2016-08-24,HOLDING,0.0,0.2,False,0.8439168219003617,Alvo_Suavizado,
1637,2016-08-25,HOLDING,0.0,0.2,False,0.8439168219003617,Alvo_Suavizado,
1638,2016-08-26,HOLDING,0.0,0.2,False,0.8439168219003617,Alvo_Suavizado,
1639,2016-08-29,HOLDING,0.0,0.2,False,0.8439168219003617,Alvo_Suavizado,
1640,2016-08-30,HOLDING,0.0,0.2,False,0.8439168219003617,Alvo_Suavizado,
1641,2016-08-31,HOLDING,0.0,0.2,False,0.8439168219003617,Alvo_Suavizado,
1642,2016-09-01,HOLDING,0.0,0.2,False,0.8439168219003617,Alvo_Suavizado,
1643,2016-09-02,HOLDING,0.0,0.2,False,0.8439168219003617,Alvo_Suavizado,
1644,2016-09-05,HOLDING,0.0,0.2,False,0.8439168219003617,Alvo_Suavizado,
1645,2016-09-06,HOLDING,0.0,0.2,False,0.8439168219003617,Alvo_Suavizado,
1646,2016-09-08,HOLDING,0.0,0.2,False,0.8439168219003617,Alvo_Suavizado,
1647,2016-09-09,HOLDING,0.0,0.2,False,0.8439168219003617,Alvo_Suavizado,
1648,2016-09-12,HOLDING,0.0,0.2,False,0.8439168219003617,Alvo_Suavizado,
1649,2016-09-13,HOLDING,0.0,0.2,False,0.8439168219003617,Alvo_Suavizado,
1650,2016-09-14,HOLDING,0.0,0.2,False,0.8439168219003617,Alvo_Suavizado,
1651,2016-09-15,HOLDING,0.0,0.2,False,0.8439168219003617,Alvo_Suavizado,
1652,2016-09-16,HOLDING,0.0,0.2,False,0.8439168219003617,Alvo_Suavizado,
1653,2016-09-19,HOLDING,0.0,0.2,False,0.9263709827072384,Alvo_Suavizado,
1654,2016-09-20,HOLDING,0.0,0.2,False,0.9263709827072382,Alvo_Suavizado,
1655,2016-09-21,HOLDING,0.0,0.2,False,0.9263709827072382,Alvo_Suavizado,
1656,2016-09-22,HOLDING,0.0,0.2,False,0.9263709827072382,Alvo_Suavizado,
1657,2016-09-23,HOLDING,0.0,0.2,False,0.9263709827072382,Alvo_Suavizado,
1658,2016-09-26,HOLDING,0.0,0.2,False,0.9263709827072382,Alvo_Suavizado,
1659,2016-09-27,HOLDING,0.0,0.2,False,0.9263709827072382,Alvo_Suavizado,
1660,2016-09-28,HOLDING,0.0,0.2,False,0.9263709827072382,Alvo_Suavizado,
1661,2016-09-29,HOLDING,0.0,0.2,False,0.9263709827072382,Alvo_Suavizado,
1662,2016-09-30,HOLDING,0.0,0.2,False,0.9263709827072382,Alvo_Suavizado,
1663,2016-10-03,HOLDING,0.0,0.2,False,0.9263709827072382,Alvo_Suavizado,
1664,2016-10-04,HOLDING,0.0,0.2,False,0.9263709827072382,Alvo_Suavizado,
1665,2016-10-05,HOLDING,0.0,0.2,False,0.9263709827072382,Alvo_Suavizado,
1666,2016-10-06,HOLDING,0.0,0.2,False,0.9263709827072382,Alvo_Suavizado,
1667,2016-10-07,HOLDING,0.0,0.2,False,0.9263709827072382,Alvo_Suavizado,
1668,2016-10-10,HOLDING,0.0,0.2,False,0.9263709827072382,Alvo_Suavizado,
1669,2016-10-11,HOLDING,0.0,0.2,False,0.9263709827072382,Alvo_Suavizado,
1670,2016-10-13,HOLDING,0.0,0.2,False,0.9263709827072382,Alvo_Suavizado,
1671,2016-10-14,HOLDING,0.0,0.2,False,0.9263709827072382,Alvo_Suavizado,
1672,2016-10-17,HOLDING,0.0,0.2,False,0.9263709827072385,Alvo_Suavizado,
1673,2016-10-18,HOLDING,0.0,0.2,False,0.9263709827072383,Alvo_Suavizado,
1674,2016-10-19,HOLDING,0.0,0.2,False,0.9263709827072383,Alvo_Suavizado,
1675,2016-10-20,HOLDING,0.0,0.2,False,0.9263709827072382,Alvo_Suavizado,
1676,2016-10-21,HOLDING,0.0,0.2,False,0.9263709827072382,Alvo_Suavizado,
1677,2016-10-24,HOLDING,0.0,0.2,False,0.9263709827072382,Alvo_Suavizado,
1678,2016-10-25,HOLDING,0.0,0.2,False,0.9263709827072382,Alvo_Suavizado,
1679,2016-10-26,HOLDING,0.0,0.2,False,0.9263709827072382,Alvo_Suavizado,
1680,2016-10-27,HOLDING,0.0,0.2,False,0.9263709827072382,Alvo_Suavizado,
1681,2016-10-28,HOLDING,0.0,0.2,False,0.9263709827072382,Alvo_Suavizado,
1682,2016-10-31,HOLDING,0.0,0.2,False,0.9263709827072382,Alvo_Suavizado,
1683,2016-11-01,HOLDING,0.0,0.2,False,0.9263709827072393,Alvo_Suavizado,
1684,2016-11-03,HOLDING,0.0,0.2,False,0.9263709827072418,Alvo_Suavizado,
1685,2016-11-04,HOLDING,0.0,0.2,False,0.9263709827072386,Alvo_Suavizado,
1686,2016-11-07,HOLDING,0.0,0.2,False,0.926370982707053,Alvo_Suavizado,
1687,2016-11-08,HOLDING,0.0,0.2,False,0.9263709827072464,Alvo_Suavizado,
1688,2016-11-09,HOLDING,0.0,0.2,False,0.8592524171973475,Alvo_Suavizado,
1689,2016-11-10,HOLDING,0.0,0.2,False,0.8592524719984908,Alvo_Suavizado,
1690,2016-11-11,HOLDING,0.0,0.2,False,0.8592524719984908,Alvo_Suavizado,
1691,2016-11-14,HOLDING,0.0,0.2,False,0.8592524719984908,Alvo_Suavizado,
1692,2016-11-16,HOLDING,0.0,0.2,False,0.8592523657952829,Alvo_Suavizado,
1693,2016-11-17,HOLDING,0.0,0.2,False,0.6920590787583486,Alvo_Suavizado,
1694,2016-11-18,HOLDING,0.0,0.2,False,0.8436417620611374,Alvo_Suavizado,
1695,2016-11-21,AGUARDANDO_EXECUCAO,0.0,0.2,False,0.8592077993552761,Alvo_Suavizado,Alvo_Suavizado
1696,2016-11-22,AGUARDANDO_EXECUCAO,0.0,0.2,False,0.8590652722618392,Alvo_Suavizado,Alvo_Suavizado
1697,2016-11-23,EXECUTOU_TROCA,0.0,0.2,False,0.8460922580125414,Alvo_Suavizado,
1698,2016-11-24,HOLDING,0.0,0.2,False,0.5044710547864597,Alvo_Suavizado,
1699,2016-11-25,HOLDING,0.0,0.2,False,0.8116829796656607,Alvo_Suavizado,
1700,2016-11-28,HOLDING,0.0,0.2,False,0.9263709827072382,Alvo_Suavizado,
1701,2016-11-29,HOLDING,0.0,0.2,False,0.9263709827072382,Alvo_Suavizado,
1702,2016-11-30,HOLDING,0.0,0.2,False,0.9263709827072382,Alvo_Suavizado,
1703,2016-12-01,HOLDING,0.0,0.2,False,0.9263709827072382,Alvo_Suavizado,
1704,2016-12-02,HOLDING,0.0,0.2,False,0.9263709827072382,Alvo_Suavizado,
1705,2016-12-05,HOLDING,0.0,0.2,False,0.9263709827072382,Alvo_Suavizado,
1706,2016-12-06,HOLDING,0.0,0.2,False,0.9263709827072382,Alvo_Suavizado,
1707,2016-12-07,HOLDING,0.0,0.2,False,0.9263709827072382,Alvo_Suavizado,
1708,2016-12-08,HOLDING,0.0,0.2,False,0.9263709827072382,Alvo_Suavizado,
1709,2016-12-09,HOLDING,0.0,0.2,False,0.9263709827072382,Alvo_Suavizado,
1710,2016-12-12,HOLDING,0.0,0.2,False,0.9263709827072382,Alvo_Suavizado,
1711,2016-12-13,HOLDING,0.0,0.2,False,0.8439168219003617,Alvo_Suavizado,
1712,2016-12-14,HOLDING,0.0,0.2,False,0.8439168219003617,Alvo_Suavizado,
1713,2016-12-15,HOLDING,0.0,0.2,False,0.8439168219003617,Alvo_Suavizado,
1714,2016-12-16,HOLDING,0.0,0.2,False,0.8439168219003617,Alvo_Suavizado,
1715,2016-12-19,HOLDING,0.0,0.2,False,0.8439168219003617,Alvo_Suavizado,
1716,2016-12-20,HOLDING,0.0,0.2,False,0.8439168219003617,Alvo_Suavizado,
1717,2016-12-21,HOLDING,0.0,0.2,False,0.8439168219003617,Alvo_Suavizado,
1718,2016-12-22,HOLDING,0.0,0.2,False,0.8439168219003617,Alvo_Suavizado,
1719,2016-12-23,HOLDING,0.0,0.2,False,0.8439168219003617,Alvo_Suavizado,
1720,2016-12-26,HOLDING,0.0,0.2,False,0.8439168219003617,Alvo_Suavizado,
1721,2016-12-27,HOLDING,0.0,0.2,False,0.8439168219003617,Alvo_Suavizado,
1722,2016-12-28,HOLDING,0.0,0.2,False,0.8439168219003617,Alvo_Suavizado,
1723,2016-12-29,HOLDING,0.0,0.2,False,0.8439168219003617,Alvo_Suavizado,
1724,2017-01-03,HOLDING,0.0,0.2,False,0.8744852613373596,Alvo_Suavizado,
1725,2017-01-04,AGUARDANDO_EXECUCAO,0.0,0.2,False,0.914680389820412,Alvo_Suavizado,Alvo_Suavizado
1726,2017-01-05,AGUARDANDO_EXECUCAO,0.0,0.2,False,0.914680389820412,Alvo_Suavizado,Alvo_Suavizado
1727,2017-01-06,EXECUTOU_TROCA,0.0,0.2,False,0.914680389820412,Alvo_Suavizado,
1728,2017-01-09,HOLDING,0.0,0.2,False,0.914680389820412,Alvo_Suavizado,
1729,2017-01-10,HOLDING,0.0,0.2,False,0.914680389820412,Alvo_Suavizado,
1730,2017-01-11,HOLDING,0.0,0.2,False,0.914680389820412,Alvo_Suavizado,
1731,2017-01-12,HOLDING,0.0,0.2,False,0.914680389820412,Alvo_Suavizado,
1732,2017-01-13,HOLDING,0.0,0.2,False,0.914680389820412,Alvo_Suavizado,
1733,2017-01-16,HOLDING,0.0,0.2,False,0.914680389820412,Alvo_Suavizado,
1734,2017-01-17,HOLDING,0.0,0.2,False,0.914680389820412,Alvo_Suavizado,
1735,2017-01-18,HOLDING,0.0,0.2,False,0.914680389820412,Alvo_Suavizado,
1736,2017-01-19,HOLDING,0.0,0.2,False,0.914680389820412,Alvo_Suavizado,
1737,2017-01-20,HOLDING,0.0,0.2,False,0.914680389820412,Alvo_Suavizado,
1738,2017-01-23,HOLDING,0.0,0.2,False,0.914680389820412,Alvo_Suavizado,
1739,2017-01-24,HOLDING,0.0,0.2,False,0.914680389820412,Alvo_Suavizado,
1740,2017-01-26,HOLDING,0.0,0.2,False,0.914680389820412,Alvo_Suavizado,
1741,2017-01-27,HOLDING,0.0,0.2,False,0.914680389820412,Alvo_Suavizado,
1742,2017-01-30,HOLDING,0.0,0.2,False,0.914680389820412,Alvo_Suavizado,
1743,2017-01-31,HOLDING,0.0,0.2,False,0.914680389820412,Alvo_Suavizado,
1744,2017-02-01,HOLDING,0.0,0.2,False,0.914680389820412,Alvo_Suavizado,
1745,2017-02-02,HOLDING,0.0,0.2,False,0.914680389820412,Alvo_Suavizado,
1746,2017-02-03,HOLDING,0.0,0.2,False,0.914680389820412,Alvo_Suavizado,
1747,2017-02-06,HOLDING,0.0,0.2,False,0.914680389820412,Alvo_Suavizado,
1748,2017-02-07,HOLDING,0.0,0.2,False,0.914680389820412,Alvo_Suavizado,
1749,2017-02-08,HOLDING,0.0,0.2,False,0.914680389820412,Alvo_Suavizado,
1750,2017-02-09,HOLDING,0.0,0.2,False,0.914680389820412,Alvo_Suavizado,
1751,2017-02-10,HOLDING,0.0,0.2,False,0.914680389820412,Alvo_Suavizado,
1752,2017-02-13,HOLDING,0.0,0.2,False,0.914680389820412,Alvo_Suavizado,
1753,2017-02-14,HOLDING,0.0,0.2,False,0.914680389820412,Alvo_Suavizado,
1754,2017-02-15,HOLDING,0.0,0.2,False,0.914680389820412,Alvo_Suavizado,
1755,2017-02-16,HOLDING,0.0,0.2,False,0.914680389820412,Alvo_Suavizado,
1756,2017-02-17,HOLDING,0.0,0.2,False,0.914680389820412,Alvo_Suavizado,
1757,2017-02-20,HOLDING,0.0,0.2,False,0.914680389820412,Alvo_Suavizado,
1758,2017-02-21,HOLDING,0.0,0.2,False,0.914680389820412,Alvo_Suavizado,
1759,2017-02-22,HOLDING,0.0,0.2,False,0.914680389820412,Alvo_Suavizado,
1760,2017-02-23,HOLDING,0.0,0.2,False,0.914680389820412,Alvo_Suavizado,
1761,2017-02-24,HOLDING,0.0,0.2,False,0.914680389820412,Alvo_Suavizado,
1762,2017-03-01,HOLDING,0.0,0.2,False,0.914680389820412,Alvo_Suavizado,
1763,2017-03-02,HOLDING,0.0,0.2,False,0.914680389820412,Alvo_Suavizado,
1764,2017-03-03,HOLDING,0.0,0.2,False,0.914680389820412,Alvo_Suavizado,
1765,2017-03-06,HOLDING,0.0,0.2,False,0.914680389820412,Alvo_Suavizado,
1766,2017-03-07,HOLDING,0.0,0.2,False,0.914680389820412,Alvo_Suavizado,
1767,2017-03-08,HOLDING,0.0,0.2,False,0.914680389820412,Alvo_Suavizado,
1768,2017-03-09,HOLDING,0.0,0.2,False,0.914680389820412,Alvo_Suavizado,
1769,2017-03-10,HOLDING,0.0,0.2,False,0.914680389820412,Alvo_Suavizado,
1770,2017-03-13,HOLDING,0.0,0.2,False,0.914680389820412,Alvo_Suavizado,
1771,2017-03-14,HOLDING,0.0,0.2,False,0.914680389820412,Alvo_Suavizado,
1772,2017-03-15,HOLDING,0.0,0.2,False,0.914680389820412,Alvo_Suavizado,
1773,2017-03-16,HOLDING,0.0,0.2,False,0.914680389820412,Alvo_Suavizado,
1774,2017-03-17,HOLDING,0.0,0.2,False,0.914680389820412,Alvo_Suavizado,
1775,2017-03-20,HOLDING,0.0,0.2,False,0.914680389820412,Alvo_Suavizado,
1776,2017-03-21,HOLDING,0.0,0.2,False,0.914680389820412,Alvo_Suavizado,
1777,2017-03-22,HOLDING,0.0,0.2,False,0.914680389820412,Alvo_Suavizado,
1778,2017-03-23,HOLDING,0.0,0.2,False,0.914680389820412,Alvo_Suavizado,
1779,2017-03-24,HOLDING,0.0,0.2,False,0.914680389820412,Alvo_Suavizado,
1780,2017-03-27,HOLDING,0.0,0.2,False,0.914680389820412,Alvo_Suavizado,
1781,2017-03-28,HOLDING,0.0,0.2,False,0.914680389820412,Alvo_Suavizado,
1782,2017-03-29,HOLDING,0.0,0.2,False,0.914680389820412,Alvo_Suavizado,
1783,2017-03-30,HOLDING,0.0,0.2,False,0.914680389820412,Alvo_Suavizado,
1784,2017-03-31,HOLDING,0.0,0.2,False,0.914680389820412,Alvo_Suavizado,
1785,2017-04-03,HOLDING,0.0,0.2,False,0.914680389820412,Alvo_Suavizado,
1786,2017-04-04,HOLDING,0.0,0.2,False,0.914680389820412,Alvo_Suavizado,
1787,2017-04-05,HOLDING,0.0,0.2,False,0.914680389820412,Alvo_Suavizado,
1788,2017-04-06,HOLDING,0.0,0.2,False,0.914680389820412,Alvo_Suavizado,
1789,2017-04-07,HOLDING,0.0,0.2,False,0.9146803898201379,Alvo_Suavizado,
1790,2017-04-10,HOLDING,0.0,0.2,False,0.914680389820415,Alvo_Suavizado,
1791,2017-04-11,HOLDING,0.0,0.2,False,0.9146803898199999,Alvo_Suavizado,
1792,2017-04-12,AGUARDANDO_EXECUCAO,0.0,0.2,False,0.9146803887977271,Alvo_Suavizado,Alvo_Suavizado
1793,2017-04-13,AGUARDANDO_EXECUCAO,0.0,0.2,False,0.9146803882561041,Alvo_Suavizado,Alvo_Suavizado
1794,2017-04-17,EXECUTOU_TROCA,0.0,0.2,False,0.9146803897850581,Alvo_Suavizado,
1795,2017-04-18,HOLDING,0.0,0.2,False,0.914680389819908,Alvo_Suavizado,
1796,2017-04-19,HOLDING,0.0,0.2,False,0.914680389820412,Alvo_Suavizado,
1797,2017-04-20,HOLDING,0.0,0.2,False,0.914680389820412,Alvo_Suavizado,
1798,2017-04-24,HOLDING,0.0,0.2,False,0.914680389820412,Alvo_Suavizado,
1799,2017-04-25,HOLDING,0.0,0.2,False,0.914680389820412,Alvo_Suavizado,
1800,2017-04-26,HOLDING,0.0,0.2,False,0.914680389820412,Alvo_Suavizado,
1801,2017-04-27,HOLDING,0.0,0.2,False,0.8999463909557401,Alvo_Suavizado,
1802,2017-04-28,HOLDING,0.0,0.2,False,0.8999463909557401,Alvo_Suavizado,
1803,2017-05-02,HOLDING,0.0,0.2,False,0.8999463909557401,Alvo_Suavizado,
1804,2017-05-03,HOLDING,0.0,0.2,False,0.8999463909557401,Alvo_Suavizado,
1805,2017-05-04,HOLDING,0.0,0.2,False,0.8999463909557401,Alvo_Suavizado,
1806,2017-05-05,HOLDING,0.0,0.2,False,0.8999463909557401,Alvo_Suavizado,
1807,2017-05-08,HOLDING,0.0,0.2,False,0.8999463909557401,Alvo_Suavizado,
1808,2017-05-09,HOLDING,0.0,0.2,False,0.8999463909557401,Alvo_Suavizado,
1809,2017-05-10,HOLDING,0.0,0.2,False,0.8999463909557401,Alvo_Suavizado,
1810,2017-05-11,HOLDING,0.0,0.2,False,0.8999463909557401,Alvo_Suavizado,
1811,2017-05-12,HOLDING,0.0,0.2,False,0.8999463909557401,Alvo_Suavizado,
1812,2017-05-15,HOLDING,0.0,0.2,False,0.8999463909557401,Alvo_Suavizado,
1813,2017-05-16,HOLDING,0.0,0.2,False,0.8999463909557401,Alvo_Suavizado,
1814,2017-05-17,HOLDING,0.0,0.2,False,0.8999463909557401,Alvo_Suavizado,
1815,2017-05-18,HOLDING,0.0,0.2,False,0.8999463909557401,Alvo_Suavizado,
1816,2017-05-19,HOLDING,0.0,0.2,False,0.8999463909557401,Alvo_Suavizado,
1817,2017-05-22,HOLDING,0.0,0.2,False,0.8999463909557401,Alvo_Suavizado,
1818,2017-05-23,HOLDING,0.0,0.2,False,0.8999463909557401,Alvo_Suavizado,
1819,2017-05-24,HOLDING,0.0,0.2,False,0.8999463909557401,Alvo_Suavizado,
1820,2017-05-25,HOLDING,0.0,0.2,False,0.8999463909557401,Alvo_Suavizado,
1821,2017-05-26,HOLDING,0.0,0.2,False,0.8999463909557401,Alvo_Suavizado,
1822,2017-05-29,HOLDING,0.0,0.2,False,0.8999463909557401,Alvo_Suavizado,
1823,2017-05-30,HOLDING,0.0,0.2,False,0.8999463909557401,Alvo_Suavizado,
1824,2017-05-31,HOLDING,0.0,0.2,False,0.914680389820412,Alvo_Suavizado,
1825,2017-06-01,HOLDING,0.0,0.2,False,0.914680389820412,Alvo_Suavizado,
1826,2017-06-02,HOLDING,0.0,0.2,False,0.914680389820412,Alvo_Suavizado,
1827,2017-06-05,HOLDING,0.0,0.2,False,0.914680389820412,Alvo_Suavizado,
1828,2017-06-06,HOLDING,0.0,0.2,False,0.914680389820412,Alvo_Suavizado,
1829,2017-06-07,HOLDING,0.0,0.2,False,0.914680389820412,Alvo_Suavizado,
1830,2017-06-08,HOLDING,0.0,0.2,False,0.914680389820412,Alvo_Suavizado,
1831,2017-06-09,HOLDING,0.0,0.2,False,0.914680389820412,Alvo_Suavizado,
1832,2017-06-12,HOLDING,0.0,0.2,False,0.914680389820412,Alvo_Suavizado,
1833,2017-06-13,HOLDING,0.0,0.2,False,0.914680389820412,Alvo_Suavizado,
1834,2017-06-14,HOLDING,0.0,0.2,False,0.914680389820412,Alvo_Suavizado,
1835,2017-06-16,HOLDING,0.0,0.2,False,0.914680389820412,Alvo_Suavizado,
1836,2017-06-19,HOLDING,0.0,0.2,False,0.914680389820412,Alvo_Suavizado,
1837,2017-06-20,HOLDING,0.0,0.2,False,0.914680389820412,Alvo_Suavizado,
1838,2017-06-21,HOLDING,0.0,0.2,False,0.9146803897084732,Alvo_Suavizado,
1839,2017-06-22,HOLDING,0.0,0.2,False,0.9146803891799729,Alvo_Suavizado,
1840,2017-06-23,HOLDING,0.0,0.2,False,0.914680389639496,Alvo_Suavizado,
1841,2017-06-26,HOLDING,0.0,0.2,False,0.9146803898181831,Alvo_Suavizado,
1842,2017-06-27,HOLDING,0.0,0.2,False,0.9146803898202037,Alvo_Suavizado,
1843,2017-06-28,HOLDING,0.0,0.2,False,0.9146803898202731,Alvo_Suavizado,
1844,2017-06-29,HOLDING,0.0,0.2,False,0.9146803897897527,Alvo_Suavizado,
1845,2017-06-30,HOLDING,0.0,0.2,False,0.9146803898123591,Alvo_Suavizado,
1846,2017-07-03,HOLDING,0.0,0.2,False,0.9146803898198776,Alvo_Suavizado,
1847,2017-07-04,HOLDING,0.0,0.2,False,0.9146803898203417,Alvo_Suavizado,
1848,2017-07-05,HOLDING,0.0,0.2,False,0.9146803898184405,Alvo_Suavizado,
1849,2017-07-06,HOLDING,0.0,0.2,False,0.9146803898199241,Alvo_Suavizado,
1850,2017-07-07,HOLDING,0.0,0.2,False,0.9146803898203656,Alvo_Suavizado,
1851,2017-07-10,HOLDING,0.0,0.2,False,0.914680389820388,Alvo_Suavizado,
1852,2017-07-11,HOLDING,0.0,0.2,False,0.9146803898204133,Alvo_Suavizado,
1853,2017-07-12,HOLDING,0.0,0.2,False,0.914680389820412,Alvo_Suavizado,
1854,2017-07-13,HOLDING,0.0,0.2,False,0.914680389820412,Alvo_Suavizado,
1855,2017-07-14,HOLDING,0.0,0.2,False,0.914680389820412,Alvo_Suavizado,
1856,2017-07-17,HOLDING,0.0,0.2,False,0.914680389820412,Alvo_Suavizado,
1857,2017-07-18,HOLDING,0.0,0.2,False,0.914680389820412,Alvo_Suavizado,
1858,2017-07-19,HOLDING,0.0,0.2,False,0.914680389820412,Alvo_Suavizado,
1859,2017-07-20,SEM_TROCA,0.0,0.2,False,0.914680389820412,Alvo_Suavizado,
1860,2017-07-21,SEM_TROCA,0.0,0.2,False,0.914680389820412,Alvo_Suavizado,
1861,2017-07-24,SEM_TROCA,0.0,0.2,False,0.914680389820412,Alvo_Suavizado,
1862,2017-07-25,SEM_TROCA,0.0,0.2,False,0.914680389820412,Alvo_Suavizado,
1863,2017-07-26,SEM_TROCA,0.0,0.2,False,0.914680389820412,Alvo_Suavizado,
1864,2017-07-27,SEM_TROCA,0.0,0.2,False,0.914680389820412,Alvo_Suavizado,
1865,2017-07-28,SEM_TROCA,0.0,0.2,False,0.914680389820412,Alvo_Suavizado,
1866,2017-07-31,SEM_TROCA,0.0,0.2,False,0.914680389820412,Alvo_Suavizado,
1867,2017-08-01,AGUARDANDO_EXECUCAO,0.0,0.2,False,0.8744852613373596,Alvo_Suavizado,Alvo_Suavizado
1868,2017-08-02,AGUARDANDO_EXECUCAO,0.0,0.2,False,0.8744852613373596,Alvo_Suavizado,Alvo_Suavizado
1869,2017-08-03,EXECUTOU_TROCA,0.0,0.2,False,0.8744852613373596,Alvo_Suavizado,
1870,2017-08-04,HOLDING,0.0,0.2,False,0.8744852613373596,Alvo_Suavizado,
1871,2017-08-07,HOLDING,0.0,0.2,False,0.8744852613373596,Alvo_Suavizado,
1872,2017-08-08,HOLDING,0.0,0.2,False,0.8744852613373596,Alvo_Suavizado,
1873,2017-08-09,HOLDING,0.0,0.2,False,0.8744852613373596,Alvo_Suavizado,
1874,2017-08-10,HOLDING,0.0,0.2,False,0.8744852613373596,Alvo_Suavizado,
1875,2017-08-11,HOLDING,0.0,0.2,False,0.8744852613373596,Alvo_Suavizado,
1876,2017-08-14,HOLDING,0.0,0.2,False,0.8744852613373596,Alvo_Suavizado,
1877,2017-08-15,HOLDING,0.0,0.2,False,0.8744852613373596,Alvo_Suavizado,
1878,2017-08-16,HOLDING,0.0,0.2,False,0.8744852613373596,Alvo_Suavizado,
1879,2017-08-17,HOLDING,0.0,0.2,False,0.8744852613373596,Alvo_Suavizado,
1880,2017-08-18,HOLDING,0.0,0.2,False,0.8744852613373596,Alvo_Suavizado,
1881,2017-08-21,HOLDING,0.0,0.2,False,0.8744852613373596,Alvo_Suavizado,
1882,2017-08-22,HOLDING,0.0,0.2,False,0.8744852613373596,Alvo_Suavizado,
1883,2017-08-23,HOLDING,0.0,0.2,False,0.8744852613373596,Alvo_Suavizado,
1884,2017-08-24,HOLDING,0.0,0.2,False,0.8744852613373596,Alvo_Suavizado,
1885,2017-08-25,HOLDING,0.0,0.2,False,0.8744852613373596,Alvo_Suavizado,
1886,2017-08-28,HOLDING,0.0,0.2,False,0.8744852613373596,Alvo_Suavizado,
1887,2017-08-29,HOLDING,0.0,0.2,False,0.8744852613373596,Alvo_Suavizado,
1888,2017-08-30,HOLDING,0.0,0.2,False,0.8744852613373596,Alvo_Suavizado,
1889,2017-08-31,HOLDING,0.0,0.2,False,0.8744852613373596,Alvo_Suavizado,
1890,2017-09-01,HOLDING,0.0,0.2,False,0.8744852613373596,Alvo_Suavizado,
1891,2017-09-04,HOLDING,0.0,0.2,False,0.8744852613373596,Alvo_Suavizado,
1892,2017-09-05,HOLDING,0.0,0.2,False,0.8744852613373596,Alvo_Suavizado,
1893,2017-09-06,HOLDING,0.0,0.2,False,0.8744852613373596,Alvo_Suavizado,
1894,2017-09-08,HOLDING,0.0,0.2,False,0.8744852613373596,Alvo_Suavizado,
1895,2017-09-11,HOLDING,0.0,0.2,False,0.8744852613373596,Alvo_Suavizado,
1896,2017-09-12,HOLDING,0.0,0.2,False,0.8744852613373596,Alvo_Suavizado,
1897,2017-09-13,HOLDING,0.0,0.2,False,0.8744852613373596,Alvo_Suavizado,
1898,2017-09-14,HOLDING,0.0,0.2,False,0.8744852613373596,Alvo_Suavizado,
1899,2017-09-15,HOLDING,0.0,0.2,False,0.8744852613373596,Alvo_Suavizado,
1900,2017-09-18,HOLDING,0.0,0.2,False,0.8744852613373596,Alvo_Suavizado,
1901,2017-09-19,HOLDING,0.0,0.2,False,0.8744852613373596,Alvo_Suavizado,
1902,2017-09-20,HOLDING,0.0,0.2,False,0.8744852613373596,Alvo_Suavizado,
1903,2017-09-21,HOLDING,0.0,0.2,False,0.8744852613373596,Alvo_Suavizado,
1904,2017-09-22,HOLDING,0.0,0.2,False,0.8744852613373596,Alvo_Suavizado,
1905,2017-09-25,HOLDING,0.0,0.2,False,0.8744852613373596,Alvo_Suavizado,
1906,2017-09-26,HOLDING,0.0,0.2,False,0.8744852613373596,Alvo_Suavizado,
1907,2017-09-27,HOLDING,0.0,0.2,False,0.8744852613373596,Alvo_Suavizado,
1908,2017-09-28,HOLDING,0.0,0.2,False,0.8744852613373596,Alvo_Suavizado,
1909,2017-09-29,HOLDING,0.0,0.2,False,0.8744852613373596,Alvo_Suavizado,
1910,2017-10-02,HOLDING,0.0,0.2,False,0.8744852613373596,Alvo_Suavizado,
1911,2017-10-03,HOLDING,0.0,0.2,False,0.8744852613373596,Alvo_Suavizado,
1912,2017-10-04,HOLDING,0.0,0.2,False,0.9146803898153837,Alvo_Suavizado,
1913,2017-10-05,HOLDING,0.0,0.2,False,0.9146803898204134,Alvo_Suavizado,
1914,2017-10-06,HOLDING,0.0,0.2,False,0.9146803898204121,Alvo_Suavizado,
1915,2017-10-09,HOLDING,0.0,0.2,False,0.9146803898204122,Alvo_Suavizado,
1916,2017-10-10,HOLDING,0.0,0.2,False,0.914680389820412,Alvo_Suavizado,
1917,2017-10-11,HOLDING,0.0,0.2,False,0.9146803898204121,Alvo_Suavizado,
1918,2017-10-13,HOLDING,0.0,0.2,False,0.9146803898204121,Alvo_Suavizado,
1919,2017-10-16,HOLDING,0.0,0.2,False,0.914680389820412,Alvo_Suavizado,
1920,2017-10-17,HOLDING,0.0,0.2,False,0.914680389820412,Alvo_Suavizado,
1921,2017-10-18,HOLDING,0.0,0.2,False,0.9146803898204123,Alvo_Suavizado,
1922,2017-10-19,HOLDING,0.0,0.2,False,0.9146803898202306,Alvo_Suavizado,
1923,2017-10-20,HOLDING,0.0,0.2,False,0.9146803898203146,Alvo_Suavizado,
1924,2017-10-23,HOLDING,0.0,0.2,False,0.9146803898204121,Alvo_Suavizado,
1925,2017-10-24,HOLDING,0.0,0.2,False,0.9146803898204126,Alvo_Suavizado,
1926,2017-10-25,HOLDING,0.0,0.2,False,0.9146803898184875,Alvo_Suavizado,
1927,2017-10-26,HOLDING,0.0,0.2,False,0.9146803897269199,Alvo_Suavizado,
1928,2017-10-27,HOLDING,0.0,0.2,False,0.9146803897772383,Alvo_Suavizado,
1929,2017-10-30,HOLDING,0.0,0.2,False,0.9146803896231039,Alvo_Suavizado,
1930,2017-10-31,HOLDING,0.0,0.2,False,0.9146803898159314,Alvo_Suavizado,
1931,2017-11-01,HOLDING,0.0,0.2,False,0.9146803898057821,Alvo_Suavizado,
1932,2017-11-03,HOLDING,0.0,0.2,False,0.9146803898202305,Alvo_Suavizado,
1933,2017-11-06,HOLDING,0.0,0.2,False,0.9146803898204123,Alvo_Suavizado,
1934,2017-11-07,AGUARDANDO_EXECUCAO,0.0,0.2,False,0.9146803898202294,Alvo_Suavizado,Alvo_Suavizado
1935,2017-11-08,AGUARDANDO_EXECUCAO,0.0,0.2,False,0.8999463909557401,Alvo_Suavizado,Alvo_Suavizado
1936,2017-11-09,EXECUTOU_TROCA,0.0,0.2,False,0.8999463909557401,Alvo_Suavizado,
1937,2017-11-10,HOLDING,0.0,0.2,False,0.8999463909557401,Alvo_Suavizado,
1938,2017-11-13,HOLDING,0.0,0.2,False,0.8999463909557401,Alvo_Suavizado,
1939,2017-11-14,HOLDING,0.0,0.2,False,0.8999463909557401,Alvo_Suavizado,
1940,2017-11-16,HOLDING,0.0,0.2,False,0.8999463909557401,Alvo_Suavizado,
1941,2017-11-17,HOLDING,0.0,0.2,False,0.8999463909557401,Alvo_Suavizado,
1942,2017-11-21,HOLDING,0.0,0.2,False,0.8999463909557401,Alvo_Suavizado,
1943,2017-11-22,HOLDING,0.0,0.2,False,0.8999463909557401,Alvo_Suavizado,
1944,2017-11-23,HOLDING,0.0,0.2,False,0.8999463909557401,Alvo_Suavizado,
1945,2017-11-24,HOLDING,0.0,0.2,False,0.8999463909557401,Alvo_Suavizado,
1946,2017-11-27,HOLDING,0.0,0.2,False,0.914680389820412,Alvo_Suavizado,
1947,2017-11-28,HOLDING,0.0,0.2,False,0.914680389820412,Alvo_Suavizado,
1948,2017-11-29,HOLDING,0.0,0.2,False,0.914680389820412,Alvo_Suavizado,
1949,2017-11-30,HOLDING,0.0,0.2,False,0.914680389820412,Alvo_Suavizado,
1950,2017-12-01,HOLDING,0.0,0.2,False,0.914680389820412,Alvo_Suavizado,
1951,2017-12-04,HOLDING,0.0,0.2,False,0.914680389820412,Alvo_Suavizado,
1952,2017-12-05,HOLDING,0.0,0.2,False,0.914680389820412,Alvo_Suavizado,
1953,2017-12-06,HOLDING,0.0,0.2,False,0.914680389820412,Alvo_Suavizado,
1954,2017-12-07,HOLDING,0.0,0.2,False,0.914680389820412,Alvo_Suavizado,
1955,2017-12-08,HOLDING,0.0,0.2,False,0.914680389820412,Alvo_Suavizado,
1956,2017-12-11,HOLDING,0.0,0.2,False,0.914680389820412,Alvo_Suavizado,
1957,2017-12-12,HOLDING,0.0,0.2,False,0.914680389820412,Alvo_Suavizado,
1958,2017-12-13,HOLDING,0.0,0.2,False,0.8744852613373596,Alvo_Suavizado,
1959,2017-12-14,HOLDING,0.0,0.2,False,0.8744852613373596,Alvo_Suavizado,
1960,2017-12-15,HOLDING,0.0,0.2,False,0.8744852613373596,Alvo_Suavizado,
1961,2017-12-18,HOLDING,0.0,0.2,False,0.8744852613373596,Alvo_Suavizado,
1962,2017-12-19,HOLDING,0.0,0.2,False,0.8744852613373596,Alvo_Suavizado,
1963,2017-12-20,HOLDING,0.0,0.2,False,0.8744852613373596,Alvo_Suavizado,
1964,2017-12-21,HOLDING,0.0,0.2,False,0.8744852613373596,Alvo_Suavizado,
1965,2017-12-22,HOLDING,0.0,0.2,False,0.8744852613373596,Alvo_Suavizado,
1966,2017-12-26,HOLDING,0.0,0.2,False,0.8744852613373596,Alvo_Suavizado,
1967,2017-12-27,HOLDING,0.0,0.2,False,0.8744852613373596,Alvo_Suavizado,
1968,2017-12-28,HOLDING,0.0,0.2,False,0.8744852613373596,Alvo_Suavizado,
1969,2017-12-29,HOLDING,0.0,0.2,False,0.8744852613373596,Alvo_Suavizado,
1970,2018-01-03,HOLDING,0.0,0.2,False,0.8597150389598539,Alvo_Suavizado,
1971,2018-01-04,AGUARDANDO_EXECUCAO,0.0,0.2,False,0.8597150336921162,Alvo_Suavizado,Alvo_Suavizado
1972,2018-01-05,AGUARDANDO_EXECUCAO,0.0,0.2,False,0.8597149801779596,Alvo_Suavizado,Alvo_Suavizado
1973,2018-01-08,EXECUTOU_TROCA,0.0,0.2,False,0.859715032375579,Alvo_Suavizado,
1974,2018-01-09,HOLDING,0.0,0.2,False,0.8597081171286468,Alvo_Suavizado,
1975,2018-01-10,HOLDING,0.0,0.2,False,0.8594744104424493,Alvo_Suavizado,
1976,2018-01-11,HOLDING,0.0,0.2,False,0.8597150389598539,Alvo_Suavizado,
1977,2018-01-12,HOLDING,0.0,0.2,False,0.8597150297304003,Alvo_Suavizado,
1978,2018-01-15,HOLDING,0.0,0.2,False,0.8597150389594006,Alvo_Suavizado,
1979,2018-01-16,HOLDING,0.0,0.2,False,0.8597150389598539,Alvo_Suavizado,
1980,2018-01-17,HOLDING,0.0,0.2,False,0.8549870953672982,Alvo_Suavizado,
1981,2018-01-18,HOLDING,0.0,0.2,False,0.8406590557758014,Alvo_Suavizado,
1982,2018-01-19,HOLDING,0.0,0.2,False,0.8597118553091996,Alvo_Suavizado,
1983,2018-01-22,HOLDING,0.0,0.2,False,0.8597150389571213,Alvo_Suavizado,
1984,2018-01-23,HOLDING,0.0,0.2,False,0.8597150389132863,Alvo_Suavizado,
1985,2018-01-24,HOLDING,0.0,0.2,False,0.8597150389597705,Alvo_Suavizado,
1986,2018-01-26,HOLDING,0.0,0.2,False,0.8597150388702819,Alvo_Suavizado,
1987,2018-01-29,HOLDING,0.0,0.2,False,0.8597150389598555,Alvo_Suavizado,
1988,2018-01-30,HOLDING,0.0,0.2,False,0.8597150388077244,Alvo_Suavizado,
1989,2018-01-31,HOLDING,0.0,0.2,False,0.8597150389598577,Alvo_Suavizado,
1990,2018-02-01,HOLDING,0.0,0.2,False,0.8597150389598539,Alvo_Suavizado,
1991,2018-02-02,HOLDING,0.0,0.2,False,0.8597150389598539,Alvo_Suavizado,
1992,2018-02-05,HOLDING,0.0,0.2,False,0.8597150358445509,Alvo_Suavizado,
1993,2018-02-06,HOLDING,0.0,0.2,False,0.8597150376398822,Alvo_Suavizado,
1994,2018-02-07,HOLDING,0.0,0.2,False,0.8597150389598539,Alvo_Suavizado,
1995,2018-02-08,HOLDING,0.0,0.2,False,0.8597150389598539,Alvo_Suavizado,
1996,2018-02-09,HOLDING,0.0,0.2,False,0.8597150389598539,Alvo_Suavizado,
1997,2018-02-14,HOLDING,0.0,0.2,False,0.8597150389598539,Alvo_Suavizado,
1998,2018-02-15,HOLDING,0.0,0.2,False,0.8597150389598539,Alvo_Suavizado,
1999,2018-02-16,HOLDING,0.0,0.2,False,0.8597150389598539,Alvo_Suavizado,
2000,2018-02-19,HOLDING,0.0,0.2,False,0.9185677582961971,Alvo_Suavizado,
2001,2018-02-20,HOLDING,0.0,0.2,False,0.9185677582961971,Alvo_Suavizado,
2002,2018-02-21,HOLDING,0.0,0.2,False,0.9185677582961971,Alvo_Suavizado,
2003,2018-02-22,HOLDING,0.0,0.2,False,0.9185677582961971,Alvo_Suavizado,
2004,2018-02-23,HOLDING,0.0,0.2,False,0.9185677582961971,Alvo_Suavizado,
2005,2018-02-26,HOLDING,0.0,0.2,False,0.9185677582961971,Alvo_Suavizado,
2006,2018-02-27,HOLDING,0.0,0.2,False,0.9185677582961971,Alvo_Suavizado,
2007,2018-02-28,HOLDING,0.0,0.2,False,0.9185677582961971,Alvo_Suavizado,
2008,2018-03-01,HOLDING,0.0,0.2,False,0.9185677582961971,Alvo_Suavizado,
2009,2018-03-02,HOLDING,0.0,0.2,False,0.9185677582961971,Alvo_Suavizado,
2010,2018-03-05,HOLDING,0.0,0.2,False,0.9185677582961971,Alvo_Suavizado,
2011,2018-03-06,HOLDING,0.0,0.2,False,0.9185677582961971,Alvo_Suavizado,
2012,2018-03-07,HOLDING,0.0,0.2,False,0.9185677582961971,Alvo_Suavizado,
2013,2018-03-08,HOLDING,0.0,0.2,False,0.9185677582961971,Alvo_Suavizado,
2014,2018-03-09,HOLDING,0.0,0.2,False,0.9185677582961971,Alvo_Suavizado,
2015,2018-03-12,HOLDING,0.0,0.2,False,0.9185677582961971,Alvo_Suavizado,
2016,2018-03-13,HOLDING,0.0,0.2,False,0.9185677582961971,Alvo_Suavizado,
2017,2018-03-14,HOLDING,0.0,0.2,False,0.9185677582961971,Alvo_Suavizado,
2018,2018-03-15,HOLDING,0.0,0.2,False,0.9185677582961971,Alvo_Suavizado,
2019,2018-03-16,HOLDING,0.0,0.2,False,0.9185677582961971,Alvo_Suavizado,
2020,2018-03-19,HOLDING,0.0,0.2,False,0.9185677582961971,Alvo_Suavizado,
2021,2018-03-20,HOLDING,0.0,0.2,False,0.9185677582961971,Alvo_Suavizado,
2022,2018-03-21,HOLDING,0.0,0.2,False,0.9185677582961971,Alvo_Suavizado,
2023,2018-03-22,HOLDING,0.0,0.2,False,0.9185677582961971,Alvo_Suavizado,
2024,2018-03-23,HOLDING,0.0,0.2,False,0.9185677582961971,Alvo_Suavizado,
2025,2018-03-26,HOLDING,0.0,0.2,False,0.9185677582961971,Alvo_Suavizado,
2026,2018-03-27,HOLDING,0.0,0.2,False,0.9185677582961971,Alvo_Suavizado,
2027,2018-03-28,HOLDING,0.0,0.2,False,0.9185677582961971,Alvo_Suavizado,
2028,2018-03-29,HOLDING,0.0,0.2,False,0.9185677582961971,Alvo_Suavizado,
2029,2018-04-02,HOLDING,0.0,0.2,False,0.9185677582961971,Alvo_Suavizado,
2030,2018-04-03,HOLDING,0.0,0.2,False,0.9185677582961971,Alvo_Suavizado,
2031,2018-04-04,HOLDING,0.0,0.2,False,0.9185677582961971,Alvo_Suavizado,
2032,2018-04-05,HOLDING,0.0,0.2,False,0.9185677582961971,Alvo_Suavizado,
2033,2018-04-06,HOLDING,0.0,0.2,False,0.9185677582961971,Alvo_Suavizado,
2034,2018-04-09,HOLDING,0.0,0.2,False,0.9185677582961971,Alvo_Suavizado,
2035,2018-04-10,HOLDING,0.0,0.2,False,0.9185677582961971,Alvo_Suavizado,
2036,2018-04-11,HOLDING,0.0,0.2,False,0.9185677582961971,Alvo_Suavizado,
2037,2018-04-12,HOLDING,0.0,0.2,False,0.9185677582961971,Alvo_Suavizado,
2038,2018-04-13,AGUARDANDO_EXECUCAO,0.0,0.2,False,0.9185677582961971,Alvo_Suavizado,Alvo_Suavizado
2039,2018-04-16,AGUARDANDO_EXECUCAO,0.0,0.2,False,0.9185677582961971,Alvo_Suavizado,Alvo_Suavizado
2040,2018-04-17,EXECUTOU_TROCA,0.0,0.2,False,0.9185677582961971,Alvo_Suavizado,
2041,2018-04-18,HOLDING,0.0,0.2,False,0.9185677582961971,Alvo_Suavizado,
2042,2018-04-19,HOLDING,0.0,0.2,False,0.9185677582961971,Alvo_Suavizado,
2043,2018-04-20,HOLDING,0.0,0.2,False,0.9185677582961971,Alvo_Suavizado,
2044,2018-04-23,HOLDING,0.0,0.2,False,0.8952503166921708,Alvo_Suavizado,
2045,2018-04-24,HOLDING,0.0,0.2,False,0.8952503166921708,Alvo_Suavizado,
2046,2018-04-25,HOLDING,0.0,0.2,False,0.8952503166921708,Alvo_Suavizado,
2047,2018-04-26,HOLDING,0.0,0.2,False,0.8952503166921708,Alvo_Suavizado,
2048,2018-04-27,HOLDING,0.0,0.2,False,0.8952503166921708,Alvo_Suavizado,
2049,2018-04-30,HOLDING,0.0,0.2,False,0.8952503166921708,Alvo_Suavizado,
2050,2018-05-02,HOLDING,0.0,0.2,False,0.8952503166921708,Alvo_Suavizado,
2051,2018-05-03,HOLDING,0.0,0.2,False,0.8952503166921708,Alvo_Suavizado,
2052,2018-05-04,HOLDING,0.0,0.2,False,0.8952503166921708,Alvo_Suavizado,
2053,2018-05-07,HOLDING,0.0,0.2,False,0.8952503166921708,Alvo_Suavizado,
2054,2018-05-08,HOLDING,0.0,0.2,False,0.8952503166921708,Alvo_Suavizado,
2055,2018-05-09,HOLDING,0.0,0.2,False,0.8952503166921708,Alvo_Suavizado,
2056,2018-05-10,HOLDING,0.0,0.2,False,0.8952503166921708,Alvo_Suavizado,
2057,2018-05-11,HOLDING,0.0,0.2,False,0.8952503166921708,Alvo_Suavizado,
2058,2018-05-14,HOLDING,0.0,0.2,False,0.8952503166921708,Alvo_Suavizado,
2059,2018-05-15,HOLDING,0.0,0.2,False,0.8952503166921708,Alvo_Suavizado,
2060,2018-05-16,HOLDING,0.0,0.2,False,0.8952503166921708,Alvo_Suavizado,
2061,2018-05-17,HOLDING,0.0,0.2,False,0.8952503166921708,Alvo_Suavizado,
2062,2018-05-18,HOLDING,0.0,0.2,False,0.8952503166921708,Alvo_Suavizado,
2063,2018-05-21,HOLDING,0.0,0.2,False,0.8952503166921708,Alvo_Suavizado,
2064,2018-05-22,HOLDING,0.0,0.2,False,0.8952503166921708,Alvo_Suavizado,
2065,2018-05-23,HOLDING,0.0,0.2,False,0.8952503166921708,Alvo_Suavizado,
2066,2018-05-24,HOLDING,0.0,0.2,False,0.8952503166921708,Alvo_Suavizado,
2067,2018-05-25,HOLDING,0.0,0.2,False,0.8952503166921708,Alvo_Suavizado,
2068,2018-05-28,HOLDING,0.0,0.2,False,0.8952503166921708,Alvo_Suavizado,
2069,2018-05-29,HOLDING,0.0,0.2,False,0.8952503166921708,Alvo_Suavizado,
2070,2018-05-30,HOLDING,0.0,0.2,False,0.9185677582961971,Alvo_Suavizado,
2071,2018-06-01,HOLDING,0.0,0.2,False,0.9185677582961971,Alvo_Suavizado,
2072,2018-06-04,HOLDING,0.0,0.2,False,0.9185677582961971,Alvo_Suavizado,
2073,2018-06-05,HOLDING,0.0,0.2,False,0.9185677582961971,Alvo_Suavizado,
2074,2018-06-06,HOLDING,0.0,0.2,False,0.9185677582961971,Alvo_Suavizado,
2075,2018-06-07,HOLDING,0.0,0.2,False,0.9185677582961971,Alvo_Suavizado,
2076,2018-06-08,HOLDING,0.0,0.2,False,0.9185677582961971,Alvo_Suavizado,
2077,2018-06-11,HOLDING,0.0,0.2,False,0.9185677582961971,Alvo_Suavizado,
2078,2018-06-12,HOLDING,0.0,0.2,False,0.9185677582961971,Alvo_Suavizado,
2079,2018-06-13,HOLDING,0.0,0.2,False,0.9185677582961971,Alvo_Suavizado,
2080,2018-06-14,HOLDING,0.0,0.2,False,0.9185677582961971,Alvo_Suavizado,
2081,2018-06-15,HOLDING,0.0,0.2,False,0.9185677582961971,Alvo_Suavizado,
2082,2018-06-18,HOLDING,0.0,0.2,False,0.9185677582961971,Alvo_Suavizado,
2083,2018-06-19,HOLDING,0.0,0.2,False,0.9185677582961971,Alvo_Suavizado,
2084,2018-06-20,HOLDING,0.0,0.2,False,0.9185677582961971,Alvo_Suavizado,
2085,2018-06-21,HOLDING,0.0,0.2,False,0.9185677582961971,Alvo_Suavizado,
2086,2018-06-22,HOLDING,0.0,0.2,False,0.9185677582961971,Alvo_Suavizado,
2087,2018-06-25,HOLDING,0.0,0.2,False,0.9185677582961971,Alvo_Suavizado,
2088,2018-06-26,HOLDING,0.0,0.2,False,0.9185677582961971,Alvo_Suavizado,
2089,2018-06-27,HOLDING,0.0,0.2,False,0.9185677582961971,Alvo_Suavizado,
2090,2018-06-28,HOLDING,0.0,0.2,False,0.9185677582961971,Alvo_Suavizado,
2091,2018-06-29,HOLDING,0.0,0.2,False,0.9185677582961971,Alvo_Suavizado,
2092,2018-07-02,HOLDING,0.0,0.2,False,0.9185677582961971,Alvo_Suavizado,
2093,2018-07-03,HOLDING,0.0,0.2,False,0.9185677582961971,Alvo_Suavizado,
2094,2018-07-04,HOLDING,0.0,0.2,False,0.9185677582961971,Alvo_Suavizado,
2095,2018-07-05,HOLDING,0.0,0.2,False,0.9185677582961971,Alvo_Suavizado,
2096,2018-07-06,HOLDING,0.0,0.2,False,0.9185677582961971,Alvo_Suavizado,
2097,2018-07-10,HOLDING,0.0,0.2,False,0.9185677582961971,Alvo_Suavizado,
2098,2018-07-11,HOLDING,0.0,0.2,False,0.9185677582961971,Alvo_Suavizado,
2099,2018-07-12,HOLDING,0.0,0.2,False,0.9185677582961971,Alvo_Suavizado,
2100,2018-07-13,HOLDING,0.0,0.2,False,0.9185677582961971,Alvo_Suavizado,
2101,2018-07-16,HOLDING,0.0,0.2,False,0.9185677582961971,Alvo_Suavizado,
2102,2018-07-17,HOLDING,0.0,0.2,False,0.9185677582961971,Alvo_Suavizado,
2103,2018-07-18,HOLDING,0.0,0.2,False,0.9185677582961971,Alvo_Suavizado,
2104,2018-07-19,HOLDING,0.0,0.2,False,0.9185677582961971,Alvo_Suavizado,
2105,2018-07-20,SEM_TROCA,0.0,0.2,False,0.9185677582961971,Alvo_Suavizado,
2106,2018-07-23,SEM_TROCA,0.0,0.2,False,0.9185677582961971,Alvo_Suavizado,
2107,2018-07-24,SEM_TROCA,0.0,0.2,False,0.9185677582961971,Alvo_Suavizado,
2108,2018-07-25,SEM_TROCA,0.0,0.2,False,0.9185677582961971,Alvo_Suavizado,
2109,2018-07-26,SEM_TROCA,0.0,0.2,False,0.9185677582961971,Alvo_Suavizado,
2110,2018-07-27,SEM_TROCA,0.0,0.2,False,0.9185677582961971,Alvo_Suavizado,
2111,2018-07-30,SEM_TROCA,0.0,0.2,False,0.9185677582961971,Alvo_Suavizado,
2112,2018-07-31,SEM_TROCA,0.0,0.2,False,0.9185677582961971,Alvo_Suavizado,
2113,2018-08-01,SEM_TROCA,0.0,0.2,False,0.9185677582961971,Alvo_Suavizado,
2114,2018-08-02,SEM_TROCA,0.0,0.2,False,0.9185677582961971,Alvo_Suavizado,
2115,2018-08-03,SEM_TROCA,0.0,0.2,False,0.9185677582961971,Alvo_Suavizado,
2116,2018-08-06,SEM_TROCA,0.0,0.2,False,0.9185677582961971,Alvo_Suavizado,
2117,2018-08-07,SEM_TROCA,0.0,0.2,False,0.9185677582961971,Alvo_Suavizado,
2118,2018-08-08,SEM_TROCA,0.0,0.2,False,0.9185677582961974,Alvo_Suavizado,
2119,2018-08-09,SEM_TROCA,0.0,0.2,False,0.9185677582962017,Alvo_Suavizado,
2120,2018-08-10,SEM_TROCA,0.0,0.2,False,0.9185677582961972,Alvo_Suavizado,
2121,2018-08-13,SEM_TROCA,0.0,0.2,False,0.9185677582961971,Alvo_Suavizado,
2122,2018-08-14,SEM_TROCA,0.0,0.2,False,0.9185677582961971,Alvo_Suavizado,
2123,2018-08-15,SEM_TROCA,0.0,0.2,False,0.9185677582961971,Alvo_Suavizado,
2124,2018-08-16,SEM_TROCA,0.0,0.2,False,0.9185677582961972,Alvo_Suavizado,
2125,2018-08-17,SEM_TROCA,0.0,0.2,False,0.9185677582961972,Alvo_Suavizado,
2126,2018-08-20,AGUARDANDO_EXECUCAO,0.0,0.2,False,0.8597150389598539,Alvo_Suavizado,Alvo_Suavizado
2127,2018-08-21,AGUARDANDO_EXECUCAO,0.0,0.2,False,0.8597150389598539,Alvo_Suavizado,Alvo_Suavizado
2128,2018-08-22,EXECUTOU_TROCA,0.0,0.2,False,0.8597150389598539,Alvo_Suavizado,
2129,2018-08-23,HOLDING,0.0,0.2,False,0.8597150389598539,Alvo_Suavizado,
2130,2018-08-24,HOLDING,0.0,0.2,False,0.8597150389598539,Alvo_Suavizado,
2131,2018-08-27,HOLDING,0.0,0.2,False,0.8597150389598539,Alvo_Suavizado,
2132,2018-08-28,HOLDING,0.0,0.2,False,0.8597150389598539,Alvo_Suavizado,
2133,2018-08-29,HOLDING,0.0,0.2,False,0.8597150389598539,Alvo_Suavizado,
2134,2018-08-30,HOLDING,0.0,0.2,False,0.8597150389598539,Alvo_Suavizado,
2135,2018-08-31,HOLDING,0.0,0.2,False,0.8597150389598539,Alvo_Suavizado,
2136,2018-09-03,HOLDING,0.0,0.2,False,0.8597150389598539,Alvo_Suavizado,
2137,2018-09-04,HOLDING,0.0,0.2,False,0.8597150389598539,Alvo_Suavizado,
2138,2018-09-05,HOLDING,0.0,0.2,False,0.8597150389598539,Alvo_Suavizado,
2139,2018-09-06,HOLDING,0.0,0.2,False,0.8597150389598539,Alvo_Suavizado,
2140,2018-09-10,HOLDING,0.0,0.2,False,0.8597150389598539,Alvo_Suavizado,
2141,2018-09-11,HOLDING,0.0,0.2,False,0.8597150389598539,Alvo_Suavizado,
2142,2018-09-12,HOLDING,0.0,0.2,False,0.8597150389598539,Alvo_Suavizado,
2143,2018-09-13,HOLDING,0.0,0.2,False,0.8597150389598539,Alvo_Suavizado,
2144,2018-09-14,HOLDING,0.0,0.2,False,0.8597150389598539,Alvo_Suavizado,
2145,2018-09-17,HOLDING,0.0,0.2,False,0.8597150389598539,Alvo_Suavizado,
2146,2018-09-18,HOLDING,0.0,0.2,False,0.8597150389598539,Alvo_Suavizado,
2147,2018-09-19,HOLDING,0.0,0.2,False,0.8597150389598539,Alvo_Suavizado,
2148,2018-09-20,HOLDING,0.0,0.2,False,0.8597150389598539,Alvo_Suavizado,
2149,2018-09-21,HOLDING,0.0,0.2,False,0.8597150389598539,Alvo_Suavizado,
2150,2018-09-24,HOLDING,0.0,0.2,False,0.8597150389598539,Alvo_Suavizado,
2151,2018-09-25,HOLDING,0.0,0.2,False,0.8597150389598539,Alvo_Suavizado,
2152,2018-09-26,HOLDING,0.0,0.2,False,0.9185677582961971,Alvo_Suavizado,
2153,2018-09-27,HOLDING,0.0,0.2,False,0.9185677582961971,Alvo_Suavizado,
2154,2018-09-28,HOLDING,0.0,0.2,False,0.9185677582961971,Alvo_Suavizado,
2155,2018-10-01,HOLDING,0.0,0.2,False,0.9185677582961971,Alvo_Suavizado,
2156,2018-10-02,HOLDING,0.0,0.2,False,0.9185677582961971,Alvo_Suavizado,
2157,2018-10-03,HOLDING,0.0,0.2,False,0.9185677582960006,Alvo_Suavizado,
2158,2018-10-04,HOLDING,0.0,0.2,False,0.9185677582962004,Alvo_Suavizado,
2159,2018-10-05,HOLDING,0.0,0.2,False,0.9185677582609602,Alvo_Suavizado,
2160,2018-10-08,HOLDING,0.0,0.2,False,0.918567758296198,Alvo_Suavizado,
2161,2018-10-09,HOLDING,0.0,0.2,False,0.9185677582961974,Alvo_Suavizado,
2162,2018-10-10,HOLDING,0.0,0.2,False,0.9185677582961972,Alvo_Suavizado,
2163,2018-10-11,HOLDING,0.0,0.2,False,0.9185677582961971,Alvo_Suavizado,
2164,2018-10-15,HOLDING,0.0,0.2,False,0.9185677582961971,Alvo_Suavizado,
2165,2018-10-16,HOLDING,0.0,0.2,False,0.9185677582961971,Alvo_Suavizado,
2166,2018-10-17,HOLDING,0.0,0.2,False,0.9185677582961971,Alvo_Suavizado,
2167,2018-10-18,HOLDING,0.0,0.2,False,0.9185677582961971,Alvo_Suavizado,
2168,2018-10-19,HOLDING,0.0,0.2,False,0.9185677582961971,Alvo_Suavizado,
2169,2018-10-22,HOLDING,0.0,0.2,False,0.9185677582961971,Alvo_Suavizado,
2170,2018-10-23,HOLDING,0.0,0.2,False,0.9185677582961971,Alvo_Suavizado,
2171,2018-10-24,HOLDING,0.0,0.2,False,0.9185677582961971,Alvo_Suavizado,
2172,2018-10-25,HOLDING,0.0,0.2,False,0.9185677582961971,Alvo_Suavizado,
2173,2018-10-26,HOLDING,0.0,0.2,False,0.9185677582961971,Alvo_Suavizado,
2174,2018-10-29,HOLDING,0.0,0.2,False,0.9185677582961971,Alvo_Suavizado,
2175,2018-10-30,HOLDING,0.0,0.2,False,0.9185677582961971,Alvo_Suavizado,
2176,2018-10-31,HOLDING,0.0,0.2,False,0.9185677582961971,Alvo_Suavizado,
2177,2018-11-01,HOLDING,0.0,0.2,False,0.9185677582961971,Alvo_Suavizado,
2178,2018-11-05,HOLDING,0.0,0.2,False,0.9185677582961971,Alvo_Suavizado,
2179,2018-11-06,HOLDING,0.0,0.2,False,0.9185677582961971,Alvo_Suavizado,
2180,2018-11-07,HOLDING,0.0,0.2,False,0.8952503166921708,Alvo_Suavizado,
2181,2018-11-08,HOLDING,0.0,0.2,False,0.8952503166921708,Alvo_Suavizado,
2182,2018-11-09,HOLDING,0.0,0.2,False,0.8952503166921708,Alvo_Suavizado,
2183,2018-11-12,HOLDING,0.0,0.2,False,0.8952503166921708,Alvo_Suavizado,
2184,2018-11-13,HOLDING,0.0,0.2,False,0.8952503166921708,Alvo_Suavizado,
2185,2018-11-14,HOLDING,0.0,0.2,False,0.8952503166921708,Alvo_Suavizado,
2186,2018-11-16,HOLDING,0.0,0.2,False,0.8952503166921708,Alvo_Suavizado,
2187,2018-11-19,HOLDING,0.0,0.2,False,0.8952503166921708,Alvo_Suavizado,
2188,2018-11-21,HOLDING,0.0,0.2,False,0.8952503166921708,Alvo_Suavizado,
2189,2018-11-22,HOLDING,0.0,0.2,False,0.8952503166921708,Alvo_Suavizado,
2190,2018-11-23,HOLDING,0.0,0.2,False,0.8952503166921708,Alvo_Suavizado,
2191,2018-11-26,HOLDING,0.0,0.2,False,0.9185677582961971,Alvo_Suavizado,
2192,2018-11-27,HOLDING,0.0,0.2,False,0.9185677582961971,Alvo_Suavizado,
2193,2018-11-28,AGUARDANDO_EXECUCAO,0.0,0.2,False,0.9185677582961971,Alvo_Suavizado,Alvo_Suavizado
2194,2018-11-29,AGUARDANDO_EXECUCAO,0.0,0.2,False,0.9185677582961971,Alvo_Suavizado,Alvo_Suavizado
2195,2018-11-30,EXECUTOU_TROCA,0.0,0.2,False,0.9185677582961971,Alvo_Suavizado,
2196,2018-12-03,HOLDING,0.0,0.2,False,0.9185677582961971,Alvo_Suavizado,
2197,2018-12-04,HOLDING,0.0,0.2,False,0.9185677582961971,Alvo_Suavizado,
2198,2018-12-05,HOLDING,0.0,0.2,False,0.9185677582961971,Alvo_Suavizado,
2199,2018-12-06,HOLDING,0.0,0.2,False,0.9185677582961971,Alvo_Suavizado,
2200,2018-12-07,HOLDING,0.0,0.2,False,0.9185677582961971,Alvo_Suavizado,
2201,2018-12-10,HOLDING,0.0,0.2,False,0.9185677582961971,Alvo_Suavizado,
2202,2018-12-11,HOLDING,0.0,0.2,False,0.9185677582961971,Alvo_Suavizado,
2203,2018-12-12,HOLDING,0.0,0.2,False,0.8597150389598539,Alvo_Suavizado,
2204,2018-12-13,HOLDING,0.0,0.2,False,0.8597150389598539,Alvo_Suavizado,
2205,2018-12-14,HOLDING,0.0,0.2,False,0.8597150389598539,Alvo_Suavizado,
2206,2018-12-17,HOLDING,0.0,0.2,False,0.8597150389598539,Alvo_Suavizado,
2207,2018-12-18,HOLDING,0.0,0.2,False,0.8597150389598539,Alvo_Suavizado,
2208,2018-12-19,HOLDING,0.0,0.2,False,0.8597150389598539,Alvo_Suavizado,
2209,2018-12-20,HOLDING,0.0,0.2,False,0.8597150389598539,Alvo_Suavizado,
2210,2018-12-21,HOLDING,0.0,0.2,False,0.8597150389598539,Alvo_Suavizado,
2211,2018-12-26,HOLDING,0.0,0.2,False,0.8597150389598539,Alvo_Suavizado,
2212,2018-12-27,HOLDING,0.0,0.2,False,0.8597150389598539,Alvo_Suavizado,
2213,2018-12-28,HOLDING,0.0,0.2,False,0.8597150389598539,Alvo_Suavizado,
2214,2019-01-03,HOLDING,0.0,0.2,False,0.7308591746272404,Alvo_Suavizado,
2215,2019-01-04,AGUARDANDO_EXECUCAO,0.0,0.2,False,0.7320517571288118,Alvo_Suavizado,Alvo_Suavizado
2216,2019-01-07,AGUARDANDO_EXECUCAO,0.0,0.2,False,0.7320968352992073,Alvo_Suavizado,Alvo_Suavizado
2217,2019-01-08,EXECUTOU_TROCA,0.0,0.2,False,0.7320968352986107,Alvo_Suavizado,
2218,2019-01-09,HOLDING,0.0,0.2,False,0.7320968352992107,Alvo_Suavizado,
2219,2019-01-10,HOLDING,0.0,0.2,False,0.7320968349604754,Alvo_Suavizado,
2220,2019-01-11,HOLDING,0.0,0.2,False,0.7320968352985968,Alvo_Suavizado,
2221,2019-01-14,HOLDING,0.0,0.2,False,0.7320968352641725,Alvo_Suavizado,
2222,2019-01-15,HOLDING,0.0,0.2,False,0.7320967713480467,Alvo_Suavizado,
2223,2019-01-16,HOLDING,0.0,0.2,False,0.7320962414435851,Alvo_Suavizado,
2224,2019-01-17,HOLDING,0.0,0.2,False,0.7320967406473886,Alvo_Suavizado,
2225,2019-01-18,HOLDING,0.0,0.2,False,0.732095305686614,Alvo_Suavizado,
2226,2019-01-21,HOLDING,0.0,0.2,False,0.7318427417010535,Alvo_Suavizado,
2227,2019-01-22,HOLDING,0.0,0.2,False,0.7320268225233927,Alvo_Suavizado,
2228,2019-01-23,HOLDING,0.0,0.2,False,0.7213131789398696,Alvo_Suavizado,
2229,2019-01-24,HOLDING,0.0,0.2,False,0.730906416763807,Alvo_Suavizado,
2230,2019-01-28,HOLDING,0.0,0.2,False,0.7033361795349065,Alvo_Suavizado,
2231,2019-01-29,HOLDING,0.0,0.2,False,0.7091738585741556,Alvo_Suavizado,
2232,2019-01-30,HOLDING,0.0,0.2,False,0.7168237316440029,Alvo_Suavizado,
2233,2019-01-31,HOLDING,0.0,0.2,False,0.7318814508205936,Alvo_Suavizado,
2234,2019-02-01,HOLDING,0.0,0.2,False,0.7320876203778081,Alvo_Suavizado,
2235,2019-02-04,HOLDING,0.0,0.2,False,0.7320968284572817,Alvo_Suavizado,
2236,2019-02-05,HOLDING,0.0,0.2,False,0.7316293644747138,Alvo_Suavizado,
2237,2019-02-06,HOLDING,0.0,0.2,False,0.9182463755423812,Alvo_Suavizado,
2238,2019-02-07,HOLDING,0.0,0.2,False,0.9182463755423821,Alvo_Suavizado,
2239,2019-02-08,HOLDING,0.0,0.2,False,0.9182463755423477,Alvo_Suavizado,
2240,2019-02-11,HOLDING,0.0,0.2,False,0.9182463755423463,Alvo_Suavizado,
2241,2019-02-12,HOLDING,0.0,0.2,False,0.9182463755423473,Alvo_Suavizado,
2242,2019-02-13,HOLDING,0.0,0.2,False,0.9182463755423473,Alvo_Suavizado,
2243,2019-02-14,HOLDING,0.0,0.2,False,0.918246375542346,Alvo_Suavizado,
2244,2019-02-15,HOLDING,0.0,0.2,False,0.9182463755423461,Alvo_Suavizado,
2245,2019-02-18,HOLDING,0.0,0.2,False,0.9182463755423459,Alvo_Suavizado,
2246,2019-02-19,HOLDING,0.0,0.2,False,0.918246375542346,Alvo_Suavizado,
2247,2019-02-20,HOLDING,0.0,0.2,False,0.918246375542346,Alvo_Suavizado,
2248,2019-02-21,HOLDING,0.0,0.2,False,0.918246375542346,Alvo_Suavizado,
2249,2019-02-22,HOLDING,0.0,0.2,False,0.9182463755423461,Alvo_Suavizado,
2250,2019-02-25,HOLDING,0.0,0.2,False,0.9182463755423459,Alvo_Suavizado,
2251,2019-02-26,HOLDING,0.0,0.2,False,0.9182463755423459,Alvo_Suavizado,
2252,2019-02-27,HOLDING,0.0,0.2,False,0.918246375542346,Alvo_Suavizado,
2253,2019-02-28,HOLDING,0.0,0.2,False,0.918246375542346,Alvo_Suavizado,
2254,2019-03-01,HOLDING,0.0,0.2,False,0.918246375542346,Alvo_Suavizado,
2255,2019-03-06,HOLDING,0.0,0.2,False,0.9182463755423461,Alvo_Suavizado,
2256,2019-03-07,HOLDING,0.0,0.2,False,0.9182463755423481,Alvo_Suavizado,
2257,2019-03-08,HOLDING,0.0,0.2,False,0.918246375542346,Alvo_Suavizado,
2258,2019-03-11,HOLDING,0.0,0.2,False,0.918246375542346,Alvo_Suavizado,
2259,2019-03-12,HOLDING,0.0,0.2,False,0.918246375542346,Alvo_Suavizado,
2260,2019-03-13,HOLDING,0.0,0.2,False,0.9182463755423479,Alvo_Suavizado,
2261,2019-03-14,HOLDING,0.0,0.2,False,0.9182463755423724,Alvo_Suavizado,
2262,2019-03-15,HOLDING,0.0,0.2,False,0.9182463755423661,Alvo_Suavizado,
2263,2019-03-18,HOLDING,0.0,0.2,False,0.9182463755415496,Alvo_Suavizado,
2264,2019-03-19,HOLDING,0.0,0.2,False,0.9182463755415587,Alvo_Suavizado,
2265,2019-03-20,HOLDING,0.0,0.2,False,0.9182463755423785,Alvo_Suavizado,
2266,2019-03-21,HOLDING,0.0,0.2,False,0.91824637554238,Alvo_Suavizado,
2267,2019-03-22,HOLDING,0.0,0.2,False,0.9182463755423662,Alvo_Suavizado,
2268,2019-03-25,HOLDING,0.0,0.2,False,0.9182463755423608,Alvo_Suavizado,
2269,2019-03-26,HOLDING,0.0,0.2,False,0.9182463755400483,Alvo_Suavizado,
2270,2019-03-27,HOLDING,0.0,0.2,False,0.9182463755392725,Alvo_Suavizado,
2271,2019-03-28,HOLDING,0.0,0.2,False,0.9182463755408542,Alvo_Suavizado,
2272,2019-03-29,HOLDING,0.0,0.2,False,0.9182463755423614,Alvo_Suavizado,
2273,2019-04-01,HOLDING,0.0,0.2,False,0.9182463755423462,Alvo_Suavizado,
2274,2019-04-02,HOLDING,0.0,0.2,False,0.9182463755423467,Alvo_Suavizado,
2275,2019-04-03,HOLDING,0.0,0.2,False,0.9182463755423464,Alvo_Suavizado,
2276,2019-04-04,HOLDING,0.0,0.2,False,0.9182463755423615,Alvo_Suavizado,
2277,2019-04-05,HOLDING,0.0,0.2,False,0.9182463755423481,Alvo_Suavizado,
2278,2019-04-08,HOLDING,0.0,0.2,False,0.9182463755423464,Alvo_Suavizado,
2279,2019-04-09,HOLDING,0.0,0.2,False,0.9182463755423594,Alvo_Suavizado,
2280,2019-04-10,HOLDING,0.0,0.2,False,0.918246375542361,Alvo_Suavizado,
2281,2019-04-11,HOLDING,0.0,0.2,False,0.9182463755423532,Alvo_Suavizado,
2282,2019-04-12,AGUARDANDO_EXECUCAO,0.0,0.2,False,0.9182463755400799,Alvo_Suavizado,Alvo_Suavizado
2283,2019-04-15,AGUARDANDO_EXECUCAO,0.0,0.2,False,0.9182463755415645,Alvo_Suavizado,Alvo_Suavizado
2284,2019-04-16,EXECUTOU_TROCA,0.0,0.2,False,0.9182463755386127,Alvo_Suavizado,
2285,2019-04-17,HOLDING,0.0,0.2,False,0.9182463755423769,Alvo_Suavizado,
2286,2019-04-18,HOLDING,0.0,0.2,False,0.918246375542348,Alvo_Suavizado,
2287,2019-04-22,HOLDING,0.0,0.2,False,0.9182463755423483,Alvo_Suavizado,
2288,2019-04-23,HOLDING,0.0,0.2,False,0.9182463755423519,Alvo_Suavizado,
2289,2019-04-24,HOLDING,0.0,0.2,False,0.8699833139884622,Alvo_Suavizado,
2290,2019-04-25,HOLDING,0.0,0.2,False,0.8699833139884622,Alvo_Suavizado,
2291,2019-04-26,HOLDING,0.0,0.2,False,0.8699833139884622,Alvo_Suavizado,
2292,2019-04-29,HOLDING,0.0,0.2,False,0.8699833139884622,Alvo_Suavizado,
2293,2019-04-30,HOLDING,0.0,0.2,False,0.8699833139884622,Alvo_Suavizado,
2294,2019-05-02,HOLDING,0.0,0.2,False,0.8699833139884622,Alvo_Suavizado,
2295,2019-05-03,HOLDING,0.0,0.2,False,0.8699833139884622,Alvo_Suavizado,
2296,2019-05-06,HOLDING,0.0,0.2,False,0.8699833139884622,Alvo_Suavizado,
2297,2019-05-07,HOLDING,0.0,0.2,False,0.8699833139884622,Alvo_Suavizado,
2298,2019-05-08,HOLDING,0.0,0.2,False,0.8699833139884622,Alvo_Suavizado,
2299,2019-05-09,HOLDING,0.0,0.2,False,0.8699833139884622,Alvo_Suavizado,
2300,2019-05-10,HOLDING,0.0,0.2,False,0.8699833139884622,Alvo_Suavizado,
2301,2019-05-13,HOLDING,0.0,0.2,False,0.8699833139884622,Alvo_Suavizado,
2302,2019-05-14,HOLDING,0.0,0.2,False,0.8699833139884622,Alvo_Suavizado,
2303,2019-05-15,HOLDING,0.0,0.2,False,0.8699833139884622,Alvo_Suavizado,
2304,2019-05-16,HOLDING,0.0,0.2,False,0.8699833139884622,Alvo_Suavizado,
2305,2019-05-17,HOLDING,0.0,0.2,False,0.8699833139884622,Alvo_Suavizado,
2306,2019-05-20,HOLDING,0.0,0.2,False,0.8699833139884622,Alvo_Suavizado,
2307,2019-05-21,HOLDING,0.0,0.2,False,0.8699833139884622,Alvo_Suavizado,
2308,2019-05-22,HOLDING,0.0,0.2,False,0.8699833139884622,Alvo_Suavizado,
2309,2019-05-23,HOLDING,0.0,0.2,False,0.8699833139884622,Alvo_Suavizado,
2310,2019-05-24,HOLDING,0.0,0.2,False,0.8699833139884622,Alvo_Suavizado,
2311,2019-05-27,HOLDING,0.0,0.2,False,0.8699833139884622,Alvo_Suavizado,
2312,2019-05-28,HOLDING,0.0,0.2,False,0.8699833139884622,Alvo_Suavizado,
2313,2019-05-29,HOLDING,0.0,0.2,False,0.9182463755408815,Alvo_Suavizado,
2314,2019-05-30,HOLDING,0.0,0.2,False,0.9182463755423469,Alvo_Suavizado,
2315,2019-05-31,HOLDING,0.0,0.2,False,0.9182463755423461,Alvo_Suavizado,
2316,2019-06-03,HOLDING,0.0,0.2,False,0.918246375542346,Alvo_Suavizado,
2317,2019-06-04,HOLDING,0.0,0.2,False,0.9182463755423459,Alvo_Suavizado,
2318,2019-06-05,HOLDING,0.0,0.2,False,0.9182463755423459,Alvo_Suavizado,
2319,2019-06-06,HOLDING,0.0,0.2,False,0.9182463755423459,Alvo_Suavizado,
2320,2019-06-07,HOLDING,0.0,0.2,False,0.9182463755423459,Alvo_Suavizado,
2321,2019-06-10,HOLDING,0.0,0.2,False,0.9182463755423459,Alvo_Suavizado,
2322,2019-06-11,HOLDING,0.0,0.2,False,0.9182463755423459,Alvo_Suavizado,
2323,2019-06-12,HOLDING,0.0,0.2,False,0.9182463755423459,Alvo_Suavizado,
2324,2019-06-13,HOLDING,0.0,0.2,False,0.918246375542346,Alvo_Suavizado,
2325,2019-06-14,HOLDING,0.0,0.2,False,0.918246375542346,Alvo_Suavizado,
2326,2019-06-17,HOLDING,0.0,0.2,False,0.918246375542346,Alvo_Suavizado,
2327,2019-06-18,HOLDING,0.0,0.2,False,0.9182463755423468,Alvo_Suavizado,
2328,2019-06-19,HOLDING,0.0,0.2,False,0.9182463755423471,Alvo_Suavizado,
2329,2019-06-21,HOLDING,0.0,0.2,False,0.9182463755423466,Alvo_Suavizado,
2330,2019-06-24,HOLDING,0.0,0.2,False,0.9182463755423534,Alvo_Suavizado,
2331,2019-06-25,HOLDING,0.0,0.2,False,0.9182463755423461,Alvo_Suavizado,
2332,2019-06-26,HOLDING,0.0,0.2,False,0.9182463755423462,Alvo_Suavizado,
2333,2019-06-27,HOLDING,0.0,0.2,False,0.9182463755423459,Alvo_Suavizado,
2334,2019-06-28,HOLDING,0.0,0.2,False,0.9182463755423486,Alvo_Suavizado,
2335,2019-07-01,HOLDING,0.0,0.2,False,0.9182463755423557,Alvo_Suavizado,
2336,2019-07-02,HOLDING,0.0,0.2,False,0.9182463755416455,Alvo_Suavizado,
2337,2019-07-03,HOLDING,0.0,0.2,False,0.9182463755416469,Alvo_Suavizado,
2338,2019-07-04,HOLDING,0.0,0.2,False,0.9182463755423527,Alvo_Suavizado,
2339,2019-07-05,HOLDING,0.0,0.2,False,0.9182463755423579,Alvo_Suavizado,
2340,2019-07-08,HOLDING,0.0,0.2,False,0.9182463755423459,Alvo_Suavizado,
2341,2019-07-10,HOLDING,0.0,0.2,False,0.9182463755423462,Alvo_Suavizado,
2342,2019-07-11,HOLDING,0.0,0.2,False,0.918246375542346,Alvo_Suavizado,
2343,2019-07-12,HOLDING,0.0,0.2,False,0.9182463755423459,Alvo_Suavizado,
2344,2019-07-15,HOLDING,0.0,0.2,False,0.9182463755423459,Alvo_Suavizado,
2345,2019-07-16,HOLDING,0.0,0.2,False,0.9182463755423459,Alvo_Suavizado,
2346,2019-07-17,HOLDING,0.0,0.2,False,0.9182463755423459,Alvo_Suavizado,
2347,2019-07-18,HOLDING,0.0,0.2,False,0.9182463755423459,Alvo_Suavizado,
2348,2019-07-19,HOLDING,0.0,0.2,False,0.9182463755423459,Alvo_Suavizado,
2349,2019-07-22,SEM_TROCA,0.0,0.2,False,0.9182463755423459,Alvo_Suavizado,
2350,2019-07-23,SEM_TROCA,0.0,0.2,False,0.9182463755423459,Alvo_Suavizado,
2351,2019-07-24,SEM_TROCA,0.0,0.2,False,0.9182463755423459,Alvo_Suavizado,
2352,2019-07-25,SEM_TROCA,0.0,0.2,False,0.9182463755423466,Alvo_Suavizado,
2353,2019-07-26,SEM_TROCA,0.0,0.2,False,0.9182463755423468,Alvo_Suavizado,
2354,2019-07-29,SEM_TROCA,0.0,0.2,False,0.9182463755423607,Alvo_Suavizado,
2355,2019-07-30,SEM_TROCA,0.0,0.2,False,0.9182463755423653,Alvo_Suavizado,
2356,2019-07-31,SEM_TROCA,0.0,0.2,False,0.918246375541571,Alvo_Suavizado,
2357,2019-08-01,SEM_TROCA,0.0,0.2,False,0.9182463755423697,Alvo_Suavizado,
2358,2019-08-02,SEM_TROCA,0.0,0.2,False,0.9182463755423491,Alvo_Suavizado,
2359,2019-08-05,SEM_TROCA,0.0,0.2,False,0.9182463755423459,Alvo_Suavizado,
2360,2019-08-06,SEM_TROCA,0.0,0.2,False,0.9182463755423459,Alvo_Suavizado,
2361,2019-08-07,AGUARDANDO_EXECUCAO,0.0,0.2,False,0.9182463755423459,Alvo_Suavizado,Alvo_Suavizado
2362,2019-08-08,AGUARDANDO_EXECUCAO,0.0,0.2,False,0.9182463755423459,Alvo_Suavizado,Alvo_Suavizado
2363,2019-08-09,EXECUTOU_TROCA,0.0,0.2,False,0.9182463755423459,Alvo_Suavizado,
2364,2019-08-12,HOLDING,0.0,0.2,False,0.46209824406834615,Alvo_Suavizado,
2365,2019-08-13,HOLDING,0.0,0.2,False,0.6270923165053918,Alvo_Suavizado,
2366,2019-08-14,HOLDING,0.0,0.2,False,0.7380634655040886,Alvo_Suavizado,
2367,2019-08-15,HOLDING,0.0,0.2,False,0.6943538270360115,Alvo_Suavizado,
2368,2019-08-16,HOLDING,0.0,0.2,False,0.7378401981237735,Alvo_Suavizado,
2369,2019-08-19,HOLDING,0.0,0.2,False,0.7327631886691373,Alvo_Suavizado,
2370,2019-08-20,HOLDING,0.0,0.2,False,0.5835287035610206,Alvo_Suavizado,
2371,2019-08-21,HOLDING,0.0,0.2,False,0.659125189158746,Alvo_Suavizado,
2372,2019-08-22,HOLDING,0.0,0.2,False,0.6779783551313516,Alvo_Suavizado,
2373,2019-08-23,HOLDING,0.0,0.2,False,0.7027094311025115,Alvo_Suavizado,
2374,2019-08-26,HOLDING,0.0,0.2,False,0.6895902426936353,Alvo_Suavizado,
2375,2019-08-27,HOLDING,0.0,0.2,False,0.733509296825816,Alvo_Suavizado,
2376,2019-08-28,HOLDING,0.0,0.2,False,0.7378394590553388,Alvo_Suavizado,
2377,2019-08-29,HOLDING,0.0,0.2,False,0.7383689433447761,Alvo_Suavizado,
2378,2019-08-30,HOLDING,0.0,0.2,False,0.7378393262908176,Alvo_Suavizado,
2379,2019-09-02,HOLDING,0.0,0.2,False,0.7385377149250534,Alvo_Suavizado,
2380,2019-09-03,HOLDING,0.0,0.2,False,0.7352447916642542,Alvo_Suavizado,
2381,2019-09-04,HOLDING,0.0,0.2,False,0.7372782350690649,Alvo_Suavizado,
2382,2019-09-05,HOLDING,0.0,0.2,False,0.7376308008460234,Alvo_Suavizado,
2383,2019-09-06,HOLDING,0.0,0.2,False,0.7205145215306912,Alvo_Suavizado,
2384,2019-09-09,HOLDING,0.0,0.2,False,0.7267416440368855,Alvo_Suavizado,
2385,2019-09-10,HOLDING,0.0,0.2,False,0.6615971346725962,Alvo_Suavizado,
2386,2019-09-11,HOLDING,0.0,0.2,False,0.7386165227818839,Alvo_Suavizado,
2387,2019-09-12,HOLDING,0.0,0.2,False,0.7386469950015392,Alvo_Suavizado,
2388,2019-09-13,HOLDING,0.0,0.2,False,0.7386313935756718,Alvo_Suavizado,
2389,2019-09-16,HOLDING,0.0,0.2,False,0.738622352059867,Alvo_Suavizado,
2390,2019-09-17,HOLDING,0.0,0.2,False,0.9182463754661319,Alvo_Suavizado,
2391,2019-09-18,HOLDING,0.0,0.2,False,0.9182463755423523,Alvo_Suavizado,
2392,2019-09-19,HOLDING,0.0,0.2,False,0.9182463755423547,Alvo_Suavizado,
2393,2019-09-20,HOLDING,0.0,0.2,False,0.9182463755423532,Alvo_Suavizado,
2394,2019-09-23,HOLDING,0.0,0.2,False,0.9182463755423459,Alvo_Suavizado,
2395,2019-09-24,HOLDING,0.0,0.2,False,0.9182463755423459,Alvo_Suavizado,
2396,2019-09-25,HOLDING,0.0,0.2,False,0.9182463755423459,Alvo_Suavizado,
2397,2019-09-26,HOLDING,0.0,0.2,False,0.9182463755423461,Alvo_Suavizado,
2398,2019-09-27,HOLDING,0.0,0.2,False,0.9182463755423461,Alvo_Suavizado,
2399,2019-09-30,HOLDING,0.0,0.2,False,0.9182463755423473,Alvo_Suavizado,
2400,2019-10-01,HOLDING,0.0,0.2,False,0.9182463755423497,Alvo_Suavizado,
2401,2019-10-02,HOLDING,0.0,0.2,False,0.9182463755423506,Alvo_Suavizado,
2402,2019-10-03,HOLDING,0.0,0.2,False,0.9182463755423464,Alvo_Suavizado,
2403,2019-10-04,HOLDING,0.0,0.2,False,0.9182463755423488,Alvo_Suavizado,
2404,2019-10-07,HOLDING,0.0,0.2,False,0.9182463755423459,Alvo_Suavizado,
2405,2019-10-08,HOLDING,0.0,0.2,False,0.918246375542346,Alvo_Suavizado,
2406,2019-10-09,HOLDING,0.0,0.2,False,0.9182463755423459,Alvo_Suavizado,
2407,2019-10-10,HOLDING,0.0,0.2,False,0.9182463755423461,Alvo_Suavizado,
2408,2019-10-11,HOLDING,0.0,0.2,False,0.9182463755423467,Alvo_Suavizado,
2409,2019-10-14,HOLDING,0.0,0.2,False,0.9182463755423481,Alvo_Suavizado,
2410,2019-10-15,HOLDING,0.0,0.2,False,0.9182463755423471,Alvo_Suavizado,
2411,2019-10-16,HOLDING,0.0,0.2,False,0.9182463755423459,Alvo_Suavizado,
2412,2019-10-17,HOLDING,0.0,0.2,False,0.9182463755423459,Alvo_Suavizado,
2413,2019-10-18,HOLDING,0.0,0.2,False,0.9182463755423459,Alvo_Suavizado,
2414,2019-10-21,HOLDING,0.0,0.2,False,0.9182463755423459,Alvo_Suavizado,
2415,2019-10-22,HOLDING,0.0,0.2,False,0.9182463755423459,Alvo_Suavizado,
2416,2019-10-23,HOLDING,0.0,0.2,False,0.9182463755423459,Alvo_Suavizado,
2417,2019-10-24,HOLDING,0.0,0.2,False,0.9182463755423459,Alvo_Suavizado,
2418,2019-10-25,HOLDING,0.0,0.2,False,0.918246375542346,Alvo_Suavizado,
2419,2019-10-28,HOLDING,0.0,0.2,False,0.918246375542346,Alvo_Suavizado,
2420,2019-10-29,HOLDING,0.0,0.2,False,0.9182463755423476,Alvo_Suavizado,
2421,2019-10-30,HOLDING,0.0,0.2,False,0.918246375542346,Alvo_Suavizado,
2422,2019-10-31,HOLDING,0.0,0.2,False,0.9182463755423461,Alvo_Suavizado,
2423,2019-11-01,HOLDING,0.0,0.2,False,0.8699833139884622,Alvo_Suavizado,
2424,2019-11-04,HOLDING,0.0,0.2,False,0.8699833139884622,Alvo_Suavizado,
2425,2019-11-05,HOLDING,0.0,0.2,False,0.8699833139884622,Alvo_Suavizado,
2426,2019-11-06,HOLDING,0.0,0.2,False,0.8699833139884622,Alvo_Suavizado,
2427,2019-11-07,HOLDING,0.0,0.2,False,0.8699833139884622,Alvo_Suavizado,
2428,2019-11-08,AGUARDANDO_EXECUCAO,0.0,0.2,False,0.8699833139884622,Alvo_Suavizado,Alvo_Suavizado
2429,2019-11-11,AGUARDANDO_EXECUCAO,0.0,0.2,False,0.8699833139884622,Alvo_Suavizado,Alvo_Suavizado
2430,2019-11-12,EXECUTOU_TROCA,0.0,0.2,False,0.8699833139884622,Alvo_Suavizado,
2431,2019-11-13,HOLDING,0.0,0.2,False,0.8699833139884622,Alvo_Suavizado,
2432,2019-11-14,HOLDING,0.0,0.2,False,0.8699833139884622,Alvo_Suavizado,
2433,2019-11-18,HOLDING,0.0,0.2,False,0.8699833139884622,Alvo_Suavizado,
2434,2019-11-19,HOLDING,0.0,0.2,False,0.8699833139884622,Alvo_Suavizado,
2435,2019-11-21,HOLDING,0.0,0.2,False,0.8699833139884622,Alvo_Suavizado,
2436,2019-11-22,HOLDING,0.0,0.2,False,0.8699833139884622,Alvo_Suavizado,
2437,2019-11-25,HOLDING,0.0,0.2,False,0.8699833139884622,Alvo_Suavizado,
2438,2019-11-26,HOLDING,0.0,0.2,False,0.8699833139884622,Alvo_Suavizado,
2439,2019-11-27,HOLDING,0.0,0.2,False,0.8699833139884622,Alvo_Suavizado,
2440,2019-11-28,HOLDING,0.0,0.2,False,0.8699833139884622,Alvo_Suavizado,
2441,2019-11-29,HOLDING,0.0,0.2,False,0.8699833139884622,Alvo_Suavizado,
2442,2019-12-02,HOLDING,0.0,0.2,False,0.9182463755408351,Alvo_Suavizado,
2443,2019-12-03,HOLDING,0.0,0.2,False,0.9182463755423469,Alvo_Suavizado,
2444,2019-12-04,HOLDING,0.0,0.2,False,0.9182463755423481,Alvo_Suavizado,
2445,2019-12-05,HOLDING,0.0,0.2,False,0.9182463755423499,Alvo_Suavizado,
2446,2019-12-06,HOLDING,0.0,0.2,False,0.9182463755423478,Alvo_Suavizado,
2447,2019-12-09,HOLDING,0.0,0.2,False,0.9182463755423467,Alvo_Suavizado,
2448,2019-12-10,HOLDING,0.0,0.2,False,0.7254955375357659,Alvo_Suavizado,
2449,2019-12-11,HOLDING,0.0,0.2,False,0.7320934050558123,Alvo_Suavizado,
2450,2019-12-12,HOLDING,0.0,0.2,False,0.7320960548519565,Alvo_Suavizado,
2451,2019-12-13,HOLDING,0.0,0.2,False,0.732096833131095,Alvo_Suavizado,
2452,2019-12-16,HOLDING,0.0,0.2,False,0.7320968352992065,Alvo_Suavizado,
2453,2019-12-17,HOLDING,0.0,0.2,False,0.7320968352992377,Alvo_Suavizado,
2454,2019-12-18,HOLDING,0.0,0.2,False,0.7320968352811749,Alvo_Suavizado,
2455,2019-12-19,HOLDING,0.0,0.2,False,0.7320968347176763,Alvo_Suavizado,
2456,2019-12-20,HOLDING,0.0,0.2,False,0.732096833304479,Alvo_Suavizado,
2457,2019-12-23,HOLDING,0.0,0.2,False,0.7320968027110105,Alvo_Suavizado,
2458,2019-12-26,HOLDING,0.0,0.2,False,0.7320963397138739,Alvo_Suavizado,
2459,2019-12-27,HOLDING,0.0,0.2,False,0.7320936503505632,Alvo_Suavizado,
2460,2019-12-30,HOLDING,0.0,0.2,False,0.7320951075309817,Alvo_Suavizado,
2461,2020-01-03,HOLDING,0.0,0.2,False,0.7615654843308531,Alvo_Suavizado,
2462,2020-01-06,AGUARDANDO_EXECUCAO,0.0,0.2,False,0.669111906111378,Alvo_Suavizado,Alvo_Suavizado
2463,2020-01-07,AGUARDANDO_EXECUCAO,0.0,0.2,False,0.7805528296995187,Alvo_Suavizado,Alvo_Suavizado
2464,2020-01-08,EXECUTOU_TROCA,0.0,0.2,False,0.7805528296995187,Alvo_Suavizado,
2465,2020-01-09,HOLDING,0.0,0.2,False,0.7805528296995187,Alvo_Suavizado,
2466,2020-01-10,HOLDING,0.0,0.2,False,0.7805527578593594,Alvo_Suavizado,
2467,2020-01-13,HOLDING,0.0,0.2,False,0.7805528296995187,Alvo_Suavizado,
2468,2020-01-14,HOLDING,0.0,0.2,False,0.7805528296995187,Alvo_Suavizado,
2469,2020-01-15,HOLDING,0.0,0.2,False,0.7805528296995187,Alvo_Suavizado,
2470,2020-01-16,HOLDING,0.0,0.2,False,0.7805528296995187,Alvo_Suavizado,
2471,2020-01-17,HOLDING,0.0,0.2,False,0.7805528296995187,Alvo_Suavizado,
2472,2020-01-20,HOLDING,0.0,0.2,False,0.7805528296995187,Alvo_Suavizado,
2473,2020-01-21,HOLDING,0.0,0.2,False,0.7805528296995187,Alvo_Suavizado,
2474,2020-01-22,HOLDING,0.0,0.2,False,0.714589103208708,Alvo_Suavizado,
2475,2020-01-23,HOLDING,0.0,0.2,False,0.7790836284453659,Alvo_Suavizado,
2476,2020-01-24,HOLDING,0.0,0.2,False,0.7794629734574618,Alvo_Suavizado,
2477,2020-01-27,HOLDING,0.0,0.2,False,0.7805473935046254,Alvo_Suavizado,
2478,2020-01-28,HOLDING,0.0,0.2,False,0.9225540105442732,Alvo_Suavizado,
2479,2020-01-29,HOLDING,0.0,0.2,False,0.9225540105453619,Alvo_Suavizado,
2480,2020-01-30,HOLDING,0.0,0.2,False,0.9225540105453619,Alvo_Suavizado,
2481,2020-01-31,HOLDING,0.0,0.2,False,0.9225540105453619,Alvo_Suavizado,
2482,2020-02-03,HOLDING,0.0,0.2,False,0.9225540105453619,Alvo_Suavizado,
2483,2020-02-04,HOLDING,0.0,0.2,False,0.9225540105453619,Alvo_Suavizado,
2484,2020-02-05,HOLDING,0.0,0.2,False,0.9225540105453619,Alvo_Suavizado,
2485,2020-02-06,HOLDING,0.0,0.2,False,0.9225540105453619,Alvo_Suavizado,
2486,2020-02-07,HOLDING,0.0,0.2,False,0.9225540105453619,Alvo_Suavizado,
2487,2020-02-10,HOLDING,0.0,0.2,False,0.9225540105453619,Alvo_Suavizado,
2488,2020-02-11,HOLDING,0.0,0.2,False,0.9225540105453619,Alvo_Suavizado,
2489,2020-02-12,HOLDING,0.0,0.2,False,0.9225540105453619,Alvo_Suavizado,
2490,2020-02-13,HOLDING,0.0,0.2,False,0.9225540105453619,Alvo_Suavizado,
2491,2020-02-14,HOLDING,0.0,0.2,False,0.9225540105453619,Alvo_Suavizado,
2492,2020-02-17,HOLDING,0.0,0.2,False,0.9225540105453619,Alvo_Suavizado,
2493,2020-02-18,HOLDING,0.0,0.2,False,0.9225540105453619,Alvo_Suavizado,
2494,2020-02-19,HOLDING,0.0,0.2,False,0.9225540105453619,Alvo_Suavizado,
2495,2020-02-20,HOLDING,0.0,0.2,False,0.9225540105453619,Alvo_Suavizado,
2496,2020-02-21,HOLDING,0.0,0.2,False,0.9225540105453619,Alvo_Suavizado,
2497,2020-02-26,HOLDING,0.0,0.2,False,0.9225540105453619,Alvo_Suavizado,
2498,2020-02-27,HOLDING,0.0,0.2,False,0.9225540105453619,Alvo_Suavizado,
2499,2020-02-28,HOLDING,0.0,0.2,False,0.9225540105453619,Alvo_Suavizado,
2500,2020-03-02,HOLDING,0.0,0.2,False,0.9225540105453619,Alvo_Suavizado,
2501,2020-03-03,HOLDING,0.0,0.2,False,0.9225540105453619,Alvo_Suavizado,
2502,2020-03-04,HOLDING,0.0,0.2,False,0.9225540105453619,Alvo_Suavizado,
2503,2020-03-05,HOLDING,0.0,0.2,False,0.9225540105453619,Alvo_Suavizado,
2504,2020-03-06,HOLDING,0.0,0.2,False,0.9225540105453619,Alvo_Suavizado,
2505,2020-03-09,HOLDING,0.0,0.2,False,0.9225540105453619,Alvo_Suavizado,
2506,2020-03-10,HOLDING,0.0,0.2,False,0.9225540105453619,Alvo_Suavizado,
2507,2020-03-11,HOLDING,0.0,0.2,False,0.9225540105453619,Alvo_Suavizado,
2508,2020-03-12,HOLDING,0.0,0.2,False,0.9225540105453619,Alvo_Suavizado,
2509,2020-03-13,HOLDING,0.0,0.2,False,0.9225540105453619,Alvo_Suavizado,
2510,2020-03-16,HOLDING,0.0,0.2,False,0.9225540105453619,Alvo_Suavizado,
2511,2020-03-17,HOLDING,0.0,0.2,False,0.9225540105453619,Alvo_Suavizado,
2512,2020-03-18,HOLDING,0.0,0.2,False,0.9225540105453619,Alvo_Suavizado,
2513,2020-03-19,HOLDING,0.0,0.2,False,0.9225540105453619,Alvo_Suavizado,
2514,2020-03-20,HOLDING,0.0,0.2,False,0.9225540105453619,Alvo_Suavizado,
2515,2020-03-23,HOLDING,0.0,0.2,False,0.9225540105453619,Alvo_Suavizado,
2516,2020-03-24,HOLDING,0.0,0.2,False,0.9225540105453619,Alvo_Suavizado,
2517,2020-03-25,HOLDING,0.0,0.2,False,0.9225540105453619,Alvo_Suavizado,
2518,2020-03-26,HOLDING,0.0,0.2,False,0.9225540105453619,Alvo_Suavizado,
2519,2020-03-27,HOLDING,0.0,0.2,False,0.9225540105453619,Alvo_Suavizado,
2520,2020-03-30,HOLDING,0.0,0.2,False,0.9225540105453619,Alvo_Suavizado,
2521,2020-03-31,HOLDING,0.0,0.2,False,0.9225540105453619,Alvo_Suavizado,
2522,2020-04-01,HOLDING,0.0,0.2,False,0.9225540105453619,Alvo_Suavizado,
2523,2020-04-02,HOLDING,0.0,0.2,False,0.9225540105453619,Alvo_Suavizado,
2524,2020-04-03,HOLDING,0.0,0.2,False,0.9225540105453619,Alvo_Suavizado,
2525,2020-04-06,HOLDING,0.0,0.2,False,0.7615930921798217,Alvo_Suavizado,
2526,2020-04-07,HOLDING,0.0,0.2,False,0.7615930921798217,Alvo_Suavizado,
2527,2020-04-08,HOLDING,0.0,0.2,False,0.9225540105453619,Alvo_Suavizado,
2528,2020-04-09,HOLDING,0.0,0.2,False,0.9225540105453619,Alvo_Suavizado,
2529,2020-04-13,AGUARDANDO_EXECUCAO,0.0,0.2,False,0.9225540105453619,Alvo_Suavizado,Alvo_Suavizado
2530,2020-04-14,AGUARDANDO_EXECUCAO,0.0,0.2,False,0.9225540105453619,Alvo_Suavizado,Alvo_Suavizado
2531,2020-04-15,EXECUTOU_TROCA,0.0,0.2,False,0.9225540105453619,Alvo_Suavizado,
2532,2020-04-16,HOLDING,0.0,0.2,False,0.9225540105453619,Alvo_Suavizado,
2533,2020-04-17,HOLDING,0.0,0.2,False,0.9225540105453619,Alvo_Suavizado,
2534,2020-04-20,HOLDING,0.0,0.2,False,0.9225540105453619,Alvo_Suavizado,
2535,2020-04-22,HOLDING,0.0,0.2,False,0.9225540105453619,Alvo_Suavizado,
2536,2020-04-23,HOLDING,0.0,0.2,False,0.826978694810008,Alvo_Suavizado,
2537,2020-04-24,HOLDING,0.0,0.2,False,0.826978694810008,Alvo_Suavizado,
2538,2020-04-27,HOLDING,0.0,0.2,False,0.826978694810008,Alvo_Suavizado,
2539,2020-04-28,HOLDING,0.0,0.2,False,0.826978694810008,Alvo_Suavizado,
2540,2020-04-29,HOLDING,0.0,0.2,False,0.826978694810008,Alvo_Suavizado,
2541,2020-04-30,HOLDING,0.0,0.2,False,0.826978694810008,Alvo_Suavizado,
2542,2020-05-04,HOLDING,0.0,0.2,False,0.826978694810008,Alvo_Suavizado,
2543,2020-05-05,HOLDING,0.0,0.2,False,0.826978694810008,Alvo_Suavizado,
2544,2020-05-06,HOLDING,0.0,0.2,False,0.826978694810008,Alvo_Suavizado,
2545,2020-05-07,HOLDING,0.0,0.2,False,0.826978694810008,Alvo_Suavizado,
2546,2020-05-08,HOLDING,0.0,0.2,False,0.826978694810008,Alvo_Suavizado,
2547,2020-05-11,HOLDING,0.0,0.2,False,0.826978694810008,Alvo_Suavizado,
2548,2020-05-12,HOLDING,0.0,0.2,False,0.826978694810008,Alvo_Suavizado,
2549,2020-05-13,HOLDING,0.0,0.2,False,0.826978694810008,Alvo_Suavizado,
2550,2020-05-14,HOLDING,0.0,0.2,False,0.826978694810008,Alvo_Suavizado,
2551,2020-05-15,HOLDING,0.0,0.2,False,0.826978694810008,Alvo_Suavizado,
2552,2020-05-18,HOLDING,0.0,0.2,False,0.826978694810008,Alvo_Suavizado,
2553,2020-05-19,HOLDING,0.0,0.2,False,0.826978694810008,Alvo_Suavizado,
2554,2020-05-20,HOLDING,0.0,0.2,False,0.826978694810008,Alvo_Suavizado,
2555,2020-05-21,HOLDING,0.0,0.2,False,0.826978694810008,Alvo_Suavizado,
2556,2020-05-22,HOLDING,0.0,0.2,False,0.826978694810008,Alvo_Suavizado,
2557,2020-05-25,HOLDING,0.0,0.2,False,0.826978694810008,Alvo_Suavizado,
2558,2020-05-26,HOLDING,0.0,0.2,False,0.826978694810008,Alvo_Suavizado,
2559,2020-05-27,HOLDING,0.0,0.2,False,0.9225540105453619,Alvo_Suavizado,
2560,2020-05-28,HOLDING,0.0,0.2,False,0.9225540105453619,Alvo_Suavizado,
2561,2020-05-29,HOLDING,0.0,0.2,False,0.9225540105453619,Alvo_Suavizado,
2562,2020-06-01,HOLDING,0.0,0.2,False,0.9225540105453619,Alvo_Suavizado,
2563,2020-06-02,HOLDING,0.0,0.2,False,0.9225540105453619,Alvo_Suavizado,
2564,2020-06-03,HOLDING,0.0,0.2,False,0.9225540105453619,Alvo_Suavizado,
2565,2020-06-04,HOLDING,0.0,0.2,False,0.9225540105453619,Alvo_Suavizado,
2566,2020-06-05,HOLDING,0.0,0.2,False,0.9225540105453619,Alvo_Suavizado,
2567,2020-06-08,HOLDING,0.0,0.2,False,0.9225540105453619,Alvo_Suavizado,
2568,2020-06-09,HOLDING,0.0,0.2,False,0.9225540105453619,Alvo_Suavizado,
2569,2020-06-10,HOLDING,0.0,0.2,False,0.9225540105453619,Alvo_Suavizado,
2570,2020-06-12,HOLDING,0.0,0.2,False,0.9225540105453619,Alvo_Suavizado,
2571,2020-06-15,HOLDING,0.0,0.2,False,0.9225540105453619,Alvo_Suavizado,
2572,2020-06-16,HOLDING,0.0,0.2,False,0.9225540105453619,Alvo_Suavizado,
2573,2020-06-17,HOLDING,0.0,0.2,False,0.9225540105453619,Alvo_Suavizado,
2574,2020-06-18,HOLDING,0.0,0.2,False,0.9225540105453619,Alvo_Suavizado,
2575,2020-06-19,HOLDING,0.0,0.2,False,0.9225540105453619,Alvo_Suavizado,
2576,2020-06-22,HOLDING,0.0,0.2,False,0.9225540105453619,Alvo_Suavizado,
2577,2020-06-23,HOLDING,0.0,0.2,False,0.9225540105453619,Alvo_Suavizado,
2578,2020-06-24,HOLDING,0.0,0.2,False,0.9225540105453619,Alvo_Suavizado,
2579,2020-06-25,HOLDING,0.0,0.2,False,0.9225540105453619,Alvo_Suavizado,
2580,2020-06-26,HOLDING,0.0,0.2,False,0.9225540105453619,Alvo_Suavizado,
2581,2020-06-29,HOLDING,0.0,0.2,False,0.9225540105453619,Alvo_Suavizado,
2582,2020-06-30,HOLDING,0.0,0.2,False,0.9225540105453619,Alvo_Suavizado,
2583,2020-07-01,HOLDING,0.0,0.2,False,0.9225540105453619,Alvo_Suavizado,
2584,2020-07-02,HOLDING,0.0,0.2,False,0.9225540105453619,Alvo_Suavizado,
2585,2020-07-03,HOLDING,0.0,0.2,False,0.9225540105453619,Alvo_Suavizado,
2586,2020-07-06,HOLDING,0.0,0.2,False,0.9225540105453619,Alvo_Suavizado,
2587,2020-07-07,HOLDING,0.0,0.2,False,0.9225540105453619,Alvo_Suavizado,
2588,2020-07-08,HOLDING,0.0,0.2,False,0.9225540105453619,Alvo_Suavizado,
2589,2020-07-09,HOLDING,0.0,0.2,False,0.9225540105453619,Alvo_Suavizado,
2590,2020-07-10,HOLDING,0.0,0.2,False,0.9225540105453619,Alvo_Suavizado,
2591,2020-07-13,HOLDING,0.0,0.2,False,0.9225540105453619,Alvo_Suavizado,
2592,2020-07-14,HOLDING,0.0,0.2,False,0.9225540105453619,Alvo_Suavizado,
2593,2020-07-15,HOLDING,0.0,0.2,False,0.9225540105453619,Alvo_Suavizado,
2594,2020-07-16,HOLDING,0.0,0.2,False,0.9225540105453619,Alvo_Suavizado,
2595,2020-07-17,HOLDING,0.0,0.2,False,0.9225540105453619,Alvo_Suavizado,
2596,2020-07-20,SEM_TROCA,0.0,0.2,False,0.9225540105453619,Alvo_Suavizado,
2597,2020-07-21,SEM_TROCA,0.0,0.2,False,0.9225540105453619,Alvo_Suavizado,
2598,2020-07-22,SEM_TROCA,0.0,0.2,False,0.9225540105453619,Alvo_Suavizado,
2599,2020-07-23,SEM_TROCA,0.0,0.2,False,0.9225540105453619,Alvo_Suavizado,
2600,2020-07-24,SEM_TROCA,0.0,0.2,False,0.9225540105453619,Alvo_Suavizado,
2601,2020-07-27,SEM_TROCA,0.0,0.2,False,0.9225540105453619,Alvo_Suavizado,
2602,2020-07-28,SEM_TROCA,0.0,0.2,False,0.9225540105453619,Alvo_Suavizado,
2603,2020-07-29,SEM_TROCA,0.0,0.2,False,0.9225540105453619,Alvo_Suavizado,
2604,2020-07-30,SEM_TROCA,0.0,0.2,False,0.9225540105453619,Alvo_Suavizado,
2605,2020-07-31,SEM_TROCA,0.0,0.2,False,0.9225540105453619,Alvo_Suavizado,
2606,2020-08-03,SEM_TROCA,0.0,0.2,False,0.9225540105453619,Alvo_Suavizado,
2607,2020-08-04,SEM_TROCA,0.0,0.2,False,0.9225540105453619,Alvo_Suavizado,
2608,2020-08-05,SEM_TROCA,0.0,0.2,False,0.9225540105453619,Alvo_Suavizado,
2609,2020-08-06,SEM_TROCA,0.0,0.2,False,0.9225540105453619,Alvo_Suavizado,
2610,2020-08-07,SEM_TROCA,0.0,0.2,False,0.9225540105453619,Alvo_Suavizado,
2611,2020-08-10,SEM_TROCA,0.0,0.2,False,0.9225540105453619,Alvo_Suavizado,
2612,2020-08-11,SEM_TROCA,0.0,0.2,False,0.9225540105453619,Alvo_Suavizado,
2613,2020-08-12,SEM_TROCA,0.0,0.2,False,0.9225540105453619,Alvo_Suavizado,
2614,2020-08-13,SEM_TROCA,0.0,0.2,False,0.9225540105453619,Alvo_Suavizado,
2615,2020-08-14,SEM_TROCA,0.0,0.2,False,0.9225540105453619,Alvo_Suavizado,
2616,2020-08-17,SEM_TROCA,0.0,0.2,False,0.9225540105453619,Alvo_Suavizado,
2617,2020-08-18,SEM_TROCA,0.0,0.2,False,0.9225540105453619,Alvo_Suavizado,
2618,2020-08-19,SEM_TROCA,0.0,0.2,False,0.9225540105453619,Alvo_Suavizado,
2619,2020-08-20,AGUARDANDO_EXECUCAO,0.0,0.2,False,0.9225540105453619,Alvo_Suavizado,Alvo_Suavizado
2620,2020-08-21,AGUARDANDO_EXECUCAO,0.0,0.2,False,0.9225540105453619,Alvo_Suavizado,Alvo_Suavizado
2621,2020-08-24,EXECUTOU_TROCA,0.0,0.2,False,0.9225540105453619,Alvo_Suavizado,
2622,2020-08-25,HOLDING,0.0,0.2,False,0.9225540105453619,Alvo_Suavizado,
2623,2020-08-26,HOLDING,0.0,0.2,False,0.9225540105453619,Alvo_Suavizado,
2624,2020-08-27,HOLDING,0.0,0.2,False,0.7805528296995187,Alvo_Suavizado,
2625,2020-08-28,HOLDING,0.0,0.2,False,0.7805528296995187,Alvo_Suavizado,
2626,2020-08-31,HOLDING,0.0,0.2,False,0.7805528296995187,Alvo_Suavizado,
2627,2020-09-01,HOLDING,0.0,0.2,False,0.7805528296995198,Alvo_Suavizado,
2628,2020-09-02,HOLDING,0.0,0.2,False,0.7805528296995187,Alvo_Suavizado,
2629,2020-09-03,HOLDING,0.0,0.2,False,0.826978694810008,Alvo_Suavizado,
2630,2020-09-04,HOLDING,0.0,0.2,False,0.826978694810008,Alvo_Suavizado,
2631,2020-09-08,HOLDING,0.0,0.2,False,0.826978694810008,Alvo_Suavizado,
2632,2020-09-09,HOLDING,0.0,0.2,False,0.826978694810008,Alvo_Suavizado,
2633,2020-09-10,HOLDING,0.0,0.2,False,0.826978694810008,Alvo_Suavizado,
2634,2020-09-11,HOLDING,0.0,0.2,False,0.826978694810008,Alvo_Suavizado,
2635,2020-09-14,HOLDING,0.0,0.2,False,0.826978694810008,Alvo_Suavizado,
2636,2020-09-15,HOLDING,0.0,0.2,False,0.826978694810008,Alvo_Suavizado,
2637,2020-09-16,HOLDING,0.0,0.2,False,0.826978694810008,Alvo_Suavizado,
2638,2020-09-17,HOLDING,0.0,0.2,False,0.826978694810008,Alvo_Suavizado,
2639,2020-09-18,HOLDING,0.0,0.2,False,0.826978694810008,Alvo_Suavizado,
2640,2020-09-21,HOLDING,0.0,0.2,False,0.826978694810008,Alvo_Suavizado,
2641,2020-09-22,HOLDING,0.0,0.2,False,0.826978694810008,Alvo_Suavizado,
2642,2020-09-23,HOLDING,0.0,0.2,False,0.826978694810008,Alvo_Suavizado,
2643,2020-09-24,HOLDING,0.0,0.2,False,0.826978694810008,Alvo_Suavizado,
2644,2020-09-25,HOLDING,0.0,0.2,False,0.826978694810008,Alvo_Suavizado,
2645,2020-09-28,HOLDING,0.0,0.2,False,0.826978694810008,Alvo_Suavizado,
2646,2020-09-29,HOLDING,0.0,0.2,False,0.826978694810008,Alvo_Suavizado,
2647,2020-09-30,HOLDING,0.0,0.2,False,0.826978694810008,Alvo_Suavizado,
2648,2020-10-01,HOLDING,0.0,0.2,False,0.826978694810008,Alvo_Suavizado,
2649,2020-10-02,HOLDING,0.0,0.2,False,0.826978694810008,Alvo_Suavizado,
2650,2020-10-05,HOLDING,0.0,0.2,False,0.826978694810008,Alvo_Suavizado,
2651,2020-10-06,HOLDING,0.0,0.2,False,0.826978694810008,Alvo_Suavizado,
2652,2020-10-07,HOLDING,0.0,0.2,False,0.826978694810008,Alvo_Suavizado,
2653,2020-10-08,HOLDING,0.0,0.2,False,0.826978694810008,Alvo_Suavizado,
2654,2020-10-09,HOLDING,0.0,0.2,False,0.826978694810008,Alvo_Suavizado,
2655,2020-10-13,HOLDING,0.0,0.2,False,0.826978694810008,Alvo_Suavizado,
2656,2020-10-14,HOLDING,0.0,0.2,False,0.826978694810008,Alvo_Suavizado,
2657,2020-10-15,HOLDING,0.0,0.2,False,0.826978694810008,Alvo_Suavizado,
2658,2020-10-16,HOLDING,0.0,0.2,False,0.826978694810008,Alvo_Suavizado,
2659,2020-10-19,HOLDING,0.0,0.2,False,0.826978694810008,Alvo_Suavizado,
2660,2020-10-20,HOLDING,0.0,0.2,False,0.826978694810008,Alvo_Suavizado,
2661,2020-10-21,HOLDING,0.0,0.2,False,0.826978694810008,Alvo_Suavizado,
2662,2020-10-22,HOLDING,0.0,0.2,False,0.826978694810008,Alvo_Suavizado,
2663,2020-10-23,HOLDING,0.0,0.2,False,0.826978694810008,Alvo_Suavizado,
2664,2020-10-26,HOLDING,0.0,0.2,False,0.826978694810008,Alvo_Suavizado,
2665,2020-10-27,HOLDING,0.0,0.2,False,0.826978694810008,Alvo_Suavizado,
2666,2020-10-28,HOLDING,0.0,0.2,False,0.826978694810008,Alvo_Suavizado,
2667,2020-10-29,HOLDING,0.0,0.2,False,0.826978694810008,Alvo_Suavizado,
2668,2020-10-30,HOLDING,0.0,0.2,False,0.826978694810008,Alvo_Suavizado,
2669,2020-11-03,HOLDING,0.0,0.2,False,0.826978694810008,Alvo_Suavizado,
2670,2020-11-04,HOLDING,0.0,0.2,False,0.826978694810008,Alvo_Suavizado,
2671,2020-11-05,HOLDING,0.0,0.2,False,0.826978694810008,Alvo_Suavizado,
2672,2020-11-06,HOLDING,0.0,0.2,False,0.826978694810008,Alvo_Suavizado,
2673,2020-11-09,HOLDING,0.0,0.2,False,0.826978694810008,Alvo_Suavizado,
2674,2020-11-10,HOLDING,0.0,0.2,False,0.826978694810008,Alvo_Suavizado,
2675,2020-11-11,HOLDING,0.0,0.2,False,0.826978694810008,Alvo_Suavizado,
2676,2020-11-12,HOLDING,0.0,0.2,False,0.826978694810008,Alvo_Suavizado,
2677,2020-11-13,HOLDING,0.0,0.2,False,0.826978694810008,Alvo_Suavizado,
2678,2020-11-16,HOLDING,0.0,0.2,False,0.826978694810008,Alvo_Suavizado,
2679,2020-11-17,HOLDING,0.0,0.2,False,0.826978694810008,Alvo_Suavizado,
2680,2020-11-18,HOLDING,0.0,0.2,False,0.826978694810008,Alvo_Suavizado,
2681,2020-11-19,HOLDING,0.0,0.2,False,0.826978694810008,Alvo_Suavizado,
2682,2020-11-23,HOLDING,0.0,0.2,False,0.826978694810008,Alvo_Suavizado,
2683,2020-11-24,HOLDING,0.0,0.2,False,0.826978694810008,Alvo_Suavizado,
2684,2020-11-25,HOLDING,0.0,0.2,False,0.826978694810008,Alvo_Suavizado,
2685,2020-11-26,HOLDING,0.0,0.2,False,0.826978694810008,Alvo_Suavizado,
2686,2020-11-27,AGUARDANDO_EXECUCAO,0.0,0.2,False,0.826978694810008,Alvo_Suavizado,Alvo_Suavizado
2687,2020-11-30,AGUARDANDO_EXECUCAO,0.0,0.2,False,0.9225540105453619,Alvo_Suavizado,Alvo_Suavizado
2688,2020-12-01,EXECUTOU_TROCA,0.0,0.2,False,0.9225540105453619,Alvo_Suavizado,
2689,2020-12-02,HOLDING,0.0,0.2,False,0.9225540105453619,Alvo_Suavizado,
2690,2020-12-03,HOLDING,0.0,0.2,False,0.9225540105453619,Alvo_Suavizado,
2691,2020-12-04,HOLDING,0.0,0.2,False,0.9225540105453619,Alvo_Suavizado,
2692,2020-12-07,HOLDING,0.0,0.2,False,0.9225540105453619,Alvo_Suavizado,
2693,2020-12-08,HOLDING,0.0,0.2,False,0.9225540105453619,Alvo_Suavizado,
2694,2020-12-09,HOLDING,0.0,0.2,False,0.9225540105453619,Alvo_Suavizado,
2695,2020-12-10,HOLDING,0.0,0.2,False,0.9225540105453619,Alvo_Suavizado,
2696,2020-12-11,HOLDING,0.0,0.2,False,0.9225540105453619,Alvo_Suavizado,
2697,2020-12-14,HOLDING,0.0,0.2,False,0.7613533595791516,Alvo_Suavizado,
2698,2020-12-15,HOLDING,0.0,0.2,False,0.7614516685629711,Alvo_Suavizado,
2699,2020-12-16,HOLDING,0.0,0.2,False,0.7584829633370612,Alvo_Suavizado,
2700,2020-12-17,HOLDING,0.0,0.2,False,0.750868140114013,Alvo_Suavizado,
2701,2020-12-18,HOLDING,0.0,0.2,False,0.7490886730377645,Alvo_Suavizado,
2702,2020-12-21,HOLDING,0.0,0.2,False,0.7369250146289912,Alvo_Suavizado,
2703,2020-12-22,HOLDING,0.0,0.2,False,0.7066137339806974,Alvo_Suavizado,
2704,2020-12-23,HOLDING,0.0,0.2,False,0.7022198752481962,Alvo_Suavizado,
2705,2020-12-28,HOLDING,0.0,0.2,False,0.7362877976908204,Alvo_Suavizado,
2706,2020-12-29,HOLDING,0.0,0.2,False,0.7472695275913559,Alvo_Suavizado,
2707,2020-12-30,HOLDING,0.0,0.2,False,0.7588419652111212,Alvo_Suavizado,
2708,2021-01-05,HOLDING,0.0,0.2,False,0.8803861019935213,Alvo_Suavizado,
2709,2021-01-06,AGUARDANDO_EXECUCAO,0.0,0.2,False,0.8803407839584252,Alvo_Suavizado,Alvo_Suavizado
2710,2021-01-07,AGUARDANDO_EXECUCAO,0.0,0.2,False,0.8613377215432768,Alvo_Suavizado,Alvo_Suavizado
2711,2021-01-08,EXECUTOU_TROCA,0.0,0.2,False,0.8472869585527893,Alvo_Suavizado,
2712,2021-01-11,HOLDING,0.0,0.2,False,0.8436527939254358,Alvo_Suavizado,
2713,2021-01-12,HOLDING,0.0,0.2,False,0.8710240279404257,Alvo_Suavizado,
2714,2021-01-13,HOLDING,0.0,0.2,False,0.8503463036250988,Alvo_Suavizado,
2715,2021-01-14,HOLDING,0.0,0.2,False,0.872563485683569,Alvo_Suavizado,
2716,2021-01-15,HOLDING,0.0,0.2,False,0.8803582550691483,Alvo_Suavizado,
2717,2021-01-18,HOLDING,0.0,0.2,False,0.8803780560050858,Alvo_Suavizado,
2718,2021-01-19,HOLDING,0.0,0.2,False,0.8803794019829153,Alvo_Suavizado,
2719,2021-01-20,HOLDING,0.0,0.2,False,0.8803770931770576,Alvo_Suavizado,
2720,2021-01-21,HOLDING,0.0,0.2,False,0.8803711590397961,Alvo_Suavizado,
2721,2021-01-22,HOLDING,0.0,0.2,False,0.8803794434239862,Alvo_Suavizado,
2722,2021-01-26,HOLDING,0.0,0.2,False,0.8803836773240505,Alvo_Suavizado,
2723,2021-01-27,HOLDING,0.0,0.2,False,0.8803870015632548,Alvo_Suavizado,
2724,2021-01-28,HOLDING,0.0,0.2,False,0.8803817522903469,Alvo_Suavizado,
2725,2021-01-29,HOLDING,0.0,0.2,False,0.8803776488788984,Alvo_Suavizado,
2726,2021-02-01,HOLDING,0.0,0.2,False,0.8803872935772317,Alvo_Suavizado,
2727,2021-02-02,HOLDING,0.0,0.2,False,0.8803916118099804,Alvo_Suavizado,
2728,2021-02-03,HOLDING,0.0,0.2,False,0.8803992327371991,Alvo_Suavizado,
2729,2021-02-04,HOLDING,0.0,0.2,False,0.880397725481028,Alvo_Suavizado,
2730,2021-02-05,HOLDING,0.0,0.2,False,0.8803969386754016,Alvo_Suavizado,
2731,2021-02-08,HOLDING,0.0,0.2,False,0.8803972081725393,Alvo_Suavizado,
2732,2021-02-09,HOLDING,0.0,0.2,False,0.880396910855603,Alvo_Suavizado,
2733,2021-02-10,HOLDING,0.0,0.2,False,0.8803982437191663,Alvo_Suavizado,
2734,2021-02-11,HOLDING,0.0,0.2,False,0.8803993961444265,Alvo_Suavizado,
2735,2021-02-12,HOLDING,0.0,0.2,False,0.8803993795382075,Alvo_Suavizado,
2736,2021-02-17,HOLDING,0.0,0.2,False,0.8803984326309524,Alvo_Suavizado,
2737,2021-02-18,HOLDING,0.0,0.2,False,0.8803985267713148,Alvo_Suavizado,
2738,2021-02-19,HOLDING,0.0,0.2,False,0.8803973218501635,Alvo_Suavizado,
2739,2021-02-22,HOLDING,0.0,0.2,False,0.880398151394436,Alvo_Suavizado,
2740,2021-02-23,HOLDING,0.0,0.2,False,0.8803988681711651,Alvo_Suavizado,
2741,2021-02-24,HOLDING,0.0,0.2,False,0.8803994963063374,Alvo_Suavizado,
2742,2021-02-25,HOLDING,0.0,0.2,False,0.8803994855844204,Alvo_Suavizado,
2743,2021-02-26,HOLDING,0.0,0.2,False,0.8803994392032947,Alvo_Suavizado,
2744,2021-03-01,HOLDING,0.0,0.2,False,0.8803994749986793,Alvo_Suavizado,
2745,2021-03-02,HOLDING,0.0,0.2,False,0.8803994818617744,Alvo_Suavizado,
2746,2021-03-03,HOLDING,0.0,0.2,False,0.8803919114370495,Alvo_Suavizado,
2747,2021-03-04,HOLDING,0.0,0.2,False,0.8803874701058563,Alvo_Suavizado,
2748,2021-03-05,HOLDING,0.0,0.2,False,0.880389980728568,Alvo_Suavizado,
2749,2021-03-08,HOLDING,0.0,0.2,False,0.8803993463126433,Alvo_Suavizado,
2750,2021-03-09,HOLDING,0.0,0.2,False,0.8803989774164794,Alvo_Suavizado,
2751,2021-03-10,HOLDING,0.0,0.2,False,0.8803990825729969,Alvo_Suavizado,
2752,2021-03-11,HOLDING,0.0,0.2,False,0.8803966040348598,Alvo_Suavizado,
2753,2021-03-12,HOLDING,0.0,0.2,False,0.8803975332921545,Alvo_Suavizado,
2754,2021-03-15,HOLDING,0.0,0.2,False,0.8803991971310933,Alvo_Suavizado,
2755,2021-03-16,HOLDING,0.0,0.2,False,0.8803979871845945,Alvo_Suavizado,
2756,2021-03-17,HOLDING,0.0,0.2,False,0.8803917438742216,Alvo_Suavizado,
2757,2021-03-18,HOLDING,0.0,0.2,False,0.8803921344976764,Alvo_Suavizado,
2758,2021-03-19,HOLDING,0.0,0.2,False,0.8803495911829627,Alvo_Suavizado,
2759,2021-03-22,HOLDING,0.0,0.2,False,0.82368506100216,Alvo_Suavizado,
2760,2021-03-23,HOLDING,0.0,0.2,False,0.82368506100216,Alvo_Suavizado,
2761,2021-03-24,HOLDING,0.0,0.2,False,0.8704821749276255,Alvo_Suavizado,
2762,2021-03-25,HOLDING,0.0,0.2,False,0.8704821749276255,Alvo_Suavizado,
2763,2021-03-26,HOLDING,0.0,0.2,False,0.8704821749276255,Alvo_Suavizado,
2764,2021-03-29,HOLDING,0.0,0.2,False,0.8704821749276255,Alvo_Suavizado,
2765,2021-03-30,HOLDING,0.0,0.2,False,0.8704821749276255,Alvo_Suavizado,
2766,2021-03-31,HOLDING,0.0,0.2,False,0.8704821749276255,Alvo_Suavizado,
2767,2021-04-01,HOLDING,0.0,0.2,False,0.8704821749276255,Alvo_Suavizado,
2768,2021-04-05,HOLDING,0.0,0.2,False,0.8704821749276255,Alvo_Suavizado,
2769,2021-04-06,HOLDING,0.0,0.2,False,0.8704821749276255,Alvo_Suavizado,
2770,2021-04-07,HOLDING,0.0,0.2,False,0.8704821749276255,Alvo_Suavizado,
2771,2021-04-08,HOLDING,0.0,0.2,False,0.8704821749276255,Alvo_Suavizado,
2772,2021-04-09,HOLDING,0.0,0.2,False,0.8704821749276255,Alvo_Suavizado,
2773,2021-04-12,HOLDING,0.0,0.2,False,0.8704821749276255,Alvo_Suavizado,
2774,2021-04-13,HOLDING,0.0,0.2,False,0.8704821749276255,Alvo_Suavizado,
2775,2021-04-14,HOLDING,0.0,0.2,False,0.8704821749276255,Alvo_Suavizado,
2776,2021-04-15,AGUARDANDO_EXECUCAO,0.0,0.2,False,0.8704821749276255,Alvo_Suavizado,Alvo_Suavizado
2777,2021-04-16,AGUARDANDO_EXECUCAO,0.0,0.2,False,0.8704821749276255,Alvo_Suavizado,Alvo_Suavizado
2778,2021-04-19,EXECUTOU_TROCA,0.0,0.2,False,0.8704821749276255,Alvo_Suavizado,
2779,2021-04-20,HOLDING,0.0,0.2,False,0.8704821749276255,Alvo_Suavizado,
2780,2021-04-22,HOLDING,0.0,0.2,False,0.8704821749276255,Alvo_Suavizado,
2781,2021-04-23,HOLDING,0.0,0.2,False,0.8704821749276255,Alvo_Suavizado,
2782,2021-04-26,HOLDING,0.0,0.2,False,0.8704821749276255,Alvo_Suavizado,
2783,2021-04-27,HOLDING,0.0,0.2,False,0.8704821749276255,Alvo_Suavizado,
2784,2021-04-28,HOLDING,0.0,0.2,False,0.8704821749276255,Alvo_Suavizado,
2785,2021-04-29,HOLDING,0.0,0.2,False,0.8704821749276255,Alvo_Suavizado,
2786,2021-04-30,HOLDING,0.0,0.2,False,0.8704821749276255,Alvo_Suavizado,
2787,2021-05-03,HOLDING,0.0,0.2,False,0.8704821749276255,Alvo_Suavizado,
2788,2021-05-04,HOLDING,0.0,0.2,False,0.8704821749276255,Alvo_Suavizado,
2789,2021-05-05,HOLDING,0.0,0.2,False,0.8704821749276255,Alvo_Suavizado,
2790,2021-05-06,HOLDING,0.0,0.2,False,0.8704821749276255,Alvo_Suavizado,
2791,2021-05-07,HOLDING,0.0,0.2,False,0.8704821749276255,Alvo_Suavizado,
2792,2021-05-10,HOLDING,0.0,0.2,False,0.8704821749276255,Alvo_Suavizado,
2793,2021-05-11,HOLDING,0.0,0.2,False,0.8704821749276255,Alvo_Suavizado,
2794,2021-05-12,HOLDING,0.0,0.2,False,0.8704821749276255,Alvo_Suavizado,
2795,2021-05-13,HOLDING,0.0,0.2,False,0.8704821749276255,Alvo_Suavizado,
2796,2021-05-14,HOLDING,0.0,0.2,False,0.8704821749276255,Alvo_Suavizado,
2797,2021-05-17,HOLDING,0.0,0.2,False,0.8704821749276255,Alvo_Suavizado,
2798,2021-05-18,HOLDING,0.0,0.2,False,0.8704821749276255,Alvo_Suavizado,
2799,2021-05-19,HOLDING,0.0,0.2,False,0.8704821749276255,Alvo_Suavizado,
2800,2021-05-20,HOLDING,0.0,0.2,False,0.8704821749276255,Alvo_Suavizado,
2801,2021-05-21,HOLDING,0.0,0.2,False,0.8704821749276255,Alvo_Suavizado,
2802,2021-05-24,HOLDING,0.0,0.2,False,0.8704821749276255,Alvo_Suavizado,
2803,2021-05-25,HOLDING,0.0,0.2,False,0.8704821749276255,Alvo_Suavizado,
2804,2021-05-26,HOLDING,0.0,0.2,False,0.8704821749276255,Alvo_Suavizado,
2805,2021-05-27,HOLDING,0.0,0.2,False,0.8704821749276255,Alvo_Suavizado,
2806,2021-05-28,HOLDING,0.0,0.2,False,0.8704821749276255,Alvo_Suavizado,
2807,2021-05-31,HOLDING,0.0,0.2,False,0.8704821749276255,Alvo_Suavizado,
2808,2021-06-01,HOLDING,0.0,0.2,False,0.8704821749276255,Alvo_Suavizado,
2809,2021-06-02,HOLDING,0.0,0.2,False,0.8236850609993136,Alvo_Suavizado,
2810,2021-06-04,HOLDING,0.0,0.2,False,0.8236850610021602,Alvo_Suavizado,
2811,2021-06-07,HOLDING,0.0,0.2,False,0.8236850610021601,Alvo_Suavizado,
2812,2021-06-08,HOLDING,0.0,0.2,False,0.8803689395562004,Alvo_Suavizado,
2813,2021-06-09,HOLDING,0.0,0.2,False,0.8803993804422012,Alvo_Suavizado,
2814,2021-06-10,HOLDING,0.0,0.2,False,0.8803992476221564,Alvo_Suavizado,
2815,2021-06-11,HOLDING,0.0,0.2,False,0.8803990015233188,Alvo_Suavizado,
2816,2021-06-14,HOLDING,0.0,0.2,False,0.8803984829663285,Alvo_Suavizado,
2817,2021-06-15,HOLDING,0.0,0.2,False,0.8803938209388751,Alvo_Suavizado,
2818,2021-06-16,HOLDING,0.0,0.2,False,0.8803935444857333,Alvo_Suavizado,
2819,2021-06-17,HOLDING,0.0,0.2,False,0.8803815046276933,Alvo_Suavizado,
2820,2021-06-18,HOLDING,0.0,0.2,False,0.8803928997012396,Alvo_Suavizado,
2821,2021-06-21,HOLDING,0.0,0.2,False,0.82368506100216,Alvo_Suavizado,
2822,2021-06-22,HOLDING,0.0,0.2,False,0.82368506100216,Alvo_Suavizado,
2823,2021-06-23,HOLDING,0.0,0.2,False,0.82368506100216,Alvo_Suavizado,
2824,2021-06-24,HOLDING,0.0,0.2,False,0.82368506100216,Alvo_Suavizado,
2825,2021-06-25,HOLDING,0.0,0.2,False,0.82368506100216,Alvo_Suavizado,
2826,2021-06-28,HOLDING,0.0,0.2,False,0.82368506100216,Alvo_Suavizado,
2827,2021-06-29,HOLDING,0.0,0.2,False,0.8236850610021603,Alvo_Suavizado,
2828,2021-06-30,HOLDING,0.0,0.2,False,0.82368506100216,Alvo_Suavizado,
2829,2021-07-01,HOLDING,0.0,0.2,False,0.82368506100216,Alvo_Suavizado,
2830,2021-07-02,HOLDING,0.0,0.2,False,0.8236850610021615,Alvo_Suavizado,
2831,2021-07-05,HOLDING,0.0,0.2,False,0.823685060929092,Alvo_Suavizado,
2832,2021-07-06,HOLDING,0.0,0.2,False,0.8236850594545473,Alvo_Suavizado,
2833,2021-07-07,HOLDING,0.0,0.2,False,0.8236850610000335,Alvo_Suavizado,
2834,2021-07-08,HOLDING,0.0,0.2,False,0.8236850609163473,Alvo_Suavizado,
2835,2021-07-12,HOLDING,0.0,0.2,False,0.8236850603962479,Alvo_Suavizado,
2836,2021-07-13,HOLDING,0.0,0.2,False,0.8236686951512375,Alvo_Suavizado,
2837,2021-07-14,HOLDING,0.0,0.2,False,0.8230515884168005,Alvo_Suavizado,
2838,2021-07-15,HOLDING,0.0,0.2,False,0.8236777378708668,Alvo_Suavizado,
2839,2021-07-16,HOLDING,0.0,0.2,False,0.8236850610007014,Alvo_Suavizado,
2840,2021-07-19,HOLDING,0.0,0.2,False,0.8236850609977382,Alvo_Suavizado,
2841,2021-07-20,HOLDING,0.0,0.2,False,0.8796003472894326,Alvo_Suavizado,
2842,2021-07-21,HOLDING,0.0,0.2,False,0.8803973703669786,Alvo_Suavizado,
2843,2021-07-22,AGUARDANDO_EXECUCAO,0.0,0.2,False,0.8803953665933055,Alvo_Suavizado,Alvo_Suavizado
2844,2021-07-23,AGUARDANDO_EXECUCAO,0.0,0.2,False,0.8803947283662413,Alvo_Suavizado,Alvo_Suavizado
2845,2021-07-26,EXECUTOU_TROCA,0.0,0.2,False,0.8803962171550582,Alvo_Suavizado,
2846,2021-07-27,HOLDING,0.0,0.2,False,0.8803970801879633,Alvo_Suavizado,
2847,2021-07-28,HOLDING,0.0,0.2,False,0.8803963722780094,Alvo_Suavizado,
2848,2021-07-29,HOLDING,0.0,0.2,False,0.8803974120893684,Alvo_Suavizado,
2849,2021-07-30,HOLDING,0.0,0.2,False,0.8803978431082664,Alvo_Suavizado,
2850,2021-08-02,HOLDING,0.0,0.2,False,0.8803988765573073,Alvo_Suavizado,
2851,2021-08-03,HOLDING,0.0,0.2,False,0.8803993035851689,Alvo_Suavizado,
2852,2021-08-04,HOLDING,0.0,0.2,False,0.8803989055244729,Alvo_Suavizado,
2853,2021-08-05,HOLDING,0.0,0.2,False,0.8803968563961178,Alvo_Suavizado,
2854,2021-08-06,HOLDING,0.0,0.2,False,0.8803956637872044,Alvo_Suavizado,
2855,2021-08-09,HOLDING,0.0,0.2,False,0.82368506100216,Alvo_Suavizado,
2856,2021-08-10,HOLDING,0.0,0.2,False,0.8236850610021601,Alvo_Suavizado,
2857,2021-08-11,HOLDING,0.0,0.2,False,0.8236850610021675,Alvo_Suavizado,
2858,2021-08-12,HOLDING,0.0,0.2,False,0.8236850610021643,Alvo_Suavizado,
2859,2021-08-13,HOLDING,0.0,0.2,False,0.8236850610021798,Alvo_Suavizado,
2860,2021-08-16,HOLDING,0.0,0.2,False,0.82368506100216,Alvo_Suavizado,
2861,2021-08-17,HOLDING,0.0,0.2,False,0.82368506100216,Alvo_Suavizado,
2862,2021-08-18,HOLDING,0.0,0.2,False,0.82368506100216,Alvo_Suavizado,
2863,2021-08-19,HOLDING,0.0,0.2,False,0.82368506100216,Alvo_Suavizado,
2864,2021-08-20,HOLDING,0.0,0.2,False,0.82368506100216,Alvo_Suavizado,
2865,2021-08-23,HOLDING,0.0,0.2,False,0.82368506100216,Alvo_Suavizado,
2866,2021-08-24,HOLDING,0.0,0.2,False,0.82368506100216,Alvo_Suavizado,
2867,2021-08-25,HOLDING,0.0,0.2,False,0.82368506100216,Alvo_Suavizado,
2868,2021-08-26,HOLDING,0.0,0.2,False,0.82368506100216,Alvo_Suavizado,
2869,2021-08-27,HOLDING,0.0,0.2,False,0.82368506100216,Alvo_Suavizado,
2870,2021-08-30,HOLDING,0.0,0.2,False,0.82368506100216,Alvo_Suavizado,
2871,2021-08-31,HOLDING,0.0,0.2,False,0.82368506100216,Alvo_Suavizado,
2872,2021-09-01,HOLDING,0.0,0.2,False,0.8236850610021602,Alvo_Suavizado,
2873,2021-09-02,HOLDING,0.0,0.2,False,0.8236850610021601,Alvo_Suavizado,
2874,2021-09-03,HOLDING,0.0,0.2,False,0.82368506100216,Alvo_Suavizado,
2875,2021-09-06,HOLDING,0.0,0.2,False,0.8704821749276255,Alvo_Suavizado,
2876,2021-09-08,HOLDING,0.0,0.2,False,0.8704821749276255,Alvo_Suavizado,
2877,2021-09-09,HOLDING,0.0,0.2,False,0.8803449792420497,Alvo_Suavizado,
2878,2021-09-10,HOLDING,0.0,0.2,False,0.8803984341266935,Alvo_Suavizado,
2879,2021-09-13,HOLDING,0.0,0.2,False,0.8803975938577606,Alvo_Suavizado,
2880,2021-09-14,HOLDING,0.0,0.2,False,0.8803968912326878,Alvo_Suavizado,
2881,2021-09-15,HOLDING,0.0,0.2,False,0.8803973102983071,Alvo_Suavizado,
2882,2021-09-16,HOLDING,0.0,0.2,False,0.8803976083170466,Alvo_Suavizado,
2883,2021-09-17,HOLDING,0.0,0.2,False,0.880397766527495,Alvo_Suavizado,
2884,2021-09-20,HOLDING,0.0,0.2,False,0.8803976322454757,Alvo_Suavizado,
2885,2021-09-21,HOLDING,0.0,0.2,False,0.8803982718416693,Alvo_Suavizado,
2886,2021-09-22,HOLDING,0.0,0.2,False,0.8803991187851938,Alvo_Suavizado,
2887,2021-09-23,HOLDING,0.0,0.2,False,0.8803982882401975,Alvo_Suavizado,
2888,2021-09-24,HOLDING,0.0,0.2,False,0.8803986653984538,Alvo_Suavizado,
2889,2021-09-27,HOLDING,0.0,0.2,False,0.82368506100216,Alvo_Suavizado,
2890,2021-09-28,HOLDING,0.0,0.2,False,0.8236850610021609,Alvo_Suavizado,
2891,2021-09-29,HOLDING,0.0,0.2,False,0.8236850610021638,Alvo_Suavizado,
2892,2021-09-30,HOLDING,0.0,0.2,False,0.8236850609617328,Alvo_Suavizado,
2893,2021-10-01,HOLDING,0.0,0.2,False,0.8236850610000191,Alvo_Suavizado,
2894,2021-10-04,HOLDING,0.0,0.2,False,0.8236850609886995,Alvo_Suavizado,
2895,2021-10-05,HOLDING,0.0,0.2,False,0.82368506100216,Alvo_Suavizado,
2896,2021-10-06,HOLDING,0.0,0.2,False,0.8236850610021601,Alvo_Suavizado,
2897,2021-10-07,HOLDING,0.0,0.2,False,0.8236850610021601,Alvo_Suavizado,
2898,2021-10-08,HOLDING,0.0,0.2,False,0.8236850609886833,Alvo_Suavizado,
2899,2021-10-11,HOLDING,0.0,0.2,False,0.8236850608461131,Alvo_Suavizado,
2900,2021-10-13,HOLDING,0.0,0.2,False,0.8236850609858599,Alvo_Suavizado,
2901,2021-10-14,HOLDING,0.0,0.2,False,0.8236850610021628,Alvo_Suavizado,
2902,2021-10-15,HOLDING,0.0,0.2,False,0.8236850610021672,Alvo_Suavizado,
2903,2021-10-18,HOLDING,0.0,0.2,False,0.8236850610021602,Alvo_Suavizado,
2904,2021-10-19,HOLDING,0.0,0.2,False,0.82368506100216,Alvo_Suavizado,
2905,2021-10-20,HOLDING,0.0,0.2,False,0.82368506100216,Alvo_Suavizado,
2906,2021-10-21,HOLDING,0.0,0.2,False,0.8236850610021648,Alvo_Suavizado,
2907,2021-10-22,HOLDING,0.0,0.2,False,0.8236850610021607,Alvo_Suavizado,
2908,2021-10-25,HOLDING,0.0,0.2,False,0.8236850609234466,Alvo_Suavizado,
2909,2021-10-26,HOLDING,0.0,0.2,False,0.8754971438927786,Alvo_Suavizado,
2910,2021-10-27,AGUARDANDO_EXECUCAO,0.0,0.2,False,0.8803927186623626,Alvo_Suavizado,Alvo_Suavizado
2911,2021-10-28,AGUARDANDO_EXECUCAO,0.0,0.2,False,0.880397031434604,Alvo_Suavizado,Alvo_Suavizado
2912,2021-10-29,EXECUTOU_TROCA,0.0,0.2,False,0.880396133322586,Alvo_Suavizado,
2913,2021-11-01,HOLDING,0.0,0.2,False,0.82368506100216,Alvo_Suavizado,
2914,2021-11-03,HOLDING,0.0,0.2,False,0.82368506100216,Alvo_Suavizado,
2915,2021-11-04,HOLDING,0.0,0.2,False,0.8236850610014397,Alvo_Suavizado,
2916,2021-11-05,HOLDING,0.0,0.2,False,0.8236850610021647,Alvo_Suavizado,
2917,2021-11-08,HOLDING,0.0,0.2,False,0.8236850610021604,Alvo_Suavizado,
2918,2021-11-09,HOLDING,0.0,0.2,False,0.8236850610021601,Alvo_Suavizado,
2919,2021-11-10,HOLDING,0.0,0.2,False,0.8704821749276255,Alvo_Suavizado,
2920,2021-11-11,HOLDING,0.0,0.2,False,0.8704821749276255,Alvo_Suavizado,
2921,2021-11-12,HOLDING,0.0,0.2,False,0.8704821749276255,Alvo_Suavizado,
2922,2021-11-16,HOLDING,0.0,0.2,False,0.8704821749276255,Alvo_Suavizado,
2923,2021-11-17,HOLDING,0.0,0.2,False,0.8704821749276255,Alvo_Suavizado,
2924,2021-11-18,HOLDING,0.0,0.2,False,0.8704821749276255,Alvo_Suavizado,
2925,2021-11-19,HOLDING,0.0,0.2,False,0.8704821749276255,Alvo_Suavizado,
2926,2021-11-22,HOLDING,0.0,0.2,False,0.8704821749276255,Alvo_Suavizado,
2927,2021-11-23,HOLDING,0.0,0.2,False,0.8704821749276255,Alvo_Suavizado,
2928,2021-11-24,HOLDING,0.0,0.2,False,0.8704821749276255,Alvo_Suavizado,
2929,2021-11-25,HOLDING,0.0,0.2,False,0.8704821749276255,Alvo_Suavizado,
2930,2021-11-26,HOLDING,0.0,0.2,False,0.8704821749276255,Alvo_Suavizado,
2931,2021-11-29,HOLDING,0.0,0.2,False,0.8236850571763987,Alvo_Suavizado,
2932,2021-11-30,HOLDING,0.0,0.2,False,0.8236850608411702,Alvo_Suavizado,
2933,2021-12-01,HOLDING,0.0,0.2,False,0.8781074008500467,Alvo_Suavizado,
2934,2021-12-02,HOLDING,0.0,0.2,False,0.8803958035194772,Alvo_Suavizado,
2935,2021-12-03,HOLDING,0.0,0.2,False,0.8803941381787758,Alvo_Suavizado,
2936,2021-12-06,HOLDING,0.0,0.2,False,0.8803948734867244,Alvo_Suavizado,
2937,2021-12-07,HOLDING,0.0,0.2,False,0.8803937761461877,Alvo_Suavizado,
2938,2021-12-08,HOLDING,0.0,0.2,False,0.8803942444675348,Alvo_Suavizado,
2939,2021-12-09,HOLDING,0.0,0.2,False,0.8803964057055915,Alvo_Suavizado,
2940,2021-12-10,HOLDING,0.0,0.2,False,0.8803975401088046,Alvo_Suavizado,
2941,2021-12-13,HOLDING,0.0,0.2,False,0.82368506100216,Alvo_Suavizado,
2942,2021-12-14,HOLDING,0.0,0.2,False,0.82368506100216,Alvo_Suavizado,
2943,2021-12-15,HOLDING,0.0,0.2,False,0.82368506100216,Alvo_Suavizado,
2944,2021-12-16,HOLDING,0.0,0.2,False,0.82368506100216,Alvo_Suavizado,
2945,2021-12-17,HOLDING,0.0,0.2,False,0.82368506100216,Alvo_Suavizado,
2946,2021-12-20,HOLDING,0.0,0.2,False,0.82368506100216,Alvo_Suavizado,
2947,2021-12-21,HOLDING,0.0,0.2,False,0.82368506100216,Alvo_Suavizado,
2948,2021-12-22,HOLDING,0.0,0.2,False,0.82368506100216,Alvo_Suavizado,
2949,2021-12-23,HOLDING,0.0,0.2,False,0.82368506100216,Alvo_Suavizado,
2950,2021-12-27,HOLDING,0.0,0.2,False,0.82368506100216,Alvo_Suavizado,
2951,2021-12-28,HOLDING,0.0,0.2,False,0.82368506100216,Alvo_Suavizado,
2952,2021-12-29,HOLDING,0.0,0.2,False,0.82368506100216,Alvo_Suavizado,
2953,2021-12-30,HOLDING,0.0,0.2,False,0.82368506100216,Alvo_Suavizado,
2954,2022-01-04,HOLDING,0.0,0.2,False,0.8886384249575617,Alvo_Suavizado,
2955,2022-01-05,AGUARDANDO_EXECUCAO,0.0,0.2,False,0.9494273104341645,Alvo_Suavizado,Alvo_Suavizado
2956,2022-01-06,AGUARDANDO_EXECUCAO,0.0,0.2,False,0.949428952507012,Alvo_Suavizado,Alvo_Suavizado
2957,2022-01-07,EXECUTOU_TROCA,0.0,0.2,False,0.9494289454506337,Alvo_Suavizado,
2958,2022-01-10,HOLDING,0.0,0.2,False,0.9494289553558597,Alvo_Suavizado,
2959,2022-01-11,HOLDING,0.0,0.2,False,0.9494289561761751,Alvo_Suavizado,
2960,2022-01-12,HOLDING,0.0,0.2,False,0.9494289562067334,Alvo_Suavizado,
2961,2022-01-13,HOLDING,0.0,0.2,False,0.9494289563524895,Alvo_Suavizado,
2962,2022-01-14,HOLDING,0.0,0.2,False,0.949428955760135,Alvo_Suavizado,
2963,2022-01-17,HOLDING,0.0,0.2,False,0.9494289420948769,Alvo_Suavizado,
2964,2022-01-18,HOLDING,0.0,0.2,False,0.949428954267577,Alvo_Suavizado,
2965,2022-01-19,HOLDING,0.0,0.2,False,0.9494289561589407,Alvo_Suavizado,
2966,2022-01-20,HOLDING,0.0,0.2,False,0.9494289562193019,Alvo_Suavizado,
2967,2022-01-21,HOLDING,0.0,0.2,False,0.9494289561840038,Alvo_Suavizado,
2968,2022-01-24,HOLDING,0.0,0.2,False,0.9494289555673798,Alvo_Suavizado,
2969,2022-01-25,HOLDING,0.0,0.2,False,0.9494289562670967,Alvo_Suavizado,
2970,2022-01-26,HOLDING,0.0,0.2,False,0.9494289563634536,Alvo_Suavizado,
2971,2022-01-27,HOLDING,0.0,0.2,False,0.9494289563900572,Alvo_Suavizado,
2972,2022-01-28,HOLDING,0.0,0.2,False,0.9494289563853427,Alvo_Suavizado,
2973,2022-01-31,HOLDING,0.0,0.2,False,0.9494289563963112,Alvo_Suavizado,
2974,2022-02-01,HOLDING,0.0,0.2,False,0.9494289564049555,Alvo_Suavizado,
2975,2022-02-02,HOLDING,0.0,0.2,False,0.949428956397955,Alvo_Suavizado,
2976,2022-02-03,HOLDING,0.0,0.2,False,0.9494289563085648,Alvo_Suavizado,
2977,2022-02-04,HOLDING,0.0,0.2,False,0.9494289559285675,Alvo_Suavizado,
2978,2022-02-07,HOLDING,0.0,0.2,False,0.9494289544180149,Alvo_Suavizado,
2979,2022-02-08,HOLDING,0.0,0.2,False,0.9494289530891163,Alvo_Suavizado,
2980,2022-02-09,HOLDING,0.0,0.2,False,0.9494289538570223,Alvo_Suavizado,
2981,2022-02-10,HOLDING,0.0,0.2,False,0.949428950704118,Alvo_Suavizado,
2982,2022-02-11,HOLDING,0.0,0.2,False,0.9494289102834412,Alvo_Suavizado,
2983,2022-02-14,HOLDING,0.0,0.2,False,0.94942893090083,Alvo_Suavizado,
2984,2022-02-15,HOLDING,0.0,0.2,False,0.9494289563462114,Alvo_Suavizado,
2985,2022-02-16,HOLDING,0.0,0.2,False,0.9494289562004546,Alvo_Suavizado,
2986,2022-02-17,HOLDING,0.0,0.2,False,0.9494289518989589,Alvo_Suavizado,
2987,2022-02-18,HOLDING,0.0,0.2,False,0.9494289552187319,Alvo_Suavizado,
2988,2022-02-21,HOLDING,0.0,0.2,False,0.9494289559489952,Alvo_Suavizado,
2989,2022-02-22,HOLDING,0.0,0.2,False,0.9494289563210979,Alvo_Suavizado,
2990,2022-02-23,HOLDING,0.0,0.2,False,0.9494289559740003,Alvo_Suavizado,
2991,2022-02-24,HOLDING,0.0,0.2,False,0.9494289561714635,Alvo_Suavizado,
2992,2022-02-25,HOLDING,0.0,0.2,False,0.9494289560037734,Alvo_Suavizado,
2993,2022-03-02,HOLDING,0.0,0.2,False,0.9494289560900303,Alvo_Suavizado,
2994,2022-03-03,HOLDING,0.0,0.2,False,0.9494289563250355,Alvo_Suavizado,
2995,2022-03-04,HOLDING,0.0,0.2,False,0.9494289563861585,Alvo_Suavizado,
2996,2022-03-07,HOLDING,0.0,0.2,False,0.9494289563610795,Alvo_Suavizado,
2997,2022-03-08,HOLDING,0.0,0.2,False,0.9494289563657654,Alvo_Suavizado,
2998,2022-03-09,HOLDING,0.0,0.2,False,0.9494289564073195,Alvo_Suavizado,
2999,2022-03-10,HOLDING,0.0,0.2,False,0.9494289564081093,Alvo_Suavizado,
3000,2022-03-11,HOLDING,0.0,0.2,False,0.9494289564096839,Alvo_Suavizado,
3001,2022-03-14,HOLDING,0.0,0.2,False,0.9494289564097033,Alvo_Suavizado,
3002,2022-03-15,HOLDING,0.0,0.2,False,0.94942895640969,Alvo_Suavizado,
3003,2022-03-16,HOLDING,0.0,0.2,False,0.9494289564096937,Alvo_Suavizado,
3004,2022-03-17,HOLDING,0.0,0.2,False,0.9494289564088579,Alvo_Suavizado,
3005,2022-03-18,HOLDING,0.0,0.2,False,0.9494289564096889,Alvo_Suavizado,
3006,2022-03-21,HOLDING,0.0,0.2,False,0.9494289564096706,Alvo_Suavizado,
3007,2022-03-22,HOLDING,0.0,0.2,False,0.9494289564096706,Alvo_Suavizado,
3008,2022-03-23,HOLDING,0.0,0.2,False,0.9494289564096713,Alvo_Suavizado,
3009,2022-03-24,HOLDING,0.0,0.2,False,0.9494289564096737,Alvo_Suavizado,
3010,2022-03-25,HOLDING,0.0,0.2,False,0.9494289564088537,Alvo_Suavizado,
3011,2022-03-28,HOLDING,0.0,0.2,False,0.9494289564088476,Alvo_Suavizado,
3012,2022-03-29,HOLDING,0.0,0.2,False,0.949428956404187,Alvo_Suavizado,
3013,2022-03-30,HOLDING,0.0,0.2,False,0.9494289564065637,Alvo_Suavizado,
3014,2022-03-31,HOLDING,0.0,0.2,False,0.9494289563979443,Alvo_Suavizado,
3015,2022-04-01,HOLDING,0.0,0.2,False,0.9494289563038649,Alvo_Suavizado,
3016,2022-04-04,HOLDING,0.0,0.2,False,0.9494289560171464,Alvo_Suavizado,
3017,2022-04-05,HOLDING,0.0,0.2,False,0.9494289564041931,Alvo_Suavizado,
3018,2022-04-06,HOLDING,0.0,0.2,False,0.9494289563940409,Alvo_Suavizado,
3019,2022-04-07,HOLDING,0.0,0.2,False,0.9494289562819334,Alvo_Suavizado,
3020,2022-04-08,HOLDING,0.0,0.2,False,0.9494289563524974,Alvo_Suavizado,
3021,2022-04-11,HOLDING,0.0,0.2,False,0.9494289563289385,Alvo_Suavizado,
3022,2022-04-12,AGUARDANDO_EXECUCAO,0.0,0.2,False,0.9494289563532555,Alvo_Suavizado,Alvo_Suavizado
3023,2022-04-13,AGUARDANDO_EXECUCAO,0.0,0.2,False,0.9494289561730574,Alvo_Suavizado,Alvo_Suavizado
3024,2022-04-14,EXECUTOU_TROCA,0.0,0.2,False,0.9494289559222955,Alvo_Suavizado,
3025,2022-04-18,HOLDING,0.0,0.2,False,0.9494289562482758,Alvo_Suavizado,
3026,2022-04-19,HOLDING,0.0,0.2,False,0.9494289551066859,Alvo_Suavizado,
3027,2022-04-20,HOLDING,0.0,0.2,False,0.9494289548755765,Alvo_Suavizado,
3028,2022-04-22,HOLDING,0.0,0.2,False,0.949428954866156,Alvo_Suavizado,
3029,2022-04-25,HOLDING,0.0,0.2,False,0.9494289561675593,Alvo_Suavizado,
3030,2022-04-26,HOLDING,0.0,0.2,False,0.9494289525540055,Alvo_Suavizado,
3031,2022-04-27,HOLDING,0.0,0.2,False,0.9494289256168045,Alvo_Suavizado,
3032,2022-04-28,HOLDING,0.0,0.2,False,0.9494289564096706,Alvo_Suavizado,
3033,2022-04-29,HOLDING,0.0,0.2,False,0.9494289564096706,Alvo_Suavizado,
3034,2022-05-02,HOLDING,0.0,0.2,False,0.9494289564096706,Alvo_Suavizado,
3035,2022-05-03,HOLDING,0.0,0.2,False,0.9494289564096706,Alvo_Suavizado,
3036,2022-05-04,HOLDING,0.0,0.2,False,0.9494289564096706,Alvo_Suavizado,
3037,2022-05-05,HOLDING,0.0,0.2,False,0.9494289564096706,Alvo_Suavizado,
3038,2022-05-06,HOLDING,0.0,0.2,False,0.9494289564096706,Alvo_Suavizado,
3039,2022-05-09,HOLDING,0.0,0.2,False,0.9494289564096706,Alvo_Suavizado,
3040,2022-05-10,HOLDING,0.0,0.2,False,0.9494289564096706,Alvo_Suavizado,
3041,2022-05-11,HOLDING,0.0,0.2,False,0.9494289564096706,Alvo_Suavizado,
3042,2022-05-12,HOLDING,0.0,0.2,False,0.9494289564098424,Alvo_Suavizado,
3043,2022-05-13,HOLDING,0.0,0.2,False,0.9494283128170522,Alvo_Suavizado,
3044,2022-05-16,HOLDING,0.0,0.2,False,0.9494289564096721,Alvo_Suavizado,
3045,2022-05-17,HOLDING,0.0,0.2,False,0.9493871644379474,Alvo_Suavizado,
3046,2022-05-18,HOLDING,0.0,0.2,False,0.949419316814176,Alvo_Suavizado,
3047,2022-05-19,HOLDING,0.0,0.2,False,0.9494275380463886,Alvo_Suavizado,
3048,2022-05-20,HOLDING,0.0,0.2,False,0.9494289564012814,Alvo_Suavizado,
3049,2022-05-23,HOLDING,0.0,0.2,False,0.9494289564068386,Alvo_Suavizado,
3050,2022-05-24,HOLDING,0.0,0.2,False,0.9494289564096706,Alvo_Suavizado,
3051,2022-05-25,HOLDING,0.0,0.2,False,0.9494289564096706,Alvo_Suavizado,
3052,2022-05-26,HOLDING,0.0,0.2,False,0.9494289564096706,Alvo_Suavizado,
3053,2022-05-27,HOLDING,0.0,0.2,False,0.9494289564097238,Alvo_Suavizado,
3054,2022-05-30,HOLDING,0.0,0.2,False,0.9494289564096707,Alvo_Suavizado,
3055,2022-05-31,HOLDING,0.0,0.2,False,0.9494289564096706,Alvo_Suavizado,
3056,2022-06-01,HOLDING,0.0,0.2,False,0.94942895632667,Alvo_Suavizado,
3057,2022-06-02,HOLDING,0.0,0.2,False,0.9494289562967918,Alvo_Suavizado,
3058,2022-06-03,HOLDING,0.0,0.2,False,0.9494289550745818,Alvo_Suavizado,
3059,2022-06-06,HOLDING,0.0,0.2,False,0.9494289555807495,Alvo_Suavizado,
3060,2022-06-07,HOLDING,0.0,0.2,False,0.9494289544227325,Alvo_Suavizado,
3061,2022-06-08,HOLDING,0.0,0.2,False,0.9494289538570242,Alvo_Suavizado,
3062,2022-06-09,HOLDING,0.0,0.2,False,0.9494289546890335,Alvo_Suavizado,
3063,2022-06-10,HOLDING,0.0,0.2,False,0.9494289545668724,Alvo_Suavizado,
3064,2022-06-13,HOLDING,0.0,0.2,False,0.9494289557499742,Alvo_Suavizado,
3065,2022-06-14,HOLDING,0.0,0.2,False,0.9494289561338203,Alvo_Suavizado,
3066,2022-06-15,HOLDING,0.0,0.2,False,0.9494289563986992,Alvo_Suavizado,
3067,2022-06-17,HOLDING,0.0,0.2,False,0.9494289563909207,Alvo_Suavizado,
3068,2022-06-20,HOLDING,0.0,0.2,False,0.9494289564034568,Alvo_Suavizado,
3069,2022-06-21,HOLDING,0.0,0.2,False,0.9494289562875121,Alvo_Suavizado,
3070,2022-06-22,HOLDING,0.0,0.2,False,0.9494289562889335,Alvo_Suavizado,
3071,2022-06-23,HOLDING,0.0,0.2,False,0.9494289562246903,Alvo_Suavizado,
3072,2022-06-24,HOLDING,0.0,0.2,False,0.9494289562968603,Alvo_Suavizado,
3073,2022-06-27,HOLDING,0.0,0.2,False,0.9494289563000049,Alvo_Suavizado,
3074,2022-06-28,HOLDING,0.0,0.2,False,0.9494289563423072,Alvo_Suavizado,
3075,2022-06-29,HOLDING,0.0,0.2,False,0.9494289563845991,Alvo_Suavizado,
3076,2022-06-30,HOLDING,0.0,0.2,False,0.9494289563940613,Alvo_Suavizado,
3077,2022-07-01,HOLDING,0.0,0.2,False,0.9494289564003464,Alvo_Suavizado,
3078,2022-07-04,HOLDING,0.0,0.2,False,0.9494289563971481,Alvo_Suavizado,
3079,2022-07-05,HOLDING,0.0,0.2,False,0.9494289563250908,Alvo_Suavizado,
3080,2022-07-06,HOLDING,0.0,0.2,False,0.9494289563046925,Alvo_Suavizado,
3081,2022-07-07,HOLDING,0.0,0.2,False,0.9494289563767776,Alvo_Suavizado,
3082,2022-07-08,HOLDING,0.0,0.2,False,0.9494289563689831,Alvo_Suavizado,
3083,2022-07-11,HOLDING,0.0,0.2,False,0.9494289563485335,Alvo_Suavizado,
3084,2022-07-12,HOLDING,0.0,0.2,False,0.94942895608061,Alvo_Suavizado,
3085,2022-07-13,HOLDING,0.0,0.2,False,0.9494289563187989,Alvo_Suavizado,
3086,2022-07-14,HOLDING,0.0,0.2,False,0.949428956390844,Alvo_Suavizado,
3087,2022-07-15,HOLDING,0.0,0.2,False,0.9494289563893747,Alvo_Suavizado,
3088,2022-07-18,HOLDING,0.0,0.2,False,0.9494289562513234,Alvo_Suavizado,
3089,2022-07-19,SEM_TROCA,0.0,0.2,False,0.9494289561511671,Alvo_Suavizado,
3090,2022-07-20,SEM_TROCA,0.0,0.2,False,0.9494289555916777,Alvo_Suavizado,
3091,2022-07-21,SEM_TROCA,0.0,0.2,False,0.9494289561166158,Alvo_Suavizado,
3092,2022-07-22,SEM_TROCA,0.0,0.2,False,0.9494289562184585,Alvo_Suavizado,
3093,2022-07-25,SEM_TROCA,0.0,0.2,False,0.9494289563641696,Alvo_Suavizado,
3094,2022-07-26,SEM_TROCA,0.0,0.2,False,0.9494289562873681,Alvo_Suavizado,
3095,2022-07-27,SEM_TROCA,0.0,0.2,False,0.9494289561463806,Alvo_Suavizado,
3096,2022-07-28,SEM_TROCA,0.0,0.2,False,0.9494289547799182,Alvo_Suavizado,
3097,2022-07-29,SEM_TROCA,0.0,0.2,False,0.9494289548708972,Alvo_Suavizado,
3098,2022-08-01,SEM_TROCA,0.0,0.2,False,0.9494288699051284,Alvo_Suavizado,
3099,2022-08-02,SEM_TROCA,0.0,0.2,False,0.9494278038399798,Alvo_Suavizado,
3100,2022-08-03,SEM_TROCA,0.0,0.2,False,0.9492497663676558,Alvo_Suavizado,
3101,2022-08-04,SEM_TROCA,0.0,0.2,False,0.9493937335394921,Alvo_Suavizado,
3102,2022-08-05,SEM_TROCA,0.0,0.2,False,0.8886384249575617,Alvo_Suavizado,
3103,2022-08-08,AGUARDANDO_EXECUCAO,0.0,0.2,False,0.8886384249575617,Alvo_Suavizado,Alvo_Suavizado
3104,2022-08-09,AGUARDANDO_EXECUCAO,0.0,0.2,False,0.8886384249575617,Alvo_Suavizado,Alvo_Suavizado
3105,2022-08-10,EXECUTOU_TROCA,0.0,0.2,False,0.8886384249575617,Alvo_Suavizado,
3106,2022-08-11,HOLDING,0.0,0.2,False,0.8886384249575617,Alvo_Suavizado,
3107,2022-08-12,HOLDING,0.0,0.2,False,0.8886384249575617,Alvo_Suavizado,
3108,2022-08-15,HOLDING,0.0,0.2,False,0.8886384249575617,Alvo_Suavizado,
3109,2022-08-16,HOLDING,0.0,0.2,False,0.8886384249575617,Alvo_Suavizado,
3110,2022-08-17,HOLDING,0.0,0.2,False,0.8886384249575617,Alvo_Suavizado,
3111,2022-08-18,HOLDING,0.0,0.2,False,0.8886384249575617,Alvo_Suavizado,
3112,2022-08-19,HOLDING,0.0,0.2,False,0.8886384249575617,Alvo_Suavizado,
3113,2022-08-22,HOLDING,0.0,0.2,False,0.8886384249575617,Alvo_Suavizado,
3114,2022-08-23,HOLDING,0.0,0.2,False,0.8886384249575617,Alvo_Suavizado,
3115,2022-08-24,HOLDING,0.0,0.2,False,0.8886384249575617,Alvo_Suavizado,
3116,2022-08-25,HOLDING,0.0,0.2,False,0.8886384249575617,Alvo_Suavizado,
3117,2022-08-26,HOLDING,0.0,0.2,False,0.8886384249575617,Alvo_Suavizado,
3118,2022-08-29,HOLDING,0.0,0.2,False,0.8886384249575617,Alvo_Suavizado,
3119,2022-08-30,HOLDING,0.0,0.2,False,0.8886384249575617,Alvo_Suavizado,
3120,2022-08-31,HOLDING,0.0,0.2,False,0.8886384249575617,Alvo_Suavizado,
3121,2022-09-01,HOLDING,0.0,0.2,False,0.8886384249575617,Alvo_Suavizado,
3122,2022-09-02,HOLDING,0.0,0.2,False,0.7604091093400259,Alvo_Suavizado,
3123,2022-09-05,HOLDING,0.0,0.2,False,0.7604091093400259,Alvo_Suavizado,
3124,2022-09-06,HOLDING,0.0,0.2,False,0.7604091093400259,Alvo_Suavizado,
3125,2022-09-08,HOLDING,0.0,0.2,False,0.8886384249575617,Alvo_Suavizado,
3126,2022-09-09,HOLDING,0.0,0.2,False,0.8886384249575617,Alvo_Suavizado,
3127,2022-09-12,HOLDING,0.0,0.2,False,0.8886384249575617,Alvo_Suavizado,
3128,2022-09-13,HOLDING,0.0,0.2,False,0.8886384249575617,Alvo_Suavizado,
3129,2022-09-14,HOLDING,0.0,0.2,False,0.9494289128886075,Alvo_Suavizado,
3130,2022-09-15,HOLDING,0.0,0.2,False,0.9494289554192578,Alvo_Suavizado,
3131,2022-09-16,HOLDING,0.0,0.2,False,0.9494289563156123,Alvo_Suavizado,
3132,2022-09-19,HOLDING,0.0,0.2,False,0.9494289559552578,Alvo_Suavizado,
3133,2022-09-20,HOLDING,0.0,0.2,False,0.9494289562889682,Alvo_Suavizado,
3134,2022-09-21,HOLDING,0.0,0.2,False,0.9494289563939855,Alvo_Suavizado,
3135,2022-09-22,HOLDING,0.0,0.2,False,0.9494289563282184,Alvo_Suavizado,
3136,2022-09-23,HOLDING,0.0,0.2,False,0.9494289562357883,Alvo_Suavizado,
3137,2022-09-26,HOLDING,0.0,0.2,False,0.9494289563940229,Alvo_Suavizado,
3138,2022-09-27,HOLDING,0.0,0.2,False,0.94942895640023,Alvo_Suavizado,
3139,2022-09-28,HOLDING,0.0,0.2,False,0.9494289564097279,Alvo_Suavizado,
3140,2022-09-29,HOLDING,0.0,0.2,False,0.9494289564097214,Alvo_Suavizado,
3141,2022-09-30,HOLDING,0.0,0.2,False,0.9494289564096882,Alvo_Suavizado,
3142,2022-10-03,HOLDING,0.0,0.2,False,0.949428956409688,Alvo_Suavizado,
3143,2022-10-04,HOLDING,0.0,0.2,False,0.94942895640968,Alvo_Suavizado,
3144,2022-10-05,HOLDING,0.0,0.2,False,0.949428956409671,Alvo_Suavizado,
3145,2022-10-06,HOLDING,0.0,0.2,False,0.9494289564097075,Alvo_Suavizado,
3146,2022-10-07,HOLDING,0.0,0.2,False,0.9494289564097791,Alvo_Suavizado,
3147,2022-10-10,HOLDING,0.0,0.2,False,0.9494289417570709,Alvo_Suavizado,
3148,2022-10-11,HOLDING,0.0,0.2,False,0.9494289454843112,Alvo_Suavizado,
3149,2022-10-13,HOLDING,0.0,0.2,False,0.9494289562372312,Alvo_Suavizado,
3150,2022-10-14,HOLDING,0.0,0.2,False,0.9494277460983631,Alvo_Suavizado,
3151,2022-10-17,HOLDING,0.0,0.2,False,0.9494289562670232,Alvo_Suavizado,
3152,2022-10-18,HOLDING,0.0,0.2,False,0.9494289559207458,Alvo_Suavizado,
3153,2022-10-19,HOLDING,0.0,0.2,False,0.9494289563705219,Alvo_Suavizado,
3154,2022-10-20,HOLDING,0.0,0.2,False,0.9494289564033498,Alvo_Suavizado,
3155,2022-10-21,HOLDING,0.0,0.2,False,0.949428956367354,Alvo_Suavizado,
3156,2022-10-24,HOLDING,0.0,0.2,False,0.9494289564080782,Alvo_Suavizado,
3157,2022-10-25,HOLDING,0.0,0.2,False,0.9494289548541174,Alvo_Suavizado,
3158,2022-10-26,HOLDING,0.0,0.2,False,0.9494289564096743,Alvo_Suavizado,
3159,2022-10-27,HOLDING,0.0,0.2,False,0.9494289563959448,Alvo_Suavizado,
3160,2022-10-28,HOLDING,0.0,0.2,False,0.9494289393205647,Alvo_Suavizado,
3161,2022-10-31,HOLDING,0.0,0.2,False,0.9494288895451805,Alvo_Suavizado,
3162,2022-11-01,HOLDING,0.0,0.2,False,0.9494289564097131,Alvo_Suavizado,
3163,2022-11-03,HOLDING,0.0,0.2,False,0.9494289564096706,Alvo_Suavizado,
3164,2022-11-04,HOLDING,0.0,0.2,False,0.9494289564096707,Alvo_Suavizado,
3165,2022-11-07,HOLDING,0.0,0.2,False,0.9494289564096781,Alvo_Suavizado,
3166,2022-11-08,HOLDING,0.0,0.2,False,0.9494289564080749,Alvo_Suavizado,
3167,2022-11-09,HOLDING,0.0,0.2,False,0.9494289564096706,Alvo_Suavizado,
3168,2022-11-10,HOLDING,0.0,0.2,False,0.9494289564096706,Alvo_Suavizado,
3169,2022-11-11,HOLDING,0.0,0.2,False,0.9494289564096706,Alvo_Suavizado,
3170,2022-11-14,AGUARDANDO_EXECUCAO,0.0,0.2,False,0.9494289564096706,Alvo_Suavizado,Alvo_Suavizado
3171,2022-11-16,AGUARDANDO_EXECUCAO,0.0,0.2,False,0.9494289564096706,Alvo_Suavizado,Alvo_Suavizado
3172,2022-11-17,EXECUTOU_TROCA,0.0,0.2,False,0.9494289564096706,Alvo_Suavizado,
3173,2022-11-18,HOLDING,0.0,0.2,False,0.9494289564096706,Alvo_Suavizado,
3174,2022-11-21,HOLDING,0.0,0.2,False,0.9494289564096706,Alvo_Suavizado,
3175,2022-11-22,HOLDING,0.0,0.2,False,0.9494289564096706,Alvo_Suavizado,
3176,2022-11-23,HOLDING,0.0,0.2,False,0.9494289564096765,Alvo_Suavizado,
3177,2022-11-24,HOLDING,0.0,0.2,False,0.9494289564096734,Alvo_Suavizado,
3178,2022-11-25,HOLDING,0.0,0.2,False,0.9494289564096706,Alvo_Suavizado,
3179,2022-11-28,HOLDING,0.0,0.2,False,0.9494289564049332,Alvo_Suavizado,
3180,2022-11-29,HOLDING,0.0,0.2,False,0.949428956404894,Alvo_Suavizado,
3181,2022-11-30,HOLDING,0.0,0.2,False,0.9494289564065198,Alvo_Suavizado,
3182,2022-12-01,HOLDING,0.0,0.2,False,0.949428956404922,Alvo_Suavizado,
3183,2022-12-02,HOLDING,0.0,0.2,False,0.9494289564049622,Alvo_Suavizado,
3184,2022-12-05,HOLDING,0.0,0.2,False,0.9494289556606681,Alvo_Suavizado,
3185,2022-12-06,HOLDING,0.0,0.2,False,0.9494289558643633,Alvo_Suavizado,
3186,2022-12-07,HOLDING,0.0,0.2,False,0.9494289563219971,Alvo_Suavizado,
3187,2022-12-08,HOLDING,0.0,0.2,False,0.9494289562623817,Alvo_Suavizado,
3188,2022-12-09,HOLDING,0.0,0.2,False,0.9494289556668278,Alvo_Suavizado,
3189,2022-12-12,HOLDING,0.0,0.2,False,0.9494289554302083,Alvo_Suavizado,
3190,2022-12-13,HOLDING,0.0,0.2,False,0.8886384249575617,Alvo_Suavizado,
3191,2022-12-14,HOLDING,0.0,0.2,False,0.8886384249575617,Alvo_Suavizado,
3192,2022-12-15,HOLDING,0.0,0.2,False,0.8886384249575617,Alvo_Suavizado,
3193,2022-12-16,HOLDING,0.0,0.2,False,0.8886384249575617,Alvo_Suavizado,
3194,2022-12-19,HOLDING,0.0,0.2,False,0.8886384249575633,Alvo_Suavizado,
3195,2022-12-20,HOLDING,0.0,0.2,False,0.8886384249575617,Alvo_Suavizado,
3196,2022-12-21,HOLDING,0.0,0.2,False,0.8886384249514656,Alvo_Suavizado,
3197,2022-12-22,HOLDING,0.0,0.2,False,0.8886384249575617,Alvo_Suavizado,
3198,2022-12-23,HOLDING,0.0,0.2,False,0.8886384249575617,Alvo_Suavizado,
3199,2022-12-26,HOLDING,0.0,0.2,False,0.8886384249575617,Alvo_Suavizado,
3200,2022-12-27,HOLDING,0.0,0.2,False,0.8886384249575617,Alvo_Suavizado,
3201,2022-12-28,HOLDING,0.0,0.2,False,0.8886384249575617,Alvo_Suavizado,
3202,2022-12-29,HOLDING,0.0,0.2,False,0.8886384249575617,Alvo_Suavizado,
3203,2023-01-03,HOLDING,0.0,0.2,False,0.8990236960452321,Alvo_Suavizado,
3204,2023-01-04,AGUARDANDO_EXECUCAO,0.0,0.2,False,0.8844179989647385,Alvo_Suavizado,Alvo_Suavizado
3205,2023-01-05,AGUARDANDO_EXECUCAO,0.0,0.2,False,0.8844179693161428,Alvo_Suavizado,Alvo_Suavizado
3206,2023-01-06,EXECUTOU_TROCA,0.0,0.2,False,0.8843977384614361,Alvo_Suavizado,
3207,2023-01-09,HOLDING,0.0,0.2,False,0.8837858113434017,Alvo_Suavizado,
3208,2023-01-10,HOLDING,0.0,0.2,False,0.8836989173150656,Alvo_Suavizado,
3209,2023-01-11,HOLDING,0.0,0.2,False,0.884027065067468,Alvo_Suavizado,
3210,2023-01-12,HOLDING,0.0,0.2,False,0.8818137917707353,Alvo_Suavizado,
3211,2023-01-13,HOLDING,0.0,0.2,False,0.8549479088726188,Alvo_Suavizado,
3212,2023-01-16,HOLDING,0.0,0.2,False,0.8770672690899757,Alvo_Suavizado,
3213,2023-01-17,HOLDING,0.0,0.2,False,0.8843804943858118,Alvo_Suavizado,
3214,2023-01-18,HOLDING,0.0,0.2,False,0.8841681596176281,Alvo_Suavizado,
3215,2023-01-19,HOLDING,0.0,0.2,False,0.884007709834446,Alvo_Suavizado,
3216,2023-01-20,HOLDING,0.0,0.2,False,0.8791836414075027,Alvo_Suavizado,
3217,2023-01-23,HOLDING,0.0,0.2,False,0.8843459778635305,Alvo_Suavizado,
3218,2023-01-24,HOLDING,0.0,0.2,False,0.8816279964417219,Alvo_Suavizado,
3219,2023-01-25,HOLDING,0.0,0.2,False,0.86428513212912,Alvo_Suavizado,
3220,2023-01-26,HOLDING,0.0,0.2,False,0.8295049182342957,Alvo_Suavizado,
3221,2023-01-27,HOLDING,0.0,0.2,False,0.5457829207898466,Alvo_Suavizado,
3222,2023-01-30,HOLDING,0.0,0.2,False,0.8609851685387317,Alvo_Suavizado,
3223,2023-01-31,HOLDING,0.0,0.2,False,0.895559730513219,Alvo_Suavizado,
3224,2023-02-01,HOLDING,0.0,0.2,False,0.8978934634900406,Alvo_Suavizado,
3225,2023-02-02,HOLDING,0.0,0.2,False,0.8973040528196577,Alvo_Suavizado,
3226,2023-02-03,HOLDING,0.0,0.2,False,0.8991585498570493,Alvo_Suavizado,
3227,2023-02-06,HOLDING,0.0,0.2,False,0.8991755182781606,Alvo_Suavizado,
3228,2023-02-07,HOLDING,0.0,0.2,False,0.8991735709041653,Alvo_Suavizado,
3229,2023-02-08,HOLDING,0.0,0.2,False,0.8991062609817045,Alvo_Suavizado,
3230,2023-02-09,HOLDING,0.0,0.2,False,0.8985910856917539,Alvo_Suavizado,
3231,2023-02-10,HOLDING,0.0,0.2,False,0.894966028122922,Alvo_Suavizado,
3232,2023-02-13,HOLDING,0.0,0.2,False,0.845844284304981,Alvo_Suavizado,
3233,2023-02-14,HOLDING,0.0,0.2,False,0.850014953356659,Alvo_Suavizado,
3234,2023-02-15,HOLDING,0.0,0.2,False,0.8982328015451542,Alvo_Suavizado,
3235,2023-02-16,HOLDING,0.0,0.2,False,0.8990390858943365,Alvo_Suavizado,
3236,2023-02-17,HOLDING,0.0,0.2,False,0.897501986084875,Alvo_Suavizado,
3237,2023-02-22,HOLDING,0.0,0.2,False,0.8983731981686758,Alvo_Suavizado,
3238,2023-02-23,HOLDING,0.0,0.2,False,0.8989694991019316,Alvo_Suavizado,
3239,2023-02-24,HOLDING,0.0,0.2,False,0.8900330869565835,Alvo_Suavizado,
3240,2023-02-27,HOLDING,0.0,0.2,False,0.8988920971667522,Alvo_Suavizado,
3241,2023-02-28,HOLDING,0.0,0.2,False,0.8992965036797389,Alvo_Suavizado,
3242,2023-03-01,HOLDING,0.0,0.2,False,0.8992757242553876,Alvo_Suavizado,
3243,2023-03-02,HOLDING,0.0,0.2,False,0.8992058360625625,Alvo_Suavizado,
3244,2023-03-03,HOLDING,0.0,0.2,False,0.898643792804974,Alvo_Suavizado,
3245,2023-03-06,HOLDING,0.0,0.2,False,0.8986425812257948,Alvo_Suavizado,
3246,2023-03-07,HOLDING,0.0,0.2,False,0.8960731496971635,Alvo_Suavizado,
3247,2023-03-08,HOLDING,0.0,0.2,False,0.8942657816417643,Alvo_Suavizado,
3248,2023-03-09,HOLDING,0.0,0.2,False,0.8985073337865275,Alvo_Suavizado,
3249,2023-03-10,HOLDING,0.0,0.2,False,0.8985895347366922,Alvo_Suavizado,
3250,2023-03-13,HOLDING,0.0,0.2,False,0.8430511668054401,Alvo_Suavizado,
3251,2023-03-14,HOLDING,0.0,0.2,False,0.8844177695401813,Alvo_Suavizado,
3252,2023-03-15,HOLDING,0.0,0.2,False,0.8844180061608946,Alvo_Suavizado,
3253,2023-03-16,HOLDING,0.0,0.2,False,0.8844135435344797,Alvo_Suavizado,
3254,2023-03-17,HOLDING,0.0,0.2,False,0.8844180063875963,Alvo_Suavizado,
3255,2023-03-20,HOLDING,0.0,0.2,False,0.8844168360103413,Alvo_Suavizado,
3256,2023-03-21,HOLDING,0.0,0.2,False,0.8844180064107614,Alvo_Suavizado,
3257,2023-03-22,HOLDING,0.0,0.2,False,0.8844180042027263,Alvo_Suavizado,
3258,2023-03-23,HOLDING,0.0,0.2,False,0.8843827308147217,Alvo_Suavizado,
3259,2023-03-24,HOLDING,0.0,0.2,False,0.8843991136551382,Alvo_Suavizado,
3260,2023-03-27,HOLDING,0.0,0.2,False,0.8844175660223283,Alvo_Suavizado,
3261,2023-03-28,HOLDING,0.0,0.2,False,0.8844134574790817,Alvo_Suavizado,
3262,2023-03-29,HOLDING,0.0,0.2,False,0.8817562584265513,Alvo_Suavizado,
3263,2023-03-30,HOLDING,0.0,0.2,False,0.8708332374560298,Alvo_Suavizado,
3264,2023-03-31,HOLDING,0.0,0.2,False,0.5132195696971666,Alvo_Suavizado,
3265,2023-04-03,HOLDING,0.0,0.2,False,0.8990236960452321,Alvo_Suavizado,
3266,2023-04-04,HOLDING,0.0,0.2,False,0.8990236960452321,Alvo_Suavizado,
3267,2023-04-05,HOLDING,0.0,0.2,False,0.8990236960452321,Alvo_Suavizado,
3268,2023-04-06,HOLDING,0.0,0.2,False,0.8990236960452321,Alvo_Suavizado,
3269,2023-04-10,HOLDING,0.0,0.2,False,0.8968365543337342,Alvo_Suavizado,
3270,2023-04-11,HOLDING,0.0,0.2,False,0.8992815473568976,Alvo_Suavizado,
3271,2023-04-12,AGUARDANDO_EXECUCAO,0.0,0.2,False,0.8992176325197928,Alvo_Suavizado,Alvo_Suavizado
3272,2023-04-13,AGUARDANDO_EXECUCAO,0.0,0.2,False,0.8992980641787829,Alvo_Suavizado,Alvo_Suavizado
3273,2023-04-14,EXECUTOU_TROCA,0.0,0.2,False,0.8993617706767835,Alvo_Suavizado,
3274,2023-04-17,HOLDING,0.0,0.2,False,0.8993588546656022,Alvo_Suavizado,
3275,2023-04-18,HOLDING,0.0,0.2,False,0.8993485873635857,Alvo_Suavizado,
3276,2023-04-19,HOLDING,0.0,0.2,False,0.8993429487563209,Alvo_Suavizado,
3277,2023-04-20,HOLDING,0.0,0.2,False,0.8992888646530983,Alvo_Suavizado,
3278,2023-04-24,HOLDING,0.0,0.2,False,0.8986934959889984,Alvo_Suavizado,
3279,2023-04-25,HOLDING,0.0,0.2,False,0.8987805272659879,Alvo_Suavizado,
3280,2023-04-26,HOLDING,0.0,0.2,False,0.898161007132699,Alvo_Suavizado,
3281,2023-04-27,HOLDING,0.0,0.2,False,0.6926753792034094,Alvo_Suavizado,
3282,2023-04-28,HOLDING,0.0,0.2,False,0.8773156507927818,Alvo_Suavizado,
3283,2023-05-02,HOLDING,0.0,0.2,False,0.7903163318679355,Alvo_Suavizado,
3284,2023-05-03,HOLDING,0.0,0.2,False,0.8378990497584758,Alvo_Suavizado,
3285,2023-05-04,HOLDING,0.0,0.2,False,0.6992213877797411,Alvo_Suavizado,
3286,2023-05-05,HOLDING,0.0,0.2,False,0.8843747681664728,Alvo_Suavizado,
3287,2023-05-08,HOLDING,0.0,0.2,False,0.8844180058605626,Alvo_Suavizado,
3288,2023-05-09,HOLDING,0.0,0.2,False,0.8810723708118257,Alvo_Suavizado,
3289,2023-05-10,HOLDING,0.0,0.2,False,0.7935456573470238,Alvo_Suavizado,
3290,2023-05-11,HOLDING,0.0,0.2,False,0.840384619224477,Alvo_Suavizado,
3291,2023-05-12,HOLDING,0.0,0.2,False,0.7388978607931157,Alvo_Suavizado,
3292,2023-05-15,HOLDING,0.0,0.2,False,0.7983668742329102,Alvo_Suavizado,
3293,2023-05-16,HOLDING,0.0,0.2,False,0.8484086257523508,Alvo_Suavizado,
3294,2023-05-17,HOLDING,0.0,0.2,False,0.863080980463642,Alvo_Suavizado,
3295,2023-05-18,HOLDING,0.0,0.2,False,0.879672111164213,Alvo_Suavizado,
3296,2023-05-19,HOLDING,0.0,0.2,False,0.8303846264012175,Alvo_Suavizado,
3297,2023-05-22,HOLDING,0.0,0.2,False,0.6707133064033828,Alvo_Suavizado,
3298,2023-05-23,HOLDING,0.0,0.2,False,0.8598434180883798,Alvo_Suavizado,
3299,2023-05-24,HOLDING,0.0,0.2,False,0.8888828012695409,Alvo_Suavizado,
3300,2023-05-25,HOLDING,0.0,0.2,False,0.7282243995694331,Alvo_Suavizado,
3301,2023-05-26,HOLDING,0.0,0.2,False,0.6864941883651594,Alvo_Suavizado,
3302,2023-05-29,HOLDING,0.0,0.2,False,0.8720273410613133,Alvo_Suavizado,
3303,2023-05-30,HOLDING,0.0,0.2,False,0.873302467201568,Alvo_Suavizado,
3304,2023-05-31,HOLDING,0.0,0.2,False,0.5757748410626229,Alvo_Suavizado,
3305,2023-06-01,HOLDING,0.0,0.2,False,0.879204712893563,Alvo_Suavizado,
3306,2023-06-02,HOLDING,0.0,0.2,False,0.8975285577569374,Alvo_Suavizado,
3307,2023-06-05,HOLDING,0.0,0.2,False,0.7430537116033805,Alvo_Suavizado,
3308,2023-06-06,HOLDING,0.0,0.2,False,0.8686477272423002,Alvo_Suavizado,
3309,2023-06-07,HOLDING,0.0,0.2,False,0.8643941984317244,Alvo_Suavizado,
3310,2023-06-09,HOLDING,0.0,0.2,False,0.8789969586227888,Alvo_Suavizado,
3311,2023-06-12,HOLDING,0.0,0.2,False,0.8702480911245019,Alvo_Suavizado,
3312,2023-06-13,HOLDING,0.0,0.2,False,0.8725996307099039,Alvo_Suavizado,
3313,2023-06-14,HOLDING,0.0,0.2,False,0.8404352113823254,Alvo_Suavizado,
3314,2023-06-15,HOLDING,0.0,0.2,False,0.7125529025756564,Alvo_Suavizado,
3315,2023-06-16,HOLDING,0.0,0.2,False,0.8081687286557596,Alvo_Suavizado,
3316,2023-06-19,HOLDING,0.0,0.2,False,0.6317875136239067,Alvo_Suavizado,
3317,2023-06-20,HOLDING,0.0,0.2,False,0.6558421228457841,Alvo_Suavizado,
3318,2023-06-21,HOLDING,0.0,0.2,False,0.8070109413980021,Alvo_Suavizado,
3319,2023-06-22,HOLDING,0.0,0.2,False,0.8465745336072088,Alvo_Suavizado,
3320,2023-06-23,HOLDING,0.0,0.2,False,0.8586835593051141,Alvo_Suavizado,
3321,2023-06-26,HOLDING,0.0,0.2,False,0.8744395913282819,Alvo_Suavizado,
3322,2023-06-27,HOLDING,0.0,0.2,False,0.8795255488716387,Alvo_Suavizado,
3323,2023-06-28,HOLDING,0.0,0.2,False,0.8736093263877416,Alvo_Suavizado,
3324,2023-06-29,HOLDING,0.0,0.2,False,0.8594938746092468,Alvo_Suavizado,
3325,2023-06-30,HOLDING,0.0,0.2,False,0.7887431311660348,Alvo_Suavizado,
3326,2023-07-03,HOLDING,0.0,0.2,False,0.5966354933722188,Alvo_Suavizado,
3327,2023-07-04,HOLDING,0.0,0.2,False,0.5300486128723482,Alvo_Suavizado,
3328,2023-07-05,HOLDING,0.0,0.2,False,0.584199315272447,Alvo_Suavizado,
3329,2023-07-06,HOLDING,0.0,0.2,False,0.6443897018942272,Alvo_Suavizado,
3330,2023-07-07,HOLDING,0.0,0.2,False,0.775917418869374,Alvo_Suavizado,
3331,2023-07-10,HOLDING,0.0,0.2,False,0.8671543849248559,Alvo_Suavizado,
3332,2023-07-11,HOLDING,0.0,0.2,False,0.8842784533920929,Alvo_Suavizado,
3333,2023-07-12,HOLDING,0.0,0.2,False,0.8844069092298034,Alvo_Suavizado,
3334,2023-07-13,HOLDING,0.0,0.2,False,0.884417798860897,Alvo_Suavizado,
3335,2023-07-14,HOLDING,0.0,0.2,False,0.8844180035701573,Alvo_Suavizado,
3336,2023-07-17,HOLDING,0.0,0.2,False,0.8844180006789047,Alvo_Suavizado,
3337,2023-07-18,HOLDING,0.0,0.2,False,0.8844179866373341,Alvo_Suavizado,
3338,2023-07-19,AGUARDANDO_EXECUCAO,0.0,0.2,False,0.8844179134286935,Alvo_Suavizado,Alvo_Suavizado
3339,2023-07-20,AGUARDANDO_EXECUCAO,0.0,0.2,False,0.884417623169144,Alvo_Suavizado,Alvo_Suavizado
3340,2023-07-21,EXECUTOU_TROCA,0.0,0.2,False,0.8844130029593963,Alvo_Suavizado,
3341,2023-07-24,HOLDING,0.0,0.2,False,0.8843801988963964,Alvo_Suavizado,
3342,2023-07-25,HOLDING,0.0,0.2,False,0.8840142431181502,Alvo_Suavizado,
3343,2023-07-26,HOLDING,0.0,0.2,False,0.8837349970680601,Alvo_Suavizado,
3344,2023-07-27,HOLDING,0.0,0.2,False,0.8838573112341106,Alvo_Suavizado,
3345,2023-07-28,HOLDING,0.0,0.2,False,0.8838716385339606,Alvo_Suavizado,
3346,2023-07-31,HOLDING,0.0,0.2,False,0.8834891241359446,Alvo_Suavizado,
3347,2023-08-01,HOLDING,0.0,0.2,False,0.8823728602701008,Alvo_Suavizado,
3348,2023-08-02,HOLDING,0.0,0.2,False,0.8721228666999186,Alvo_Suavizado,
3349,2023-08-03,HOLDING,0.0,0.2,False,0.6757401350017139,Alvo_Suavizado,
3350,2023-08-04,HOLDING,0.0,0.2,False,0.8298887850565803,Alvo_Suavizado,
3351,2023-08-07,HOLDING,0.0,0.2,False,0.6541463750939394,Alvo_Suavizado,
3352,2023-08-08,HOLDING,0.0,0.2,False,0.8570990057489818,Alvo_Suavizado,
3353,2023-08-09,HOLDING,0.0,0.2,False,0.8613706434012788,Alvo_Suavizado,
3354,2023-08-10,HOLDING,0.0,0.2,False,0.8546984149547264,Alvo_Suavizado,
3355,2023-08-11,HOLDING,0.0,0.2,False,0.8236883253650171,Alvo_Suavizado,
3356,2023-08-14,HOLDING,0.0,0.2,False,0.6255324514478933,Alvo_Suavizado,
3357,2023-08-15,HOLDING,0.0,0.2,False,0.8708002074433416,Alvo_Suavizado,
3358,2023-08-16,HOLDING,0.0,0.2,False,0.8889794661784919,Alvo_Suavizado,
3359,2023-08-17,HOLDING,0.0,0.2,False,0.767459099121647,Alvo_Suavizado,
3360,2023-08-18,HOLDING,0.0,0.2,False,0.6058264533368425,Alvo_Suavizado,
3361,2023-08-21,HOLDING,0.0,0.2,False,0.8063022726454898,Alvo_Suavizado,
3362,2023-08-22,HOLDING,0.0,0.2,False,0.8829821631518878,Alvo_Suavizado,
3363,2023-08-23,HOLDING,0.0,0.2,False,0.8670855271761573,Alvo_Suavizado,
3364,2023-08-24,HOLDING,0.0,0.2,False,0.8990236960452321,Alvo_Suavizado,
3365,2023-08-25,HOLDING,0.0,0.2,False,0.8990236960452321,Alvo_Suavizado,
3366,2023-08-28,HOLDING,0.0,0.2,False,0.8990236960452321,Alvo_Suavizado,
3367,2023-08-29,HOLDING,0.0,0.2,False,0.8990236960452321,Alvo_Suavizado,
3368,2023-08-30,HOLDING,0.0,0.2,False,0.8990236960452321,Alvo_Suavizado,
3369,2023-08-31,HOLDING,0.0,0.2,False,0.8990236960452321,Alvo_Suavizado,
3370,2023-09-01,HOLDING,0.0,0.2,False,0.8990236960452321,Alvo_Suavizado,
3371,2023-09-04,HOLDING,0.0,0.2,False,0.8990236960452321,Alvo_Suavizado,
3372,2023-09-05,HOLDING,0.0,0.2,False,0.8990236960452321,Alvo_Suavizado,
3373,2023-09-06,HOLDING,0.0,0.2,False,0.8990236960452321,Alvo_Suavizado,
3374,2023-09-08,HOLDING,0.0,0.2,False,0.8990236960452321,Alvo_Suavizado,
3375,2023-09-11,HOLDING,0.0,0.2,False,0.8990236960452321,Alvo_Suavizado,
3376,2023-09-12,HOLDING,0.0,0.2,False,0.8990236960452321,Alvo_Suavizado,
3377,2023-09-13,HOLDING,0.0,0.2,False,0.8990236960452321,Alvo_Suavizado,
3378,2023-09-14,HOLDING,0.0,0.2,False,0.8990236960452321,Alvo_Suavizado,
3379,2023-09-15,HOLDING,0.0,0.2,False,0.8990236960452321,Alvo_Suavizado,
3380,2023-09-18,HOLDING,0.0,0.2,False,0.8990236960452321,Alvo_Suavizado,
3381,2023-09-19,HOLDING,0.0,0.2,False,0.8990236960452321,Alvo_Suavizado,
3382,2023-09-20,HOLDING,0.0,0.2,False,0.8990236960452321,Alvo_Suavizado,
3383,2023-09-21,HOLDING,0.0,0.2,False,0.8990236960452321,Alvo_Suavizado,
3384,2023-09-22,HOLDING,0.0,0.2,False,0.8990236960452321,Alvo_Suavizado,
3385,2023-09-25,HOLDING,0.0,0.2,False,0.8990236960452321,Alvo_Suavizado,
3386,2023-09-26,HOLDING,0.0,0.2,False,0.8990236960452321,Alvo_Suavizado,
3387,2023-09-27,HOLDING,0.0,0.2,False,0.8990236960452321,Alvo_Suavizado,
3388,2023-09-28,HOLDING,0.0,0.2,False,0.8990236960452321,Alvo_Suavizado,
3389,2023-09-29,HOLDING,0.0,0.2,False,0.8990236960452321,Alvo_Suavizado,
3390,2023-10-02,HOLDING,0.0,0.2,False,0.8990236960452321,Alvo_Suavizado,
3391,2023-10-03,HOLDING,0.0,0.2,False,0.7318251492053018,Alvo_Suavizado,
3392,2023-10-04,HOLDING,0.0,0.2,False,0.5948875442731006,Alvo_Suavizado,
3393,2023-10-05,HOLDING,0.0,0.2,False,0.8837412344435663,Alvo_Suavizado,
3394,2023-10-06,HOLDING,0.0,0.2,False,0.8844179706173922,Alvo_Suavizado,
3395,2023-10-09,HOLDING,0.0,0.2,False,0.8844179702837572,Alvo_Suavizado,
3396,2023-10-10,HOLDING,0.0,0.2,False,0.8844065665953684,Alvo_Suavizado,
3397,2023-10-11,HOLDING,0.0,0.2,False,0.8843206638976008,Alvo_Suavizado,
3398,2023-10-13,HOLDING,0.0,0.2,False,0.8817530796618149,Alvo_Suavizado,
3399,2023-10-16,HOLDING,0.0,0.2,False,0.8354410029280428,Alvo_Suavizado,
3400,2023-10-17,HOLDING,0.0,0.2,False,0.8485611082526872,Alvo_Suavizado,
3401,2023-10-18,HOLDING,0.0,0.2,False,0.7465468985861144,Alvo_Suavizado,
3402,2023-10-19,HOLDING,0.0,0.2,False,0.5359310104893873,Alvo_Suavizado,
3403,2023-10-20,HOLDING,0.0,0.2,False,0.5315135600164108,Alvo_Suavizado,
3404,2023-10-23,HOLDING,0.0,0.2,False,0.704906359755206,Alvo_Suavizado,
3405,2023-10-24,SEM_TROCA,0.0,0.2,False,0.7882996770928815,Alvo_Suavizado,
3406,2023-10-25,AGUARDANDO_EXECUCAO,0.0,0.2,False,0.5645958982982778,Alvo_Suavizado,Alvo_Suavizado
3407,2023-10-26,AGUARDANDO_EXECUCAO,0.0,0.2,False,0.877987594164741,Alvo_Suavizado,Alvo_Suavizado
3408,2023-10-27,EXECUTOU_TROCA,0.0,0.2,False,0.8975212385271267,Alvo_Suavizado,
3409,2023-10-30,HOLDING,0.0,0.2,False,0.8915484562300946,Alvo_Suavizado,
3410,2023-10-31,HOLDING,0.0,0.2,False,0.8980764167800777,Alvo_Suavizado,
3411,2023-11-01,HOLDING,0.0,0.2,False,0.8899462875126241,Alvo_Suavizado,
3412,2023-11-03,HOLDING,0.0,0.2,False,0.8987713364976029,Alvo_Suavizado,
3413,2023-11-06,HOLDING,0.0,0.2,False,0.8984880269479408,Alvo_Suavizado,
3414,2023-11-07,HOLDING,0.0,0.2,False,0.8983965533125617,Alvo_Suavizado,
3415,2023-11-08,HOLDING,0.0,0.2,False,0.8992877855796276,Alvo_Suavizado,
3416,2023-11-09,HOLDING,0.0,0.2,False,0.8980244391394988,Alvo_Suavizado,
3417,2023-11-10,HOLDING,0.0,0.2,False,0.8965171809081398,Alvo_Suavizado,
3418,2023-11-13,HOLDING,0.0,0.2,False,0.8939987321283821,Alvo_Suavizado,
3419,2023-11-14,HOLDING,0.0,0.2,False,0.8981698340248563,Alvo_Suavizado,
3420,2023-11-16,HOLDING,0.0,0.2,False,0.8984149361206397,Alvo_Suavizado,
3421,2023-11-17,HOLDING,0.0,0.2,False,0.8986697059301014,Alvo_Suavizado,
3422,2023-11-20,HOLDING,0.0,0.2,False,0.8933243543452588,Alvo_Suavizado,
3423,2023-11-21,HOLDING,0.0,0.2,False,0.8942595073936728,Alvo_Suavizado,
3424,2023-11-22,HOLDING,0.0,0.2,False,0.8860934572649026,Alvo_Suavizado,
3425,2023-11-23,HOLDING,0.0,0.2,False,0.795417630647239,Alvo_Suavizado,
3426,2023-11-24,HOLDING,0.0,0.2,False,0.8648439324409435,Alvo_Suavizado,
3427,2023-11-27,HOLDING,0.0,0.2,False,0.7365608418248438,Alvo_Suavizado,
3428,2023-11-28,HOLDING,0.0,0.2,False,0.5913815187249499,Alvo_Suavizado,
3429,2023-11-29,HOLDING,0.0,0.2,False,0.8703852347766522,Alvo_Suavizado,
3430,2023-11-30,HOLDING,0.0,0.2,False,0.8843222393448846,Alvo_Suavizado,
3431,2023-12-01,HOLDING,0.0,0.2,False,0.8843966480185838,Alvo_Suavizado,
3432,2023-12-04,HOLDING,0.0,0.2,False,0.8844140582494953,Alvo_Suavizado,
3433,2023-12-05,HOLDING,0.0,0.2,False,0.8843928360890414,Alvo_Suavizado,
3434,2023-12-06,HOLDING,0.0,0.2,False,0.884408788480207,Alvo_Suavizado,
3435,2023-12-07,HOLDING,0.0,0.2,False,0.8831156297408774,Alvo_Suavizado,
3436,2023-12-08,HOLDING,0.0,0.2,False,0.8843474076297485,Alvo_Suavizado,
3437,2023-12-11,HOLDING,0.0,0.2,False,0.8844179965745346,Alvo_Suavizado,
3438,2023-12-12,HOLDING,0.0,0.2,False,0.8990236960452321,Alvo_Suavizado,
3439,2023-12-13,HOLDING,0.0,0.2,False,0.8990236960452321,Alvo_Suavizado,
3440,2023-12-14,HOLDING,0.0,0.2,False,0.8990236960452321,Alvo_Suavizado,
3441,2023-12-15,HOLDING,0.0,0.2,False,0.8990236960452321,Alvo_Suavizado,
3442,2023-12-18,HOLDING,0.0,0.2,False,0.8990236960452321,Alvo_Suavizado,
3443,2023-12-19,HOLDING,0.0,0.2,False,0.8990236960452321,Alvo_Suavizado,
3444,2023-12-20,HOLDING,0.0,0.2,False,0.8990236960452321,Alvo_Suavizado,
3445,2023-12-21,HOLDING,0.0,0.2,False,0.8990236960452321,Alvo_Suavizado,
3446,2023-12-22,HOLDING,0.0,0.2,False,0.8990236960452321,Alvo_Suavizado,
3447,2023-12-26,HOLDING,0.0,0.2,False,0.8990236960452321,Alvo_Suavizado,
3448,2023-12-27,HOLDING,0.0,0.2,False,0.8990236960452321,Alvo_Suavizado,
3449,2023-12-28,HOLDING,0.0,0.2,False,0.8990236960452321,Alvo_Suavizado,
3450,2024-01-03,HOLDING,0.0,0.2,False,0.8778568807080449,Alvo_Suavizado,
3451,2024-01-04,AGUARDANDO_EXECUCAO,0.0,0.2,False,0.8778568807080449,Alvo_Suavizado,Alvo_Suavizado
3452,2024-01-05,AGUARDANDO_EXECUCAO,0.0,0.2,False,0.8778568807080449,Alvo_Suavizado,Alvo_Suavizado
3453,2024-01-08,EXECUTOU_TROCA,0.0,0.2,False,0.8778568807080449,Alvo_Suavizado,
3454,2024-01-09,HOLDING,0.0,0.2,False,0.8778568807080449,Alvo_Suavizado,
3455,2024-01-10,HOLDING,0.0,0.2,False,0.8778568807080449,Alvo_Suavizado,
3456,2024-01-11,HOLDING,0.0,0.2,False,0.8778568807080449,Alvo_Suavizado,
3457,2024-01-12,HOLDING,0.0,0.2,False,0.8778568807080449,Alvo_Suavizado,
3458,2024-01-15,HOLDING,0.0,0.2,False,0.8778568807080449,Alvo_Suavizado,
3459,2024-01-16,HOLDING,0.0,0.2,False,0.8778568807080449,Alvo_Suavizado,
3460,2024-01-17,HOLDING,0.0,0.2,False,0.8778568807080449,Alvo_Suavizado,
3461,2024-01-18,HOLDING,0.0,0.2,False,0.8778568807080449,Alvo_Suavizado,
3462,2024-01-19,HOLDING,0.0,0.2,False,0.8778568807080449,Alvo_Suavizado,
3463,2024-01-22,HOLDING,0.0,0.2,False,0.8778568807080449,Alvo_Suavizado,
3464,2024-01-23,HOLDING,0.0,0.2,False,0.8778568807080449,Alvo_Suavizado,
3465,2024-01-24,HOLDING,0.0,0.2,False,0.8778568807080449,Alvo_Suavizado,
3466,2024-01-25,HOLDING,0.0,0.2,False,0.8778568807080449,Alvo_Suavizado,
3467,2024-01-26,HOLDING,0.0,0.2,False,0.8778568807080449,Alvo_Suavizado,
3468,2024-01-29,HOLDING,0.0,0.2,False,0.8778568807080449,Alvo_Suavizado,
3469,2024-01-30,HOLDING,0.0,0.2,False,0.8778568807080449,Alvo_Suavizado,
3470,2024-01-31,HOLDING,0.0,0.2,False,0.8778568807080449,Alvo_Suavizado,
3471,2024-02-01,HOLDING,0.0,0.2,False,0.8778568807080449,Alvo_Suavizado,
3472,2024-02-02,HOLDING,0.0,0.2,False,0.8778568807080449,Alvo_Suavizado,
3473,2024-02-05,HOLDING,0.0,0.2,False,0.8778568807080449,Alvo_Suavizado,
3474,2024-02-06,HOLDING,0.0,0.2,False,0.8778568807080449,Alvo_Suavizado,
3475,2024-02-07,HOLDING,0.0,0.2,False,0.8778568807080449,Alvo_Suavizado,
3476,2024-02-08,HOLDING,0.0,0.2,False,0.8778568807080449,Alvo_Suavizado,
3477,2024-02-09,HOLDING,0.0,0.2,False,0.8778568807080449,Alvo_Suavizado,
3478,2024-02-14,HOLDING,0.0,0.2,False,0.8778568807080449,Alvo_Suavizado,
3479,2024-02-15,HOLDING,0.0,0.2,False,0.9172198919953338,Alvo_Suavizado,
3480,2024-02-16,HOLDING,0.0,0.2,False,0.9172198919953338,Alvo_Suavizado,
3481,2024-02-19,HOLDING,0.0,0.2,False,0.9172198919953338,Alvo_Suavizado,
3482,2024-02-20,HOLDING,0.0,0.2,False,0.9172198919953338,Alvo_Suavizado,
3483,2024-02-21,HOLDING,0.0,0.2,False,0.9172198919953338,Alvo_Suavizado,
3484,2024-02-22,HOLDING,0.0,0.2,False,0.9172198919953338,Alvo_Suavizado,
3485,2024-02-23,HOLDING,0.0,0.2,False,0.9172198919953338,Alvo_Suavizado,
3486,2024-02-26,HOLDING,0.0,0.2,False,0.9172198919953338,Alvo_Suavizado,
3487,2024-02-27,HOLDING,0.0,0.2,False,0.9172198919953338,Alvo_Suavizado,
3488,2024-02-28,HOLDING,0.0,0.2,False,0.9172198919953338,Alvo_Suavizado,
3489,2024-02-29,HOLDING,0.0,0.2,False,0.9172198919953338,Alvo_Suavizado,
3490,2024-03-01,HOLDING,0.0,0.2,False,0.9172198919953338,Alvo_Suavizado,
3491,2024-03-04,HOLDING,0.0,0.2,False,0.9172198919953338,Alvo_Suavizado,
3492,2024-03-05,HOLDING,0.0,0.2,False,0.9172198919953338,Alvo_Suavizado,
3493,2024-03-06,HOLDING,0.0,0.2,False,0.9172198919953338,Alvo_Suavizado,
3494,2024-03-07,HOLDING,0.0,0.2,False,0.9172198919953338,Alvo_Suavizado,
3495,2024-03-08,HOLDING,0.0,0.2,False,0.9172198919953338,Alvo_Suavizado,
3496,2024-03-11,HOLDING,0.0,0.2,False,0.9172198919953338,Alvo_Suavizado,
3497,2024-03-12,HOLDING,0.0,0.2,False,0.9172198919953338,Alvo_Suavizado,
3498,2024-03-13,HOLDING,0.0,0.2,False,0.9172198919953338,Alvo_Suavizado,
3499,2024-03-14,HOLDING,0.0,0.2,False,0.9172198919953338,Alvo_Suavizado,
3500,2024-03-15,HOLDING,0.0,0.2,False,0.9172198919953338,Alvo_Suavizado,
3501,2024-03-18,HOLDING,0.0,0.2,False,0.9172198919953338,Alvo_Suavizado,
3502,2024-03-19,HOLDING,0.0,0.2,False,0.9172198919953338,Alvo_Suavizado,
3503,2024-03-20,HOLDING,0.0,0.2,False,0.9172198919953338,Alvo_Suavizado,
3504,2024-03-21,HOLDING,0.0,0.2,False,0.9172198919953338,Alvo_Suavizado,
3505,2024-03-22,HOLDING,0.0,0.2,False,0.9172198919953338,Alvo_Suavizado,
3506,2024-03-25,HOLDING,0.0,0.2,False,0.9172198919953338,Alvo_Suavizado,
3507,2024-03-26,HOLDING,0.0,0.2,False,0.9172198919953338,Alvo_Suavizado,
3508,2024-03-27,HOLDING,0.0,0.2,False,0.9172198919953338,Alvo_Suavizado,
3509,2024-03-28,HOLDING,0.0,0.2,False,0.9172198919953338,Alvo_Suavizado,
3510,2024-04-01,HOLDING,0.0,0.2,False,0.9172198919953338,Alvo_Suavizado,
3511,2024-04-02,HOLDING,0.0,0.2,False,0.9172198919953338,Alvo_Suavizado,
3512,2024-04-03,HOLDING,0.0,0.2,False,0.9172198919953338,Alvo_Suavizado,
3513,2024-04-04,HOLDING,0.0,0.2,False,0.9172198919953338,Alvo_Suavizado,
3514,2024-04-05,HOLDING,0.0,0.2,False,0.9172198919953338,Alvo_Suavizado,
3515,2024-04-08,HOLDING,0.0,0.2,False,0.9172198919953338,Alvo_Suavizado,
3516,2024-04-09,HOLDING,0.0,0.2,False,0.9172198919953338,Alvo_Suavizado,
3517,2024-04-10,HOLDING,0.0,0.2,False,0.9172198919953338,Alvo_Suavizado,
3518,2024-04-11,AGUARDANDO_EXECUCAO,0.0,0.2,False,0.9172198919953338,Alvo_Suavizado,Alvo_Suavizado
3519,2024-04-12,AGUARDANDO_EXECUCAO,0.0,0.2,False,0.9172198919953338,Alvo_Suavizado,Alvo_Suavizado
3520,2024-04-15,EXECUTOU_TROCA,0.0,0.2,False,0.9172198919953338,Alvo_Suavizado,
3521,2024-04-16,HOLDING,0.0,0.2,False,0.9172198919953338,Alvo_Suavizado,
3522,2024-04-17,HOLDING,0.0,0.2,False,0.9172198919953338,Alvo_Suavizado,
3523,2024-04-18,HOLDING,0.0,0.2,False,0.9172198919953338,Alvo_Suavizado,
3524,2024-04-19,HOLDING,0.0,0.2,False,0.9172198919953338,Alvo_Suavizado,
3525,2024-04-22,HOLDING,0.0,0.2,False,0.8795124833859611,Alvo_Suavizado,
3526,2024-04-23,HOLDING,0.0,0.2,False,0.8795124833859611,Alvo_Suavizado,
3527,2024-04-24,HOLDING,0.0,0.2,False,0.8795124833859611,Alvo_Suavizado,
3528,2024-04-25,HOLDING,0.0,0.2,False,0.8795124833859611,Alvo_Suavizado,
3529,2024-04-26,HOLDING,0.0,0.2,False,0.8795124833859611,Alvo_Suavizado,
3530,2024-04-29,HOLDING,0.0,0.2,False,0.8795124833859611,Alvo_Suavizado,
3531,2024-04-30,HOLDING,0.0,0.2,False,0.8795124833859611,Alvo_Suavizado,
3532,2024-05-02,HOLDING,0.0,0.2,False,0.8795124833859611,Alvo_Suavizado,
3533,2024-05-03,HOLDING,0.0,0.2,False,0.8795124833859611,Alvo_Suavizado,
3534,2024-05-06,HOLDING,0.0,0.2,False,0.8795124833859611,Alvo_Suavizado,
3535,2024-05-07,HOLDING,0.0,0.2,False,0.8795124833859611,Alvo_Suavizado,
3536,2024-05-08,HOLDING,0.0,0.2,False,0.8795124833859611,Alvo_Suavizado,
3537,2024-05-09,HOLDING,0.0,0.2,False,0.8795124833859611,Alvo_Suavizado,
3538,2024-05-10,HOLDING,0.0,0.2,False,0.8795124833859611,Alvo_Suavizado,
3539,2024-05-13,HOLDING,0.0,0.2,False,0.8795124833859611,Alvo_Suavizado,
3540,2024-05-14,HOLDING,0.0,0.2,False,0.8795124833859611,Alvo_Suavizado,
3541,2024-05-15,HOLDING,0.0,0.2,False,0.8795124833859611,Alvo_Suavizado,
3542,2024-05-16,HOLDING,0.0,0.2,False,0.8795124833859611,Alvo_Suavizado,
3543,2024-05-17,HOLDING,0.0,0.2,False,0.8795124833859611,Alvo_Suavizado,
3544,2024-05-20,HOLDING,0.0,0.2,False,0.8795124833859611,Alvo_Suavizado,
3545,2024-05-21,HOLDING,0.0,0.2,False,0.8795124833859611,Alvo_Suavizado,
3546,2024-05-22,HOLDING,0.0,0.2,False,0.8795124833859611,Alvo_Suavizado,
3547,2024-05-23,HOLDING,0.0,0.2,False,0.8795124833859611,Alvo_Suavizado,
3548,2024-05-24,HOLDING,0.0,0.2,False,0.8795124833859611,Alvo_Suavizado,
3549,2024-05-27,HOLDING,0.0,0.2,False,0.8795124833859611,Alvo_Suavizado,
3550,2024-05-28,HOLDING,0.0,0.2,False,0.8795124833859611,Alvo_Suavizado,
3551,2024-05-29,HOLDING,0.0,0.2,False,0.9172198919953338,Alvo_Suavizado,
3552,2024-05-31,HOLDING,0.0,0.2,False,0.9172198919953338,Alvo_Suavizado,
3553,2024-06-03,HOLDING,0.0,0.2,False,0.9172198919953338,Alvo_Suavizado,
3554,2024-06-04,HOLDING,0.0,0.2,False,0.9172198919953338,Alvo_Suavizado,
3555,2024-06-05,HOLDING,0.0,0.2,False,0.9172198919953338,Alvo_Suavizado,
3556,2024-06-06,HOLDING,0.0,0.2,False,0.9172198919953338,Alvo_Suavizado,
3557,2024-06-07,HOLDING,0.0,0.2,False,0.9172198919953338,Alvo_Suavizado,
3558,2024-06-10,HOLDING,0.0,0.2,False,0.9172198919953338,Alvo_Suavizado,
3559,2024-06-11,HOLDING,0.0,0.2,False,0.9172198919953338,Alvo_Suavizado,
3560,2024-06-12,HOLDING,0.0,0.2,False,0.9172198919953338,Alvo_Suavizado,
3561,2024-06-13,HOLDING,0.0,0.2,False,0.9172198919953338,Alvo_Suavizado,
3562,2024-06-14,HOLDING,0.0,0.2,False,0.9172198919953338,Alvo_Suavizado,
3563,2024-06-17,HOLDING,0.0,0.2,False,0.9172198919953338,Alvo_Suavizado,
3564,2024-06-18,HOLDING,0.0,0.2,False,0.9172198919953338,Alvo_Suavizado,
3565,2024-06-19,HOLDING,0.0,0.2,False,0.9172198919953338,Alvo_Suavizado,
3566,2024-06-20,HOLDING,0.0,0.2,False,0.9172198919953338,Alvo_Suavizado,
3567,2024-06-21,HOLDING,0.0,0.2,False,0.9172198919953338,Alvo_Suavizado,
3568,2024-06-24,HOLDING,0.0,0.2,False,0.9172198919953338,Alvo_Suavizado,
3569,2024-06-25,HOLDING,0.0,0.2,False,0.9172198919953338,Alvo_Suavizado,
3570,2024-06-26,HOLDING,0.0,0.2,False,0.9172198919953338,Alvo_Suavizado,
3571,2024-06-27,HOLDING,0.0,0.2,False,0.9172198919953338,Alvo_Suavizado,
3572,2024-06-28,HOLDING,0.0,0.2,False,0.9172198919953338,Alvo_Suavizado,
3573,2024-07-01,HOLDING,0.0,0.2,False,0.9172198919953338,Alvo_Suavizado,
3574,2024-07-02,HOLDING,0.0,0.2,False,0.9172198919953338,Alvo_Suavizado,
3575,2024-07-03,HOLDING,0.0,0.2,False,0.9172198919953338,Alvo_Suavizado,
3576,2024-07-04,HOLDING,0.0,0.2,False,0.9172198919953338,Alvo_Suavizado,
3577,2024-07-05,HOLDING,0.0,0.2,False,0.9172198919953338,Alvo_Suavizado,
3578,2024-07-08,HOLDING,0.0,0.2,False,0.9172198919953338,Alvo_Suavizado,
3579,2024-07-09,HOLDING,0.0,0.2,False,0.9172198919953338,Alvo_Suavizado,
3580,2024-07-10,HOLDING,0.0,0.2,False,0.9172198919953338,Alvo_Suavizado,
3581,2024-07-11,HOLDING,0.0,0.2,False,0.9172198919953338,Alvo_Suavizado,
3582,2024-07-12,HOLDING,0.0,0.2,False,0.9172198919953338,Alvo_Suavizado,
3583,2024-07-15,HOLDING,0.0,0.2,False,0.9172198919953338,Alvo_Suavizado,
3584,2024-07-16,HOLDING,0.0,0.2,False,0.9172198919953338,Alvo_Suavizado,
3585,2024-07-17,SEM_TROCA,0.0,0.2,False,0.9172198919953338,Alvo_Suavizado,
3586,2024-07-18,SEM_TROCA,0.0,0.2,False,0.9172198919953338,Alvo_Suavizado,
3587,2024-07-19,SEM_TROCA,0.0,0.2,False,0.9172198919953338,Alvo_Suavizado,
3588,2024-07-22,SEM_TROCA,0.0,0.2,False,0.9172198919953338,Alvo_Suavizado,
3589,2024-07-23,SEM_TROCA,0.0,0.2,False,0.9172198919953338,Alvo_Suavizado,
3590,2024-07-24,SEM_TROCA,0.0,0.2,False,0.9172198919953338,Alvo_Suavizado,
3591,2024-07-25,SEM_TROCA,0.0,0.2,False,0.9172198919953338,Alvo_Suavizado,
3592,2024-07-26,SEM_TROCA,0.0,0.2,False,0.9172198919953338,Alvo_Suavizado,
3593,2024-07-29,SEM_TROCA,0.0,0.2,False,0.9172198919953338,Alvo_Suavizado,
3594,2024-07-30,SEM_TROCA,0.0,0.2,False,0.9172198919953338,Alvo_Suavizado,
3595,2024-07-31,SEM_TROCA,0.0,0.2,False,0.9172198919953338,Alvo_Suavizado,
3596,2024-08-01,SEM_TROCA,0.0,0.2,False,0.9172198919953338,Alvo_Suavizado,
3597,2024-08-02,SEM_TROCA,0.0,0.2,False,0.9172198919953338,Alvo_Suavizado,
3598,2024-08-05,SEM_TROCA,0.0,0.2,False,0.9172198919953338,Alvo_Suavizado,
3599,2024-08-06,SEM_TROCA,0.0,0.2,False,0.9172198919953338,Alvo_Suavizado,
3600,2024-08-07,SEM_TROCA,0.0,0.2,False,0.9172198919953338,Alvo_Suavizado,
3601,2024-08-08,SEM_TROCA,0.0,0.2,False,0.9172198919953338,Alvo_Suavizado,
3602,2024-08-09,SEM_TROCA,0.0,0.2,False,0.8778568807080449,Alvo_Suavizado,
3603,2024-08-12,AGUARDANDO_EXECUCAO,0.0,0.2,False,0.8778568807080449,Alvo_Suavizado,Alvo_Suavizado
3604,2024-08-13,AGUARDANDO_EXECUCAO,0.0,0.2,False,0.8778568807080449,Alvo_Suavizado,Alvo_Suavizado
3605,2024-08-14,EXECUTOU_TROCA,0.0,0.2,False,0.8778568807080449,Alvo_Suavizado,
3606,2024-08-15,HOLDING,0.0,0.2,False,0.8778568807080449,Alvo_Suavizado,
3607,2024-08-16,HOLDING,0.0,0.2,False,0.8778568807080449,Alvo_Suavizado,
3608,2024-08-19,HOLDING,0.0,0.2,False,0.8778568807080449,Alvo_Suavizado,
3609,2024-08-20,HOLDING,0.0,0.2,False,0.8778568807080449,Alvo_Suavizado,
3610,2024-08-21,HOLDING,0.0,0.2,False,0.8778568807080449,Alvo_Suavizado,
3611,2024-08-22,HOLDING,0.0,0.2,False,0.8778568807080449,Alvo_Suavizado,
3612,2024-08-23,HOLDING,0.0,0.2,False,0.8778568807080449,Alvo_Suavizado,
3613,2024-08-26,HOLDING,0.0,0.2,False,0.8778568807080449,Alvo_Suavizado,
3614,2024-08-27,HOLDING,0.0,0.2,False,0.8778568807080449,Alvo_Suavizado,
3615,2024-08-28,HOLDING,0.0,0.2,False,0.8778568807080449,Alvo_Suavizado,
3616,2024-08-29,HOLDING,0.0,0.2,False,0.8778568807080449,Alvo_Suavizado,
3617,2024-08-30,HOLDING,0.0,0.2,False,0.8778568807080449,Alvo_Suavizado,
3618,2024-09-02,HOLDING,0.0,0.2,False,0.8778568807080449,Alvo_Suavizado,
3619,2024-09-03,HOLDING,0.0,0.2,False,0.8778568807080449,Alvo_Suavizado,
3620,2024-09-04,HOLDING,0.0,0.2,False,0.8778568807080449,Alvo_Suavizado,
3621,2024-09-05,HOLDING,0.0,0.2,False,0.8778568807080449,Alvo_Suavizado,
3622,2024-09-06,HOLDING,0.0,0.2,False,0.8778568807080449,Alvo_Suavizado,
3623,2024-09-09,HOLDING,0.0,0.2,False,0.8778568807080449,Alvo_Suavizado,
3624,2024-09-10,HOLDING,0.0,0.2,False,0.8778568807080449,Alvo_Suavizado,
3625,2024-09-11,HOLDING,0.0,0.2,False,0.8778568807080449,Alvo_Suavizado,
3626,2024-09-12,HOLDING,0.0,0.2,False,0.8778568807080449,Alvo_Suavizado,
3627,2024-09-13,HOLDING,0.0,0.2,False,0.8778568807080449,Alvo_Suavizado,
3628,2024-09-16,HOLDING,0.0,0.2,False,0.8778568807080449,Alvo_Suavizado,
3629,2024-09-17,HOLDING,0.0,0.2,False,0.8778568807080449,Alvo_Suavizado,
3630,2024-09-18,HOLDING,0.0,0.2,False,0.9172198919953338,Alvo_Suavizado,
3631,2024-09-19,HOLDING,0.0,0.2,False,0.9172198919953338,Alvo_Suavizado,
3632,2024-09-20,HOLDING,0.0,0.2,False,0.9172198919953338,Alvo_Suavizado,
3633,2024-09-23,HOLDING,0.0,0.2,False,0.9172198919953338,Alvo_Suavizado,
3634,2024-09-24,HOLDING,0.0,0.2,False,0.9172198919953338,Alvo_Suavizado,
3635,2024-09-25,HOLDING,0.0,0.2,False,0.9172198919953338,Alvo_Suavizado,
3636,2024-09-26,HOLDING,0.0,0.2,False,0.9172198919953338,Alvo_Suavizado,
3637,2024-09-27,HOLDING,0.0,0.2,False,0.9172198919953338,Alvo_Suavizado,
3638,2024-09-30,HOLDING,0.0,0.2,False,0.9172198919953338,Alvo_Suavizado,
3639,2024-10-01,HOLDING,0.0,0.2,False,0.9172198919953338,Alvo_Suavizado,
3640,2024-10-02,HOLDING,0.0,0.2,False,0.9172198919953338,Alvo_Suavizado,
3641,2024-10-03,HOLDING,0.0,0.2,False,0.9172198919953338,Alvo_Suavizado,
3642,2024-10-04,HOLDING,0.0,0.2,False,0.9172198919953338,Alvo_Suavizado,
3643,2024-10-07,HOLDING,0.0,0.2,False,0.9172198919953338,Alvo_Suavizado,
3644,2024-10-08,HOLDING,0.0,0.2,False,0.9172198919953338,Alvo_Suavizado,
3645,2024-10-09,HOLDING,0.0,0.2,False,0.9172198919953344,Alvo_Suavizado,
3646,2024-10-10,HOLDING,0.0,0.2,False,0.9172198919953338,Alvo_Suavizado,
3647,2024-10-11,HOLDING,0.0,0.2,False,0.9172198919953338,Alvo_Suavizado,
3648,2024-10-14,HOLDING,0.0,0.2,False,0.9172198919953338,Alvo_Suavizado,
3649,2024-10-15,HOLDING,0.0,0.2,False,0.9172198919953338,Alvo_Suavizado,
3650,2024-10-16,HOLDING,0.0,0.2,False,0.9172198919953338,Alvo_Suavizado,
3651,2024-10-17,HOLDING,0.0,0.2,False,0.9172198919953338,Alvo_Suavizado,
3652,2024-10-18,HOLDING,0.0,0.2,False,0.9172198919953338,Alvo_Suavizado,
3653,2024-10-21,HOLDING,0.0,0.2,False,0.9172198919953338,Alvo_Suavizado,
3654,2024-10-22,HOLDING,0.0,0.2,False,0.9172198919953338,Alvo_Suavizado,
3655,2024-10-23,HOLDING,0.0,0.2,False,0.9172198919953338,Alvo_Suavizado,
3656,2024-10-24,HOLDING,0.0,0.2,False,0.9172198919953338,Alvo_Suavizado,
3657,2024-10-25,HOLDING,0.0,0.2,False,0.9172198919953338,Alvo_Suavizado,
3658,2024-10-28,HOLDING,0.0,0.2,False,0.9172198919953338,Alvo_Suavizado,
3659,2024-10-29,HOLDING,0.0,0.2,False,0.9172198919953338,Alvo_Suavizado,
3660,2024-10-30,HOLDING,0.0,0.2,False,0.9172198919953338,Alvo_Suavizado,
3661,2024-10-31,HOLDING,0.0,0.2,False,0.9172198919953338,Alvo_Suavizado,
3662,2024-11-01,HOLDING,0.0,0.2,False,0.8795124833859611,Alvo_Suavizado,
3663,2024-11-04,HOLDING,0.0,0.2,False,0.8795124833859611,Alvo_Suavizado,
3664,2024-11-05,HOLDING,0.0,0.2,False,0.8795124833859611,Alvo_Suavizado,
3665,2024-11-06,HOLDING,0.0,0.2,False,0.8795124833859611,Alvo_Suavizado,
3666,2024-11-07,HOLDING,0.0,0.2,False,0.8795124833859611,Alvo_Suavizado,
3667,2024-11-08,HOLDING,0.0,0.2,False,0.8795124833859611,Alvo_Suavizado,
3668,2024-11-11,HOLDING,0.0,0.2,False,0.8795124833859611,Alvo_Suavizado,
3669,2024-11-12,HOLDING,0.0,0.2,False,0.8795124833859611,Alvo_Suavizado,
3670,2024-11-13,AGUARDANDO_EXECUCAO,0.0,0.2,False,0.8795124833859611,Alvo_Suavizado,Alvo_Suavizado
3671,2024-11-14,AGUARDANDO_EXECUCAO,0.0,0.2,False,0.8795124833859611,Alvo_Suavizado,Alvo_Suavizado
3672,2024-11-18,EXECUTOU_TROCA,0.0,0.2,False,0.8795124833859611,Alvo_Suavizado,
3673,2024-11-19,HOLDING,0.0,0.2,False,0.8795124833859611,Alvo_Suavizado,
3674,2024-11-21,HOLDING,0.0,0.2,False,0.8795124833859611,Alvo_Suavizado,
3675,2024-11-22,HOLDING,0.0,0.2,False,0.8795124833859611,Alvo_Suavizado,
3676,2024-11-25,HOLDING,0.0,0.2,False,0.8795124833859611,Alvo_Suavizado,
3677,2024-11-26,HOLDING,0.0,0.2,False,0.8795124833859611,Alvo_Suavizado,
3678,2024-11-27,HOLDING,0.0,0.2,False,0.8795124833859611,Alvo_Suavizado,
3679,2024-11-28,HOLDING,0.0,0.2,False,0.8795124833859611,Alvo_Suavizado,
3680,2024-11-29,HOLDING,0.0,0.2,False,0.8795124833859611,Alvo_Suavizado,
3681,2024-12-02,HOLDING,0.0,0.2,False,0.9172198919953338,Alvo_Suavizado,
3682,2024-12-03,HOLDING,0.0,0.2,False,0.9172198919953338,Alvo_Suavizado,
3683,2024-12-04,HOLDING,0.0,0.2,False,0.9172198919953338,Alvo_Suavizado,
3684,2024-12-05,HOLDING,0.0,0.2,False,0.9172198919953338,Alvo_Suavizado,
3685,2024-12-06,HOLDING,0.0,0.2,False,0.9172198919953338,Alvo_Suavizado,
3686,2024-12-09,HOLDING,0.0,0.2,False,0.9172198919953338,Alvo_Suavizado,
3687,2024-12-10,HOLDING,0.0,0.2,False,0.8778568807080449,Alvo_Suavizado,
3688,2024-12-11,HOLDING,0.0,0.2,False,0.8778568807080449,Alvo_Suavizado,
3689,2024-12-12,HOLDING,0.0,0.2,False,0.8778568807080449,Alvo_Suavizado,
3690,2024-12-13,HOLDING,0.0,0.2,False,0.8778568807080449,Alvo_Suavizado,
3691,2024-12-16,HOLDING,0.0,0.2,False,0.8778568807080449,Alvo_Suavizado,
3692,2024-12-17,HOLDING,0.0,0.2,False,0.8778568807080449,Alvo_Suavizado,
3693,2024-12-18,HOLDING,0.0,0.2,False,0.8778568807080449,Alvo_Suavizado,
3694,2024-12-19,HOLDING,0.0,0.2,False,0.8778568807080449,Alvo_Suavizado,
3695,2024-12-20,HOLDING,0.0,0.2,False,0.8778568807080449,Alvo_Suavizado,
3696,2024-12-23,HOLDING,0.0,0.2,False,0.8778568807080449,Alvo_Suavizado,
3697,2024-12-26,HOLDING,0.0,0.2,False,0.8778568807080449,Alvo_Suavizado,
3698,2024-12-27,HOLDING,0.0,0.2,False,0.8778568807080449,Alvo_Suavizado,
3699,2024-12-30,HOLDING,0.0,0.2,False,0.8778568807080449,Alvo_Suavizado,
3700,2025-01-03,HOLDING,0.0,0.2,False,0.8967518942809223,Alvo_Suavizado,
3701,2025-01-06,AGUARDANDO_EXECUCAO,0.0,0.2,False,0.8967518942809223,Alvo_Suavizado,Alvo_Suavizado
3702,2025-01-07,AGUARDANDO_EXECUCAO,0.0,0.2,False,0.8967518942809223,Alvo_Suavizado,Alvo_Suavizado
3703,2025-01-08,EXECUTOU_TROCA,0.0,0.2,False,0.8967518942809223,Alvo_Suavizado,
3704,2025-01-09,HOLDING,0.0,0.2,False,0.8967518942809223,Alvo_Suavizado,
3705,2025-01-10,HOLDING,0.0,0.2,False,0.8967518942809223,Alvo_Suavizado,
3706,2025-01-13,HOLDING,0.0,0.2,False,0.8967518942809223,Alvo_Suavizado,
3707,2025-01-14,HOLDING,0.0,0.2,False,0.8967518942809223,Alvo_Suavizado,
3708,2025-01-15,HOLDING,0.0,0.2,False,0.8967518942809223,Alvo_Suavizado,
3709,2025-01-16,HOLDING,0.0,0.2,False,0.8967518942809223,Alvo_Suavizado,
3710,2025-01-17,HOLDING,0.0,0.2,False,0.8967518942809223,Alvo_Suavizado,
3711,2025-01-20,HOLDING,0.0,0.2,False,0.8967518942809223,Alvo_Suavizado,
3712,2025-01-21,HOLDING,0.0,0.2,False,0.8967518942809223,Alvo_Suavizado,
3713,2025-01-22,HOLDING,0.0,0.2,False,0.8967518942809223,Alvo_Suavizado,
3714,2025-01-23,HOLDING,0.0,0.2,False,0.8967518942809223,Alvo_Suavizado,
3715,2025-01-24,HOLDING,0.0,0.2,False,0.8967518942809223,Alvo_Suavizado,
3716,2025-01-27,HOLDING,0.0,0.2,False,0.8967518942809223,Alvo_Suavizado,
3717,2025-01-28,HOLDING,0.0,0.2,False,0.8967518942809223,Alvo_Suavizado,
3718,2025-01-29,HOLDING,0.0,0.2,False,0.8967518942809223,Alvo_Suavizado,
3719,2025-01-30,HOLDING,0.0,0.2,False,0.9217655311743326,Alvo_Suavizado,
3720,2025-01-31,HOLDING,0.0,0.2,False,0.9217655311743326,Alvo_Suavizado,
3721,2025-02-03,HOLDING,0.0,0.2,False,0.9217655311743326,Alvo_Suavizado,
3722,2025-02-04,HOLDING,0.0,0.2,False,0.9217655311743326,Alvo_Suavizado,
3723,2025-02-05,HOLDING,0.0,0.2,False,0.9217655311743326,Alvo_Suavizado,
3724,2025-02-06,HOLDING,0.0,0.2,False,0.9217655311743326,Alvo_Suavizado,
3725,2025-02-07,HOLDING,0.0,0.2,False,0.9217655311743326,Alvo_Suavizado,
3726,2025-02-10,HOLDING,0.0,0.2,False,0.9217655311743326,Alvo_Suavizado,
3727,2025-02-11,HOLDING,0.0,0.2,False,0.9217655311743326,Alvo_Suavizado,
3728,2025-02-12,HOLDING,0.0,0.2,False,0.9217655311743326,Alvo_Suavizado,
3729,2025-02-13,HOLDING,0.0,0.2,False,0.9217655311743326,Alvo_Suavizado,
3730,2025-02-14,HOLDING,0.0,0.2,False,0.9217655311743326,Alvo_Suavizado,
3731,2025-02-17,HOLDING,0.0,0.2,False,0.9217655311743326,Alvo_Suavizado,
3732,2025-02-18,HOLDING,0.0,0.2,False,0.9217655311743326,Alvo_Suavizado,
3733,2025-02-19,HOLDING,0.0,0.2,False,0.9217655311743326,Alvo_Suavizado,
3734,2025-02-20,HOLDING,0.0,0.2,False,0.9217655311743326,Alvo_Suavizado,
3735,2025-02-21,HOLDING,0.0,0.2,False,0.9217655311743326,Alvo_Suavizado,
3736,2025-02-24,HOLDING,0.0,0.2,False,0.9217655311743326,Alvo_Suavizado,
3737,2025-02-25,HOLDING,0.0,0.2,False,0.9217655311743326,Alvo_Suavizado,
3738,2025-02-26,HOLDING,0.0,0.2,False,0.9217655311743326,Alvo_Suavizado,
3739,2025-02-27,HOLDING,0.0,0.2,False,0.9217655311743326,Alvo_Suavizado,
3740,2025-02-28,HOLDING,0.0,0.2,False,0.9217655311743326,Alvo_Suavizado,
3741,2025-03-05,HOLDING,0.0,0.2,False,0.9217655311743326,Alvo_Suavizado,
3742,2025-03-06,HOLDING,0.0,0.2,False,0.9217655311743326,Alvo_Suavizado,
3743,2025-03-07,HOLDING,0.0,0.2,False,0.9217655311743326,Alvo_Suavizado,
3744,2025-03-10,HOLDING,0.0,0.2,False,0.9217655311743326,Alvo_Suavizado,
3745,2025-03-11,HOLDING,0.0,0.2,False,0.9217655311743326,Alvo_Suavizado,
3746,2025-03-12,HOLDING,0.0,0.2,False,0.9217655311743326,Alvo_Suavizado,
3747,2025-03-13,HOLDING,0.0,0.2,False,0.9217655311743326,Alvo_Suavizado,
3748,2025-03-14,HOLDING,0.0,0.2,False,0.9217655311743326,Alvo_Suavizado,
3749,2025-03-17,HOLDING,0.0,0.2,False,0.9217655311743326,Alvo_Suavizado,
3750,2025-03-18,HOLDING,0.0,0.2,False,0.9217655311743326,Alvo_Suavizado,
3751,2025-03-19,HOLDING,0.0,0.2,False,0.9217655311743326,Alvo_Suavizado,
3752,2025-03-20,HOLDING,0.0,0.2,False,0.9217655311743326,Alvo_Suavizado,
3753,2025-03-21,HOLDING,0.0,0.2,False,0.9217655311743326,Alvo_Suavizado,
3754,2025-03-24,HOLDING,0.0,0.2,False,0.9217655311743326,Alvo_Suavizado,
3755,2025-03-25,HOLDING,0.0,0.2,False,0.9217655311743326,Alvo_Suavizado,
3756,2025-03-26,HOLDING,0.0,0.2,False,0.9217655311743326,Alvo_Suavizado,
3757,2025-03-27,HOLDING,0.0,0.2,False,0.9217655311743326,Alvo_Suavizado,
3758,2025-03-28,HOLDING,0.0,0.2,False,0.9217655311743326,Alvo_Suavizado,
3759,2025-03-31,HOLDING,0.0,0.2,False,0.9217655311743326,Alvo_Suavizado,
3760,2025-04-01,HOLDING,0.0,0.2,False,0.9217655311743326,Alvo_Suavizado,
3761,2025-04-02,HOLDING,0.0,0.2,False,0.9217655311743326,Alvo_Suavizado,
3762,2025-04-03,HOLDING,0.0,0.2,False,0.9217655311743326,Alvo_Suavizado,
3763,2025-04-04,HOLDING,0.0,0.2,False,0.9217655311743326,Alvo_Suavizado,
3764,2025-04-07,HOLDING,0.0,0.2,False,0.9217655311743326,Alvo_Suavizado,
3765,2025-04-08,HOLDING,0.0,0.2,False,0.9217655311743326,Alvo_Suavizado,
3766,2025-04-09,HOLDING,0.0,0.2,False,0.9217655311743326,Alvo_Suavizado,
3767,2025-04-10,HOLDING,0.0,0.2,False,0.9217655311743326,Alvo_Suavizado,
3768,2025-04-11,AGUARDANDO_EXECUCAO,0.0,0.2,False,0.9217655311743326,Alvo_Suavizado,Alvo_Suavizado
3769,2025-04-14,AGUARDANDO_EXECUCAO,0.0,0.2,False,0.9217655311743326,Alvo_Suavizado,Alvo_Suavizado
3770,2025-04-15,EXECUTOU_TROCA,0.0,0.2,False,0.9217655311743326,Alvo_Suavizado,
3771,2025-04-16,HOLDING,0.0,0.2,False,0.9217655311743326,Alvo_Suavizado,
3772,2025-04-17,HOLDING,0.0,0.2,False,0.9217655311743326,Alvo_Suavizado,
3773,2025-04-22,HOLDING,0.0,0.2,False,0.9217655311743326,Alvo_Suavizado,
3774,2025-04-23,HOLDING,0.0,0.2,False,0.9217655311743326,Alvo_Suavizado,
3775,2025-04-24,HOLDING,0.0,0.2,False,0.8637341536704396,Alvo_Suavizado,
3776,2025-04-25,HOLDING,0.0,0.2,False,0.8637341536704396,Alvo_Suavizado,
3777,2025-04-28,HOLDING,0.0,0.2,False,0.8637341536704396,Alvo_Suavizado,
3778,2025-04-29,HOLDING,0.0,0.2,False,0.8637341536704396,Alvo_Suavizado,
3779,2025-04-30,HOLDING,0.0,0.2,False,0.8637341536704396,Alvo_Suavizado,
3780,2025-05-02,HOLDING,0.0,0.2,False,0.8637341536704396,Alvo_Suavizado,
3781,2025-05-05,HOLDING,0.0,0.2,False,0.8637341536704396,Alvo_Suavizado,
3782,2025-05-06,HOLDING,0.0,0.2,False,0.8637341536704396,Alvo_Suavizado,
3783,2025-05-07,HOLDING,0.0,0.2,False,0.8637341536704396,Alvo_Suavizado,
3784,2025-05-08,HOLDING,0.0,0.2,False,0.8637341536704396,Alvo_Suavizado,
3785,2025-05-09,HOLDING,0.0,0.2,False,0.8637341536704396,Alvo_Suavizado,
3786,2025-05-12,HOLDING,0.0,0.2,False,0.8637341536704396,Alvo_Suavizado,
3787,2025-05-13,HOLDING,0.0,0.2,False,0.8637341536704396,Alvo_Suavizado,
3788,2025-05-14,HOLDING,0.0,0.2,False,0.8637341536704396,Alvo_Suavizado,
3789,2025-05-15,HOLDING,0.0,0.2,False,0.8637341536704396,Alvo_Suavizado,
3790,2025-05-16,HOLDING,0.0,0.2,False,0.8637341536704396,Alvo_Suavizado,
3791,2025-05-19,HOLDING,0.0,0.2,False,0.8637341536704396,Alvo_Suavizado,
3792,2025-05-20,HOLDING,0.0,0.2,False,0.8637341536704396,Alvo_Suavizado,
3793,2025-05-21,HOLDING,0.0,0.2,False,0.8637341536704396,Alvo_Suavizado,
3794,2025-05-22,HOLDING,0.0,0.2,False,0.8637341536704396,Alvo_Suavizado,
3795,2025-05-23,HOLDING,0.0,0.2,False,0.8637341536704396,Alvo_Suavizado,
3796,2025-05-26,HOLDING,0.0,0.2,False,0.8637341536704396,Alvo_Suavizado,
3797,2025-05-27,HOLDING,0.0,0.2,False,0.8637341536704396,Alvo_Suavizado,
3798,2025-05-28,HOLDING,0.0,0.2,False,0.9217655311743326,Alvo_Suavizado,
3799,2025-05-29,HOLDING,0.0,0.2,False,0.9217655311743326,Alvo_Suavizado,
3800,2025-05-30,HOLDING,0.0,0.2,False,0.9217655311743326,Alvo_Suavizado,
3801,2025-06-02,HOLDING,0.0,0.2,False,0.9217655311743326,Alvo_Suavizado,
3802,2025-06-03,HOLDING,0.0,0.2,False,0.9217655311743326,Alvo_Suavizado,
3803,2025-06-04,HOLDING,0.0,0.2,False,0.9217655311743326,Alvo_Suavizado,
3804,2025-06-05,HOLDING,0.0,0.2,False,0.9217655311743326,Alvo_Suavizado,
3805,2025-06-06,HOLDING,0.0,0.2,False,0.9217655311743326,Alvo_Suavizado,
3806,2025-06-09,HOLDING,0.0,0.2,False,0.9217655311743326,Alvo_Suavizado,
3807,2025-06-10,HOLDING,0.0,0.2,False,0.9217655311743326,Alvo_Suavizado,
3808,2025-06-11,HOLDING,0.0,0.2,False,0.9217655311743326,Alvo_Suavizado,
3809,2025-06-12,HOLDING,0.0,0.2,False,0.9217655311743326,Alvo_Suavizado,
3810,2025-06-13,HOLDING,0.0,0.2,False,0.9217655311743326,Alvo_Suavizado,
3811,2025-06-16,HOLDING,0.0,0.2,False,0.9217655311743326,Alvo_Suavizado,
3812,2025-06-17,HOLDING,0.0,0.2,False,0.9217655311743326,Alvo_Suavizado,
3813,2025-06-18,HOLDING,0.0,0.2,False,0.9217655311743326,Alvo_Suavizado,
3814,2025-06-20,HOLDING,0.0,0.2,False,0.9217655311743326,Alvo_Suavizado,
3815,2025-06-23,HOLDING,0.0,0.2,False,0.9217655311743326,Alvo_Suavizado,
3816,2025-06-24,HOLDING,0.0,0.2,False,0.9217655311743326,Alvo_Suavizado,
3817,2025-06-25,HOLDING,0.0,0.2,False,0.9217655311743326,Alvo_Suavizado,
3818,2025-06-26,HOLDING,0.0,0.2,False,0.9217655311743326,Alvo_Suavizado,
3819,2025-06-27,HOLDING,0.0,0.2,False,0.9217655311743326,Alvo_Suavizado,
3820,2025-06-30,HOLDING,0.0,0.2,False,0.9217655311743326,Alvo_Suavizado,
3821,2025-07-01,HOLDING,0.0,0.2,False,0.9217655311743326,Alvo_Suavizado,
3822,2025-07-02,HOLDING,0.0,0.2,False,0.9217655311743326,Alvo_Suavizado,
3823,2025-07-03,HOLDING,0.0,0.2,False,0.9217655311743326,Alvo_Suavizado,
3824,2025-07-04,HOLDING,0.0,0.2,False,0.9217655311743326,Alvo_Suavizado,
3825,2025-07-07,HOLDING,0.0,0.2,False,0.9217655311743326,Alvo_Suavizado,
3826,2025-07-08,HOLDING,0.0,0.2,False,0.9217655311743326,Alvo_Suavizado,
3827,2025-07-09,HOLDING,0.0,0.2,False,0.9217655311743326,Alvo_Suavizado,
3828,2025-07-10,HOLDING,0.0,0.2,False,0.9217655311743326,Alvo_Suavizado,
3829,2025-07-11,HOLDING,0.0,0.2,False,0.9217655311743326,Alvo_Suavizado,
3830,2025-07-14,HOLDING,0.0,0.2,False,0.9217655311743326,Alvo_Suavizado,
3831,2025-07-15,HOLDING,0.0,0.2,False,0.9217655311743326,Alvo_Suavizado,
3832,2025-07-16,HOLDING,0.0,0.2,False,0.9217655311743326,Alvo_Suavizado,
3833,2025-07-17,HOLDING,0.0,0.2,False,0.9217655311743326,Alvo_Suavizado,
3834,2025-07-18,HOLDING,0.0,0.2,False,0.9217655311743326,Alvo_Suavizado,
3835,2025-07-21,SEM_TROCA,0.0,0.2,False,0.9217655311743326,Alvo_Suavizado,
3836,2025-07-22,SEM_TROCA,0.0,0.2,False,0.9217655311743326,Alvo_Suavizado,
3837,2025-07-23,SEM_TROCA,0.0,0.2,False,0.9217655311743326,Alvo_Suavizado,
3838,2025-07-24,SEM_TROCA,0.0,0.2,False,0.9217655311743326,Alvo_Suavizado,
3839,2025-07-25,SEM_TROCA,0.0,0.2,False,0.9217655311743326,Alvo_Suavizado,
3840,2025-07-28,SEM_TROCA,0.0,0.2,False,0.9217655311743326,Alvo_Suavizado,
3841,2025-07-29,SEM_TROCA,0.0,0.2,False,0.9217655311743326,Alvo_Suavizado,
3842,2025-07-30,SEM_TROCA,0.0,0.2,False,0.9217655311743326,Alvo_Suavizado,
3843,2025-07-31,SEM_TROCA,0.0,0.2,False,0.9217655311743326,Alvo_Suavizado,
3844,2025-08-01,SEM_TROCA,0.0,0.2,False,0.9217655311743326,Alvo_Suavizado,
3845,2025-08-04,SEM_TROCA,0.0,0.2,False,0.8967518942809223,Alvo_Suavizado,
3846,2025-08-05,AGUARDANDO_EXECUCAO,0.0,0.2,False,0.8967518942809223,Alvo_Suavizado,Alvo_Suavizado
3847,2025-08-06,AGUARDANDO_EXECUCAO,0.0,0.2,False,0.8967518942809223,Alvo_Suavizado,Alvo_Suavizado
3848,2025-08-07,EXECUTOU_TROCA,0.0,0.2,False,0.8967518942809223,Alvo_Suavizado,
3849,2025-08-08,HOLDING,0.0,0.2,False,0.8967518942809223,Alvo_Suavizado,
3850,2025-08-11,HOLDING,0.0,0.2,False,0.8967518942809223,Alvo_Suavizado,
3851,2025-08-12,HOLDING,0.0,0.2,False,0.8967518942809223,Alvo_Suavizado,
3852,2025-08-13,HOLDING,0.0,0.2,False,0.8967518942809223,Alvo_Suavizado,
3853,2025-08-14,HOLDING,0.0,0.2,False,0.8967518942809223,Alvo_Suavizado,
3854,2025-08-15,HOLDING,0.0,0.2,False,0.8967518942809223,Alvo_Suavizado,
3855,2025-08-18,HOLDING,0.0,0.2,False,0.8967518942809223,Alvo_Suavizado,
3856,2025-08-19,HOLDING,0.0,0.2,False,0.8967518942809223,Alvo_Suavizado,
3857,2025-08-20,HOLDING,0.0,0.2,False,0.8967518942809223,Alvo_Suavizado,
3858,2025-08-21,HOLDING,0.0,0.2,False,0.8967518942809223,Alvo_Suavizado,
3859,2025-08-22,HOLDING,0.0,0.2,False,0.8967518942809223,Alvo_Suavizado,
3860,2025-08-25,HOLDING,0.0,0.2,False,0.8967518942809223,Alvo_Suavizado,
3861,2025-08-26,HOLDING,0.0,0.2,False,0.8967518942809223,Alvo_Suavizado,
3862,2025-08-27,HOLDING,0.0,0.2,False,0.8967518942809223,Alvo_Suavizado,
3863,2025-08-28,HOLDING,0.0,0.2,False,0.8967518942809223,Alvo_Suavizado,
3864,2025-08-29,HOLDING,0.0,0.2,False,0.8967518942809223,Alvo_Suavizado,
3865,2025-09-01,HOLDING,0.0,0.2,False,0.8967518942809223,Alvo_Suavizado,
3866,2025-09-02,HOLDING,0.0,0.2,False,0.8967518942809223,Alvo_Suavizado,
3867,2025-09-03,HOLDING,0.0,0.2,False,0.8967518942809223,Alvo_Suavizado,
3868,2025-09-04,HOLDING,0.0,0.2,False,0.8967518942809223,Alvo_Suavizado,
3869,2025-09-05,HOLDING,0.0,0.2,False,0.8967518942809223,Alvo_Suavizado,
3870,2025-09-08,HOLDING,0.0,0.2,False,0.8967518942809223,Alvo_Suavizado,
3871,2025-09-09,HOLDING,0.0,0.2,False,0.8967518942809223,Alvo_Suavizado,
3872,2025-09-10,HOLDING,0.0,0.2,False,0.8967518942809223,Alvo_Suavizado,
3873,2025-09-11,HOLDING,0.0,0.2,False,0.8967518942809223,Alvo_Suavizado,
3874,2025-09-12,HOLDING,0.0,0.2,False,0.8967518942809223,Alvo_Suavizado,
3875,2025-09-15,HOLDING,0.0,0.2,False,0.8967518942809223,Alvo_Suavizado,
3876,2025-09-16,HOLDING,0.0,0.2,False,0.8967518942809223,Alvo_Suavizado,
3877,2025-09-17,HOLDING,0.0,0.2,False,0.8967518942809223,Alvo_Suavizado,
3878,2025-09-18,HOLDING,0.0,0.2,False,0.8967518942809223,Alvo_Suavizado,
3879,2025-09-19,HOLDING,0.0,0.2,False,0.8967518942809223,Alvo_Suavizado,
3880,2025-09-22,HOLDING,0.0,0.2,False,0.8967518942809223,Alvo_Suavizado,
3881,2025-09-23,HOLDING,0.0,0.2,False,0.8967518942809223,Alvo_Suavizado,
3882,2025-09-24,HOLDING,0.0,0.2,False,0.8967518942809223,Alvo_Suavizado,
3883,2025-09-25,HOLDING,0.0,0.2,False,0.8967518942809223,Alvo_Suavizado,
3884,2025-09-26,HOLDING,0.0,0.2,False,0.8967518942809223,Alvo_Suavizado,
3885,2025-09-29,HOLDING,0.0,0.2,False,0.8967518942809223,Alvo_Suavizado,
3886,2025-09-30,HOLDING,0.0,0.2,False,0.8967518942809223,Alvo_Suavizado,
3887,2025-10-01,HOLDING,0.0,0.2,False,0.8967518942809223,Alvo_Suavizado,
3888,2025-10-02,HOLDING,0.0,0.2,False,0.8967518942809223,Alvo_Suavizado,
3889,2025-10-03,HOLDING,0.0,0.2,False,0.9217655311743326,Alvo_Suavizado,
3890,2025-10-06,HOLDING,0.0,0.2,False,0.9217655311743326,Alvo_Suavizado,
3891,2025-10-07,HOLDING,0.0,0.2,False,0.9217655311743326,Alvo_Suavizado,
3892,2025-10-08,HOLDING,0.0,0.2,False,0.9217655311743326,Alvo_Suavizado,
3893,2025-10-09,HOLDING,0.0,0.2,False,0.9217655311743326,Alvo_Suavizado,
3894,2025-10-10,HOLDING,0.0,0.2,False,0.9217655311743326,Alvo_Suavizado,
3895,2025-10-13,HOLDING,0.0,0.2,False,0.9217655311743326,Alvo_Suavizado,
3896,2025-10-14,HOLDING,0.0,0.2,False,0.9217655311743326,Alvo_Suavizado,
3897,2025-10-15,HOLDING,0.0,0.2,False,0.9217655311743326,Alvo_Suavizado,
3898,2025-10-16,HOLDING,0.0,0.2,False,0.9217655311743326,Alvo_Suavizado,
3899,2025-10-17,HOLDING,0.0,0.2,False,0.9217655311743326,Alvo_Suavizado,
3900,2025-10-20,HOLDING,0.0,0.2,False,0.9217655311743326,Alvo_Suavizado,
3901,2025-10-21,HOLDING,0.0,0.2,False,0.9217655311743326,Alvo_Suavizado,
3902,2025-10-22,HOLDING,0.0,0.2,False,0.9217655311743326,Alvo_Suavizado,
3903,2025-10-23,HOLDING,0.0,0.2,False,0.9217655311743326,Alvo_Suavizado,
3904,2025-10-24,HOLDING,0.0,0.2,False,0.9217655311743326,Alvo_Suavizado,
3905,2025-10-27,HOLDING,0.0,0.2,False,0.9217655311743326,Alvo_Suavizado,
3906,2025-10-28,HOLDING,0.0,0.2,False,0.9217655311743326,Alvo_Suavizado,
3907,2025-10-29,HOLDING,0.0,0.2,False,0.9217655311743326,Alvo_Suavizado,
3908,2025-10-30,HOLDING,0.0,0.2,False,0.9217655311743326,Alvo_Suavizado,
3909,2025-10-31,HOLDING,0.0,0.2,False,0.8637341536704396,Alvo_Suavizado,
3910,2025-11-03,HOLDING,0.0,0.2,False,0.8637341536704396,Alvo_Suavizado,
3911,2025-11-04,HOLDING,0.0,0.2,False,0.8637341536704396,Alvo_Suavizado,
3912,2025-11-05,HOLDING,0.0,0.2,False,0.8637341536704396,Alvo_Suavizado,
3913,2025-11-06,AGUARDANDO_EXECUCAO,0.0,0.2,False,0.8637341536704396,Alvo_Suavizado,Alvo_Suavizado
3914,2025-11-07,AGUARDANDO_EXECUCAO,0.0,0.2,False,0.8637341536704396,Alvo_Suavizado,Alvo_Suavizado
3915,2025-11-10,EXECUTOU_TROCA,0.0,0.2,False,0.8637341536704396,Alvo_Suavizado,
3916,2025-11-11,HOLDING,0.0,0.2,False,0.8637341536704396,Alvo_Suavizado,
3917,2025-11-12,HOLDING,0.0,0.2,False,0.8637341536704396,Alvo_Suavizado,
3918,2025-11-13,HOLDING,0.0,0.2,False,0.8637341536704396,Alvo_Suavizado,
3919,2025-11-14,HOLDING,0.0,0.2,False,0.8637341536704396,Alvo_Suavizado,
3920,2025-11-17,HOLDING,0.0,0.2,False,0.8637341536704396,Alvo_Suavizado,
3921,2025-11-18,HOLDING,0.0,0.2,False,0.8637341536704396,Alvo_Suavizado,
3922,2025-11-19,HOLDING,0.0,0.2,False,0.8637341536704396,Alvo_Suavizado,
3923,2025-11-21,HOLDING,0.0,0.2,False,0.8637341536704396,Alvo_Suavizado,
3924,2025-11-24,HOLDING,0.0,0.2,False,0.8637341536704396,Alvo_Suavizado,
3925,2025-11-25,HOLDING,0.0,0.2,False,0.8637341536704396,Alvo_Suavizado,
3926,2025-11-26,HOLDING,0.0,0.2,False,0.8637341536704396,Alvo_Suavizado,
3927,2025-11-27,HOLDING,0.0,0.2,False,0.8637341536704396,Alvo_Suavizado,
3928,2025-11-28,HOLDING,0.0,0.2,False,0.8637341536704396,Alvo_Suavizado,
3929,2025-12-01,HOLDING,0.0,0.2,False,0.9217655311743326,Alvo_Suavizado,
3930,2025-12-02,HOLDING,0.0,0.2,False,0.9217655311743326,Alvo_Suavizado,
3931,2025-12-03,HOLDING,0.0,0.2,False,0.9217655311743326,Alvo_Suavizado,
3932,2025-12-04,HOLDING,0.0,0.2,False,0.9217655311743326,Alvo_Suavizado,
3933,2025-12-05,HOLDING,0.0,0.2,False,0.9217655311743326,Alvo_Suavizado,
3934,2025-12-08,HOLDING,0.0,0.2,False,0.9217655311743326,Alvo_Suavizado,
3935,2025-12-09,HOLDING,0.0,0.2,False,0.9217655311743342,Alvo_Suavizado,
3936,2025-12-10,HOLDING,0.0,0.2,False,0.8967518942809223,Alvo_Suavizado,
3937,2025-12-11,HOLDING,0.0,0.2,False,0.8967518942809223,Alvo_Suavizado,
3938,2025-12-12,HOLDING,0.0,0.2,False,0.8967518942809223,Alvo_Suavizado,
3939,2025-12-15,HOLDING,0.0,0.2,False,0.8967518942809223,Alvo_Suavizado,
3940,2025-12-16,HOLDING,0.0,0.2,False,0.8967518942809223,Alvo_Suavizado,
3941,2025-12-17,HOLDING,0.0,0.2,False,0.8967518942809223,Alvo_Suavizado,
3942,2025-12-18,HOLDING,0.0,0.2,False,0.8967518942809223,Alvo_Suavizado,
3943,2025-12-19,HOLDING,0.0,0.2,False,0.8967518942809223,Alvo_Suavizado,
3944,2025-12-22,HOLDING,0.0,0.2,False,0.8967518942809223,Alvo_Suavizado,
3945,2025-12-23,HOLDING,0.0,0.2,False,0.8967518942809223,Alvo_Suavizado,
3946,2025-12-26,HOLDING,0.0,0.2,False,0.8967518942809223,Alvo_Suavizado,
3947,2025-12-29,HOLDING,0.0,0.2,False,0.8967518942809223,Alvo_Suavizado,
3948,2025-12-30,HOLDING,0.0,0.2,False,0.8967518942809223,Alvo_Suavizado,
