Data,ABCB4.SA,ABEV3.SA,AGRO3.SA,ALOS3.SA,ALUP11.SA,AMER3.SA,ANIM3.SA,ASAI3.SA,AURA33.SA,AZUL4.SA,AZZA3.SA,B3SA3.SA,BBAS3.SA,BBDC3.SA,BBDC4.SA,BBSE3.SA,BHIA3.SA,BPAC11.SA,BPAN4.SA,BRAP4.SA,BRAV3.SA,BRFS3.SA,BRKM5.SA,CCRO3.SA,CMIG4.SA,CMIN3.SA,COGN3.SA,CPFE3.SA,CPLE3.SA,CPLE6.SA,CRFB3.SA,CSMG3.SA,CSNA3.SA,CSUD3.SA,CURY3.SA,CVCB3.SA,CXSE3.SA,CYRE3.SA,DIRR3.SA,ECOR3.SA,EGIE3.SA,ELET3.SA,ELET6.SA,EMBR3.SA,ENEV3.SA,EQTL3.SA,EZTC3.SA,FLRY3.SA,FRAS3.SA,GGBR4.SA,GGPS3.SA,GOAU4.SA,GOLL4.SA,HAPV3.SA,HYPE3.SA,IGTI11.SA,INTB3.SA,IRBR3.SA,ISAE4.SA,ITSA4.SA,ITUB4.SA,JBSS3.SA,KEPL3.SA,KLBN11.SA,KLBN4.SA,LIGT3.SA,LJQQ3.SA,LREN3.SA,LWSA3.SA,MDNE3.SA,MGLU3.SA,MOVI3.SA,MRFG3.SA,MRVE3.SA,MULT3.SA,NTCO3.SA,OIBR3.SA,PCAR3.SA,PETR3.SA,PETR4.SA,POMO4.SA,POSI3.SA,PRIO3.SA,PSSA3.SA,RADL3.SA,RAIL3.SA,RDOR3.SA,RECV3.SA,RENT3.SA,ROMI3.SA,SANB11.SA,SAPR11.SA,SBSP3.SA,SLCE3.SA,SMFT3.SA,SMTO3.SA,SOJA3.SA,STBP3.SA,SUZB3.SA,TAEE11.SA,TOTS3.SA,TRPL4.SA,UGPA3.SA,UNIP6.SA,USIM5.SA,VALE3.SA,VBBR3.SA,VIVA3.SA,WEGE3.SA,YDUQ3.SA,CDI
2020-01-03,0.0,0.0,0.0,0.0,0.0,0.0,0.0,0.0,0.0,0.0,0.0,0.0,0.0,0.0,0.0,0.0,0.0,0.0,0.0,0.0,0.0,0.0,0.0,0.0,0.0,0.0,0.0,0.0,0.0,0.0,0.0,0.0,0.0,0.0,0.0,0.0,0.0,0.0,0.0,0.0,0.0,0.0,0.0,0.0,0.0,0.0,0.0,0.0,0.0,0.0,0.0,0.0,0.0,0.0,0.0,0.0,0.0,0.0,0.0,0.0,0.0,0.0,0.0,0.0,0.0,0.0,0.0,0.0,0.0,0.0,0.0,0.0,0.0,0.0,0.0,0.0,0.0,0.0,0.0,0.0,0.0,0.0,0.0,0.0,0.0,0.0,0.0,0.0,0.0,0.0,0.0,0.0,0.0,0.0,0.0,0.0,0.0,0.0,0.0,0.0,0.0,0.0,0.0,0.0,0.0,0.0,0.0,0.0,0.0,0.0,1.0
2020-01-06,0.0,0.0,0.0,0.0,0.0,0.0,0.0,0.0,0.0,0.0,0.0,0.0,0.0,0.0,0.0,0.0,0.0,0.0,0.0,0.0,0.0,0.0,0.0,0.0,0.0,0.0,0.0,0.0,0.0,0.0,0.0,0.0,0.0,0.0,0.0,0.0,0.0,0.0,0.0,0.0,0.0,0.0,0.0,0.0,0.0,0.0,0.0,0.0,0.0,0.0,0.0,0.0,0.0,0.0,0.0,0.0,0.0,0.0,0.0,0.0,0.0,0.0,0.0,0.0,0.0,0.0,0.0,0.0,0.0,0.0,0.0,0.0,0.0,0.0,0.0,0.0,0.0,0.0,0.0,0.0,0.0,0.0,0.0,0.0,0.0,0.0,0.0,0.0,0.0,0.0,0.0,0.0,0.0,0.0,0.0,0.0,0.0,0.0,0.0,0.0,0.0,0.0,0.0,0.0,0.0,0.0,0.0,0.0,0.0,0.0,1.0
2020-01-07,0.0,0.0,0.0,0.0,0.0,0.0,0.0,0.0,0.0,0.0,0.0,0.0,0.0,0.0,0.0,0.0,0.0,0.0,0.0,0.0,0.0,0.0,0.0,0.0,0.0,0.0,0.0,0.0,0.0,0.0,0.0,0.0,0.0,0.0,0.0,0.0,0.0,0.0,0.0,0.0,0.0,0.0,0.0,0.0,0.0,0.0,0.0,0.0,0.0,0.0,0.0,0.0,0.0,0.0,0.0,0.0,0.0,0.0,0.0,0.0,0.0,0.0,0.0,0.0,0.0,0.0,0.0,0.0,0.0,0.0,0.0,0.0,0.0,0.0,0.0,0.0,0.0,0.0,0.0,0.0,0.0,0.0,0.0,0.0,0.0,0.0,0.0,0.0,0.0,0.0,0.0,0.0,0.0,0.0,0.0,0.0,0.0,0.0,0.0,0.0,0.0,0.0,0.0,0.0,0.0,0.0,0.0,0.0,0.0,0.0,1.0
2020-01-08,0.0,0.0,0.0,0.0,0.0,0.0,0.0,0.0,0.0,0.0,0.0,0.0,0.0,0.0,0.0,0.0,0.0,0.0,0.0,0.0,0.0,0.0,0.0,0.0,0.0,0.0,0.0,0.0,0.0,0.0,0.0,0.0,0.0,0.0,0.0,0.0,0.0,0.0,0.0,0.0,0.0,0.0,0.0,0.0,0.0,0.0,0.0,0.0,0.0,0.0,0.0,0.0,0.0,0.0,0.0,0.0,0.0,0.0,0.0,0.0,0.0,0.0,0.0,0.0,0.0,0.0,0.0,0.0,0.0,0.0,0.0,0.0,0.0,0.0,0.0,0.0,0.0,0.0,0.0,0.0,0.0,0.0,0.0,0.0,0.0,0.0,0.0,0.0,0.0,0.0,0.0,0.0,0.0,0.0,0.0,0.0,0.0,0.0,0.0,0.0,0.0,0.0,0.0,0.0,0.0,0.0,0.0,0.0,0.0,0.0,1.0
2020-01-09,0.0,0.0,0.0,0.0,0.0,0.0,0.0,0.0,0.0,0.0,0.0,0.0,0.0,0.0,0.0,0.0,0.0,0.0,0.0,0.0,0.0,0.0,0.0,0.0,0.04806079935633756,0.0,0.0,0.0,0.0,0.0,0.0,0.0,0.0,0.0,0.0,0.0,0.0,0.0,0.0,0.0,0.0,0.0,0.0,0.0,0.0,0.0,0.0,0.0,0.0,0.0,0.0,0.0,0.0,0.0,0.0,0.0,0.0,0.0,0.0,0.0,0.0,0.0,0.06593377593559677,0.0,0.0,0.0,0.0,0.0,0.0,0.0,0.05258904837452417,0.0,0.0,0.0,0.0,0.0,0.06593226602076714,0.07428680461907429,0.0,0.0,0.0,0.0,0.08138589228834284,0.0,0.0,0.0,0.0,0.0,0.0,0.0,0.0,0.0,0.0,0.0,0.0,0.0,0.0,0.0,0.0,0.0,0.0,0.0,0.0,0.0903817448191501,0.0,0.0,0.0,0.0,0.0,0.0,0.5214296685862072
2020-01-10,0.0,0.0,0.0,0.0,0.0,0.0,0.0,0.0,0.0,0.0,0.0,0.0,0.0,0.0,0.0,0.0,0.0,0.0,0.0,0.0,0.0,0.0,0.0,0.0,0.04868809469694521,0.0,0.0,0.0,0.0,0.0,0.0,0.0,0.0,0.0,0.0,0.0,0.0,0.0,0.0,0.0,0.0,0.0,0.0,0.0,0.0,0.0,0.0,0.0,0.0,0.0,0.0,0.0,0.0,0.0,0.0,0.0,0.0,0.0,0.0,0.0,0.0,0.0,0.06624882416073588,0.0,0.0,0.0,0.0,0.0,0.0,0.0,0.05220819247678989,0.0,0.0,0.0,0.0,0.0,0.06507738266136534,0.07393596561810604,0.0,0.0,0.0,0.0,0.08306320448982317,0.0,0.0,0.0,0.0,0.0,0.0,0.0,0.0,0.0,0.0,0.0,0.0,0.0,0.0,0.0,0.0,0.0,0.0,0.0,0.0,0.09023783356155785,0.0,0.0,0.0,0.0,0.0,0.0,0.5205405023346766
2020-01-13,0.0,0.0,0.0,0.0,0.0,0.0,0.0,0.0,0.0,0.0,0.0,0.0,0.0,0.0,0.0,0.0,0.0,0.0,0.0,0.0,0.0,0.0,0.0,0.0,0.049645553758338214,0.0,0.0,0.0,0.0,0.0,0.0,0.0,0.0,0.0,0.0,0.0,0.0,0.0,0.0,0.0,0.0,0.0,0.0,0.0,0.0,0.0,0.0,0.0,0.0,0.0,0.0,0.0,0.0,0.0,0.0,0.0,0.0,0.0,0.0,0.0,0.0,0.0,0.0663560013730053,0.0,0.0,0.0,0.0,0.0,0.0,0.0,0.054207283755232545,0.0,0.0,0.0,0.0,0.0,0.06381633249783204,0.07332715711077258,0.0,0.0,0.0,0.0,0.08592053187093428,0.0,0.0,0.0,0.0,0.0,0.0,0.0,0.0,0.0,0.0,0.0,0.0,0.0,0.0,0.0,0.0,0.0,0.0,0.0,0.0,0.09038468427367466,0.0,0.0,0.0,0.0,0.0,0.0,0.5163424553602103
2020-01-14,0.0,0.0,0.0,0.0,0.0,0.0,0.0,0.0,0.0,0.0,0.0,0.0,0.0,0.0,0.0,0.0,0.0,0.0,0.0,0.0,0.0,0.0,0.0,0.0,0.04991026566129374,0.0,0.0,0.0,0.0,0.0,0.0,0.0,0.0,0.0,0.0,0.0,0.0,0.0,0.0,0.0,0.0,0.0,0.0,0.0,0.0,0.0,0.0,0.0,0.0,0.0,0.0,0.0,0.0,0.0,0.0,0.0,0.0,0.0,0.0,0.0,0.0,0.0,0.06578351379634896,0.0,0.0,0.0,0.0,0.0,0.0,0.0,0.053705380783129315,0.0,0.0,0.0,0.0,0.0,0.0649378217759663,0.06990772253907775,0.0,0.0,0.0,0.0,0.09053050772936133,0.0,0.0,0.0,0.0,0.0,0.0,0.0,0.0,0.0,0.0,0.0,0.0,0.0,0.0,0.0,0.0,0.0,0.0,0.0,0.0,0.09139641255414707,0.0,0.0,0.0,0.0,0.0,0.0,0.5138283751606755
2020-01-15,0.0,0.0,0.0,0.0,0.0,0.0,0.0,0.0,0.0,0.0,0.0,0.0,0.0,0.0,0.0,0.0,0.0,0.0,0.0,0.0,0.0,0.0,0.0,0.0,0.049205687555437784,0.0,0.0,0.0,0.0,0.0,0.0,0.0,0.0,0.0,0.0,0.0,0.0,0.0,0.0,0.0,0.0,0.0,0.0,0.0,0.0,0.0,0.0,0.0,0.0,0.0,0.0,0.0,0.0,0.0,0.0,0.0,0.0,0.0,0.0,0.0,0.0,0.0,0.06570534016578194,0.0,0.0,0.0,0.0,0.0,0.0,0.0,0.052955294653635764,0.0,0.0,0.0,0.0,0.0,0.06372060394389241,0.06936810381285374,0.0,0.0,0.0,0.0,0.09024688085284474,0.0,0.0,0.0,0.0,0.0,0.0,0.0,0.0,0.0,0.0,0.0,0.0,0.0,0.0,0.0,0.0,0.0,0.0,0.0,0.0,0.09884883221124255,0.0,0.0,0.0,0.0,0.0,0.0,0.509949256804311
2020-01-16,0.0,0.0,0.0,0.0,0.0,0.0,0.0,0.0,0.0,0.0,0.0,0.0,0.0,0.0,0.0,0.0,0.0,0.0,0.0,0.0,0.0,0.0,0.0,0.0,0.048840656738478296,0.0,0.0,0.0,0.0,0.0,0.0,0.0,0.0,0.0,0.0,0.0,0.0,0.0,0.0,0.0,0.0,0.0,0.0,0.0,0.0,0.0,0.0,0.0,0.0,0.0,0.0,0.0,0.0,0.0,0.0,0.0,0.0,0.0,0.0,0.0,0.0,0.0,0.06517835068156846,0.0,0.0,0.0,0.0,0.0,0.0,0.0,0.05206247886496702,0.0,0.0,0.0,0.0,0.0,0.06358717338224694,0.07387656334748542,0.0,0.0,0.0,0.0,0.08922976583418295,0.0,0.0,0.0,0.0,0.0,0.0,0.0,0.0,0.0,0.0,0.0,0.0,0.0,0.0,0.0,0.0,0.0,0.0,0.0,0.0,0.10391182659919228,0.0,0.0,0.0,0.0,0.0,0.0,0.5033131845518787
2020-01-17,0.0,0.0,0.0,0.0,0.0,0.0,0.0,0.0,0.0,0.0,0.0,0.0,0.0,0.0,0.0,0.0,0.0,0.0,0.0,0.0,0.0,0.0,0.0,0.0,0.04915512630939756,0.0,0.0,0.0,0.0,0.0,0.0,0.0,0.0,0.0,0.0,0.0,0.0,0.0,0.0,0.0,0.0,0.0,0.0,0.0,0.0,0.0,0.0,0.0,0.0,0.0,0.0,0.0,0.0,0.0,0.0,0.0,0.0,0.0,0.0,0.0,0.0,0.0,0.06465138845530627,0.0,0.0,0.0,0.0,0.0,0.0,0.0,0.05279315891810616,0.0,0.0,0.0,0.0,0.0,0.06412843579576152,0.07368666963291337,0.0,0.0,0.0,0.0,0.08820460096102037,0.0,0.0,0.0,0.0,0.0,0.0,0.0,0.0,0.0,0.0,0.0,0.0,0.0,0.0,0.0,0.0,0.0,0.0,0.0,0.0,0.10527537099164737,0.0,0.0,0.0,0.0,0.0,0.0,0.5021052489358474
2020-01-20,0.0,0.0,0.0,0.0,0.0,0.0,0.0,0.0,0.0,0.0,0.0,0.0,0.0,0.0,0.0,0.0,0.0,0.0,0.0,0.0,0.0,0.0,0.0,0.0,0.04827340458079555,0.0,0.0,0.0,0.0,0.0,0.0,0.0,0.0,0.0,0.0,0.0,0.0,0.0,0.0,0.0,0.0,0.0,0.0,0.0,0.0,0.0,0.0,0.0,0.0,0.0,0.0,0.0,0.0,0.0,0.0,0.0,0.0,0.0,0.0,0.0,0.0,0.0,0.06363859822916643,0.0,0.0,0.0,0.0,0.0,0.0,0.0,0.054217488922095776,0.0,0.0,0.0,0.0,0.0,0.06743008926037859,0.07188233135790308,0.0,0.0,0.0,0.0,0.09231001145746609,0.0,0.0,0.0,0.0,0.0,0.0,0.0,0.0,0.0,0.0,0.0,0.0,0.0,0.0,0.0,0.0,0.0,0.0,0.0,0.0,0.10170412364442884,0.0,0.0,0.0,0.0,0.0,0.0,0.5005439525477656
2020-01-21,0.0,0.0,0.0,0.0,0.0,0.0,0.0,0.0,0.0,0.0,0.0,0.0,0.0,0.0,0.0,0.0,0.0,0.0,0.0,0.0,0.0,0.0,0.0,0.0,0.04748623368760001,0.0,0.0,0.0,0.0,0.0,0.0,0.0,0.0,0.0,0.0,0.0,0.0,0.0,0.0,0.0,0.0,0.0,0.0,0.0,0.0,0.0,0.0,0.0,0.0,0.0,0.0,0.0,0.0,0.0,0.0,0.0,0.0,0.0,0.0,0.0,0.0,0.0,0.06327742599809905,0.0,0.0,0.0,0.0,0.0,0.0,0.0,0.05391238507258867,0.0,0.0,0.0,0.0,0.0,0.07275511134846474,0.07159287829872715,0.0,0.0,0.0,0.0,0.09548260153212092,0.0,0.0,0.0,0.0,0.0,0.0,0.0,0.0,0.0,0.0,0.0,0.0,0.0,0.0,0.0,0.0,0.0,0.0,0.0,0.0,0.09687978949790478,0.0,0.0,0.0,0.0,0.0,0.0,0.49861357456449473
2020-01-22,0.0,0.0,0.0,0.0,0.0,0.0,0.0,0.0,0.0,0.0,0.0,0.0,0.0,0.0,0.0,0.0,0.0,0.0,0.0,0.0,0.0,0.0,0.0,0.0,0.04681096054022255,0.0,0.0,0.0,0.0,0.0,0.0,0.0,0.0,0.0,0.0,0.0,0.0,0.0,0.0,0.0,0.0,0.0,0.0,0.0,0.0,0.0,0.0,0.0,0.0,0.0,0.0,0.0,0.0,0.0,0.0,0.0,0.0,0.0,0.0,0.0,0.0,0.0,0.06318679496160137,0.0,0.0,0.0,0.0,0.0,0.0,0.0,0.05353456549905871,0.0,0.0,0.0,0.0,0.0,0.06834618841198249,0.07137200157234207,0.0,0.0,0.0,0.0,0.09833824239328752,0.0,0.0,0.0,0.0,0.0,0.0,0.0,0.0,0.0,0.0,0.0,0.0,0.0,0.0,0.0,0.0,0.0,0.0,0.0,0.0,0.10125103817078283,0.0,0.0,0.0,0.0,0.0,0.0,0.49716020845072245
2020-01-23,0.0,0.0,0.0,0.0,0.0,0.0,0.0,0.0,0.0,0.0,0.0,0.0,0.0,0.0,0.0,0.0,0.0,0.0,0.0,0.0,0.0,0.0,0.0,0.0,0.047223167418434804,0.0,0.0,0.0,0.0,0.0,0.0,0.0,0.0,0.0,0.0,0.0,0.0,0.0,0.0,0.0,0.0,0.0,0.0,0.0,0.0,0.0,0.0,0.0,0.0,0.0,0.0,0.0,0.0,0.0,0.0,0.0,0.0,0.0,0.0,0.0,0.0,0.0,0.06299161521055444,0.0,0.0,0.0,0.0,0.0,0.0,0.0,0.054043150553074744,0.0,0.0,0.0,0.0,0.0,0.07414684144383918,0.06938274707249106,0.0,0.0,0.0,0.0,0.09840885327635318,0.0,0.0,0.0,0.0,0.0,0.0,0.0,0.0,0.0,0.0,0.0,0.0,0.0,0.0,0.0,0.0,0.0,0.0,0.0,0.0,0.09973050636389116,0.0,0.0,0.0,0.0,0.0,0.0,0.4940731186613614
2020-01-24,0.0,0.0,0.0,0.0,0.0,0.0,0.0,0.0,0.0,0.0,0.0,0.0,0.0,0.0,0.0,0.0,0.0,0.0,0.0,0.0,0.0,0.0,0.0,0.0,0.048334197386206756,0.0,0.0,0.0,0.0,0.0,0.0,0.0,0.0,0.0,0.0,0.0,0.0,0.0,0.0,0.0,0.0,0.0,0.0,0.0,0.0,0.0,0.0,0.0,0.0,0.0,0.0,0.0,0.0,0.0,0.0,0.0,0.0,0.0,0.0,0.0,0.0,0.0,0.0635949326395859,0.0,0.0,0.0,0.0,0.0,0.0,0.0,0.0543254120927183,0.0,0.0,0.0,0.0,0.0,0.06738382214128809,0.0702792343541735,0.0,0.0,0.0,0.0,0.09747383603642826,0.0,0.0,0.0,0.0,0.0,0.0,0.0,0.0,0.0,0.0,0.0,0.0,0.0,0.0,0.0,0.0,0.0,0.0,0.0,0.0,0.09806605605056504,0.0,0.0,0.0,0.0,0.0,0.0,0.5005425092990342
2020-01-27,0.0,0.0,0.0,0.0,0.0,0.0,0.0,0.0,0.0,0.0,0.0,0.0,0.0,0.0,0.0,0.0,0.0,0.0,0.0,0.0,0.0,0.0,0.0,0.0,0.047872796988504246,0.0,0.0,0.0,0.0,0.0,0.0,0.0,0.0,0.0,0.0,0.0,0.0,0.0,0.0,0.0,0.0,0.0,0.0,0.0,0.0,0.0,0.0,0.0,0.0,0.0,0.0,0.0,0.0,0.0,0.0,0.0,0.0,0.0,0.0,0.0,0.0,0.0,0.06387714844857145,0.0,0.0,0.0,0.0,0.0,0.0,0.0,0.052300080861223605,0.0,0.0,0.0,0.0,0.0,0.06911579737645039,0.07413697563344383,0.0,0.0,0.0,0.0,0.09638902345294041,0.0,0.0,0.0,0.0,0.0,0.0,0.0,0.0,0.0,0.0,0.0,0.0,0.0,0.0,0.0,0.0,0.0,0.0,0.0,0.0,0.09329192696644421,0.0,0.0,0.0,0.0,0.0,0.0,0.5030162502724218
2020-01-28,0.0,0.0,0.0,0.0,0.0,0.0,0.0,0.0,0.0,0.0,0.0,0.0,0.0,0.0,0.0,0.0,0.0,0.0,0.0,0.0,0.0,0.0,0.0,0.0,0.04833272614530613,0.0,0.0,0.0,0.0,0.0,0.0,0.0,0.0,0.0,0.0,0.0,0.0,0.0,0.0,0.0,0.0,0.0,0.0,0.0,0.0,0.0,0.0,0.0,0.0,0.0,0.0,0.0,0.0,0.0,0.0,0.0,0.0,0.0,0.0,0.0,0.0,0.0,0.06359854265686599,0.0,0.0,0.0,0.0,0.0,0.0,0.0,0.054923008232738435,0.0,0.0,0.0,0.0,0.0,0.06712094155806242,0.07349713755933662,0.0,0.0,0.0,0.0,0.10157481172468258,0.0,0.0,0.0,0.0,0.0,0.0,0.0,0.0,0.0,0.0,0.0,0.0,0.0,0.0,0.0,0.0,0.0,0.0,0.0,0.0,0.09219263760851897,0.0,0.0,0.0,0.0,0.0,0.0,0.49876019451448894
2020-01-29,0.0,0.0,0.0,0.0,0.0,0.0,0.0,0.0,0.0,0.0,0.0,0.0,0.0,0.0,0.0,0.0,0.0,0.0,0.0,0.0,0.0,0.0,0.0,0.0,0.04828836268710557,0.0,0.0,0.0,0.0,0.0,0.0,0.0,0.0,0.0,0.0,0.0,0.0,0.0,0.0,0.0,0.0,0.0,0.0,0.0,0.0,0.0,0.0,0.0,0.0,0.0,0.0,0.0,0.0,0.0,0.0,0.0,0.0,0.0,0.0,0.0,0.0,0.0,0.06344754559087942,0.0,0.0,0.0,0.0,0.0,0.0,0.0,0.05548361642170659,0.0,0.0,0.0,0.0,0.0,0.06955882652845996,0.07385853182420102,0.0,0.0,0.0,0.0,0.09812854125610623,0.0,0.0,0.0,0.0,0.0,0.0,0.0,0.0,0.0,0.0,0.0,0.0,0.0,0.0,0.0,0.0,0.0,0.0,0.0,0.0,0.08993626508365168,0.0,0.0,0.0,0.0,0.0,0.0,0.5012983106078894
2020-01-30,0.0,0.0,0.0,0.0,0.0,0.0,0.0,0.0,0.0,0.0,0.0,0.0,0.0,0.0,0.0,0.0,0.0,0.0,0.0,0.0,0.0,0.0,0.0,0.0,0.04778683367830525,0.0,0.0,0.0,0.0,0.0,0.0,0.0,0.0,0.0,0.0,0.0,0.0,0.0,0.0,0.0,0.0,0.0,0.0,0.0,0.0,0.0,0.0,0.0,0.0,0.0,0.0,0.0,0.0,0.0,0.0,0.0,0.0,0.0,0.0,0.0,0.0,0.0,0.06348631763522972,0.0,0.0,0.0,0.0,0.0,0.0,0.0,0.05493447816711138,0.0,0.0,0.0,0.0,0.0,0.06912796276999122,0.07415002482796582,0.0,0.0,0.0,0.0,0.10183125007540898,0.0,0.0,0.0,0.0,0.0,0.0,0.0,0.0,0.0,0.0,0.0,0.0,0.0,0.0,0.0,0.0,0.0,0.0,0.0,0.0,0.08532037352802083,0.0,0.0,0.0,0.0,0.0,0.0,0.5033627593179668
2020-01-31,0.0,0.0,0.0,0.0,0.0,0.0,0.0,0.0,0.0,0.0,0.0,0.0,0.0,0.0,0.0,0.0,0.0,0.0,0.0,0.0,0.0,0.0,0.0,0.0,0.047251831618845275,0.0,0.0,0.0,0.0,0.0,0.0,0.0,0.0,0.0,0.0,0.0,0.0,0.0,0.0,0.0,0.0,0.0,0.0,0.0,0.0,0.0,0.0,0.0,0.0,0.0,0.0,0.0,0.0,0.0,0.0,0.0,0.0,0.0,0.0,0.0,0.0,0.0,0.06357070783974669,0.0,0.0,0.0,0.0,0.0,0.0,0.0,0.05450768438329509,0.0,0.0,0.0,0.0,0.0,0.0694513566807634,0.07449691291134182,0.0,0.0,0.0,0.0,0.10367029912796522,0.0,0.0,0.0,0.0,0.0,0.0,0.0,0.0,0.0,0.0,0.0,0.0,0.0,0.0,0.0,0.0,0.0,0.0,0.0,0.0,0.08124719820132185,0.0,0.0,0.0,0.0,0.0,0.0,0.5058040092367205
2020-02-03,0.0,0.0,0.0,0.0,0.0,0.0,0.0,0.0,0.0,0.0,0.0,0.0,0.0,0.0,0.0,0.0,0.0,0.0,0.0,0.0,0.0,0.0,0.0,0.0,0.047737560614849184,0.0,0.0,0.0,0.0,0.0,0.0,0.0,0.0,0.0,0.0,0.0,0.0,0.0,0.0,0.0,0.0,0.0,0.0,0.0,0.0,0.0,0.0,0.0,0.0,0.0,0.0,0.0,0.0,0.0,0.0,0.0,0.0,0.0,0.0,0.0,0.0,0.0,0.06354725533548178,0.0,0.0,0.0,0.0,0.0,0.0,0.0,0.054943139933951134,0.0,0.0,0.0,0.0,0.0,0.06839704892881149,0.07412236161776144,0.0,0.0,0.0,0.0,0.10323515305254027,0.0,0.0,0.0,0.0,0.0,0.0,0.0,0.0,0.0,0.0,0.0,0.0,0.0,0.0,0.0,0.0,0.0,0.0,0.0,0.0,0.08467052131811727,0.0,0.0,0.0,0.0,0.0,0.0,0.5033469591984875
2020-02-04,0.0,0.0,0.0,0.0,0.0,0.0,0.0,0.0,0.0,0.0,0.0,0.0,0.0,0.0,0.0,0.0,0.0,0.0,0.0,0.0,0.0,0.0,0.0,0.0,0.0482321071543119,0.0,0.0,0.0,0.0,0.0,0.0,0.0,0.0,0.0,0.0,0.0,0.0,0.0,0.0,0.0,0.0,0.0,0.0,0.0,0.0,0.0,0.0,0.0,0.0,0.0,0.0,0.0,0.0,0.0,0.0,0.0,0.0,0.0,0.0,0.0,0.0,0.0,0.06436178147968852,0.0,0.0,0.0,0.0,0.0,0.0,0.0,0.05592203084065462,0.0,0.0,0.0,0.0,0.0,0.06895495975682343,0.0739644533572082,0.0,0.0,0.0,0.0,0.10479764784744512,0.0,0.0,0.0,0.0,0.0,0.0,0.0,0.0,0.0,0.0,0.0,0.0,0.0,0.0,0.0,0.0,0.0,0.0,0.0,0.0,0.08140654330551729,0.0,0.0,0.0,0.0,0.0,0.0,0.5023604762583508
2020-02-05,0.0,0.0,0.0,0.0,0.0,0.0,0.0,0.0,0.0,0.0,0.0,0.0,0.0,0.0,0.0,0.0,0.0,0.0,0.0,0.0,0.0,0.0,0.0,0.0,0.04999915744694345,0.0,0.0,0.0,0.0,0.0,0.0,0.0,0.0,0.0,0.0,0.0,0.0,0.0,0.0,0.0,0.0,0.0,0.0,0.0,0.0,0.0,0.0,0.0,0.0,0.0,0.0,0.0,0.0,0.0,0.0,0.0,0.0,0.0,0.0,0.0,0.0,0.0,0.06423415607230067,0.0,0.0,0.0,0.0,0.0,0.0,0.0,0.055444502217501655,0.0,0.0,0.0,0.0,0.0,0.06879566301589896,0.07379358390263069,0.0,0.0,0.0,0.0,0.10284152484192366,0.0,0.0,0.0,0.0,0.0,0.0,0.0,0.0,0.0,0.0,0.0,0.0,0.0,0.0,0.0,0.0,0.0,0.0,0.0,0.0,0.08360581745030775,0.0,0.0,0.0,0.0,0.0,0.0,0.5012855950524931
2020-02-06,0.0,0.0,0.0,0.0,0.0,0.0,0.0,0.0,0.0,0.0,0.0,0.0,0.0,0.0,0.0,0.0,0.0,0.0,0.0,0.0,0.0,0.0,0.0,0.0,0.04922699173124872,0.0,0.0,0.0,0.0,0.0,0.0,0.0,0.0,0.0,0.0,0.0,0.0,0.0,0.0,0.0,0.0,0.0,0.0,0.0,0.0,0.0,0.0,0.0,0.0,0.0,0.0,0.0,0.0,0.0,0.0,0.0,0.0,0.0,0.0,0.0,0.0,0.0,0.06420060047447908,0.0,0.0,0.0,0.0,0.0,0.0,0.0,0.05417149347863442,0.0,0.0,0.0,0.0,0.0,0.06828197604769973,0.07399765632945227,0.0,0.0,0.0,0.0,0.10288959435496207,0.0,0.0,0.0,0.0,0.0,0.0,0.0,0.0,0.0,0.0,0.0,0.0,0.0,0.0,0.0,0.0,0.0,0.0,0.0,0.0,0.08447869639196078,0.0,0.0,0.0,0.0,0.0,0.0,0.5027529911915629
2020-02-07,0.0,0.0,0.0,0.0,0.0,0.0,0.0,0.0,0.0,0.0,0.0,0.0,0.0,0.0,0.0,0.0,0.0,0.0,0.0,0.0,0.0,0.0,0.0,0.0,0.047857632684382215,0.0,0.0,0.0,0.0,0.0,0.0,0.0,0.0,0.0,0.0,0.0,0.0,0.0,0.0,0.0,0.0,0.0,0.0,0.0,0.0,0.0,0.0,0.0,0.0,0.0,0.0,0.0,0.0,0.0,0.0,0.0,0.0,0.0,0.0,0.0,0.0,0.0,0.06447054810304781,0.0,0.0,0.0,0.0,0.0,0.0,0.0,0.052840278177079716,0.0,0.0,0.0,0.0,0.0,0.06856908484998252,0.07430879815208555,0.0,0.0,0.0,0.0,0.10422835385997672,0.0,0.0,0.0,0.0,0.0,0.0,0.0,0.0,0.0,0.0,0.0,0.0,0.0,0.0,0.0,0.0,0.0,0.0,0.0,0.0,0.08277689075976695,0.0,0.0,0.0,0.0,0.0,0.0,0.5049484134136787
2020-02-10,0.0,0.0,0.0,0.0,0.0,0.0,0.0,0.0,0.0,0.0,0.0,0.0,0.0,0.0,0.0,0.0,0.0,0.0,0.0,0.0,0.0,0.0,0.0,0.0,0.04718176233675974,0.0,0.0,0.0,0.0,0.0,0.0,0.0,0.0,0.0,0.0,0.0,0.0,0.0,0.0,0.0,0.0,0.0,0.0,0.0,0.0,0.0,0.0,0.0,0.0,0.0,0.0,0.0,0.0,0.0,0.0,0.0,0.0,0.0,0.0,0.0,0.0,0.0,0.06508178029046136,0.0,0.0,0.0,0.0,0.0,0.0,0.0,0.05220851545712547,0.0,0.0,0.0,0.0,0.0,0.06797274721503667,0.07601347509416727,0.0,0.0,0.0,0.0,0.09633485957247374,0.0,0.0,0.0,0.0,0.0,0.0,0.0,0.0,0.0,0.0,0.0,0.0,0.0,0.0,0.0,0.0,0.0,0.0,0.0,0.0,0.07859135221450746,0.0,0.0,0.0,0.0,0.0,0.0,0.5166155078194682
2020-02-11,0.0,0.0,0.0,0.0,0.0,0.0,0.0,0.0,0.0,0.0,0.0,0.0,0.0,0.0,0.0,0.0,0.0,0.0,0.0,0.0,0.0,0.0,0.0,0.0,0.04802972347667787,0.0,0.0,0.0,0.0,0.0,0.0,0.0,0.0,0.0,0.0,0.0,0.0,0.0,0.0,0.0,0.0,0.0,0.0,0.0,0.0,0.0,0.0,0.0,0.0,0.0,0.0,0.0,0.0,0.0,0.0,0.0,0.0,0.0,0.0,0.0,0.0,0.0,0.06435981999669141,0.0,0.0,0.0,0.0,0.0,0.0,0.0,0.05349227160123557,0.0,0.0,0.0,0.0,0.0,0.06721871706514371,0.07517024814855308,0.0,0.0,0.0,0.0,0.09928200650829816,0.0,0.0,0.0,0.0,0.0,0.0,0.0,0.0,0.0,0.0,0.0,0.0,0.0,0.0,0.0,0.0,0.0,0.0,0.0,0.0,0.08148014409690488,0.0,0.0,0.0,0.0,0.0,0.0,0.5109670691064953
2020-02-12,0.0,0.0,0.0,0.0,0.0,0.0,0.0,0.0,0.0,0.0,0.0,0.0,0.0,0.0,0.0,0.0,0.0,0.0,0.0,0.0,0.0,0.0,0.0,0.0,0.047885791653047946,0.0,0.0,0.0,0.0,0.0,0.0,0.0,0.0,0.0,0.0,0.0,0.0,0.0,0.0,0.0,0.0,0.0,0.0,0.0,0.0,0.0,0.0,0.0,0.0,0.0,0.0,0.0,0.0,0.0,0.0,0.0,0.0,0.0,0.0,0.0,0.0,0.0,0.06408183479253442,0.0,0.0,0.0,0.0,0.0,0.0,0.0,0.054900182313570516,0.0,0.0,0.0,0.0,0.0,0.0712004080978198,0.07484557016189647,0.0,0.0,0.0,0.0,0.09811433682821556,0.0,0.0,0.0,0.0,0.0,0.0,0.0,0.0,0.0,0.0,0.0,0.0,0.0,0.0,0.0,0.0,0.0,0.0,0.0,0.0,0.08012969541593347,0.0,0.0,0.0,0.0,0.0,0.0,0.5088421807369817
2020-02-13,0.0,0.0,0.0,0.0,0.0,0.0,0.0,0.0,0.0,0.0,0.0,0.0,0.0,0.0,0.0,0.0,0.0,0.0,0.0,0.0,0.0,0.0,0.0,0.0,0.04733621566104799,0.0,0.0,0.0,0.0,0.0,0.0,0.0,0.0,0.0,0.0,0.0,0.0,0.0,0.0,0.0,0.0,0.0,0.0,0.0,0.0,0.0,0.0,0.0,0.0,0.0,0.0,0.0,0.0,0.0,0.0,0.0,0.0,0.0,0.0,0.0,0.0,0.0,0.06461062889466943,0.0,0.0,0.0,0.0,0.0,0.0,0.0,0.056470390670915145,0.0,0.0,0.0,0.0,0.0,0.0718118743986561,0.06813921382874538,0.0,0.0,0.0,0.0,0.0982994246906011,0.0,0.0,0.0,0.0,0.0,0.0,0.0,0.0,0.0,0.0,0.0,0.0,0.0,0.0,0.0,0.0,0.0,0.0,0.0,0.0,0.08003733747252532,0.0,0.0,0.0,0.0,0.0,0.0,0.5132949143828396
2020-02-14,0.03286270160040811,0.0,0.0,0.0,0.0,0.0,0.0,0.0,0.0,0.0,0.0,0.0,0.0,0.0,0.0,0.0,0.0,0.0,0.0,0.0,0.0,0.0,0.0,0.0,0.0,0.0,0.0,0.0,0.0,0.0,0.0,0.0,0.0,0.0,0.0,0.0,0.0,0.0,0.0,0.0,0.0,0.0,0.0,0.0,0.0,0.0,0.0,0.04330273518987541,0.0,0.0,0.0,0.0,0.0,0.04598475086477304,0.0,0.0,0.0,0.0,0.0,0.0,0.0,0.0,0.0,0.0,0.0,0.0,0.0,0.0,0.0,0.0,0.07869949808043923,0.0,0.0,0.0,0.0,0.0,0.0,0.05654994639871664,0.0,0.0,0.0,0.0,0.06299258106736128,0.0,0.0,0.0,0.0,0.0,0.0,0.0,0.0,0.0,0.0,0.0,0.0,0.0,0.0,0.0,0.0,0.0,0.04598100233827824,0.0,0.0,0.04004929588322321,0.0,0.0,0.0,0.0,0.0,0.0,0.3193216736803979
2020-02-17,0.03298782549227884,0.0,0.0,0.0,0.0,0.0,0.0,0.0,0.0,0.0,0.0,0.0,0.0,0.0,0.0,0.0,0.0,0.0,0.0,0.0,0.0,0.0,0.0,0.0,0.0,0.0,0.0,0.0,0.0,0.0,0.0,0.0,0.0,0.0,0.0,0.0,0.0,0.0,0.0,0.0,0.0,0.0,0.0,0.0,0.0,0.0,0.0,0.0431060751793206,0.0,0.0,0.0,0.0,0.0,0.046720253118537676,0.0,0.0,0.0,0.0,0.0,0.0,0.0,0.0,0.0,0.0,0.0,0.0,0.0,0.0,0.0,0.0,0.08160982975572302,0.0,0.0,0.0,0.0,0.0,0.0,0.05613011532956695,0.0,0.0,0.0,0.0,0.061837828759903915,0.0,0.0,0.0,0.0,0.0,0.0,0.0,0.0,0.0,0.0,0.0,0.0,0.0,0.0,0.0,0.0,0.0,0.04917567425068039,0.0,0.0,0.039210527218042315,0.0,0.0,0.0,0.0,0.0,0.0,0.31700215186371417
2020-02-18,0.032328524377357074,0.0,0.0,0.0,0.0,0.0,0.0,0.0,0.0,0.0,0.0,0.0,0.0,0.0,0.0,0.0,0.0,0.0,0.0,0.0,0.0,0.0,0.0,0.0,0.0,0.0,0.0,0.0,0.0,0.0,0.0,0.0,0.0,0.0,0.0,0.0,0.0,0.0,0.0,0.0,0.0,0.0,0.0,0.0,0.0,0.0,0.0,0.04290800608206075,0.0,0.0,0.0,0.0,0.0,0.04600668250053959,0.0,0.0,0.0,0.0,0.0,0.0,0.0,0.0,0.0,0.0,0.0,0.0,0.0,0.0,0.0,0.0,0.08070275580660757,0.0,0.0,0.0,0.0,0.0,0.0,0.05684845047153601,0.0,0.0,0.0,0.0,0.06449078047808854,0.0,0.0,0.0,0.0,0.0,0.0,0.0,0.0,0.0,0.0,0.0,0.0,0.0,0.0,0.0,0.0,0.0,0.048497734500841654,0.0,0.0,0.039143951903388374,0.0,0.0,0.0,0.0,0.0,0.0,0.5890731138795805
2020-02-19,0.033121360612551824,0.0,0.0,0.0,0.0,0.0,0.0,0.0,0.0,0.0,0.0,0.0,0.0,0.0,0.0,0.0,0.0,0.0,0.0,0.0,0.0,0.0,0.0,0.0,0.0,0.0,0.0,0.0,0.0,0.0,0.0,0.0,0.0,0.0,0.0,0.0,0.0,0.0,0.0,0.0,0.0,0.0,0.0,0.0,0.0,0.0,0.0,0.044197513350582814,0.0,0.0,0.0,0.0,0.0,0.046283993691810216,0.0,0.0,0.0,0.0,0.0,0.0,0.0,0.0,0.0,0.0,0.0,0.0,0.0,0.0,0.0,0.0,0.07992830357748866,0.0,0.0,0.0,0.0,0.0,0.0,0.05665320466246508,0.0,0.0,0.0,0.0,0.06440617007547435,0.0,0.0,0.0,0.0,0.0,0.0,0.0,0.0,0.0,0.0,0.0,0.0,0.0,0.0,0.0,0.0,0.0,0.04812637046377837,0.0,0.0,0.04013840703535656,0.0,0.0,0.0,0.0,0.0,0.0,0.5871446765304922
2020-02-20,0.033330861472522344,0.0,0.0,0.0,0.0,0.0,0.0,0.0,0.0,0.0,0.0,0.0,0.0,0.0,0.0,0.0,0.0,0.0,0.0,0.0,0.0,0.0,0.0,0.0,0.0,0.0,0.0,0.0,0.0,0.0,0.0,0.0,0.0,0.0,0.0,0.0,0.0,0.0,0.0,0.0,0.0,0.0,0.0,0.0,0.0,0.0,0.0,0.043565083474724736,0.0,0.0,0.0,0.0,0.0,0.04504110414186069,0.0,0.0,0.0,0.0,0.0,0.0,0.0,0.0,0.0,0.0,0.0,0.0,0.0,0.0,0.0,0.0,0.0783090946779576,0.0,0.0,0.0,0.0,0.0,0.0,0.056801368274082116,0.0,0.0,0.0,0.0,0.06585100242124815,0.0,0.0,0.0,0.0,0.0,0.0,0.0,0.0,0.0,0.0,0.0,0.0,0.0,0.0,0.0,0.0,0.0,0.04824638257718475,0.0,0.0,0.04007988732666045,0.0,0.0,0.0,0.0,0.0,0.0,0.5887752156337591
2020-02-21,0.032967550174829365,0.0,0.0,0.0,0.0,0.0,0.0,0.0,0.0,0.0,0.0,0.0,0.0,0.0,0.0,0.0,0.0,0.0,0.0,0.0,0.0,0.0,0.0,0.0,0.0,0.0,0.0,0.0,0.0,0.0,0.0,0.0,0.0,0.0,0.0,0.0,0.0,0.0,0.0,0.0,0.0,0.0,0.0,0.0,0.0,0.0,0.0,0.043396131681208774,0.0,0.0,0.0,0.0,0.0,0.04375498640181484,0.0,0.0,0.0,0.0,0.0,0.0,0.0,0.0,0.0,0.0,0.0,0.0,0.0,0.0,0.0,0.0,0.07837968006872038,0.0,0.0,0.0,0.0,0.0,0.0,0.056943211165853616,0.0,0.0,0.0,0.0,0.06598792971860687,0.0,0.0,0.0,0.0,0.0,0.0,0.0,0.0,0.0,0.0,0.0,0.0,0.0,0.0,0.0,0.0,0.0,0.04883145800621345,0.0,0.0,0.039398315159478225,0.0,0.0,0.0,0.0,0.0,0.0,0.5903407376232744
2020-02-26,0.03177836412095782,0.0,0.0,0.0,0.0,0.0,0.0,0.0,0.0,0.0,0.0,0.0,0.0,0.0,0.0,0.0,0.0,0.0,0.0,0.0,0.0,0.0,0.0,0.0,0.0,0.0,0.0,0.0,0.0,0.0,0.0,0.0,0.0,0.0,0.0,0.0,0.0,0.0,0.0,0.0,0.0,0.0,0.0,0.0,0.0,0.0,0.0,0.04289602970967505,0.0,0.0,0.0,0.0,0.0,0.042112759137685425,0.0,0.0,0.0,0.0,0.0,0.0,0.0,0.0,0.0,0.0,0.0,0.0,0.0,0.0,0.0,0.0,0.07534952898963086,0.0,0.0,0.0,0.0,0.0,0.0,0.05843747822300528,0.0,0.0,0.0,0.0,0.057750819332734474,0.0,0.0,0.0,0.0,0.0,0.0,0.0,0.0,0.0,0.0,0.0,0.0,0.0,0.0,0.0,0.0,0.0,0.04731843294020145,0.0,0.0,0.038426745538253204,0.0,0.0,0.0,0.0,0.0,0.0,0.6059298420078565
2020-02-27,0.031518393820446314,0.0,0.0,0.0,0.0,0.0,0.0,0.0,0.0,0.0,0.0,0.0,0.0,0.0,0.0,0.0,0.0,0.0,0.0,0.0,0.0,0.0,0.0,0.0,0.0,0.0,0.0,0.0,0.0,0.0,0.0,0.0,0.0,0.0,0.0,0.0,0.0,0.0,0.0,0.0,0.0,0.0,0.0,0.0,0.0,0.0,0.0,0.04221326518319372,0.0,0.0,0.0,0.0,0.0,0.043384338513893575,0.0,0.0,0.0,0.0,0.0,0.0,0.0,0.0,0.0,0.0,0.0,0.0,0.0,0.0,0.0,0.0,0.07275276841637196,0.0,0.0,0.0,0.0,0.0,0.0,0.05522784049925569,0.0,0.0,0.0,0.0,0.05710081429694225,0.0,0.0,0.0,0.0,0.0,0.0,0.0,0.0,0.0,0.0,0.0,0.0,0.0,0.0,0.0,0.0,0.0,0.04515984164267241,0.0,0.0,0.036875198572833445,0.0,0.0,0.0,0.0,0.0,0.0,0.6157675390543906
2020-02-28,0.03206211310380327,0.0,0.0,0.0,0.0,0.0,0.0,0.0,0.0,0.0,0.0,0.0,0.0,0.0,0.0,0.0,0.0,0.0,0.0,0.0,0.0,0.0,0.0,0.0,0.0,0.0,0.0,0.0,0.0,0.0,0.0,0.0,0.0,0.0,0.0,0.0,0.0,0.0,0.0,0.0,0.0,0.0,0.0,0.0,0.0,0.0,0.0,0.043946517462296525,0.0,0.0,0.0,0.0,0.0,0.044947482964674886,0.0,0.0,0.0,0.0,0.0,0.0,0.0,0.0,0.0,0.0,0.0,0.0,0.0,0.0,0.0,0.0,0.07310206476354983,0.0,0.0,0.0,0.0,0.0,0.0,0.055196420490271215,0.0,0.0,0.0,0.0,0.05649477811068756,0.0,0.0,0.0,0.0,0.0,0.0,0.0,0.0,0.0,0.0,0.0,0.0,0.0,0.0,0.0,0.0,0.0,0.04352221940335887,0.0,0.0,0.035211874852288376,0.0,0.0,0.0,0.0,0.0,0.0,0.6155165288490695
2020-03-02,0.03154827989535545,0.0,0.0,0.0,0.0,0.0,0.0,0.0,0.0,0.0,0.0,0.0,0.0,0.0,0.0,0.0,0.0,0.0,0.0,0.0,0.0,0.0,0.0,0.0,0.0,0.0,0.0,0.0,0.0,0.0,0.0,0.0,0.0,0.0,0.0,0.0,0.0,0.0,0.0,0.0,0.0,0.0,0.0,0.0,0.0,0.0,0.0,0.045283977123214664,0.0,0.0,0.0,0.0,0.0,0.04408949136561754,0.0,0.0,0.0,0.0,0.0,0.0,0.0,0.0,0.0,0.0,0.0,0.0,0.0,0.0,0.0,0.0,0.07546290839120186,0.0,0.0,0.0,0.0,0.0,0.0,0.04925335515219727,0.0,0.0,0.0,0.0,0.06019313765377428,0.0,0.0,0.0,0.0,0.0,0.0,0.0,0.0,0.0,0.0,0.0,0.0,0.0,0.0,0.0,0.0,0.0,0.045120387517919754,0.0,0.0,0.03810036432977066,0.0,0.0,0.0,0.0,0.0,0.0,0.6109480985709487
2020-03-03,0.030936404057852997,0.0,0.0,0.0,0.0,0.0,0.0,0.0,0.0,0.0,0.0,0.0,0.0,0.0,0.0,0.0,0.0,0.0,0.0,0.0,0.0,0.0,0.0,0.0,0.0,0.0,0.0,0.0,0.0,0.0,0.0,0.0,0.0,0.0,0.0,0.0,0.0,0.0,0.0,0.0,0.0,0.0,0.0,0.0,0.0,0.0,0.0,0.04493327173546504,0.0,0.0,0.0,0.0,0.0,0.044843979704458144,0.0,0.0,0.0,0.0,0.0,0.0,0.0,0.0,0.0,0.0,0.0,0.0,0.0,0.0,0.0,0.0,0.07599459570538865,0.0,0.0,0.0,0.0,0.0,0.0,0.04992084447349873,0.0,0.0,0.0,0.0,0.05953219471251192,0.0,0.0,0.0,0.0,0.0,0.0,0.0,0.0,0.0,0.0,0.0,0.0,0.0,0.0,0.0,0.0,0.0,0.04463830252625524,0.0,0.0,0.03734150226730743,0.0,0.0,0.0,0.0,0.0,0.0,0.6118589048172619
2020-03-04,0.03084122557793058,0.0,0.0,0.0,0.0,0.0,0.0,0.0,0.0,0.0,0.0,0.0,0.0,0.0,0.0,0.0,0.0,0.0,0.0,0.0,0.0,0.0,0.0,0.0,0.0,0.0,0.0,0.0,0.0,0.0,0.0,0.0,0.0,0.0,0.0,0.0,0.0,0.0,0.0,0.0,0.0,0.0,0.0,0.0,0.0,0.0,0.0,0.04560064195072617,0.0,0.0,0.0,0.0,0.0,0.043405130136357294,0.0,0.0,0.0,0.0,0.0,0.0,0.0,0.0,0.0,0.0,0.0,0.0,0.0,0.0,0.0,0.0,0.07557696024464466,0.0,0.0,0.0,0.0,0.0,0.0,0.04993798733958626,0.0,0.0,0.0,0.0,0.05901400899112882,0.0,0.0,0.0,0.0,0.0,0.0,0.0,0.0,0.0,0.0,0.0,0.0,0.0,0.0,0.0,0.0,0.0,0.045164872457427466,0.0,0.0,0.03722324458175287,0.0,0.0,0.0,0.0,0.0,0.0,0.613235928720446
2020-03-05,0.02996949273897477,0.0,0.0,0.0,0.0,0.0,0.0,0.0,0.0,0.0,0.0,0.0,0.0,0.0,0.0,0.0,0.0,0.0,0.0,0.0,0.0,0.0,0.0,0.0,0.0,0.0,0.0,0.0,0.0,0.0,0.0,0.0,0.0,0.0,0.0,0.0,0.0,0.0,0.0,0.0,0.0,0.0,0.0,0.0,0.0,0.0,0.0,0.04507281186863337,0.0,0.0,0.0,0.0,0.0,0.04251383442981804,0.0,0.0,0.0,0.0,0.0,0.0,0.0,0.0,0.0,0.0,0.0,0.0,0.0,0.0,0.0,0.0,0.07038011710723631,0.0,0.0,0.0,0.0,0.0,0.0,0.04870260828108786,0.0,0.0,0.0,0.0,0.057717192904952835,0.0,0.0,0.0,0.0,0.0,0.0,0.0,0.0,0.0,0.0,0.0,0.0,0.0,0.0,0.0,0.0,0.0,0.04335338067416802,0.0,0.0,0.03543617317494653,0.0,0.0,0.0,0.0,0.0,0.0,0.6268543888201822
2020-03-06,0.02985937471558485,0.0,0.0,0.0,0.0,0.0,0.0,0.0,0.0,0.0,0.0,0.0,0.0,0.0,0.0,0.0,0.0,0.0,0.0,0.0,0.0,0.0,0.0,0.0,0.0,0.0,0.0,0.0,0.0,0.0,0.0,0.0,0.0,0.0,0.0,0.0,0.0,0.0,0.0,0.0,0.0,0.0,0.0,0.0,0.0,0.0,0.0,0.04512398622039619,0.0,0.0,0.0,0.0,0.0,0.042095394902566766,0.0,0.0,0.0,0.0,0.0,0.0,0.0,0.0,0.0,0.0,0.0,0.0,0.0,0.0,0.0,0.0,0.0678052840996471,0.0,0.0,0.0,0.0,0.0,0.0,0.04822857523083845,0.0,0.0,0.0,0.0,0.052531190905805485,0.0,0.0,0.0,0.0,0.0,0.0,0.0,0.0,0.0,0.0,0.0,0.0,0.0,0.0,0.0,0.0,0.0,0.041144831489237976,0.0,0.0,0.036413524057626205,0.0,0.0,0.0,0.0,0.0,0.0,0.6367978383782971
2020-03-09,0.028069919738129737,0.0,0.0,0.0,0.0,0.0,0.0,0.0,0.0,0.0,0.0,0.0,0.0,0.0,0.0,0.0,0.0,0.0,0.0,0.0,0.0,0.0,0.0,0.0,0.0,0.0,0.0,0.0,0.0,0.0,0.0,0.0,0.0,0.0,0.0,0.0,0.0,0.0,0.0,0.0,0.0,0.0,0.0,0.0,0.0,0.0,0.0,0.0433885050392416,0.0,0.0,0.0,0.0,0.0,0.03996628153834919,0.0,0.0,0.0,0.0,0.0,0.0,0.0,0.0,0.0,0.0,0.0,0.0,0.0,0.0,0.0,0.0,0.0635295664396469,0.0,0.0,0.0,0.0,0.0,0.0,0.04781549801658481,0.0,0.0,0.0,0.0,0.03508003055372323,0.0,0.0,0.0,0.0,0.0,0.0,0.0,0.0,0.0,0.0,0.0,0.0,0.0,0.0,0.0,0.0,0.0,0.03888368855000314,0.0,0.0,0.03304460972640279,0.0,0.0,0.0,0.0,0.0,0.0,0.6702219003979185
2020-03-10,0.028372680569151265,0.0,0.0,0.0,0.0,0.0,0.0,0.0,0.0,0.0,0.0,0.0,0.0,0.0,0.0,0.0,0.0,0.0,0.0,0.0,0.0,0.0,0.0,0.0,0.0,0.0,0.0,0.0,0.0,0.0,0.0,0.0,0.0,0.0,0.0,0.0,0.0,0.0,0.0,0.0,0.0,0.0,0.0,0.0,0.0,0.0,0.0,0.042634770072192164,0.0,0.0,0.0,0.0,0.0,0.042147671168564355,0.0,0.0,0.0,0.0,0.0,0.0,0.0,0.0,0.0,0.0,0.0,0.0,0.0,0.0,0.0,0.0,0.07198781478028428,0.0,0.0,0.0,0.0,0.0,0.0,0.04739210486999993,0.0,0.0,0.0,0.0,0.03875700216725188,0.0,0.0,0.0,0.0,0.0,0.0,0.0,0.0,0.0,0.0,0.0,0.0,0.0,0.0,0.0,0.0,0.0,0.04041358526392934,0.0,0.0,0.03588898926629254,0.0,0.0,0.0,0.0,0.0,0.0,0.6524053818423343
2020-03-11,0.027389993928169504,0.0,0.0,0.0,0.0,0.0,0.0,0.0,0.0,0.0,0.0,0.0,0.0,0.0,0.0,0.0,0.0,0.0,0.0,0.0,0.0,0.0,0.0,0.0,0.0,0.0,0.0,0.0,0.0,0.0,0.0,0.0,0.0,0.0,0.0,0.0,0.0,0.0,0.0,0.0,0.0,0.0,0.0,0.0,0.0,0.0,0.0,0.041954965110575886,0.0,0.0,0.0,0.0,0.0,0.039725812708527805,0.0,0.0,0.0,0.0,0.0,0.0,0.0,0.0,0.0,0.0,0.0,0.0,0.0,0.0,0.0,0.0,0.067597799913627,0.0,0.0,0.0,0.0,0.0,0.0,0.04554830589852713,0.0,0.0,0.0,0.0,0.03624473617472888,0.0,0.0,0.0,0.0,0.0,0.0,0.0,0.0,0.0,0.0,0.0,0.0,0.0,0.0,0.0,0.0,0.0,0.03901397380296684,0.0,0.0,0.03419449449731875,0.0,0.0,0.0,0.0,0.0,0.0,0.6683299179655583
2020-03-12,0.02565587228555258,0.0,0.0,0.0,0.0,0.0,0.0,0.0,0.0,0.0,0.0,0.0,0.0,0.0,0.0,0.0,0.0,0.0,0.0,0.0,0.0,0.0,0.0,0.0,0.0,0.0,0.0,0.0,0.0,0.0,0.0,0.0,0.0,0.0,0.0,0.0,0.0,0.0,0.0,0.0,0.0,0.0,0.0,0.0,0.0,0.0,0.0,0.038587116802666285,0.0,0.0,0.0,0.0,0.0,0.03635809505412489,0.0,0.0,0.0,0.0,0.0,0.0,0.0,0.0,0.0,0.0,0.0,0.0,0.0,0.0,0.0,0.0,0.056384689335404525,0.0,0.0,0.0,0.0,0.0,0.0,0.044505488384245014,0.0,0.0,0.0,0.0,0.02578403990059018,0.0,0.0,0.0,0.0,0.0,0.0,0.0,0.0,0.0,0.0,0.0,0.0,0.0,0.0,0.0,0.0,0.0,0.03599989966232967,0.0,0.0,0.03026678880908495,0.0,0.0,0.0,0.0,0.0,0.0,0.706458009766002
2020-03-13,0.027060887256601725,0.0,0.0,0.0,0.0,0.0,0.0,0.0,0.0,0.0,0.0,0.0,0.0,0.0,0.0,0.0,0.0,0.0,0.0,0.0,0.0,0.0,0.0,0.0,0.0,0.0,0.0,0.0,0.0,0.0,0.0,0.0,0.0,0.0,0.0,0.0,0.0,0.0,0.0,0.0,0.0,0.0,0.0,0.0,0.0,0.0,0.0,0.03841116914015467,0.0,0.0,0.0,0.0,0.0,0.03913869928264897,0.0,0.0,0.0,0.0,0.0,0.0,0.0,0.0,0.0,0.0,0.0,0.0,0.0,0.0,0.0,0.0,0.06698376918799774,0.0,0.0,0.0,0.0,0.0,0.0,0.04859508447119532,0.0,0.0,0.0,0.0,0.029506002235886408,0.0,0.0,0.0,0.0,0.0,0.0,0.0,0.0,0.0,0.0,0.0,0.0,0.0,0.0,0.0,0.0,0.0,0.038937620576652614,0.0,0.0,0.031858920175058286,0.0,0.0,0.0,0.0,0.0,0.0,0.6795078476738042
2020-03-16,0.024172718663344438,0.0,0.0,0.0,0.0,0.0,0.0,0.0,0.0,0.0,0.0,0.0,0.0,0.0,0.0,0.0,0.0,0.0,0.0,0.0,0.0,0.0,0.0,0.0,0.0,0.0,0.0,0.0,0.0,0.0,0.0,0.0,0.0,0.0,0.0,0.0,0.0,0.0,0.0,0.0,0.0,0.0,0.0,0.0,0.0,0.0,0.0,0.03419581302715608,0.0,0.0,0.0,0.0,0.0,0.034883448341239416,0.0,0.0,0.0,0.0,0.0,0.0,0.0,0.0,0.0,0.0,0.0,0.0,0.0,0.0,0.0,0.0,0.05708077924879719,0.0,0.0,0.0,0.0,0.0,0.0,0.048609848740556884,0.0,0.0,0.0,0.0,0.025733281715021015,0.0,0.0,0.0,0.0,0.0,0.0,0.0,0.0,0.0,0.0,0.0,0.0,0.0,0.0,0.0,0.0,0.0,0.03514177238801691,0.0,0.0,0.026241875361966184,0.0,0.0,0.0,0.0,0.0,0.0,0.7139404625139019
2020-03-17,0.024778682581401736,0.0,0.0,0.0,0.0,0.0,0.0,0.0,0.0,0.0,0.0,0.0,0.0,0.0,0.0,0.0,0.0,0.0,0.0,0.0,0.0,0.0,0.0,0.0,0.0,0.0,0.0,0.0,0.0,0.0,0.0,0.0,0.0,0.0,0.0,0.0,0.0,0.0,0.0,0.0,0.0,0.0,0.0,0.0,0.0,0.0,0.0,0.03568202586986297,0.0,0.0,0.0,0.0,0.0,0.035026169680535624,0.0,0.0,0.0,0.0,0.0,0.0,0.0,0.0,0.0,0.0,0.0,0.0,0.0,0.0,0.0,0.0,0.058914172022983734,0.0,0.0,0.0,0.0,0.0,0.0,0.05239328240370464,0.0,0.0,0.0,0.0,0.024110350506492132,0.0,0.0,0.0,0.0,0.0,0.0,0.0,0.0,0.0,0.0,0.0,0.0,0.0,0.0,0.0,0.0,0.0,0.035526695458634724,0.0,0.0,0.027657045697075666,0.0,0.0,0.0,0.0,0.0,0.0,0.7059115757793089
2020-03-18,0.02247914693197634,0.0,0.0,0.0,0.0,0.0,0.0,0.0,0.0,0.0,0.0,0.0,0.0,0.0,0.0,0.0,0.0,0.0,0.0,0.0,0.0,0.0,0.0,0.0,0.0,0.0,0.0,0.0,0.0,0.0,0.0,0.0,0.0,0.0,0.0,0.0,0.0,0.0,0.0,0.0,0.0,0.0,0.0,0.0,0.0,0.0,0.0,0.03220965045938857,0.0,0.0,0.0,0.0,0.0,0.031056794277616054,0.0,0.0,0.0,0.0,0.0,0.0,0.0,0.0,0.0,0.0,0.0,0.0,0.0,0.0,0.0,0.0,0.0501264279984807,0.0,0.0,0.0,0.0,0.0,0.0,0.048457784366421786,0.0,0.0,0.0,0.0,0.017844714486009883,0.0,0.0,0.0,0.0,0.0,0.0,0.0,0.0,0.0,0.0,0.0,0.0,0.0,0.0,0.0,0.0,0.0,0.031593821226825074,0.0,0.0,0.02456642396645466,0.0,0.0,0.0,0.0,0.0,0.0,0.7416652362868269
2020-03-19,0.022820061429828283,0.0,0.0,0.0,0.0,0.0,0.0,0.0,0.0,0.0,0.0,0.0,0.0,0.0,0.0,0.0,0.0,0.0,0.0,0.0,0.0,0.0,0.0,0.0,0.0,0.0,0.0,0.0,0.0,0.0,0.0,0.0,0.0,0.0,0.0,0.0,0.0,0.0,0.0,0.0,0.0,0.0,0.0,0.0,0.0,0.0,0.0,0.03398281003876417,0.0,0.0,0.0,0.0,0.0,0.03469017805550669,0.0,0.0,0.0,0.0,0.0,0.0,0.0,0.0,0.0,0.0,0.0,0.0,0.0,0.0,0.0,0.0,0.0521687774700012,0.0,0.0,0.0,0.0,0.0,0.0,0.05120595579414898,0.0,0.0,0.0,0.0,0.02001842565399445,0.0,0.0,0.0,0.0,0.0,0.0,0.0,0.0,0.0,0.0,0.0,0.0,0.0,0.0,0.0,0.0,0.0,0.030451358012315043,0.0,0.0,0.026638548959790002,0.0,0.0,0.0,0.0,0.0,0.0,0.7280238845856511
2020-03-20,0.022087297170577305,0.0,0.0,0.0,0.0,0.0,0.0,0.0,0.0,0.0,0.0,0.0,0.0,0.0,0.0,0.0,0.0,0.0,0.0,0.0,0.0,0.0,0.0,0.0,0.0,0.0,0.0,0.0,0.0,0.0,0.0,0.0,0.0,0.0,0.0,0.0,0.0,0.0,0.0,0.0,0.0,0.0,0.0,0.0,0.0,0.0,0.0,0.033281631700934476,0.0,0.0,0.0,0.0,0.0,0.037199648974272616,0.0,0.0,0.0,0.0,0.0,0.0,0.0,0.0,0.0,0.0,0.0,0.0,0.0,0.0,0.0,0.0,0.05195230100603704,0.0,0.0,0.0,0.0,0.0,0.0,0.05301127322708664,0.0,0.0,0.0,0.0,0.02082772336678465,0.0,0.0,0.0,0.0,0.0,0.0,0.0,0.0,0.0,0.0,0.0,0.0,0.0,0.0,0.0,0.0,0.0,0.031396335820399524,0.0,0.0,0.02750343552414709,0.0,0.0,0.0,0.0,0.0,0.0,0.7227403532097606
2020-03-23,0.02077838421998818,0.0,0.0,0.0,0.0,0.0,0.0,0.0,0.0,0.0,0.0,0.0,0.0,0.0,0.0,0.0,0.0,0.0,0.0,0.0,0.0,0.0,0.0,0.0,0.0,0.0,0.0,0.0,0.0,0.0,0.0,0.0,0.0,0.0,0.0,0.0,0.0,0.0,0.0,0.0,0.0,0.0,0.0,0.0,0.0,0.0,0.0,0.032521011667432265,0.0,0.0,0.0,0.0,0.0,0.036514826406245225,0.0,0.0,0.0,0.0,0.0,0.0,0.0,0.0,0.0,0.0,0.0,0.0,0.0,0.0,0.0,0.0,0.05131646179638612,0.0,0.0,0.0,0.0,0.0,0.0,0.05679954223295179,0.0,0.0,0.0,0.0,0.01999715163510641,0.0,0.0,0.0,0.0,0.0,0.0,0.0,0.0,0.0,0.0,0.0,0.0,0.0,0.0,0.0,0.0,0.0,0.03145656749922911,0.0,0.0,0.026220614878012225,0.0,0.0,0.0,0.0,0.0,0.0,0.7243954396646487
2020-03-24,0.021241625113496795,0.0,0.0,0.0,0.0,0.0,0.0,0.0,0.0,0.0,0.0,0.0,0.0,0.0,0.0,0.0,0.0,0.0,0.0,0.0,0.0,0.0,0.0,0.0,0.0,0.0,0.0,0.0,0.0,0.0,0.0,0.0,0.0,0.0,0.0,0.0,0.0,0.0,0.0,0.0,0.0,0.0,0.0,0.0,0.0,0.0,0.0,0.0329571432312316,0.0,0.0,0.0,0.0,0.0,0.0395428857837198,0.0,0.0,0.0,0.0,0.0,0.0,0.0,0.0,0.0,0.0,0.0,0.0,0.0,0.0,0.0,0.0,0.06093367933353413,0.0,0.0,0.0,0.0,0.0,0.0,0.05564054248851748,0.0,0.0,0.0,0.0,0.021515400091808235,0.0,0.0,0.0,0.0,0.0,0.0,0.0,0.0,0.0,0.0,0.0,0.0,0.0,0.0,0.0,0.0,0.0,0.03230431388517403,0.0,0.0,0.02733217841608643,0.0,0.0,0.0,0.0,0.0,0.0,0.7085322316564314
2020-03-25,0.030773831035226677,0.0,0.0,0.0,0.0,0.0,0.0,0.0,0.0,0.0,0.0,0.0,0.0,0.0,0.0,0.0,0.0,0.032853041423700456,0.0,0.0,0.0,0.0,0.0,0.0,0.0,0.0,0.0,0.0,0.0,0.0,0.0,0.0,0.0,0.0,0.0,0.0,0.0,0.0,0.0,0.0,0.0,0.0,0.0,0.0,0.0,0.0,0.0,0.04580584053374573,0.0,0.0,0.0,0.0,0.0,0.04307371716926781,0.0,0.0,0.0,0.0,0.0,0.0,0.0,0.0,0.0,0.0,0.0,0.0,0.0,0.0,0.0,0.0,0.0792562351825135,0.0,0.0,0.0,0.0,0.0,0.0,0.0540760252785425,0.0,0.0,0.0,0.0,0.061687606809789665,0.0,0.0,0.0,0.0,0.0,0.0,0.0,0.0,0.0,0.0,0.0,0.0,0.0,0.0,0.0,0.0,0.0,0.04306465333719042,0.0,0.0,0.043881831964671394,0.0,0.0,0.0,0.0,0.0,0.0,0.5655272172653518
2020-03-26,0.03168131980151576,0.0,0.0,0.0,0.0,0.0,0.0,0.0,0.0,0.0,0.0,0.0,0.0,0.0,0.0,0.0,0.0,0.035091974678247165,0.0,0.0,0.0,0.0,0.0,0.0,0.0,0.0,0.0,0.0,0.0,0.0,0.0,0.0,0.0,0.0,0.0,0.0,0.0,0.0,0.0,0.0,0.0,0.0,0.0,0.0,0.0,0.0,0.0,0.04679457849330314,0.0,0.0,0.0,0.0,0.0,0.04692379505223397,0.0,0.0,0.0,0.0,0.0,0.0,0.0,0.0,0.0,0.0,0.0,0.0,0.0,0.0,0.0,0.0,0.0799684715847336,0.0,0.0,0.0,0.0,0.0,0.0,0.050285572732054314,0.0,0.0,0.0,0.0,0.0662896536600766,0.0,0.0,0.0,0.0,0.0,0.0,0.0,0.0,0.0,0.0,0.0,0.0,0.0,0.0,0.0,0.0,0.0,0.040861760708258456,0.0,0.0,0.046956524385922016,0.0,0.0,0.0,0.0,0.0,0.0,0.555146348903655
2020-03-27,0.03171356595084378,0.0,0.0,0.0,0.0,0.0,0.0,0.0,0.0,0.0,0.0,0.0,0.0,0.0,0.0,0.0,0.0,0.03513865251409297,0.0,0.0,0.0,0.0,0.0,0.0,0.0,0.0,0.0,0.0,0.0,0.0,0.0,0.0,0.0,0.0,0.0,0.0,0.0,0.0,0.0,0.0,0.0,0.0,0.0,0.0,0.0,0.0,0.0,0.0451735865168227,0.0,0.0,0.0,0.0,0.0,0.04339394269456358,0.0,0.0,0.0,0.0,0.0,0.0,0.0,0.0,0.0,0.0,0.0,0.0,0.0,0.0,0.0,0.0,0.0776782040979586,0.0,0.0,0.0,0.0,0.0,0.0,0.04971454775853386,0.0,0.0,0.0,0.0,0.06491463862729796,0.0,0.0,0.0,0.0,0.0,0.0,0.0,0.0,0.0,0.0,0.0,0.0,0.0,0.0,0.0,0.0,0.0,0.03582792156164368,0.0,0.0,0.04780389386349366,0.0,0.0,0.0,0.0,0.0,0.0,0.5686410464147492
2020-03-30,0.031043546118088256,0.0,0.0,0.0,0.0,0.0,0.0,0.0,0.0,0.0,0.0,0.0,0.0,0.0,0.0,0.0,0.0,0.03461918232641544,0.0,0.0,0.0,0.0,0.0,0.0,0.0,0.0,0.0,0.0,0.0,0.0,0.0,0.0,0.0,0.0,0.0,0.0,0.0,0.0,0.0,0.0,0.0,0.0,0.0,0.0,0.0,0.0,0.0,0.04706574367314731,0.0,0.0,0.0,0.0,0.0,0.042686069495186316,0.0,0.0,0.0,0.0,0.0,0.0,0.0,0.0,0.0,0.0,0.0,0.0,0.0,0.0,0.0,0.0,0.08235585438935854,0.0,0.0,0.0,0.0,0.0,0.0,0.05017041148536301,0.0,0.0,0.0,0.0,0.060600969194765875,0.0,0.0,0.0,0.0,0.0,0.0,0.0,0.0,0.0,0.0,0.0,0.0,0.0,0.0,0.0,0.0,0.0,0.036722227549100706,0.0,0.0,0.04945220439887188,0.0,0.0,0.0,0.0,0.0,0.0,0.5652837913697027
2020-03-31,0.03053675630268219,0.0,0.0,0.0,0.0,0.0,0.0,0.0,0.0,0.0,0.0,0.0,0.0,0.0,0.0,0.0,0.0,0.03268628432819077,0.0,0.0,0.0,0.0,0.0,0.0,0.0,0.0,0.0,0.0,0.0,0.0,0.0,0.0,0.0,0.0,0.0,0.0,0.0,0.0,0.0,0.0,0.0,0.0,0.0,0.0,0.0,0.0,0.0,0.04671482849718648,0.0,0.0,0.0,0.0,0.0,0.040701411716399585,0.0,0.0,0.0,0.0,0.0,0.0,0.0,0.0,0.0,0.0,0.0,0.0,0.0,0.0,0.0,0.0,0.07816526228734719,0.0,0.0,0.0,0.0,0.0,0.0,0.05185244043658681,0.0,0.0,0.0,0.0,0.06028461244119229,0.0,0.0,0.0,0.0,0.0,0.0,0.0,0.0,0.0,0.0,0.0,0.0,0.0,0.0,0.0,0.0,0.0,0.03698078449201437,0.0,0.0,0.04956151220312358,0.0,0.0,0.0,0.0,0.0,0.0,0.5725161072952768
2020-04-01,0.029872675267671227,0.0,0.0,0.0,0.0,0.0,0.0,0.0,0.0,0.0,0.0,0.0,0.0,0.0,0.0,0.0,0.0,0.029611466331119458,0.0,0.0,0.0,0.0,0.0,0.0,0.0,0.0,0.0,0.0,0.0,0.0,0.0,0.0,0.0,0.0,0.0,0.0,0.0,0.0,0.0,0.0,0.0,0.0,0.0,0.0,0.0,0.0,0.0,0.04689248824665267,0.0,0.0,0.0,0.0,0.0,0.03908412682518592,0.0,0.0,0.0,0.0,0.0,0.0,0.0,0.0,0.0,0.0,0.0,0.0,0.0,0.0,0.0,0.0,0.07632893032477515,0.0,0.0,0.0,0.0,0.0,0.0,0.05077657245753197,0.0,0.0,0.0,0.0,0.06043329955677699,0.0,0.0,0.0,0.0,0.0,0.0,0.0,0.0,0.0,0.0,0.0,0.0,0.0,0.0,0.0,0.0,0.0,0.03602976868212391,0.0,0.0,0.04929811303080772,0.0,0.0,0.0,0.0,0.0,0.0,0.5816725592773551
2020-04-02,0.02871709954270939,0.0,0.0,0.0,0.0,0.0,0.0,0.0,0.0,0.0,0.0,0.0,0.0,0.0,0.0,0.0,0.0,0.03110786405182676,0.0,0.0,0.0,0.0,0.0,0.0,0.0,0.0,0.0,0.0,0.0,0.0,0.0,0.0,0.0,0.0,0.0,0.0,0.0,0.0,0.0,0.0,0.0,0.0,0.0,0.0,0.0,0.0,0.0,0.04677668390899414,0.0,0.0,0.0,0.0,0.0,0.03930465832855229,0.0,0.0,0.0,0.0,0.0,0.0,0.0,0.0,0.0,0.0,0.0,0.0,0.0,0.0,0.0,0.0,0.07218846287434748,0.0,0.0,0.0,0.0,0.0,0.0,0.05096524097113431,0.0,0.0,0.0,0.0,0.07062500148655275,0.0,0.0,0.0,0.0,0.0,0.0,0.0,0.0,0.0,0.0,0.0,0.0,0.0,0.0,0.0,0.0,0.0,0.03624465039059777,0.0,0.0,0.049497497022360754,0.0,0.0,0.0,0.0,0.0,0.0,0.5745728414229244
2020-04-03,0.027502784953786604,0.0,0.0,0.0,0.0,0.0,0.0,0.0,0.0,0.0,0.0,0.0,0.0,0.0,0.0,0.0,0.0,0.03172534012131335,0.0,0.0,0.0,0.0,0.0,0.0,0.0,0.0,0.0,0.0,0.0,0.0,0.0,0.0,0.0,0.0,0.0,0.0,0.0,0.0,0.0,0.0,0.0,0.0,0.0,0.0,0.0,0.0,0.0,0.04480550879688867,0.0,0.0,0.0,0.0,0.0,0.03662016734945057,0.0,0.0,0.0,0.0,0.0,0.0,0.0,0.0,0.0,0.0,0.0,0.0,0.0,0.0,0.0,0.0,0.07200085467206507,0.0,0.0,0.0,0.0,0.0,0.0,0.049690479699430266,0.0,0.0,0.0,0.0,0.07598695138303321,0.0,0.0,0.0,0.0,0.0,0.0,0.0,0.0,0.0,0.0,0.0,0.0,0.0,0.0,0.0,0.0,0.0,0.03517750480081965,0.0,0.0,0.04768472185211534,0.0,0.0,0.0,0.0,0.0,0.0,0.5788056863710973
2020-04-06,0.02845144823361419,0.0,0.0,0.0,0.0,0.0,0.0,0.0,0.0,0.0,0.0,0.0,0.0,0.0,0.0,0.0,0.0,0.03332636757061664,0.0,0.0,0.0,0.0,0.0,0.0,0.0,0.0,0.0,0.0,0.0,0.0,0.0,0.0,0.0,0.0,0.0,0.0,0.0,0.0,0.0,0.0,0.0,0.0,0.0,0.0,0.0,0.0,0.0,0.04497900795113647,0.0,0.0,0.0,0.0,0.0,0.040220529235301485,0.0,0.0,0.0,0.0,0.0,0.0,0.0,0.0,0.0,0.0,0.0,0.0,0.0,0.0,0.0,0.0,0.07462074417968334,0.0,0.0,0.0,0.0,0.0,0.0,0.049694684936917095,0.0,0.0,0.0,0.0,0.0904683513542691,0.0,0.0,0.0,0.0,0.0,0.0,0.0,0.0,0.0,0.0,0.0,0.0,0.0,0.0,0.0,0.0,0.0,0.036057100513981984,0.0,0.0,0.04400658937066416,0.0,0.0,0.0,0.0,0.0,0.0,0.5581751766538156
2020-04-07,0.029031566299481726,0.0,0.0,0.0,0.0,0.0,0.0,0.0,0.0,0.0,0.0,0.0,0.0,0.0,0.0,0.0,0.0,0.03473765611999714,0.0,0.0,0.0,0.0,0.0,0.0,0.0,0.0,0.0,0.0,0.0,0.0,0.0,0.0,0.0,0.0,0.0,0.0,0.0,0.0,0.0,0.0,0.0,0.0,0.0,0.0,0.0,0.0,0.0,0.04682951910796039,0.0,0.0,0.0,0.0,0.0,0.04398002802977945,0.0,0.0,0.0,0.0,0.0,0.0,0.0,0.0,0.0,0.0,0.0,0.0,0.0,0.0,0.0,0.0,0.07623620902872695,0.0,0.0,0.0,0.0,0.0,0.0,0.04875512992971045,0.0,0.0,0.0,0.0,0.0941645487102383,0.0,0.0,0.0,0.0,0.0,0.0,0.0,0.0,0.0,0.0,0.0,0.0,0.0,0.0,0.0,0.0,0.0,0.03824968134748278,0.0,0.0,0.044563498538119646,0.0,0.0,0.0,0.0,0.0,0.0,0.5434521628885032
2020-04-08,0.028203296254839163,0.0,0.0,0.0,0.0,0.0,0.0,0.0,0.0,0.0,0.0,0.0,0.0,0.0,0.0,0.0,0.0,0.036582556263952036,0.0,0.0,0.0,0.0,0.0,0.0,0.0,0.0,0.0,0.0,0.0,0.0,0.0,0.0,0.0,0.0,0.0,0.0,0.0,0.0,0.0,0.0,0.0,0.0,0.0,0.0,0.0,0.0,0.0,0.04680110037939282,0.0,0.0,0.0,0.0,0.0,0.04496569007274086,0.0,0.0,0.0,0.0,0.0,0.0,0.0,0.0,0.0,0.0,0.0,0.0,0.0,0.0,0.0,0.0,0.0788225576116,0.0,0.0,0.0,0.0,0.0,0.0,0.048338390850168535,0.0,0.0,0.0,0.0,0.09467764609718192,0.0,0.0,0.0,0.0,0.0,0.0,0.0,0.0,0.0,0.0,0.0,0.0,0.0,0.0,0.0,0.0,0.0,0.04044981813434323,0.0,0.0,0.04423479922410742,0.0,0.0,0.0,0.0,0.0,0.0,0.536924145111674
2020-04-09,0.029714004227019832,0.0,0.0,0.0,0.0,0.0,0.0,0.0,0.0,0.0,0.0,0.0,0.0,0.0,0.0,0.0,0.0,0.0384285065280999,0.0,0.0,0.0,0.0,0.0,0.0,0.0,0.0,0.0,0.0,0.0,0.0,0.0,0.0,0.0,0.0,0.0,0.0,0.0,0.0,0.0,0.0,0.0,0.0,0.0,0.0,0.0,0.0,0.0,0.04711714501956066,0.0,0.0,0.0,0.0,0.0,0.04443083950539775,0.0,0.0,0.0,0.0,0.0,0.0,0.0,0.0,0.0,0.0,0.0,0.0,0.0,0.0,0.0,0.0,0.07909753393451098,0.0,0.0,0.0,0.0,0.0,0.0,0.04686891104522072,0.0,0.0,0.0,0.0,0.08446453105573343,0.0,0.0,0.0,0.0,0.0,0.0,0.0,0.0,0.0,0.0,0.0,0.0,0.0,0.0,0.0,0.0,0.0,0.04033768863387128,0.0,0.0,0.046656170413152384,0.0,0.0,0.0,0.0,0.0,0.0,0.5428846696374331
2020-04-13,0.02999732131209661,0.0,0.0,0.0,0.0,0.0,0.0,0.0,0.0,0.0,0.0,0.0,0.0,0.0,0.0,0.0,0.0,0.03720955776726809,0.0,0.0,0.0,0.0,0.0,0.0,0.0,0.0,0.0,0.0,0.0,0.0,0.0,0.0,0.0,0.0,0.0,0.0,0.0,0.0,0.0,0.0,0.0,0.0,0.0,0.0,0.0,0.0,0.0,0.04686166355462496,0.0,0.0,0.0,0.0,0.0,0.04483484973122088,0.0,0.0,0.0,0.0,0.0,0.0,0.0,0.0,0.0,0.0,0.0,0.0,0.0,0.0,0.0,0.0,0.07993872314677869,0.0,0.0,0.0,0.0,0.0,0.0,0.04725941594907438,0.0,0.0,0.0,0.0,0.08057439734900901,0.0,0.0,0.0,0.0,0.0,0.0,0.0,0.0,0.0,0.0,0.0,0.0,0.0,0.0,0.0,0.0,0.0,0.041945890889305885,0.0,0.0,0.04604614545030745,0.0,0.0,0.0,0.0,0.0,0.0,0.5453320348503141
2020-04-14,0.030160458918162884,0.0,0.0,0.0,0.0,0.0,0.0,0.0,0.0,0.0,0.0,0.0,0.0,0.0,0.0,0.0,0.0,0.03687871474068315,0.0,0.0,0.0,0.0,0.0,0.0,0.0,0.0,0.0,0.0,0.0,0.0,0.0,0.0,0.0,0.0,0.0,0.0,0.0,0.0,0.0,0.0,0.0,0.0,0.0,0.0,0.0,0.0,0.0,0.04849897726782372,0.0,0.0,0.0,0.0,0.0,0.04771752233852724,0.0,0.0,0.0,0.0,0.0,0.0,0.0,0.0,0.0,0.0,0.0,0.0,0.0,0.0,0.0,0.0,0.08067855978768183,0.0,0.0,0.0,0.0,0.0,0.0,0.04713135466364152,0.0,0.0,0.0,0.0,0.08022235228960589,0.0,0.0,0.0,0.0,0.0,0.0,0.0,0.0,0.0,0.0,0.0,0.0,0.0,0.0,0.0,0.0,0.0,0.04088154028339075,0.0,0.0,0.050075987294907524,0.0,0.0,0.0,0.0,0.0,0.0,0.5377545324155756
2020-04-15,0.030396527128165825,0.0,0.0,0.0,0.0,0.0,0.0,0.0,0.0,0.0,0.0,0.0,0.0,0.0,0.0,0.0,0.0,0.036387094498887176,0.0,0.0,0.0,0.0,0.0,0.0,0.0,0.0,0.0,0.0,0.0,0.0,0.0,0.0,0.0,0.0,0.0,0.0,0.0,0.0,0.0,0.0,0.0,0.0,0.0,0.0,0.0,0.0,0.0,0.04859992678280193,0.0,0.0,0.0,0.0,0.0,0.046801451716165135,0.0,0.0,0.0,0.0,0.0,0.0,0.0,0.0,0.0,0.0,0.0,0.0,0.0,0.0,0.0,0.0,0.08234269771321115,0.0,0.0,0.0,0.0,0.0,0.0,0.046277989626773236,0.0,0.0,0.0,0.0,0.07946078350976932,0.0,0.0,0.0,0.0,0.0,0.0,0.0,0.0,0.0,0.0,0.0,0.0,0.0,0.0,0.0,0.0,0.0,0.04185230867881671,0.0,0.0,0.0508487905170358,0.0,0.0,0.0,0.0,0.0,0.0,0.5370324298283737
2020-04-16,0.030039589929866464,0.0,0.0,0.0,0.0,0.0,0.0,0.0,0.0,0.0,0.0,0.0,0.0,0.0,0.0,0.0,0.0,0.03602001301846751,0.0,0.0,0.0,0.0,0.0,0.0,0.0,0.0,0.0,0.0,0.0,0.0,0.0,0.0,0.0,0.0,0.0,0.0,0.0,0.0,0.0,0.0,0.0,0.0,0.0,0.0,0.0,0.0,0.0,0.04906506685093912,0.0,0.0,0.0,0.0,0.0,0.04666944322693012,0.0,0.0,0.0,0.0,0.0,0.0,0.0,0.0,0.0,0.0,0.0,0.0,0.0,0.0,0.0,0.0,0.08547899282275138,0.0,0.0,0.0,0.0,0.0,0.0,0.047426774089127044,0.0,0.0,0.0,0.0,0.07599628045166529,0.0,0.0,0.0,0.0,0.0,0.0,0.0,0.0,0.0,0.0,0.0,0.0,0.0,0.0,0.0,0.0,0.0,0.04305183766124094,0.0,0.0,0.04973048644378989,0.0,0.0,0.0,0.0,0.0,0.0,0.5365215155052222
2020-04-17,0.03038221171104973,0.0,0.0,0.0,0.0,0.0,0.0,0.0,0.0,0.0,0.0,0.0,0.0,0.0,0.0,0.0,0.0,0.03708956207743905,0.0,0.0,0.0,0.0,0.0,0.0,0.0,0.0,0.0,0.0,0.0,0.0,0.0,0.0,0.0,0.0,0.0,0.0,0.0,0.0,0.0,0.0,0.0,0.0,0.0,0.0,0.0,0.0,0.0,0.05122014973588741,0.0,0.0,0.0,0.0,0.0,0.047060527433468426,0.0,0.0,0.0,0.0,0.0,0.0,0.0,0.0,0.0,0.0,0.0,0.0,0.0,0.0,0.0,0.0,0.08363342726197923,0.0,0.0,0.0,0.0,0.0,0.0,0.046801055450068345,0.0,0.0,0.0,0.0,0.0743347545561509,0.0,0.0,0.0,0.0,0.0,0.0,0.0,0.0,0.0,0.0,0.0,0.0,0.0,0.0,0.0,0.0,0.0,0.04375220845556899,0.0,0.0,0.04917516184131249,0.0,0.0,0.0,0.0,0.0,0.0,0.5365509414770754
2020-04-20,0.02994384469638344,0.0,0.0,0.0,0.0,0.0,0.0,0.0,0.0,0.0,0.0,0.0,0.0,0.0,0.0,0.0,0.0,0.03603598463644636,0.0,0.0,0.0,0.0,0.0,0.0,0.0,0.0,0.0,0.0,0.0,0.0,0.0,0.0,0.0,0.0,0.0,0.0,0.0,0.0,0.0,0.0,0.0,0.0,0.0,0.0,0.0,0.0,0.0,0.0527988771322839,0.0,0.0,0.0,0.0,0.0,0.04830570813937461,0.0,0.0,0.0,0.0,0.0,0.0,0.0,0.0,0.0,0.0,0.0,0.0,0.0,0.0,0.0,0.0,0.0904527205389768,0.0,0.0,0.0,0.0,0.0,0.0,0.04728305606061625,0.0,0.0,0.0,0.0,0.06920790230069446,0.0,0.0,0.0,0.0,0.0,0.0,0.0,0.0,0.0,0.0,0.0,0.0,0.0,0.0,0.0,0.0,0.0,0.04351539100262378,0.0,0.0,0.04864324493777829,0.0,0.0,0.0,0.0,0.0,0.0,0.5338132705548222
2020-04-22,0.030886906116907538,0.0,0.0,0.0,0.0,0.0,0.0,0.0,0.0,0.0,0.0,0.0,0.0,0.0,0.0,0.0,0.0,0.037730772521754094,0.0,0.0,0.0,0.0,0.0,0.0,0.0,0.0,0.0,0.0,0.0,0.0,0.0,0.0,0.0,0.0,0.0,0.0,0.0,0.0,0.0,0.0,0.0,0.0,0.0,0.0,0.0,0.0,0.0,0.051514852023453246,0.0,0.0,0.0,0.0,0.0,0.047100860371143825,0.0,0.0,0.0,0.0,0.0,0.0,0.0,0.0,0.0,0.0,0.0,0.0,0.0,0.0,0.0,0.0,0.09327348604733213,0.0,0.0,0.0,0.0,0.0,0.0,0.05087595184487443,0.0,0.0,0.0,0.0,0.06581896138373501,0.0,0.0,0.0,0.0,0.0,0.0,0.0,0.0,0.0,0.0,0.0,0.0,0.0,0.0,0.0,0.0,0.0,0.0439682428425413,0.0,0.0,0.05083570916293465,0.0,0.0,0.0,0.0,0.0,0.0,0.5279942576853238
2020-04-23,0.03050933241610029,0.0,0.0,0.0,0.0,0.0,0.0,0.0,0.0,0.0,0.0,0.0,0.0,0.0,0.0,0.0,0.0,0.03662001864582439,0.0,0.0,0.0,0.0,0.0,0.0,0.0,0.0,0.0,0.0,0.0,0.0,0.0,0.0,0.0,0.0,0.0,0.0,0.0,0.0,0.0,0.0,0.0,0.0,0.0,0.0,0.0,0.0,0.0,0.051849254385561164,0.0,0.0,0.0,0.0,0.0,0.04541938474050933,0.0,0.0,0.0,0.0,0.0,0.0,0.0,0.0,0.0,0.0,0.0,0.0,0.0,0.0,0.0,0.0,0.09206304696553937,0.0,0.0,0.0,0.0,0.0,0.0,0.050303466646819193,0.0,0.0,0.0,0.0,0.06685221898529348,0.0,0.0,0.0,0.0,0.0,0.0,0.0,0.0,0.0,0.0,0.0,0.0,0.0,0.0,0.0,0.0,0.0,0.043102253857434096,0.0,0.0,0.050685680565233884,0.0,0.0,0.0,0.0,0.0,0.0,0.5325953427916849
2020-04-24,0.029223854616614402,0.0,0.0,0.0,0.0,0.0,0.0,0.0,0.0,0.0,0.0,0.0,0.0,0.0,0.0,0.0,0.0,0.03457412471462057,0.0,0.0,0.0,0.0,0.0,0.0,0.0,0.0,0.0,0.0,0.0,0.0,0.0,0.0,0.0,0.0,0.0,0.0,0.0,0.0,0.0,0.0,0.0,0.0,0.0,0.0,0.0,0.0,0.0,0.05081537695715021,0.0,0.0,0.0,0.0,0.0,0.045726147397731315,0.0,0.0,0.0,0.0,0.0,0.0,0.0,0.0,0.0,0.0,0.0,0.0,0.0,0.0,0.0,0.0,0.0904912439909854,0.0,0.0,0.0,0.0,0.0,0.0,0.050114086802569,0.0,0.0,0.0,0.0,0.0637947484876668,0.0,0.0,0.0,0.0,0.0,0.0,0.0,0.0,0.0,0.0,0.0,0.0,0.0,0.0,0.0,0.0,0.0,0.04007659124137609,0.0,0.0,0.048511344553513885,0.0,0.0,0.0,0.0,0.0,0.0,0.5466724812377722
2020-04-27,0.02899769171269829,0.0,0.0,0.0,0.0,0.0,0.0,0.0,0.0,0.0,0.0,0.0,0.0,0.0,0.0,0.0,0.0,0.03642203560325751,0.0,0.0,0.0,0.0,0.0,0.0,0.0,0.0,0.0,0.0,0.0,0.0,0.0,0.0,0.0,0.0,0.0,0.0,0.0,0.0,0.0,0.0,0.0,0.0,0.0,0.0,0.0,0.0,0.0,0.05041050489507835,0.0,0.0,0.0,0.0,0.0,0.047209862191195766,0.0,0.0,0.0,0.0,0.0,0.0,0.0,0.0,0.0,0.0,0.0,0.0,0.0,0.0,0.0,0.0,0.09262466538806499,0.0,0.0,0.0,0.0,0.0,0.0,0.050681798906992016,0.0,0.0,0.0,0.0,0.06317601856995168,0.0,0.0,0.0,0.0,0.0,0.0,0.0,0.0,0.0,0.0,0.0,0.0,0.0,0.0,0.0,0.0,0.0,0.043213201146873825,0.0,0.0,0.05159219967343052,0.0,0.0,0.0,0.0,0.0,0.0,0.5356720219124571
2020-04-28,0.03036900754609532,0.0,0.0,0.0,0.0,0.0,0.0,0.0,0.0,0.0,0.0,0.0,0.0,0.0,0.0,0.0,0.0,0.039050586278930675,0.0,0.0,0.0,0.0,0.0,0.0,0.0,0.0,0.0,0.0,0.0,0.0,0.0,0.0,0.0,0.0,0.0,0.0,0.0,0.0,0.0,0.0,0.0,0.0,0.0,0.0,0.0,0.0,0.0,0.0495780506735755,0.0,0.0,0.0,0.0,0.0,0.04705343022516875,0.0,0.0,0.0,0.0,0.0,0.0,0.0,0.0,0.0,0.0,0.0,0.0,0.0,0.0,0.0,0.0,0.09528708822490166,0.0,0.0,0.0,0.0,0.0,0.0,0.04808079251456648,0.0,0.0,0.0,0.0,0.07217570415281581,0.0,0.0,0.0,0.0,0.0,0.0,0.0,0.0,0.0,0.0,0.0,0.0,0.0,0.0,0.0,0.0,0.0,0.04222656124301005,0.0,0.0,0.049502691176667495,0.0,0.0,0.0,0.0,0.0,0.0,0.5266760879642681
2020-04-29,0.03080768421734042,0.0,0.0,0.0,0.0,0.0,0.0,0.0,0.0,0.0,0.0,0.0,0.0,0.0,0.0,0.0,0.0,0.0390703149037714,0.0,0.0,0.0,0.0,0.0,0.0,0.0,0.0,0.0,0.0,0.0,0.0,0.0,0.0,0.0,0.0,0.0,0.0,0.0,0.0,0.0,0.0,0.0,0.0,0.0,0.0,0.0,0.0,0.0,0.0494165312270366,0.0,0.0,0.0,0.0,0.0,0.047977296510955135,0.0,0.0,0.0,0.0,0.0,0.0,0.0,0.0,0.0,0.0,0.0,0.0,0.0,0.0,0.0,0.0,0.09329132157444876,0.0,0.0,0.0,0.0,0.0,0.0,0.048573450559646694,0.0,0.0,0.0,0.0,0.07138204336803555,0.0,0.0,0.0,0.0,0.0,0.0,0.0,0.0,0.0,0.0,0.0,0.0,0.0,0.0,0.0,0.0,0.0,0.04291897792161725,0.0,0.0,0.04882222354791084,0.0,0.0,0.0,0.0,0.0,0.0,0.5277401561692374
2020-04-30,0.030741807937931798,0.0,0.0,0.0,0.0,0.0,0.0,0.0,0.0,0.0,0.0,0.0,0.0,0.0,0.0,0.0,0.0,0.03789239272246633,0.0,0.0,0.0,0.0,0.0,0.0,0.0,0.0,0.0,0.0,0.0,0.0,0.0,0.0,0.0,0.0,0.0,0.0,0.0,0.0,0.0,0.0,0.0,0.0,0.0,0.0,0.0,0.0,0.0,0.04908415007889311,0.0,0.0,0.0,0.0,0.0,0.046968046084886445,0.0,0.0,0.0,0.0,0.0,0.0,0.0,0.0,0.0,0.0,0.0,0.0,0.0,0.0,0.0,0.0,0.0929349596363063,0.0,0.0,0.0,0.0,0.0,0.0,0.04827753755384742,0.0,0.0,0.0,0.0,0.06885659222466074,0.0,0.0,0.0,0.0,0.0,0.0,0.0,0.0,0.0,0.0,0.0,0.0,0.0,0.0,0.0,0.0,0.0,0.04380568773423229,0.0,0.0,0.0459066633876319,0.0,0.0,0.0,0.0,0.0,0.0,0.5355321626391437
2020-05-04,0.02885861151797034,0.0,0.0,0.0,0.0,0.0,0.0,0.0,0.0,0.0,0.0,0.0,0.0,0.0,0.0,0.0,0.0,0.037417270380448786,0.0,0.0,0.0,0.0,0.0,0.0,0.0,0.0,0.0,0.0,0.0,0.0,0.0,0.0,0.0,0.0,0.0,0.0,0.0,0.0,0.0,0.0,0.0,0.0,0.0,0.0,0.0,0.0,0.0,0.04682351165885519,0.0,0.0,0.0,0.0,0.0,0.045905857857519036,0.0,0.0,0.0,0.0,0.0,0.0,0.0,0.0,0.0,0.0,0.0,0.0,0.0,0.0,0.0,0.0,0.09636546214753464,0.0,0.0,0.0,0.0,0.0,0.0,0.051406207035706634,0.0,0.0,0.0,0.0,0.06655444154248523,0.0,0.0,0.0,0.0,0.0,0.0,0.0,0.0,0.0,0.0,0.0,0.0,0.0,0.0,0.0,0.0,0.0,0.044516869632756154,0.0,0.0,0.04555867223825641,0.0,0.0,0.0,0.0,0.0,0.0,0.5365930959884675
2020-05-05,0.028849698720442005,0.0,0.0,0.0,0.0,0.0,0.0,0.0,0.0,0.0,0.0,0.0,0.0,0.0,0.0,0.0,0.0,0.03742243311468803,0.0,0.0,0.0,0.0,0.0,0.0,0.0,0.0,0.0,0.0,0.0,0.0,0.0,0.0,0.0,0.0,0.0,0.0,0.0,0.0,0.0,0.0,0.0,0.0,0.0,0.0,0.0,0.0,0.0,0.04633019278489774,0.0,0.0,0.0,0.0,0.0,0.046486039264500116,0.0,0.0,0.0,0.0,0.0,0.0,0.0,0.0,0.0,0.0,0.0,0.0,0.0,0.0,0.0,0.0,0.09387323389290744,0.0,0.0,0.0,0.0,0.0,0.0,0.050701323790774994,0.0,0.0,0.0,0.0,0.07131707012007146,0.0,0.0,0.0,0.0,0.0,0.0,0.0,0.0,0.0,0.0,0.0,0.0,0.0,0.0,0.0,0.0,0.0,0.045036637867313295,0.0,0.0,0.04427990272863566,0.0,0.0,0.0,0.0,0.0,0.0,0.5357034677157694
2020-05-06,0.0,0.0,0.0,0.0,0.0,0.0,0.0,0.0,0.0,0.0,0.0,0.0,0.0,0.0,0.0,0.0,0.042445262454454874,0.04760597916002416,0.0,0.0,0.0,0.0,0.0,0.0,0.0,0.0,0.0,0.0,0.0,0.0,0.0,0.0,0.0,0.0,0.0,0.0,0.0,0.0,0.0,0.0,0.0,0.0,0.0,0.0,0.03993610631219516,0.0,0.0,0.05606212292565174,0.0,0.0,0.0,0.0,0.0,0.0,0.0,0.0,0.0,0.0,0.0,0.0,0.0,0.0,0.0,0.0,0.0,0.0,0.0,0.0,0.0,0.0,0.08063243095422296,0.0,0.0,0.0,0.0,0.0,0.0,0.04418616128730487,0.0,0.0,0.0,0.0,0.057311016329442466,0.0,0.0,0.0,0.0,0.0,0.0,0.0,0.0,0.0,0.0,0.0,0.0,0.0,0.0,0.0,0.0,0.0,0.0,0.0,0.0,0.06356977906367905,0.0,0.0,0.0,0.0,0.0,0.0,0.4093152831793831
2020-05-07,0.0,0.0,0.0,0.0,0.0,0.0,0.0,0.0,0.0,0.0,0.0,0.0,0.0,0.0,0.0,0.0,0.04153920587276148,0.045226586109647283,0.0,0.0,0.0,0.0,0.0,0.0,0.0,0.0,0.0,0.0,0.0,0.0,0.0,0.0,0.0,0.0,0.0,0.0,0.0,0.0,0.0,0.0,0.0,0.0,0.0,0.0,0.039295073220006464,0.0,0.0,0.05476782247689644,0.0,0.0,0.0,0.0,0.0,0.0,0.0,0.0,0.0,0.0,0.0,0.0,0.0,0.0,0.0,0.0,0.0,0.0,0.0,0.0,0.0,0.0,0.08351032631249056,0.0,0.0,0.0,0.0,0.0,0.0,0.0437429807077612,0.0,0.0,0.0,0.0,0.05761469200656167,0.0,0.0,0.0,0.0,0.0,0.0,0.0,0.0,0.0,0.0,0.0,0.0,0.0,0.0,0.0,0.0,0.0,0.0,0.0,0.0,0.06271951901006564,0.0,0.0,0.0,0.0,0.0,0.0,0.4117288795035094
2020-05-08,0.0,0.0,0.0,0.0,0.0,0.0,0.0,0.0,0.0,0.0,0.0,0.0,0.0,0.0,0.0,0.0,0.037963055077846225,0.04562374384695487,0.0,0.0,0.0,0.0,0.0,0.0,0.0,0.0,0.0,0.0,0.0,0.0,0.0,0.0,0.0,0.0,0.0,0.0,0.0,0.0,0.0,0.0,0.0,0.0,0.0,0.0,0.040434828130498,0.0,0.0,0.054246140228835824,0.0,0.0,0.0,0.0,0.0,0.0,0.0,0.0,0.0,0.0,0.0,0.0,0.0,0.0,0.0,0.0,0.0,0.0,0.0,0.0,0.0,0.0,0.08214722459765691,0.0,0.0,0.0,0.0,0.0,0.0,0.04533399384147856,0.0,0.0,0.0,0.0,0.05638810526340461,0.0,0.0,0.0,0.0,0.0,0.0,0.0,0.0,0.0,0.0,0.0,0.0,0.0,0.0,0.0,0.0,0.0,0.0,0.0,0.0,0.06288944019534147,0.0,0.0,0.0,0.0,0.0,0.0,0.5749734688179836
2020-05-11,0.0,0.0,0.0,0.0,0.0,0.0,0.0,0.0,0.0,0.0,0.0,0.0,0.0,0.0,0.0,0.0,0.038153310758893104,0.04528226657700267,0.0,0.0,0.0,0.0,0.0,0.0,0.0,0.0,0.0,0.0,0.0,0.0,0.0,0.0,0.0,0.0,0.0,0.0,0.0,0.0,0.0,0.0,0.0,0.0,0.0,0.0,0.04054581854626412,0.0,0.0,0.05222990371307949,0.0,0.0,0.0,0.0,0.0,0.0,0.0,0.0,0.0,0.0,0.0,0.0,0.0,0.0,0.0,0.0,0.0,0.0,0.0,0.0,0.0,0.0,0.08140593324707897,0.0,0.0,0.0,0.0,0.0,0.0,0.045490077059537004,0.0,0.0,0.0,0.0,0.05893728857614059,0.0,0.0,0.0,0.0,0.0,0.0,0.0,0.0,0.0,0.0,0.0,0.0,0.0,0.0,0.0,0.0,0.0,0.0,0.0,0.0,0.061987259106205186,0.0,0.0,0.0,0.0,0.0,0.0,0.575968142415799
2020-05-12,0.0,0.0,0.0,0.0,0.0,0.0,0.0,0.0,0.0,0.0,0.0,0.0,0.0,0.0,0.0,0.0,0.036912279989372444,0.0447762665753308,0.0,0.0,0.0,0.0,0.0,0.0,0.0,0.0,0.0,0.0,0.0,0.0,0.0,0.0,0.0,0.0,0.0,0.0,0.0,0.0,0.0,0.0,0.0,0.0,0.0,0.0,0.0390787920166409,0.0,0.0,0.052851267359760264,0.0,0.0,0.0,0.0,0.0,0.0,0.0,0.0,0.0,0.0,0.0,0.0,0.0,0.0,0.0,0.0,0.0,0.0,0.0,0.0,0.0,0.0,0.08157450016555544,0.0,0.0,0.0,0.0,0.0,0.0,0.04519592861975777,0.0,0.0,0.0,0.0,0.058378984738092,0.0,0.0,0.0,0.0,0.0,0.0,0.0,0.0,0.0,0.0,0.0,0.0,0.0,0.0,0.0,0.0,0.0,0.0,0.0,0.0,0.062425719668217895,0.0,0.0,0.0,0.0,0.0,0.0,0.5788062608672725
2020-05-13,0.0,0.0,0.0,0.0,0.0,0.0,0.0,0.0,0.0,0.0,0.0,0.0,0.0,0.0,0.0,0.0,0.039470791253821705,0.046090223099781655,0.0,0.0,0.0,0.0,0.0,0.0,0.0,0.0,0.0,0.0,0.0,0.0,0.0,0.0,0.0,0.0,0.0,0.0,0.0,0.0,0.0,0.0,0.0,0.0,0.0,0.0,0.03793189394505579,0.0,0.0,0.05183556889636883,0.0,0.0,0.0,0.0,0.0,0.0,0.0,0.0,0.0,0.0,0.0,0.0,0.0,0.0,0.0,0.0,0.0,0.0,0.0,0.0,0.0,0.0,0.0820446646230364,0.0,0.0,0.0,0.0,0.0,0.0,0.044321117362515317,0.0,0.0,0.0,0.0,0.05687973048109351,0.0,0.0,0.0,0.0,0.0,0.0,0.0,0.0,0.0,0.0,0.0,0.0,0.0,0.0,0.0,0.0,0.0,0.0,0.0,0.0,0.062387613426205864,0.0,0.0,0.0,0.0,0.0,0.0,0.5790383969121208
2020-05-14,0.0,0.0,0.0,0.0,0.0,0.0,0.0,0.0,0.0,0.0,0.0,0.0,0.0,0.0,0.0,0.0,0.03876319300099369,0.04656236777354036,0.0,0.0,0.0,0.0,0.0,0.0,0.0,0.0,0.0,0.0,0.0,0.0,0.0,0.0,0.0,0.0,0.0,0.0,0.0,0.0,0.0,0.0,0.0,0.0,0.0,0.0,0.03855765128033531,0.0,0.0,0.054792736832128174,0.0,0.0,0.0,0.0,0.0,0.0,0.0,0.0,0.0,0.0,0.0,0.0,0.0,0.0,0.0,0.0,0.0,0.0,0.0,0.0,0.0,0.0,0.08223848172844579,0.0,0.0,0.0,0.0,0.0,0.0,0.041344718280377515,0.0,0.0,0.0,0.0,0.05872650685517207,0.0,0.0,0.0,0.0,0.0,0.0,0.0,0.0,0.0,0.0,0.0,0.0,0.0,0.0,0.0,0.0,0.0,0.0,0.0,0.0,0.06272578708667974,0.0,0.0,0.0,0.0,0.0,0.0,0.5762885571623274
2020-05-15,0.0,0.0,0.0,0.0,0.0,0.0,0.0,0.0,0.0,0.0,0.0,0.0,0.0,0.0,0.0,0.0,0.03769861703127666,0.046156234511855236,0.0,0.0,0.0,0.0,0.0,0.0,0.0,0.0,0.0,0.0,0.0,0.0,0.0,0.0,0.0,0.0,0.0,0.0,0.0,0.0,0.0,0.0,0.0,0.0,0.0,0.0,0.03874844847001932,0.0,0.0,0.053567504027548965,0.0,0.0,0.0,0.0,0.0,0.0,0.0,0.0,0.0,0.0,0.0,0.0,0.0,0.0,0.0,0.0,0.0,0.0,0.0,0.0,0.0,0.0,0.08255869313342999,0.0,0.0,0.0,0.0,0.0,0.0,0.038470817117204174,0.0,0.0,0.0,0.0,0.058786127589656186,0.0,0.0,0.0,0.0,0.0,0.0,0.0,0.0,0.0,0.0,0.0,0.0,0.0,0.0,0.0,0.0,0.0,0.0,0.0,0.0,0.061532299553379896,0.0,0.0,0.0,0.0,0.0,0.0,0.5824812585656296
2020-05-18,0.0,0.0,0.0,0.0,0.0,0.0,0.0,0.0,0.0,0.0,0.0,0.0,0.0,0.0,0.0,0.0,0.03765471211085211,0.049145015406506204,0.0,0.0,0.0,0.0,0.0,0.0,0.0,0.0,0.0,0.0,0.0,0.0,0.0,0.0,0.0,0.0,0.0,0.0,0.0,0.0,0.0,0.0,0.0,0.0,0.0,0.0,0.03972290613297322,0.0,0.0,0.05378816447711356,0.0,0.0,0.0,0.0,0.0,0.0,0.0,0.0,0.0,0.0,0.0,0.0,0.0,0.0,0.0,0.0,0.0,0.0,0.0,0.0,0.0,0.0,0.08160366638644805,0.0,0.0,0.0,0.0,0.0,0.0,0.03808019316814352,0.0,0.0,0.0,0.0,0.06899604389876425,0.0,0.0,0.0,0.0,0.0,0.0,0.0,0.0,0.0,0.0,0.0,0.0,0.0,0.0,0.0,0.0,0.0,0.0,0.0,0.0,0.0616043225051162,0.0,0.0,0.0,0.0,0.0,0.0,0.5694049759140828
2020-05-19,0.0,0.0,0.0,0.0,0.0,0.0,0.0,0.0,0.0,0.0,0.0,0.0,0.0,0.0,0.0,0.0,0.039097765858142106,0.04964248797218355,0.0,0.0,0.0,0.0,0.0,0.0,0.0,0.0,0.0,0.0,0.0,0.0,0.0,0.0,0.0,0.0,0.0,0.0,0.0,0.0,0.0,0.0,0.0,0.0,0.0,0.0,0.03911232661237659,0.0,0.0,0.051418275671935576,0.0,0.0,0.0,0.0,0.0,0.0,0.0,0.0,0.0,0.0,0.0,0.0,0.0,0.0,0.0,0.0,0.0,0.0,0.0,0.0,0.0,0.0,0.08500699933938578,0.0,0.0,0.0,0.0,0.0,0.0,0.03722473465115385,0.0,0.0,0.0,0.0,0.07387346563973156,0.0,0.0,0.0,0.0,0.0,0.0,0.0,0.0,0.0,0.0,0.0,0.0,0.0,0.0,0.0,0.0,0.0,0.0,0.0,0.0,0.06006272948319414,0.0,0.0,0.0,0.0,0.0,0.0,0.5645612147718969
2020-05-20,0.0,0.0,0.0,0.0,0.0,0.0,0.0,0.0,0.0,0.0,0.0,0.0,0.0,0.0,0.0,0.0,0.038569090048154765,0.05142550347528314,0.0,0.0,0.0,0.0,0.0,0.0,0.0,0.0,0.0,0.0,0.0,0.0,0.0,0.0,0.0,0.0,0.0,0.0,0.0,0.0,0.0,0.0,0.0,0.0,0.0,0.0,0.03924283729636765,0.0,0.0,0.05378821291809423,0.0,0.0,0.0,0.0,0.0,0.0,0.0,0.0,0.0,0.0,0.0,0.0,0.0,0.0,0.0,0.0,0.0,0.0,0.0,0.0,0.0,0.0,0.08260860144497753,0.0,0.0,0.0,0.0,0.0,0.0,0.03719519810519099,0.0,0.0,0.0,0.0,0.07188315300706867,0.0,0.0,0.0,0.0,0.0,0.0,0.0,0.0,0.0,0.0,0.0,0.0,0.0,0.0,0.0,0.0,0.0,0.0,0.0,0.0,0.06039205026910821,0.0,0.0,0.0,0.0,0.0,0.0,0.5648953534357548
2020-05-21,0.0,0.0,0.0,0.0,0.0,0.0,0.0,0.0,0.0,0.0,0.0,0.0,0.0,0.0,0.0,0.0,0.03922365751788311,0.055202223367649066,0.0,0.0,0.0,0.0,0.0,0.0,0.0,0.0,0.0,0.0,0.0,0.0,0.0,0.0,0.0,0.0,0.0,0.0,0.0,0.0,0.0,0.0,0.0,0.0,0.0,0.0,0.03950879298830283,0.0,0.0,0.05586009501282962,0.0,0.0,0.0,0.0,0.0,0.0,0.0,0.0,0.0,0.0,0.0,0.0,0.0,0.0,0.0,0.0,0.0,0.0,0.0,0.0,0.0,0.0,0.08307016973612587,0.0,0.0,0.0,0.0,0.0,0.0,0.03740727452535983,0.0,0.0,0.0,0.0,0.07389295959509946,0.0,0.0,0.0,0.0,0.0,0.0,0.0,0.0,0.0,0.0,0.0,0.0,0.0,0.0,0.0,0.0,0.0,0.0,0.0,0.0,0.06126628666915587,0.0,0.0,0.0,0.0,0.0,0.0,0.5545685405875943
2020-05-22,0.0,0.0,0.0,0.0,0.0,0.0,0.0,0.0,0.0,0.0,0.0,0.0,0.0,0.0,0.0,0.0,0.040120810941752,0.054160843387600924,0.0,0.0,0.0,0.0,0.0,0.0,0.0,0.0,0.0,0.0,0.0,0.0,0.0,0.0,0.0,0.0,0.0,0.0,0.0,0.0,0.0,0.0,0.0,0.0,0.0,0.0,0.04066877116630187,0.0,0.0,0.05628051136536553,0.0,0.0,0.0,0.0,0.0,0.0,0.0,0.0,0.0,0.0,0.0,0.0,0.0,0.0,0.0,0.0,0.0,0.0,0.0,0.0,0.0,0.0,0.0822179029928361,0.0,0.0,0.0,0.0,0.0,0.0,0.038005824452370815,0.0,0.0,0.0,0.0,0.07233337459740216,0.0,0.0,0.0,0.0,0.0,0.0,0.0,0.0,0.0,0.0,0.0,0.0,0.0,0.0,0.0,0.0,0.0,0.0,0.0,0.0,0.06117668214198051,0.0,0.0,0.0,0.0,0.0,0.0,0.55503527895439
2020-05-25,0.0,0.0,0.0,0.0,0.0,0.0,0.0,0.0,0.0,0.0,0.0,0.0,0.0,0.0,0.0,0.0,0.04515504938954403,0.05717662080976197,0.0,0.0,0.0,0.0,0.0,0.0,0.0,0.0,0.0,0.0,0.0,0.0,0.0,0.0,0.0,0.0,0.0,0.0,0.0,0.0,0.0,0.0,0.0,0.0,0.0,0.0,0.040387042560466116,0.0,0.0,0.056708645846692905,0.0,0.0,0.0,0.0,0.0,0.0,0.0,0.0,0.0,0.0,0.0,0.0,0.0,0.0,0.0,0.0,0.0,0.0,0.0,0.0,0.0,0.0,0.08388934302544578,0.0,0.0,0.0,0.0,0.0,0.0,0.03847502388803526,0.0,0.0,0.0,0.0,0.07589052423817917,0.0,0.0,0.0,0.0,0.0,0.0,0.0,0.0,0.0,0.0,0.0,0.0,0.0,0.0,0.0,0.0,0.0,0.0,0.0,0.0,0.06172204671329816,0.0,0.0,0.0,0.0,0.0,0.0,0.5405957035285767
2020-05-26,0.0,0.0,0.0,0.0,0.0,0.0,0.0,0.0,0.0,0.0,0.0,0.0,0.0,0.0,0.0,0.0,0.04639656576755477,0.05608866467923578,0.0,0.0,0.0,0.0,0.0,0.0,0.0,0.0,0.0,0.0,0.0,0.0,0.0,0.0,0.0,0.0,0.0,0.0,0.0,0.0,0.0,0.0,0.0,0.0,0.0,0.0,0.040461821822590505,0.0,0.0,0.05670026122466552,0.0,0.0,0.0,0.0,0.0,0.0,0.0,0.0,0.0,0.0,0.0,0.0,0.0,0.0,0.0,0.0,0.0,0.0,0.0,0.0,0.0,0.0,0.08915517752366936,0.0,0.0,0.0,0.0,0.0,0.0,0.038541119560297404,0.0,0.0,0.0,0.0,0.07508158375558675,0.0,0.0,0.0,0.0,0.0,0.0,0.0,0.0,0.0,0.0,0.0,0.0,0.0,0.0,0.0,0.0,0.0,0.0,0.0,0.0,0.059337731970496854,0.0,0.0,0.0,0.0,0.0,0.0,0.538237073695903
2020-05-27,0.0,0.0,0.0,0.0,0.0,0.0,0.0,0.0,0.0,0.0,0.0,0.0,0.0,0.0,0.0,0.0,0.04814751032083803,0.05717790391095769,0.0,0.0,0.0,0.0,0.0,0.0,0.0,0.0,0.0,0.0,0.0,0.0,0.0,0.0,0.0,0.0,0.0,0.0,0.0,0.0,0.0,0.0,0.0,0.0,0.0,0.0,0.04100901370107882,0.0,0.0,0.05649813068477002,0.0,0.0,0.0,0.0,0.0,0.0,0.0,0.0,0.0,0.0,0.0,0.0,0.0,0.0,0.0,0.0,0.0,0.0,0.0,0.0,0.0,0.0,0.09181162257301259,0.0,0.0,0.0,0.0,0.0,0.0,0.0383353924168899,0.0,0.0,0.0,0.0,0.07645430678840734,0.0,0.0,0.0,0.0,0.0,0.0,0.0,0.0,0.0,0.0,0.0,0.0,0.0,0.0,0.0,0.0,0.0,0.0,0.0,0.0,0.05992981932777808,0.0,0.0,0.0,0.0,0.0,0.0,0.5306363002762674
2020-05-28,0.0,0.0,0.0,0.0,0.0,0.0,0.0,0.0,0.0,0.0,0.0,0.0,0.0,0.0,0.0,0.0,0.05000129844884505,0.05602269109497839,0.0,0.0,0.0,0.0,0.0,0.0,0.0,0.0,0.0,0.0,0.0,0.0,0.0,0.0,0.0,0.0,0.0,0.0,0.0,0.0,0.0,0.0,0.0,0.0,0.0,0.0,0.04080109972753931,0.0,0.0,0.055615714757147945,0.0,0.0,0.0,0.0,0.0,0.0,0.0,0.0,0.0,0.0,0.0,0.0,0.0,0.0,0.0,0.0,0.0,0.0,0.0,0.0,0.0,0.0,0.08942321093355927,0.0,0.0,0.0,0.0,0.0,0.0,0.03884556690247066,0.0,0.0,0.0,0.0,0.07552973167681502,0.0,0.0,0.0,0.0,0.0,0.0,0.0,0.0,0.0,0.0,0.0,0.0,0.0,0.0,0.0,0.0,0.0,0.0,0.0,0.0,0.06015514785849578,0.0,0.0,0.0,0.0,0.0,0.0,0.5336055386001485
2020-05-29,0.0,0.0,0.0,0.0,0.0,0.0,0.0,0.0,0.0,0.0,0.0,0.0,0.0,0.0,0.0,0.0,0.049176828803978105,0.05505335249332816,0.0,0.0,0.0,0.0,0.0,0.0,0.0,0.0,0.0,0.0,0.0,0.0,0.0,0.0,0.0,0.0,0.0,0.0,0.0,0.0,0.0,0.0,0.0,0.0,0.0,0.0,0.04021590670548662,0.0,0.0,0.0566821590490734,0.0,0.0,0.0,0.0,0.0,0.0,0.0,0.0,0.0,0.0,0.0,0.0,0.0,0.0,0.0,0.0,0.0,0.0,0.0,0.0,0.0,0.0,0.08799469743017473,0.0,0.0,0.0,0.0,0.0,0.0,0.04011638069758214,0.0,0.0,0.0,0.0,0.07987460709627686,0.0,0.0,0.0,0.0,0.0,0.0,0.0,0.0,0.0,0.0,0.0,0.0,0.0,0.0,0.0,0.0,0.0,0.0,0.0,0.0,0.05840055356741033,0.0,0.0,0.0,0.0,0.0,0.0,0.5324855141566898
2020-06-01,0.0,0.0,0.0,0.0,0.0,0.0,0.0,0.0,0.0,0.0,0.0,0.0,0.0,0.0,0.0,0.0,0.05279008588975635,0.05601831421214423,0.0,0.0,0.0,0.0,0.0,0.0,0.0,0.0,0.0,0.0,0.0,0.0,0.0,0.0,0.0,0.0,0.0,0.0,0.0,0.0,0.0,0.0,0.0,0.0,0.0,0.0,0.039870264853642076,0.0,0.0,0.05772013537672678,0.0,0.0,0.0,0.0,0.0,0.0,0.0,0.0,0.0,0.0,0.0,0.0,0.0,0.0,0.0,0.0,0.0,0.0,0.0,0.0,0.0,0.0,0.08633461208164153,0.0,0.0,0.0,0.0,0.0,0.0,0.040878639040835274,0.0,0.0,0.0,0.0,0.07995955733256029,0.0,0.0,0.0,0.0,0.0,0.0,0.0,0.0,0.0,0.0,0.0,0.0,0.0,0.0,0.0,0.0,0.0,0.0,0.0,0.0,0.05859775644702028,0.0,0.0,0.0,0.0,0.0,0.0,0.5278306347656733
2020-06-02,0.0,0.0,0.0,0.0,0.0,0.0,0.0,0.0,0.0,0.0,0.0,0.0,0.0,0.0,0.0,0.0,0.05146157562493865,0.06091971959838597,0.0,0.0,0.0,0.0,0.0,0.0,0.0,0.0,0.0,0.0,0.0,0.0,0.0,0.0,0.0,0.0,0.0,0.0,0.0,0.0,0.0,0.0,0.0,0.0,0.0,0.0,0.038606212819092,0.0,0.0,0.06074565992272423,0.0,0.0,0.0,0.0,0.0,0.0,0.0,0.0,0.0,0.0,0.0,0.0,0.0,0.0,0.0,0.0,0.0,0.0,0.0,0.0,0.0,0.0,0.08257385380567693,0.0,0.0,0.0,0.0,0.0,0.0,0.04150121605641279,0.0,0.0,0.0,0.0,0.08462203037005057,0.0,0.0,0.0,0.0,0.0,0.0,0.0,0.0,0.0,0.0,0.0,0.0,0.0,0.0,0.0,0.0,0.0,0.0,0.0,0.0,0.059151531008167633,0.0,0.0,0.0,0.0,0.0,0.0,0.5204182007945513
2020-06-03,0.0,0.0,0.0,0.0,0.0,0.0,0.0,0.0,0.0,0.0,0.0,0.0,0.0,0.0,0.0,0.0,0.051770187705131594,0.06494953871051998,0.0,0.0,0.0,0.0,0.0,0.0,0.0,0.0,0.0,0.0,0.0,0.0,0.0,0.0,0.0,0.0,0.0,0.0,0.0,0.0,0.0,0.0,0.0,0.0,0.0,0.0,0.040280637160503015,0.0,0.0,0.060767460545731504,0.0,0.0,0.0,0.0,0.0,0.0,0.0,0.0,0.0,0.0,0.0,0.0,0.0,0.0,0.0,0.0,0.0,0.0,0.0,0.0,0.0,0.0,0.0826046205107907,0.0,0.0,0.0,0.0,0.0,0.0,0.041636467628979136,0.0,0.0,0.0,0.0,0.08109504761607747,0.0,0.0,0.0,0.0,0.0,0.0,0.0,0.0,0.0,0.0,0.0,0.0,0.0,0.0,0.0,0.0,0.0,0.0,0.0,0.0,0.061066017713727855,0.0,0.0,0.0,0.0,0.0,0.0,0.5158300224085388
2020-06-04,0.0,0.0,0.0,0.0,0.0,0.0,0.0,0.0,0.0,0.0,0.0,0.0,0.0,0.0,0.0,0.0,0.053407420010002316,0.06556223407862939,0.0,0.0,0.0,0.0,0.0,0.0,0.0,0.0,0.0,0.0,0.0,0.0,0.0,0.0,0.0,0.0,0.0,0.0,0.0,0.0,0.0,0.0,0.0,0.0,0.0,0.0,0.040022312274465496,0.0,0.0,0.05905391050987989,0.0,0.0,0.0,0.0,0.0,0.0,0.0,0.0,0.0,0.0,0.0,0.0,0.0,0.0,0.0,0.0,0.0,0.0,0.0,0.0,0.0,0.0,0.079850945767894,0.0,0.0,0.0,0.0,0.0,0.0,0.041536797220737755,0.0,0.0,0.0,0.0,0.08442512002995702,0.0,0.0,0.0,0.0,0.0,0.0,0.0,0.0,0.0,0.0,0.0,0.0,0.0,0.0,0.0,0.0,0.0,0.0,0.0,0.0,0.061868619322428244,0.0,0.0,0.0,0.0,0.0,0.0,0.5142726407860058
2020-06-05,0.0,0.0,0.0,0.0,0.0,0.0,0.0,0.0,0.0,0.0,0.0,0.0,0.0,0.0,0.0,0.0,0.05616139764898973,0.0647538635143792,0.0,0.0,0.0,0.0,0.0,0.0,0.0,0.0,0.0,0.0,0.0,0.0,0.0,0.0,0.0,0.0,0.0,0.0,0.0,0.0,0.0,0.0,0.0,0.0,0.0,0.0,0.03918394099137833,0.0,0.0,0.05970124799896685,0.0,0.0,0.0,0.0,0.0,0.0,0.0,0.0,0.0,0.0,0.0,0.0,0.0,0.0,0.0,0.0,0.0,0.0,0.0,0.0,0.0,0.0,0.07752333027682935,0.0,0.0,0.0,0.0,0.0,0.0,0.040600197518478015,0.0,0.0,0.0,0.0,0.09163456408114956,0.0,0.0,0.0,0.0,0.0,0.0,0.0,0.0,0.0,0.0,0.0,0.0,0.0,0.0,0.0,0.0,0.0,0.0,0.0,0.0,0.062367706220967205,0.0,0.0,0.0,0.0,0.0,0.0,0.5080737517488618
2020-06-08,0.0,0.0,0.0,0.0,0.0,0.0,0.0,0.0,0.0,0.0,0.0,0.0,0.0,0.0,0.0,0.0,0.05763642433871909,0.06977664664346983,0.0,0.0,0.0,0.0,0.0,0.0,0.0,0.0,0.0,0.0,0.0,0.0,0.0,0.0,0.0,0.0,0.0,0.0,0.0,0.0,0.0,0.0,0.0,0.0,0.0,0.0,0.03925735787998441,0.0,0.0,0.0593144356420599,0.0,0.0,0.0,0.0,0.0,0.0,0.0,0.0,0.0,0.0,0.0,0.0,0.0,0.0,0.0,0.0,0.0,0.0,0.0,0.0,0.0,0.0,0.07997970797955263,0.0,0.0,0.0,0.0,0.0,0.0,0.040014774123593166,0.0,0.0,0.0,0.0,0.0903151653318765,0.0,0.0,0.0,0.0,0.0,0.0,0.0,0.0,0.0,0.0,0.0,0.0,0.0,0.0,0.0,0.0,0.0,0.0,0.0,0.0,0.06409690255406886,0.0,0.0,0.0,0.0,0.0,0.0,0.4996085855066756
2020-06-09,0.0,0.0,0.0,0.0,0.0,0.0,0.0,0.0,0.0,0.0,0.0,0.0,0.0,0.0,0.0,0.0,0.056222887979207346,0.07000547809910251,0.0,0.0,0.0,0.0,0.0,0.0,0.0,0.0,0.0,0.0,0.0,0.0,0.0,0.0,0.0,0.0,0.0,0.0,0.0,0.0,0.0,0.0,0.0,0.0,0.0,0.0,0.03959052282146117,0.0,0.0,0.05882776359441699,0.0,0.0,0.0,0.0,0.0,0.0,0.0,0.0,0.0,0.0,0.0,0.0,0.0,0.0,0.0,0.0,0.0,0.0,0.0,0.0,0.0,0.0,0.08078036780257862,0.0,0.0,0.0,0.0,0.0,0.0,0.04034296345908242,0.0,0.0,0.0,0.0,0.08594536422270582,0.0,0.0,0.0,0.0,0.0,0.0,0.0,0.0,0.0,0.0,0.0,0.0,0.0,0.0,0.0,0.0,0.0,0.0,0.0,0.0,0.0636173433572638,0.0,0.0,0.0,0.0,0.0,0.0,0.5046673086641813
2020-06-10,0.0,0.0,0.0,0.0,0.0,0.0,0.0,0.0,0.0,0.0,0.0,0.0,0.0,0.0,0.0,0.0,0.05661367803642926,0.06819690812296318,0.0,0.0,0.0,0.0,0.0,0.0,0.0,0.0,0.0,0.0,0.0,0.0,0.0,0.0,0.0,0.0,0.0,0.0,0.0,0.0,0.0,0.0,0.0,0.0,0.0,0.0,0.03981848472296087,0.0,0.0,0.05882915082305284,0.0,0.0,0.0,0.0,0.0,0.0,0.0,0.0,0.0,0.0,0.0,0.0,0.0,0.0,0.0,0.0,0.0,0.0,0.0,0.0,0.0,0.0,0.0843493584921904,0.0,0.0,0.0,0.0,0.0,0.0,0.03966200164799652,0.0,0.0,0.0,0.0,0.08104542071472497,0.0,0.0,0.0,0.0,0.0,0.0,0.0,0.0,0.0,0.0,0.0,0.0,0.0,0.0,0.0,0.0,0.0,0.0,0.0,0.0,0.06257230917184378,0.0,0.0,0.0,0.0,0.0,0.0,0.5089126882678381
2020-06-12,0.0,0.0,0.0,0.0,0.0,0.0,0.0,0.0,0.0,0.0,0.0,0.0,0.0,0.0,0.0,0.0,0.034969625264868194,0.039154452563192194,0.0,0.0,0.0,0.0,0.0,0.0,0.0,0.0,0.0,0.0,0.0,0.0,0.0,0.0,0.0,0.0,0.0,0.0,0.0,0.0,0.0,0.0,0.0,0.0,0.0,0.0,0.032906716943492745,0.0,0.0,0.04524463457877675,0.0,0.0,0.0,0.0,0.0,0.0,0.0,0.0,0.0,0.0,0.0,0.0,0.0,0.0,0.03503940544305993,0.0,0.0,0.0,0.0,0.0,0.0,0.0,0.0699921119630046,0.0,0.0,0.0,0.0,0.0,0.035036459202319035,0.05537650274358834,0.0,0.0,0.0,0.0,0.06638193803946459,0.0,0.0,0.0,0.0,0.0,0.0,0.0,0.0,0.0,0.0,0.0,0.0,0.0,0.0,0.0,0.0,0.0,0.0,0.0,0.0,0.07423300087101337,0.0,0.0,0.0,0.0,0.0,0.0,0.4148742154751871
2020-06-15,0.0,0.0,0.0,0.0,0.0,0.0,0.0,0.0,0.0,0.0,0.0,0.0,0.0,0.0,0.0,0.0,0.037041018406753674,0.037514453616338476,0.0,0.0,0.0,0.0,0.0,0.0,0.0,0.0,0.0,0.0,0.0,0.0,0.0,0.0,0.0,0.0,0.0,0.0,0.0,0.0,0.0,0.0,0.0,0.0,0.0,0.0,0.03279820899139281,0.0,0.0,0.0446834355969891,0.0,0.0,0.0,0.0,0.0,0.0,0.0,0.0,0.0,0.0,0.0,0.0,0.0,0.0,0.0358591369111439,0.0,0.0,0.0,0.0,0.0,0.0,0.0,0.07155110284290318,0.0,0.0,0.0,0.0,0.0,0.03341935554866135,0.055757138462271,0.0,0.0,0.0,0.0,0.0715866926216519,0.0,0.0,0.0,0.0,0.0,0.0,0.0,0.0,0.0,0.0,0.0,0.0,0.0,0.0,0.0,0.0,0.0,0.0,0.0,0.0,0.07177304210893386,0.0,0.0,0.0,0.0,0.0,0.0,0.4119245436123308
2020-06-16,0.0,0.0,0.0,0.0,0.0,0.0,0.0,0.0,0.0,0.0,0.0,0.0,0.0,0.0,0.0,0.0,0.03574017301065966,0.03860258443429711,0.0,0.0,0.0,0.0,0.0,0.0,0.0,0.0,0.0,0.0,0.0,0.0,0.0,0.0,0.0,0.0,0.0,0.0,0.0,0.0,0.0,0.0,0.0,0.0,0.0,0.0,0.03229085109618271,0.0,0.0,0.044846386988247625,0.0,0.0,0.0,0.0,0.0,0.0,0.0,0.0,0.0,0.0,0.0,0.0,0.0,0.0,0.03746708268136712,0.0,0.0,0.0,0.0,0.0,0.0,0.0,0.07134222282149942,0.0,0.0,0.0,0.0,0.0,0.033246061536559526,0.055809360058992424,0.0,0.0,0.0,0.0,0.07042892709451759,0.0,0.0,0.0,0.0,0.0,0.0,0.0,0.0,0.0,0.0,0.0,0.0,0.0,0.0,0.0,0.0,0.0,0.0,0.0,0.0,0.07478688764657968,0.0,0.0,0.0,0.0,0.0,0.0,0.5054394626310971
2020-06-17,0.0,0.0,0.0,0.0,0.0,0.0,0.0,0.0,0.0,0.0,0.0,0.0,0.0,0.0,0.0,0.0,0.03547722861250628,0.03888644941333656,0.0,0.0,0.0,0.0,0.0,0.0,0.0,0.0,0.0,0.0,0.0,0.0,0.0,0.0,0.0,0.0,0.0,0.0,0.0,0.0,0.0,0.0,0.0,0.0,0.0,0.0,0.03281629356963619,0.0,0.0,0.04666623297204037,0.0,0.0,0.0,0.0,0.0,0.0,0.0,0.0,0.0,0.0,0.0,0.0,0.0,0.0,0.038276080392844566,0.0,0.0,0.0,0.0,0.0,0.0,0.0,0.07214183152323866,0.0,0.0,0.0,0.0,0.0,0.03336023811427929,0.056537289925699334,0.0,0.0,0.0,0.0,0.0703792689395829,0.0,0.0,0.0,0.0,0.0,0.0,0.0,0.0,0.0,0.0,0.0,0.0,0.0,0.0,0.0,0.0,0.0,0.0,0.0,0.0,0.07334982367619422,0.0,0.0,0.0,0.0,0.0,0.0,0.5021092628606416
2020-06-18,0.0,0.0,0.0,0.0,0.0,0.0,0.0,0.0,0.0,0.0,0.0,0.0,0.0,0.0,0.0,0.0,0.03500084186796295,0.041675527524773506,0.0,0.0,0.0,0.0,0.0,0.0,0.0,0.0,0.0,0.0,0.0,0.0,0.0,0.0,0.0,0.0,0.0,0.0,0.0,0.0,0.0,0.0,0.0,0.0,0.0,0.0,0.032641155618417975,0.0,0.0,0.04573580562566664,0.0,0.0,0.0,0.0,0.0,0.0,0.0,0.0,0.0,0.0,0.0,0.0,0.0,0.0,0.03841055470089297,0.0,0.0,0.0,0.0,0.0,0.0,0.0,0.0738806954354325,0.0,0.0,0.0,0.0,0.0,0.03626069977317922,0.05536310327422278,0.0,0.0,0.0,0.0,0.07331579727906641,0.0,0.0,0.0,0.0,0.0,0.0,0.0,0.0,0.0,0.0,0.0,0.0,0.0,0.0,0.0,0.0,0.0,0.0,0.0,0.0,0.07197962198817555,0.0,0.0,0.0,0.0,0.0,0.0,0.49573619691220955
2020-06-19,0.0,0.0,0.0,0.0,0.0,0.0,0.0,0.0,0.0,0.0,0.0,0.0,0.0,0.0,0.0,0.0,0.03520393288482571,0.04343838091123795,0.0,0.0,0.0,0.0,0.0,0.0,0.0,0.0,0.0,0.0,0.0,0.0,0.0,0.0,0.0,0.0,0.0,0.0,0.0,0.0,0.0,0.0,0.0,0.0,0.0,0.0,0.032722416816112994,0.0,0.0,0.044280197349021576,0.0,0.0,0.0,0.0,0.0,0.0,0.0,0.0,0.0,0.0,0.0,0.0,0.0,0.0,0.03917584835007076,0.0,0.0,0.0,0.0,0.0,0.0,0.0,0.07587108987263888,0.0,0.0,0.0,0.0,0.0,0.036350971941458865,0.057396810453204175,0.0,0.0,0.0,0.0,0.07339382867062663,0.0,0.0,0.0,0.0,0.0,0.0,0.0,0.0,0.0,0.0,0.0,0.0,0.0,0.0,0.0,0.0,0.0,0.0,0.0,0.0,0.06515422053275524,0.0,0.0,0.0,0.0,0.0,0.0,0.4970123022180472
2020-06-22,0.0,0.0,0.0,0.0,0.0,0.0,0.0,0.0,0.0,0.0,0.0,0.0,0.0,0.0,0.0,0.0,0.034333329919740835,0.04555205281402695,0.0,0.0,0.0,0.0,0.0,0.0,0.0,0.0,0.0,0.0,0.0,0.0,0.0,0.0,0.0,0.0,0.0,0.0,0.0,0.0,0.0,0.0,0.0,0.0,0.0,0.0,0.03309333996824532,0.0,0.0,0.04345349471311926,0.0,0.0,0.0,0.0,0.0,0.0,0.0,0.0,0.0,0.0,0.0,0.0,0.0,0.0,0.039368596986778845,0.0,0.0,0.0,0.0,0.0,0.0,0.0,0.07485736177673902,0.0,0.0,0.0,0.0,0.0,0.038437734157744985,0.05671257126969353,0.0,0.0,0.0,0.0,0.07184414771612044,0.0,0.0,0.0,0.0,0.0,0.0,0.0,0.0,0.0,0.0,0.0,0.0,0.0,0.0,0.0,0.0,0.0,0.0,0.0,0.0,0.0684757621106812,0.0,0.0,0.0,0.0,0.0,0.0,0.49387160856710965
2020-06-23,0.0,0.0,0.0,0.0,0.0,0.0,0.0,0.0,0.0,0.0,0.0,0.0,0.0,0.0,0.0,0.0,0.03439217670794467,0.046705795930298284,0.0,0.0,0.0,0.0,0.0,0.0,0.0,0.0,0.0,0.0,0.0,0.0,0.0,0.0,0.0,0.0,0.0,0.0,0.0,0.0,0.0,0.0,0.0,0.0,0.0,0.0,0.0325050240427639,0.0,0.0,0.04376048850552564,0.0,0.0,0.0,0.0,0.0,0.0,0.0,0.0,0.0,0.0,0.0,0.0,0.0,0.0,0.039645604079202736,0.0,0.0,0.0,0.0,0.0,0.0,0.0,0.07365558864663542,0.0,0.0,0.0,0.0,0.0,0.03784152691579012,0.05794074708385025,0.0,0.0,0.0,0.0,0.07353052238247829,0.0,0.0,0.0,0.0,0.0,0.0,0.0,0.0,0.0,0.0,0.0,0.0,0.0,0.0,0.0,0.0,0.0,0.0,0.0,0.0,0.06954202774205492,0.0,0.0,0.0,0.0,0.0,0.0,0.49048049796345583
2020-06-24,0.0,0.0,0.0,0.0,0.0,0.0,0.0,0.0,0.0,0.0,0.0,0.0,0.0,0.0,0.0,0.0,0.033671389286423735,0.046080857802764705,0.0,0.0,0.0,0.0,0.0,0.0,0.0,0.0,0.0,0.0,0.0,0.0,0.0,0.0,0.0,0.0,0.0,0.0,0.0,0.0,0.0,0.0,0.0,0.0,0.0,0.0,0.03305757019647869,0.0,0.0,0.043129581584964466,0.0,0.0,0.0,0.0,0.0,0.0,0.0,0.0,0.0,0.0,0.0,0.0,0.0,0.0,0.03983486102597498,0.0,0.0,0.0,0.0,0.0,0.0,0.0,0.07386141553236847,0.0,0.0,0.0,0.0,0.0,0.038191918674869735,0.05787575606548764,0.0,0.0,0.0,0.0,0.06988272570462468,0.0,0.0,0.0,0.0,0.0,0.0,0.0,0.0,0.0,0.0,0.0,0.0,0.0,0.0,0.0,0.0,0.0,0.0,0.0,0.0,0.06935005632832238,0.0,0.0,0.0,0.0,0.0,0.0,0.49506386779772055
2020-06-25,0.0,0.0,0.0,0.0,0.0,0.0,0.0,0.0,0.0,0.0,0.0,0.0,0.0,0.0,0.0,0.0,0.03323508057626063,0.045696395444923966,0.0,0.0,0.0,0.0,0.0,0.0,0.0,0.0,0.0,0.0,0.0,0.0,0.0,0.0,0.0,0.0,0.0,0.0,0.0,0.0,0.0,0.0,0.0,0.0,0.0,0.0,0.03413498347570046,0.0,0.0,0.04331851887799654,0.0,0.0,0.0,0.0,0.0,0.0,0.0,0.0,0.0,0.0,0.0,0.0,0.0,0.0,0.040070352973894365,0.0,0.0,0.0,0.0,0.0,0.0,0.0,0.07293951403777378,0.0,0.0,0.0,0.0,0.0,0.04040256829214491,0.058821764859195325,0.0,0.0,0.0,0.0,0.0729479458970713,0.0,0.0,0.0,0.0,0.0,0.0,0.0,0.0,0.0,0.0,0.0,0.0,0.0,0.0,0.0,0.0,0.0,0.0,0.0,0.0,0.06873511587127831,0.0,0.0,0.0,0.0,0.0,0.0,0.4896977596937605
2020-06-26,0.0,0.0,0.0,0.0,0.0,0.0,0.0,0.0,0.0,0.0,0.0,0.0,0.0,0.0,0.0,0.0,0.033049224505730335,0.04372259626116908,0.0,0.0,0.0,0.0,0.0,0.0,0.0,0.0,0.0,0.0,0.0,0.0,0.0,0.0,0.0,0.0,0.0,0.0,0.0,0.0,0.0,0.0,0.0,0.0,0.0,0.0,0.033687808852948045,0.0,0.0,0.04284003440242889,0.0,0.0,0.0,0.0,0.0,0.0,0.0,0.0,0.0,0.0,0.0,0.0,0.0,0.0,0.04118343663808791,0.0,0.0,0.0,0.0,0.0,0.0,0.0,0.07349099283956273,0.0,0.0,0.0,0.0,0.0,0.0382469676712001,0.05756598133272256,0.0,0.0,0.0,0.0,0.07179660251484715,0.0,0.0,0.0,0.0,0.0,0.0,0.0,0.0,0.0,0.0,0.0,0.0,0.0,0.0,0.0,0.0,0.0,0.0,0.0,0.0,0.0685552023548729,0.0,0.0,0.0,0.0,0.0,0.0,0.4958611526264303
2020-06-29,0.0,0.0,0.0,0.0,0.0,0.0,0.0,0.0,0.0,0.0,0.0,0.0,0.0,0.0,0.0,0.0,0.035090963477642324,0.04493208339479432,0.0,0.0,0.0,0.0,0.0,0.0,0.0,0.0,0.0,0.0,0.0,0.0,0.0,0.0,0.0,0.0,0.0,0.0,0.0,0.0,0.0,0.0,0.0,0.0,0.0,0.0,0.033971846534987624,0.0,0.0,0.042696651472113205,0.0,0.0,0.0,0.0,0.0,0.0,0.0,0.0,0.0,0.0,0.0,0.0,0.0,0.0,0.0404090463402629,0.0,0.0,0.0,0.0,0.0,0.0,0.0,0.07360917582917245,0.0,0.0,0.0,0.0,0.0,0.03970035849299058,0.060166094316680505,0.0,0.0,0.0,0.0,0.07185743986671733,0.0,0.0,0.0,0.0,0.0,0.0,0.0,0.0,0.0,0.0,0.0,0.0,0.0,0.0,0.0,0.0,0.0,0.0,0.0,0.0,0.06834359886927241,0.0,0.0,0.0,0.0,0.0,0.0,0.4892227414053664
2020-06-30,0.0,0.0,0.0,0.0,0.0,0.0,0.0,0.0,0.0,0.0,0.0,0.0,0.0,0.0,0.0,0.0,0.03484304567695921,0.04570672270116048,0.0,0.0,0.0,0.0,0.0,0.0,0.0,0.0,0.0,0.0,0.0,0.0,0.0,0.0,0.0,0.0,0.0,0.0,0.0,0.0,0.0,0.0,0.0,0.0,0.0,0.0,0.03484670995929227,0.0,0.0,0.04255424358364276,0.0,0.0,0.0,0.0,0.0,0.0,0.0,0.0,0.0,0.0,0.0,0.0,0.0,0.0,0.04101895515506987,0.0,0.0,0.0,0.0,0.0,0.0,0.0,0.07471637431906657,0.0,0.0,0.0,0.0,0.0,0.0392728374403684,0.05843354287104687,0.0,0.0,0.0,0.0,0.07257835408074467,0.0,0.0,0.0,0.0,0.0,0.0,0.0,0.0,0.0,0.0,0.0,0.0,0.0,0.0,0.0,0.0,0.0,0.0,0.0,0.0,0.06800061364991468,0.0,0.0,0.0,0.0,0.0,0.0,0.4880286005627342
2020-07-01,0.0,0.0,0.0,0.0,0.0,0.0,0.0,0.0,0.0,0.0,0.0,0.0,0.0,0.0,0.0,0.0,0.036226868850421125,0.04502952866632993,0.0,0.0,0.0,0.0,0.0,0.0,0.0,0.0,0.0,0.0,0.0,0.0,0.0,0.0,0.0,0.0,0.0,0.0,0.0,0.0,0.0,0.0,0.0,0.0,0.0,0.0,0.035769634137487995,0.0,0.0,0.04293127062792325,0.0,0.0,0.0,0.0,0.0,0.0,0.0,0.0,0.0,0.0,0.0,0.0,0.0,0.0,0.04153221232458839,0.0,0.0,0.0,0.0,0.0,0.0,0.0,0.07505493856136701,0.0,0.0,0.0,0.0,0.0,0.038770321746335434,0.05952284680048823,0.0,0.0,0.0,0.0,0.0704347603022389,0.0,0.0,0.0,0.0,0.0,0.0,0.0,0.0,0.0,0.0,0.0,0.0,0.0,0.0,0.0,0.0,0.0,0.0,0.0,0.0,0.06885396937361946,0.0,0.0,0.0,0.0,0.0,0.0,0.48587364860920024
2020-07-02,0.0,0.0,0.0,0.0,0.0,0.0,0.0,0.0,0.0,0.0,0.0,0.0,0.0,0.0,0.0,0.0,0.03490042739365166,0.04660591241253435,0.0,0.0,0.0,0.0,0.0,0.0,0.0,0.0,0.0,0.0,0.0,0.0,0.0,0.0,0.0,0.0,0.0,0.0,0.0,0.0,0.0,0.0,0.0,0.0,0.0,0.0,0.036382370413571875,0.0,0.0,0.0425062130616095,0.0,0.0,0.0,0.0,0.0,0.0,0.0,0.0,0.0,0.0,0.0,0.0,0.0,0.0,0.0416805721424008,0.0,0.0,0.0,0.0,0.0,0.0,0.0,0.07283981841247773,0.0,0.0,0.0,0.0,0.0,0.0391330310566928,0.058504427490104885,0.0,0.0,0.0,0.0,0.07238129096455241,0.0,0.0,0.0,0.0,0.0,0.0,0.0,0.0,0.0,0.0,0.0,0.0,0.0,0.0,0.0,0.0,0.0,0.0,0.0,0.0,0.06869254791301922,0.0,0.0,0.0,0.0,0.0,0.0,0.4863733887393849
2020-07-03,0.0,0.0,0.0,0.0,0.0,0.0,0.0,0.0,0.0,0.0,0.0,0.0,0.0,0.0,0.0,0.0,0.03513930650820635,0.04674189838044265,0.0,0.0,0.0,0.0,0.0,0.0,0.0,0.0,0.0,0.0,0.0,0.0,0.0,0.0,0.0,0.0,0.0,0.0,0.0,0.0,0.0,0.0,0.0,0.0,0.0,0.0,0.03676217946707526,0.0,0.0,0.042597365214218245,0.0,0.0,0.0,0.0,0.0,0.0,0.0,0.0,0.0,0.0,0.0,0.0,0.0,0.0,0.04170805653864715,0.0,0.0,0.0,0.0,0.0,0.0,0.0,0.07455107568245656,0.0,0.0,0.0,0.0,0.0,0.03932043215321597,0.05929603584194869,0.0,0.0,0.0,0.0,0.07092541513567355,0.0,0.0,0.0,0.0,0.0,0.0,0.0,0.0,0.0,0.0,0.0,0.0,0.0,0.0,0.0,0.0,0.0,0.0,0.0,0.0,0.0682536397393308,0.0,0.0,0.0,0.0,0.0,0.0,0.48470459533878474
2020-07-06,0.0,0.0,0.0,0.0,0.0,0.0,0.0,0.0,0.0,0.0,0.0,0.0,0.0,0.0,0.0,0.0,0.0357642983098899,0.04663677723139233,0.0,0.0,0.0,0.0,0.0,0.0,0.0,0.0,0.0,0.0,0.0,0.0,0.0,0.0,0.0,0.0,0.0,0.0,0.0,0.0,0.0,0.0,0.0,0.0,0.0,0.0,0.03611920596481146,0.0,0.0,0.04256500635152419,0.0,0.0,0.0,0.0,0.0,0.0,0.0,0.0,0.0,0.0,0.0,0.0,0.0,0.0,0.042276079752393725,0.0,0.0,0.0,0.0,0.0,0.0,0.0,0.07391756114465217,0.0,0.0,0.0,0.0,0.0,0.03931395675699648,0.05898675150876523,0.0,0.0,0.0,0.0,0.0750374625636971,0.0,0.0,0.0,0.0,0.0,0.0,0.0,0.0,0.0,0.0,0.0,0.0,0.0,0.0,0.0,0.0,0.0,0.0,0.0,0.0,0.06868988507933535,0.0,0.0,0.0,0.0,0.0,0.0,0.48069301533654213
2020-07-07,0.0,0.0,0.0,0.0,0.0,0.0,0.0,0.0,0.0,0.0,0.0,0.0,0.0,0.0,0.0,0.0,0.035435246443722285,0.0470512220268773,0.0,0.0,0.0,0.0,0.0,0.0,0.0,0.0,0.0,0.0,0.0,0.0,0.0,0.0,0.0,0.0,0.0,0.0,0.0,0.0,0.0,0.0,0.0,0.0,0.0,0.0,0.03611901268296631,0.0,0.0,0.04373047656427494,0.0,0.0,0.0,0.0,0.0,0.0,0.0,0.0,0.0,0.0,0.0,0.0,0.0,0.0,0.04193616763177587,0.0,0.0,0.0,0.0,0.0,0.0,0.0,0.07649406380236937,0.0,0.0,0.0,0.0,0.0,0.038555259577295414,0.05730121258166934,0.0,0.0,0.0,0.0,0.07479571206760577,0.0,0.0,0.0,0.0,0.0,0.0,0.0,0.0,0.0,0.0,0.0,0.0,0.0,0.0,0.0,0.0,0.0,0.0,0.0,0.0,0.06926782587070554,0.0,0.0,0.0,0.0,0.0,0.0,0.4793138007507378
2020-07-08,0.0,0.0,0.0,0.0,0.0,0.0,0.0,0.0,0.0,0.0,0.0,0.0,0.0,0.0,0.0,0.0,0.03625030035752073,0.048967019933038036,0.0,0.0,0.0,0.0,0.0,0.0,0.0,0.0,0.0,0.0,0.0,0.0,0.0,0.0,0.0,0.0,0.0,0.0,0.0,0.0,0.0,0.0,0.0,0.0,0.0,0.0,0.036469535243176636,0.0,0.0,0.04423503227642135,0.0,0.0,0.0,0.0,0.0,0.0,0.0,0.0,0.0,0.0,0.0,0.0,0.0,0.0,0.04199049774775385,0.0,0.0,0.0,0.0,0.0,0.0,0.0,0.07782460392488187,0.0,0.0,0.0,0.0,0.0,0.03885016663108814,0.057914399207316454,0.0,0.0,0.0,0.0,0.07313453911531331,0.0,0.0,0.0,0.0,0.0,0.0,0.0,0.0,0.0,0.0,0.0,0.0,0.0,0.0,0.0,0.0,0.0,0.0,0.0,0.0,0.06926146089223859,0.0,0.0,0.0,0.0,0.0,0.0,0.475102444671251
2020-07-09,0.0,0.0,0.0,0.0,0.0,0.0,0.0,0.0,0.0,0.0,0.0,0.0,0.0,0.0,0.0,0.0,0.03889180733064842,0.047769179073966536,0.0,0.0,0.0,0.0,0.0,0.0,0.0,0.0,0.0,0.0,0.0,0.0,0.0,0.0,0.0,0.0,0.0,0.0,0.0,0.0,0.0,0.0,0.0,0.0,0.0,0.0,0.036254857568686634,0.0,0.0,0.04330694249311041,0.0,0.0,0.0,0.0,0.0,0.0,0.0,0.0,0.0,0.0,0.0,0.0,0.0,0.0,0.041914617801931585,0.0,0.0,0.0,0.0,0.0,0.0,0.0,0.0806232224993431,0.0,0.0,0.0,0.0,0.0,0.03664788911547282,0.05733958081134928,0.0,0.0,0.0,0.0,0.07316815439193866,0.0,0.0,0.0,0.0,0.0,0.0,0.0,0.0,0.0,0.0,0.0,0.0,0.0,0.0,0.0,0.0,0.0,0.0,0.0,0.0,0.06859308306897292,0.0,0.0,0.0,0.0,0.0,0.0,0.4754906658445798
2020-07-10,0.0,0.0,0.0,0.0,0.0,0.0,0.0,0.0,0.0,0.0,0.0,0.0,0.0,0.0,0.0,0.0,0.039009664516402226,0.04918650960600894,0.0,0.0,0.0,0.0,0.0,0.0,0.0,0.0,0.0,0.0,0.0,0.0,0.0,0.0,0.0,0.0,0.0,0.0,0.0,0.0,0.0,0.0,0.0,0.0,0.0,0.0,0.036001696357920485,0.0,0.0,0.04282790011048441,0.0,0.0,0.0,0.0,0.0,0.0,0.0,0.0,0.0,0.0,0.0,0.0,0.0,0.0,0.04116071146936831,0.0,0.0,0.0,0.0,0.0,0.0,0.0,0.08133753925356575,0.0,0.0,0.0,0.0,0.0,0.03788640352736754,0.056620145725039615,0.0,0.0,0.0,0.0,0.07206089862373653,0.0,0.0,0.0,0.0,0.0,0.0,0.0,0.0,0.0,0.0,0.0,0.0,0.0,0.0,0.0,0.0,0.0,0.0,0.0,0.0,0.06883158878904788,0.0,0.0,0.0,0.0,0.0,0.0,0.4750769420210583
2020-07-13,0.0,0.0,0.0,0.0,0.0,0.0,0.0,0.0,0.0,0.0,0.0,0.0,0.0,0.0,0.0,0.0,0.038972089324338995,0.04880285895598782,0.0,0.0,0.0,0.0,0.0,0.0,0.0,0.0,0.0,0.0,0.0,0.0,0.0,0.0,0.0,0.0,0.0,0.0,0.0,0.0,0.0,0.0,0.0,0.0,0.0,0.0,0.035928433490136726,0.0,0.0,0.04303293796580373,0.0,0.0,0.0,0.0,0.0,0.0,0.0,0.0,0.0,0.0,0.0,0.0,0.0,0.0,0.04127433048184934,0.0,0.0,0.0,0.0,0.0,0.0,0.0,0.08144482796267279,0.0,0.0,0.0,0.0,0.0,0.03683299902573131,0.05476819579303864,0.0,0.0,0.0,0.0,0.0768832496537052,0.0,0.0,0.0,0.0,0.0,0.0,0.0,0.0,0.0,0.0,0.0,0.0,0.0,0.0,0.0,0.0,0.0,0.0,0.0,0.0,0.06820745651071412,0.0,0.0,0.0,0.0,0.0,0.0,0.4738526208360214
2020-07-14,0.0,0.0,0.0,0.0,0.0,0.0,0.0,0.0,0.0,0.0,0.0,0.0,0.0,0.0,0.0,0.0,0.03902596042982799,0.04770270970431151,0.0,0.0,0.0,0.0,0.0,0.0,0.0,0.0,0.0,0.0,0.0,0.0,0.0,0.0,0.0,0.0,0.0,0.0,0.0,0.0,0.0,0.0,0.0,0.0,0.0,0.0,0.03679328134351886,0.0,0.0,0.04284964750245692,0.0,0.0,0.0,0.0,0.0,0.0,0.0,0.0,0.0,0.0,0.0,0.0,0.0,0.0,0.041267836639811956,0.0,0.0,0.0,0.0,0.0,0.0,0.0,0.08109792949465877,0.0,0.0,0.0,0.0,0.0,0.03699228941511278,0.05556883276701006,0.0,0.0,0.0,0.0,0.07899272150131453,0.0,0.0,0.0,0.0,0.0,0.0,0.0,0.0,0.0,0.0,0.0,0.0,0.0,0.0,0.0,0.0,0.0,0.0,0.0,0.0,0.06783462155956335,0.0,0.0,0.0,0.0,0.0,0.0,0.47187416964241324
2020-07-15,0.0,0.0,0.0,0.0,0.0,0.0,0.0,0.0,0.0,0.0,0.0,0.0,0.0,0.0,0.0,0.0,0.04029815406716604,0.04771846087246433,0.0,0.0,0.0,0.0,0.0,0.0,0.0,0.0,0.0,0.0,0.0,0.0,0.0,0.0,0.0,0.0,0.0,0.0,0.0,0.0,0.0,0.0,0.0,0.0,0.0,0.0,0.03680403268450602,0.0,0.0,0.04379680100817625,0.0,0.0,0.0,0.0,0.0,0.0,0.0,0.0,0.0,0.0,0.0,0.0,0.0,0.0,0.04111198256639654,0.0,0.0,0.0,0.0,0.0,0.0,0.0,0.08156523588101901,0.0,0.0,0.0,0.0,0.0,0.03769121650716306,0.05555881240129998,0.0,0.0,0.0,0.0,0.07898480683479732,0.0,0.0,0.0,0.0,0.0,0.0,0.0,0.0,0.0,0.0,0.0,0.0,0.0,0.0,0.0,0.0,0.0,0.0,0.0,0.0,0.06766097239264157,0.0,0.0,0.0,0.0,0.0,0.0,0.46880952478436994
2020-07-16,0.0,0.0,0.0,0.0,0.0,0.0,0.0,0.0,0.0,0.0,0.0,0.0,0.0,0.0,0.0,0.0,0.04154350870129944,0.048935189258258634,0.0,0.0,0.0,0.0,0.0,0.0,0.0,0.0,0.0,0.0,0.0,0.0,0.0,0.0,0.0,0.0,0.0,0.0,0.0,0.0,0.0,0.0,0.0,0.0,0.0,0.0,0.03770649633181527,0.0,0.0,0.04291222229756186,0.0,0.0,0.0,0.0,0.0,0.0,0.0,0.0,0.0,0.0,0.0,0.0,0.0,0.0,0.04067156906665366,0.0,0.0,0.0,0.0,0.0,0.0,0.0,0.0803293598016119,0.0,0.0,0.0,0.0,0.0,0.03741680125152722,0.055024596380556956,0.0,0.0,0.0,0.0,0.07816231310951913,0.0,0.0,0.0,0.0,0.0,0.0,0.0,0.0,0.0,0.0,0.0,0.0,0.0,0.0,0.0,0.0,0.0,0.0,0.0,0.0,0.06795112870092712,0.0,0.0,0.0,0.0,0.0,0.0,0.46934681510026877
2020-07-17,0.0,0.0,0.0,0.0,0.0,0.0,0.0,0.0,0.0,0.0,0.0,0.0,0.0,0.0,0.0,0.0,0.04282598756066323,0.0502989145190099,0.0,0.0,0.0,0.0,0.0,0.0,0.0,0.0,0.0,0.0,0.0,0.0,0.0,0.0,0.0,0.0,0.0,0.0,0.0,0.0,0.0,0.0,0.0,0.0,0.0,0.0,0.03711125173807233,0.0,0.0,0.042770428948924466,0.0,0.0,0.0,0.0,0.0,0.0,0.0,0.0,0.0,0.0,0.0,0.0,0.0,0.0,0.04120112002897446,0.0,0.0,0.0,0.0,0.0,0.0,0.0,0.08159677124296404,0.0,0.0,0.0,0.0,0.0,0.037788177754955944,0.05585413364169103,0.0,0.0,0.0,0.0,0.07663528127370349,0.0,0.0,0.0,0.0,0.0,0.0,0.0,0.0,0.0,0.0,0.0,0.0,0.0,0.0,0.0,0.0,0.0,0.0,0.0,0.0,0.06770810971316052,0.0,0.0,0.0,0.0,0.0,0.0,0.4662098235778806
2020-07-20,0.0,0.0,0.0,0.0,0.0,0.0,0.0,0.0,0.0,0.0,0.0,0.0,0.0,0.0,0.0,0.0,0.0,0.0,0.0,0.0,0.0,0.0,0.0,0.0,0.04767643632553865,0.0,0.0,0.0,0.0,0.0,0.0,0.0,0.0,0.0,0.0,0.0,0.0,0.0,0.0,0.0,0.0,0.0,0.0,0.0,0.0,0.0,0.0,0.0,0.0,0.0,0.0,0.0,0.0,0.0,0.0,0.0,0.0,0.0,0.0,0.0,0.0,0.0,0.06550062593077582,0.0,0.0,0.0,0.0,0.0,0.0,0.0,0.05284191806715942,0.0,0.0,0.0,0.0,0.0,0.06549532055507266,0.07400301469309463,0.0,0.0,0.0,0.0,0.08119368854496885,0.0,0.0,0.0,0.0,0.0,0.0,0.0,0.0,0.0,0.0,0.0,0.0,0.0,0.0,0.0,0.0,0.0,0.0,0.0,0.0,0.09015960582762163,0.0,0.0,0.0,0.0,0.0,0.0,0.3150020916317803
2020-07-21,0.0,0.0,0.0,0.0,0.0,0.0,0.0,0.0,0.0,0.0,0.0,0.0,0.0,0.0,0.0,0.0,0.0,0.0,0.0,0.0,0.0,0.0,0.0,0.0,0.046747873005552165,0.0,0.0,0.0,0.0,0.0,0.0,0.0,0.0,0.0,0.0,0.0,0.0,0.0,0.0,0.0,0.0,0.0,0.0,0.0,0.0,0.0,0.0,0.0,0.0,0.0,0.0,0.0,0.0,0.0,0.0,0.0,0.0,0.0,0.0,0.0,0.0,0.0,0.06529137323055112,0.0,0.0,0.0,0.0,0.0,0.0,0.0,0.050771803448681596,0.0,0.0,0.0,0.0,0.0,0.06642106940670331,0.07846698969464552,0.0,0.0,0.0,0.0,0.08257847841635524,0.0,0.0,0.0,0.0,0.0,0.0,0.0,0.0,0.0,0.0,0.0,0.0,0.0,0.0,0.0,0.0,0.0,0.0,0.0,0.0,0.09096185287420451,0.0,0.0,0.0,0.0,0.0,0.0,0.3123818937688425
2020-07-22,0.0,0.0,0.0,0.0,0.0,0.0,0.0,0.0,0.0,0.0,0.0,0.0,0.0,0.0,0.0,0.0,0.0,0.0,0.0,0.0,0.0,0.0,0.0,0.0,0.05015646915778707,0.0,0.0,0.0,0.0,0.0,0.0,0.0,0.0,0.0,0.0,0.0,0.0,0.0,0.0,0.0,0.0,0.0,0.0,0.0,0.0,0.0,0.0,0.0,0.0,0.0,0.0,0.0,0.0,0.0,0.0,0.0,0.0,0.0,0.0,0.0,0.0,0.0,0.0652667628110841,0.0,0.0,0.0,0.0,0.0,0.0,0.0,0.05077392683608433,0.0,0.0,0.0,0.0,0.0,0.06565920271046874,0.07700899401904507,0.0,0.0,0.0,0.0,0.08118123565045317,0.0,0.0,0.0,0.0,0.0,0.0,0.0,0.0,0.0,0.0,0.0,0.0,0.0,0.0,0.0,0.0,0.0,0.0,0.0,0.0,0.09327260889724599,0.0,0.0,0.0,0.0,0.0,0.0,0.5166807999178316
2020-07-23,0.0,0.0,0.0,0.0,0.0,0.0,0.0,0.0,0.0,0.0,0.0,0.0,0.0,0.0,0.0,0.0,0.0,0.0,0.0,0.0,0.0,0.0,0.0,0.0,0.04884452753604458,0.0,0.0,0.0,0.0,0.0,0.0,0.0,0.0,0.0,0.0,0.0,0.0,0.0,0.0,0.0,0.0,0.0,0.0,0.0,0.0,0.0,0.0,0.0,0.0,0.0,0.0,0.0,0.0,0.0,0.0,0.0,0.0,0.0,0.0,0.0,0.0,0.0,0.06435768578422185,0.0,0.0,0.0,0.0,0.0,0.0,0.0,0.047969119135849524,0.0,0.0,0.0,0.0,0.0,0.07798350050073084,0.07492482753466956,0.0,0.0,0.0,0.0,0.07852443401913711,0.0,0.0,0.0,0.0,0.0,0.0,0.0,0.0,0.0,0.0,0.0,0.0,0.0,0.0,0.0,0.0,0.0,0.0,0.0,0.0,0.09341034137801768,0.0,0.0,0.0,0.0,0.0,0.0,0.5139855641113288
2020-07-24,0.0,0.0,0.0,0.0,0.0,0.0,0.0,0.0,0.0,0.0,0.0,0.0,0.0,0.0,0.0,0.0,0.0,0.0,0.0,0.0,0.0,0.0,0.0,0.0,0.04814933013802806,0.0,0.0,0.0,0.0,0.0,0.0,0.0,0.0,0.0,0.0,0.0,0.0,0.0,0.0,0.0,0.0,0.0,0.0,0.0,0.0,0.0,0.0,0.0,0.0,0.0,0.0,0.0,0.0,0.0,0.0,0.0,0.0,0.0,0.0,0.0,0.0,0.0,0.06573161691588622,0.0,0.0,0.0,0.0,0.0,0.0,0.0,0.04736423940454405,0.0,0.0,0.0,0.0,0.0,0.08013397631919525,0.07535206926679491,0.0,0.0,0.0,0.0,0.07624399538986384,0.0,0.0,0.0,0.0,0.0,0.0,0.0,0.0,0.0,0.0,0.0,0.0,0.0,0.0,0.0,0.0,0.0,0.0,0.0,0.0,0.09482711366363175,0.0,0.0,0.0,0.0,0.0,0.0,0.5121976589020558
2020-07-27,0.0,0.0,0.0,0.0,0.0,0.0,0.0,0.0,0.0,0.0,0.0,0.0,0.0,0.0,0.0,0.0,0.0,0.0,0.0,0.0,0.0,0.0,0.0,0.0,0.04886430038186422,0.0,0.0,0.0,0.0,0.0,0.0,0.0,0.0,0.0,0.0,0.0,0.0,0.0,0.0,0.0,0.0,0.0,0.0,0.0,0.0,0.0,0.0,0.0,0.0,0.0,0.0,0.0,0.0,0.0,0.0,0.0,0.0,0.0,0.0,0.0,0.0,0.0,0.06455475504204597,0.0,0.0,0.0,0.0,0.0,0.0,0.0,0.04655649203687616,0.0,0.0,0.0,0.0,0.0,0.08483666769928679,0.07476286191991864,0.0,0.0,0.0,0.0,0.07847163105376612,0.0,0.0,0.0,0.0,0.0,0.0,0.0,0.0,0.0,0.0,0.0,0.0,0.0,0.0,0.0,0.0,0.0,0.0,0.0,0.0,0.09641758414302716,0.0,0.0,0.0,0.0,0.0,0.0,0.505535707723215
2020-07-28,0.0,0.0,0.0,0.0,0.0,0.0,0.0,0.0,0.0,0.0,0.0,0.0,0.0,0.0,0.0,0.0,0.0,0.0,0.0,0.0,0.0,0.0,0.0,0.0,0.04831711005712185,0.0,0.0,0.0,0.0,0.0,0.0,0.0,0.0,0.0,0.0,0.0,0.0,0.0,0.0,0.0,0.0,0.0,0.0,0.0,0.0,0.0,0.0,0.0,0.0,0.0,0.0,0.0,0.0,0.0,0.0,0.0,0.0,0.0,0.0,0.0,0.0,0.0,0.06435869241893938,0.0,0.0,0.0,0.0,0.0,0.0,0.0,0.04649370089401872,0.0,0.0,0.0,0.0,0.0,0.09684316578490837,0.07605513165683869,0.0,0.0,0.0,0.0,0.07585872191632788,0.0,0.0,0.0,0.0,0.0,0.0,0.0,0.0,0.0,0.0,0.0,0.0,0.0,0.0,0.0,0.0,0.0,0.0,0.0,0.0,0.09377073166236385,0.0,0.0,0.0,0.0,0.0,0.0,0.4983027456094812
2020-07-29,0.0,0.0,0.0,0.0,0.0,0.0,0.0,0.0,0.0,0.0,0.0,0.0,0.0,0.0,0.0,0.0,0.0,0.0,0.0,0.0,0.0,0.0,0.0,0.0,0.04787936487241855,0.0,0.0,0.0,0.0,0.0,0.0,0.0,0.0,0.0,0.0,0.0,0.0,0.0,0.0,0.0,0.0,0.0,0.0,0.0,0.0,0.0,0.0,0.0,0.0,0.0,0.0,0.0,0.0,0.0,0.0,0.0,0.0,0.0,0.0,0.0,0.0,0.0,0.06546596747384005,0.0,0.0,0.0,0.0,0.0,0.0,0.0,0.04671772618587457,0.0,0.0,0.0,0.0,0.0,0.0908790037252599,0.0775093842761837,0.0,0.0,0.0,0.0,0.07640479142941635,0.0,0.0,0.0,0.0,0.0,0.0,0.0,0.0,0.0,0.0,0.0,0.0,0.0,0.0,0.0,0.0,0.0,0.0,0.0,0.0,0.09321161127134957,0.0,0.0,0.0,0.0,0.0,0.0,0.5019321507656573
2020-07-30,0.0,0.0,0.0,0.0,0.0,0.0,0.0,0.0,0.0,0.0,0.0,0.0,0.0,0.0,0.0,0.0,0.0,0.0,0.0,0.0,0.0,0.0,0.0,0.0,0.048046672688143464,0.0,0.0,0.0,0.0,0.0,0.0,0.0,0.0,0.0,0.0,0.0,0.0,0.0,0.0,0.0,0.0,0.0,0.0,0.0,0.0,0.0,0.0,0.0,0.0,0.0,0.0,0.0,0.0,0.0,0.0,0.0,0.0,0.0,0.0,0.0,0.0,0.0,0.06709027683196707,0.0,0.0,0.0,0.0,0.0,0.0,0.0,0.048482303993906996,0.0,0.0,0.0,0.0,0.0,0.09034851396473077,0.07260632180023177,0.0,0.0,0.0,0.0,0.07692103486396337,0.0,0.0,0.0,0.0,0.0,0.0,0.0,0.0,0.0,0.0,0.0,0.0,0.0,0.0,0.0,0.0,0.0,0.0,0.0,0.0,0.09483398839617162,0.0,0.0,0.0,0.0,0.0,0.0,0.501670887460885
2020-07-31,0.0,0.0,0.0,0.0,0.0,0.0,0.0,0.0,0.0,0.0,0.0,0.0,0.0,0.0,0.0,0.0,0.0,0.0,0.0,0.0,0.0,0.0,0.0,0.0,0.04751229351090492,0.0,0.0,0.0,0.0,0.0,0.0,0.0,0.0,0.0,0.0,0.0,0.0,0.0,0.0,0.0,0.0,0.0,0.0,0.0,0.0,0.0,0.0,0.0,0.0,0.0,0.0,0.0,0.0,0.0,0.0,0.0,0.0,0.0,0.0,0.0,0.0,0.0,0.06919097415269244,0.0,0.0,0.0,0.0,0.0,0.0,0.0,0.04744079288006369,0.0,0.0,0.0,0.0,0.0,0.08729346326904126,0.07054223867787669,0.0,0.0,0.0,0.0,0.07744989525105726,0.0,0.0,0.0,0.0,0.0,0.0,0.0,0.0,0.0,0.0,0.0,0.0,0.0,0.0,0.0,0.0,0.0,0.0,0.0,0.0,0.09451445233616587,0.0,0.0,0.0,0.0,0.0,0.0,0.5060558899221979
2020-08-03,0.0,0.0,0.0,0.0,0.0,0.0,0.0,0.0,0.0,0.0,0.0,0.0,0.0,0.0,0.0,0.0,0.0,0.0,0.0,0.0,0.0,0.0,0.0,0.0,0.04811596256583189,0.0,0.0,0.0,0.0,0.0,0.0,0.0,0.0,0.0,0.0,0.0,0.0,0.0,0.0,0.0,0.0,0.0,0.0,0.0,0.0,0.0,0.0,0.0,0.0,0.0,0.0,0.0,0.0,0.0,0.0,0.0,0.0,0.0,0.0,0.0,0.0,0.0,0.07225849885983988,0.0,0.0,0.0,0.0,0.0,0.0,0.0,0.04900375061217073,0.0,0.0,0.0,0.0,0.0,0.0784526913872927,0.06909816763070759,0.0,0.0,0.0,0.0,0.07804136363418986,0.0,0.0,0.0,0.0,0.0,0.0,0.0,0.0,0.0,0.0,0.0,0.0,0.0,0.0,0.0,0.0,0.0,0.0,0.0,0.0,0.09403339887440294,0.0,0.0,0.0,0.0,0.0,0.0,0.5109961664355644
2020-08-04,0.0,0.0,0.0,0.0,0.0,0.0,0.0,0.0,0.0,0.0,0.0,0.0,0.0,0.0,0.0,0.0,0.0,0.0,0.0,0.0,0.0,0.0,0.0,0.0,0.04793188178104681,0.0,0.0,0.0,0.0,0.0,0.0,0.0,0.0,0.0,0.0,0.0,0.0,0.0,0.0,0.0,0.0,0.0,0.0,0.0,0.0,0.0,0.0,0.0,0.0,0.0,0.0,0.0,0.0,0.0,0.0,0.0,0.0,0.0,0.0,0.0,0.0,0.0,0.06545024831944686,0.0,0.0,0.0,0.0,0.0,0.0,0.0,0.049877401658047306,0.0,0.0,0.0,0.0,0.0,0.07646580874547293,0.06979702169169612,0.0,0.0,0.0,0.0,0.07704526064365791,0.0,0.0,0.0,0.0,0.0,0.0,0.0,0.0,0.0,0.0,0.0,0.0,0.0,0.0,0.0,0.0,0.0,0.0,0.0,0.0,0.09284089354951448,0.0,0.0,0.0,0.0,0.0,0.0,0.5205914836111177
2020-08-05,0.0,0.0,0.0,0.0,0.0,0.0,0.0,0.0,0.0,0.0,0.0,0.0,0.0,0.0,0.0,0.0,0.0,0.0,0.0,0.0,0.0,0.0,0.0,0.0,0.046667413008217105,0.0,0.0,0.0,0.0,0.0,0.0,0.0,0.0,0.0,0.0,0.0,0.0,0.0,0.0,0.0,0.0,0.0,0.0,0.0,0.0,0.0,0.0,0.0,0.0,0.0,0.0,0.0,0.0,0.0,0.0,0.0,0.0,0.0,0.0,0.0,0.0,0.0,0.06699596690422627,0.0,0.0,0.0,0.0,0.0,0.0,0.0,0.04925673880427416,0.0,0.0,0.0,0.0,0.0,0.0784491601866467,0.06886434996797416,0.0,0.0,0.0,0.0,0.08589891007626016,0.0,0.0,0.0,0.0,0.0,0.0,0.0,0.0,0.0,0.0,0.0,0.0,0.0,0.0,0.0,0.0,0.0,0.0,0.0,0.0,0.09280801849648283,0.0,0.0,0.0,0.0,0.0,0.0,0.5110594425559185
2020-08-06,0.0,0.0,0.0,0.0,0.0,0.0,0.0,0.0,0.0,0.0,0.0,0.0,0.0,0.0,0.0,0.0,0.0,0.0,0.0,0.0,0.0,0.0,0.0,0.0,0.048593049924429976,0.0,0.0,0.0,0.0,0.0,0.0,0.0,0.0,0.0,0.0,0.0,0.0,0.0,0.0,0.0,0.0,0.0,0.0,0.0,0.0,0.0,0.0,0.0,0.0,0.0,0.0,0.0,0.0,0.0,0.0,0.0,0.0,0.0,0.0,0.0,0.0,0.0,0.06883062333731155,0.0,0.0,0.0,0.0,0.0,0.0,0.0,0.05104022845457608,0.0,0.0,0.0,0.0,0.0,0.07562741051748385,0.06761511802397345,0.0,0.0,0.0,0.0,0.08340386680653226,0.0,0.0,0.0,0.0,0.0,0.0,0.0,0.0,0.0,0.0,0.0,0.0,0.0,0.0,0.0,0.0,0.0,0.0,0.0,0.0,0.09322530313643283,0.0,0.0,0.0,0.0,0.0,0.0,0.51166439979926
2020-08-07,0.0,0.0,0.0,0.0,0.0,0.0,0.0,0.0,0.0,0.0,0.0,0.0,0.0,0.0,0.0,0.0,0.0,0.0,0.0,0.0,0.0,0.0,0.0,0.0,0.04748559457548949,0.0,0.0,0.0,0.0,0.0,0.0,0.0,0.0,0.0,0.0,0.0,0.0,0.0,0.0,0.0,0.0,0.0,0.0,0.0,0.0,0.0,0.0,0.0,0.0,0.0,0.0,0.0,0.0,0.0,0.0,0.0,0.0,0.0,0.0,0.0,0.0,0.0,0.06926815693323822,0.0,0.0,0.0,0.0,0.0,0.0,0.0,0.05074904278790191,0.0,0.0,0.0,0.0,0.0,0.07542422474931984,0.06805441259391493,0.0,0.0,0.0,0.0,0.08655194262215232,0.0,0.0,0.0,0.0,0.0,0.0,0.0,0.0,0.0,0.0,0.0,0.0,0.0,0.0,0.0,0.0,0.0,0.0,0.0,0.0,0.09213878493378011,0.0,0.0,0.0,0.0,0.0,0.0,0.5103278408042031
2020-08-10,0.0,0.0,0.0,0.0,0.0,0.0,0.0,0.0,0.0,0.0,0.0,0.0,0.0,0.0,0.0,0.0,0.0,0.0,0.0,0.0,0.0,0.0,0.0,0.0,0.0475238796702541,0.0,0.0,0.0,0.0,0.0,0.0,0.0,0.0,0.0,0.0,0.0,0.0,0.0,0.0,0.0,0.0,0.0,0.0,0.0,0.0,0.0,0.0,0.0,0.0,0.0,0.0,0.0,0.0,0.0,0.0,0.0,0.0,0.0,0.0,0.0,0.0,0.0,0.07023556670697975,0.0,0.0,0.0,0.0,0.0,0.0,0.0,0.04854061721221507,0.0,0.0,0.0,0.0,0.0,0.07590103456115717,0.06667645181539575,0.0,0.0,0.0,0.0,0.08954153406331068,0.0,0.0,0.0,0.0,0.0,0.0,0.0,0.0,0.0,0.0,0.0,0.0,0.0,0.0,0.0,0.0,0.0,0.0,0.0,0.0,0.09125986378727265,0.0,0.0,0.0,0.0,0.0,0.0,0.5103210521834148
2020-08-11,0.0,0.0,0.0,0.0,0.0,0.0,0.0,0.0,0.0,0.0,0.0,0.0,0.0,0.0,0.0,0.0,0.0,0.0,0.0,0.0,0.0,0.0,0.0,0.0,0.04692187610289546,0.0,0.0,0.0,0.0,0.0,0.0,0.0,0.0,0.0,0.0,0.0,0.0,0.0,0.0,0.0,0.0,0.0,0.0,0.0,0.0,0.0,0.0,0.0,0.0,0.0,0.0,0.0,0.0,0.0,0.0,0.0,0.0,0.0,0.0,0.0,0.0,0.0,0.07078384891534972,0.0,0.0,0.0,0.0,0.0,0.0,0.0,0.04815038329294024,0.0,0.0,0.0,0.0,0.0,0.07470933576525605,0.06825467714574593,0.0,0.0,0.0,0.0,0.08666689791127806,0.0,0.0,0.0,0.0,0.0,0.0,0.0,0.0,0.0,0.0,0.0,0.0,0.0,0.0,0.0,0.0,0.0,0.0,0.0,0.0,0.0923808406483011,0.0,0.0,0.0,0.0,0.0,0.0,0.5121321402182335
2020-08-12,0.0,0.0,0.0,0.0,0.0,0.0,0.0,0.0,0.0,0.0,0.0,0.0,0.0,0.0,0.0,0.0,0.0,0.0,0.0,0.0,0.0,0.0,0.0,0.0,0.045952989393571626,0.0,0.0,0.0,0.0,0.0,0.0,0.0,0.0,0.0,0.0,0.0,0.0,0.0,0.0,0.0,0.0,0.0,0.0,0.0,0.0,0.0,0.0,0.0,0.0,0.0,0.0,0.0,0.0,0.0,0.0,0.0,0.0,0.0,0.0,0.0,0.0,0.0,0.07086701683231608,0.0,0.0,0.0,0.0,0.0,0.0,0.0,0.04765340721199974,0.0,0.0,0.0,0.0,0.0,0.0772255937478609,0.06620191733708705,0.0,0.0,0.0,0.0,0.08795733718217474,0.0,0.0,0.0,0.0,0.0,0.0,0.0,0.0,0.0,0.0,0.0,0.0,0.0,0.0,0.0,0.0,0.0,0.0,0.0,0.0,0.09136956918786582,0.0,0.0,0.0,0.0,0.0,0.0,0.5127721691071241
2020-08-13,0.0,0.0,0.0,0.0,0.0,0.0,0.0,0.0,0.0,0.0,0.0,0.0,0.0,0.0,0.0,0.0,0.0,0.0,0.0,0.0,0.0,0.0,0.0,0.0,0.04411433594054679,0.0,0.0,0.0,0.0,0.0,0.0,0.0,0.0,0.0,0.0,0.0,0.0,0.0,0.0,0.0,0.0,0.0,0.0,0.0,0.0,0.0,0.0,0.0,0.0,0.0,0.0,0.0,0.0,0.0,0.0,0.0,0.0,0.0,0.0,0.0,0.0,0.0,0.07127118669318327,0.0,0.0,0.0,0.0,0.0,0.0,0.0,0.04751367341036277,0.0,0.0,0.0,0.0,0.0,0.08433665697578871,0.06507885625022906,0.0,0.0,0.0,0.0,0.08566245485244185,0.0,0.0,0.0,0.0,0.0,0.0,0.0,0.0,0.0,0.0,0.0,0.0,0.0,0.0,0.0,0.0,0.0,0.0,0.0,0.0,0.09319474021058903,0.0,0.0,0.0,0.0,0.0,0.0,0.5088280956668585
2020-08-14,0.0,0.0,0.0,0.0,0.0,0.0,0.0,0.0,0.0,0.0,0.0,0.0,0.0,0.0,0.0,0.0,0.0,0.0,0.0,0.0,0.0,0.0,0.0,0.0,0.044333530837609006,0.0,0.0,0.0,0.0,0.0,0.0,0.0,0.0,0.0,0.0,0.0,0.0,0.0,0.0,0.0,0.0,0.0,0.0,0.0,0.0,0.0,0.0,0.0,0.0,0.0,0.0,0.0,0.0,0.0,0.0,0.0,0.0,0.0,0.0,0.0,0.0,0.0,0.06985685258869492,0.0,0.0,0.0,0.0,0.0,0.0,0.0,0.048620601378897746,0.0,0.0,0.0,0.0,0.0,0.07861043654799985,0.06596020430633578,0.0,0.0,0.0,0.0,0.08528382608875296,0.0,0.0,0.0,0.0,0.0,0.0,0.0,0.0,0.0,0.0,0.0,0.0,0.0,0.0,0.0,0.0,0.0,0.0,0.0,0.0,0.09495665941364803,0.0,0.0,0.0,0.0,0.0,0.0,0.5123778888380616
2020-08-17,0.0,0.0,0.0,0.0,0.0,0.0,0.0,0.0,0.0,0.0,0.0,0.0,0.0,0.0,0.0,0.0,0.0,0.0,0.0,0.0,0.0,0.0,0.0,0.0,0.04378915630336956,0.0,0.0,0.0,0.0,0.0,0.0,0.0,0.0,0.0,0.0,0.0,0.0,0.0,0.0,0.0,0.0,0.0,0.0,0.0,0.0,0.0,0.0,0.0,0.0,0.0,0.0,0.0,0.0,0.0,0.0,0.0,0.0,0.0,0.0,0.0,0.0,0.0,0.07042104619010989,0.0,0.0,0.0,0.0,0.0,0.0,0.0,0.0489473385995512,0.0,0.0,0.0,0.0,0.0,0.07582114697877798,0.06477031160905539,0.0,0.0,0.0,0.0,0.08393751865149762,0.0,0.0,0.0,0.0,0.0,0.0,0.0,0.0,0.0,0.0,0.0,0.0,0.0,0.0,0.0,0.0,0.0,0.0,0.0,0.0,0.09575883286800012,0.0,0.0,0.0,0.0,0.0,0.0,0.5165546487996383
2020-08-18,0.0,0.0,0.0,0.0,0.0,0.0,0.0,0.0,0.0,0.0,0.0,0.0,0.0,0.0,0.0,0.0,0.0,0.0,0.0,0.0,0.0,0.0,0.0,0.0,0.04398478841437023,0.0,0.0,0.0,0.0,0.0,0.0,0.0,0.0,0.0,0.0,0.0,0.0,0.0,0.0,0.0,0.0,0.0,0.0,0.0,0.0,0.0,0.0,0.0,0.0,0.0,0.0,0.0,0.0,0.0,0.0,0.0,0.0,0.0,0.0,0.0,0.0,0.0,0.07022129078466638,0.0,0.0,0.0,0.0,0.0,0.0,0.0,0.052501819532235865,0.0,0.0,0.0,0.0,0.0,0.07563001206928888,0.06475858645897743,0.0,0.0,0.0,0.0,0.08600189001980889,0.0,0.0,0.0,0.0,0.0,0.0,0.0,0.0,0.0,0.0,0.0,0.0,0.0,0.0,0.0,0.0,0.0,0.0,0.0,0.0,0.10139465020419665,0.0,0.0,0.0,0.0,0.0,0.0,0.5055069625164557
2020-08-19,0.0,0.0,0.0,0.0,0.0,0.0,0.0,0.0,0.0,0.0,0.0,0.0,0.0,0.0,0.0,0.0,0.0,0.0,0.0,0.0,0.0,0.0,0.0,0.0,0.04421280457670897,0.0,0.0,0.0,0.0,0.0,0.0,0.0,0.0,0.0,0.0,0.0,0.0,0.0,0.0,0.0,0.0,0.0,0.0,0.0,0.0,0.0,0.0,0.0,0.0,0.0,0.0,0.0,0.0,0.0,0.0,0.0,0.0,0.0,0.0,0.0,0.0,0.0,0.0700090069463999,0.0,0.0,0.0,0.0,0.0,0.0,0.0,0.05259023896841182,0.0,0.0,0.0,0.0,0.0,0.07511005698011877,0.0633256767981593,0.0,0.0,0.0,0.0,0.09114508754537812,0.0,0.0,0.0,0.0,0.0,0.0,0.0,0.0,0.0,0.0,0.0,0.0,0.0,0.0,0.0,0.0,0.0,0.0,0.0,0.0,0.09834012857857684,0.0,0.0,0.0,0.0,0.0,0.0,0.5052669996062462
2020-08-20,0.0,0.0,0.0,0.0,0.0,0.0,0.0,0.0,0.0,0.0,0.0,0.0,0.0,0.0,0.0,0.0,0.0,0.0,0.0,0.0,0.0,0.0,0.0,0.0,0.043788907496202005,0.0,0.0,0.0,0.0,0.0,0.0,0.0,0.0,0.0,0.0,0.0,0.0,0.0,0.0,0.0,0.0,0.0,0.0,0.0,0.0,0.0,0.0,0.0,0.0,0.0,0.0,0.0,0.0,0.0,0.0,0.0,0.0,0.0,0.0,0.0,0.0,0.0,0.0684638407895042,0.0,0.0,0.0,0.0,0.0,0.0,0.0,0.05106121711879749,0.0,0.0,0.0,0.0,0.0,0.07679622797350615,0.06338569386760491,0.0,0.0,0.0,0.0,0.08928059216880613,0.0,0.0,0.0,0.0,0.0,0.0,0.0,0.0,0.0,0.0,0.0,0.0,0.0,0.0,0.0,0.0,0.0,0.0,0.0,0.0,0.10341101359364403,0.0,0.0,0.0,0.0,0.0,0.0,0.5038125069919351
2020-08-21,0.0,0.0,0.0,0.0,0.0,0.0,0.0,0.0,0.0,0.0,0.0,0.0,0.0,0.0,0.0,0.0,0.0,0.0,0.0,0.0,0.0,0.0,0.0,0.0,0.04517108222564737,0.0,0.0,0.0,0.0,0.0,0.0,0.0,0.0,0.0,0.0,0.0,0.0,0.0,0.0,0.0,0.0,0.0,0.0,0.0,0.0,0.0,0.0,0.0,0.0,0.0,0.0,0.0,0.0,0.0,0.0,0.0,0.0,0.0,0.0,0.0,0.0,0.0,0.06799023538283733,0.0,0.0,0.0,0.0,0.0,0.0,0.0,0.050918795814931465,0.0,0.0,0.0,0.0,0.0,0.08181433822151252,0.06370155578952304,0.0,0.0,0.0,0.0,0.08685865058233153,0.0,0.0,0.0,0.0,0.0,0.0,0.0,0.0,0.0,0.0,0.0,0.0,0.0,0.0,0.0,0.0,0.0,0.0,0.0,0.0,0.10110055742761712,0.0,0.0,0.0,0.0,0.0,0.0,0.5024447845555997
2020-08-24,0.0,0.0,0.0,0.0,0.0,0.0,0.0,0.0,0.0,0.0,0.0,0.0,0.0,0.0,0.0,0.0,0.0,0.0,0.0,0.0,0.0,0.0,0.0,0.0,0.045091981424310576,0.0,0.0,0.0,0.0,0.0,0.0,0.0,0.0,0.0,0.0,0.0,0.0,0.0,0.0,0.0,0.0,0.0,0.0,0.0,0.0,0.0,0.0,0.0,0.0,0.0,0.0,0.0,0.0,0.0,0.0,0.0,0.0,0.0,0.0,0.0,0.0,0.0,0.06816937756458644,0.0,0.0,0.0,0.0,0.0,0.0,0.0,0.0507194501145577,0.0,0.0,0.0,0.0,0.0,0.08127144316359676,0.06380643275801398,0.0,0.0,0.0,0.0,0.0858369873550218,0.0,0.0,0.0,0.0,0.0,0.0,0.0,0.0,0.0,0.0,0.0,0.0,0.0,0.0,0.0,0.0,0.0,0.0,0.0,0.0,0.10303734110810776,0.0,0.0,0.0,0.0,0.0,0.0,0.5020669865118049
2020-08-25,0.0,0.0,0.0,0.0,0.0,0.0,0.0,0.0,0.0,0.0,0.0,0.0,0.0,0.0,0.0,0.0,0.0,0.0,0.0,0.0,0.0,0.0,0.0,0.0,0.033385651566263795,0.0,0.0,0.0,0.0,0.0,0.0,0.0,0.0,0.0,0.0,0.0,0.0,0.0,0.0,0.0,0.0,0.0,0.0,0.0,0.0,0.0,0.0,0.0,0.0,0.0,0.0,0.0,0.0,0.0,0.0,0.0,0.0,0.0,0.0,0.0,0.0,0.0,0.04580162086932197,0.0,0.0,0.0,0.0,0.0,0.0,0.0,0.04683193704291742,0.0,0.0,0.0,0.0,0.0,0.04580162086936309,0.0599859245805853,0.0,0.0,0.0,0.0,0.06501703788507465,0.0,0.0,0.0,0.0,0.0,0.0,0.0,0.0,0.0,0.0,0.0,0.0,0.0,0.0,0.0,0.0,0.0,0.0,0.0,0.0,0.06470876777342209,0.0,0.0,0.0,0.0,0.0,0.0,0.501061290622371
2020-08-26,0.0,0.0,0.0,0.0,0.0,0.0,0.0,0.0,0.0,0.0,0.0,0.0,0.0,0.0,0.0,0.0,0.0,0.0,0.0,0.0,0.0,0.0,0.0,0.0,0.032008268041270764,0.0,0.0,0.0,0.0,0.0,0.0,0.0,0.0,0.0,0.0,0.0,0.0,0.0,0.0,0.0,0.0,0.0,0.0,0.0,0.0,0.0,0.0,0.0,0.0,0.0,0.0,0.0,0.0,0.0,0.0,0.0,0.0,0.0,0.0,0.0,0.0,0.0,0.045985355345858,0.0,0.0,0.0,0.0,0.0,0.0,0.0,0.04802668308161869,0.0,0.0,0.0,0.0,0.0,0.04557697408048253,0.05950675508906944,0.0,0.0,0.0,0.0,0.06439503435913298,0.0,0.0,0.0,0.0,0.0,0.0,0.0,0.0,0.0,0.0,0.0,0.0,0.0,0.0,0.0,0.0,0.0,0.0,0.0,0.0,0.065323161445532,0.0,0.0,0.0,0.0,0.0,0.0,0.5016268107401458
2020-08-27,0.0,0.0,0.0,0.0,0.0,0.0,0.0,0.0,0.0,0.0,0.0,0.0,0.0,0.0,0.0,0.0,0.0,0.0,0.0,0.0,0.0,0.0,0.0,0.0,0.032480197809107374,0.0,0.0,0.0,0.0,0.0,0.0,0.0,0.0,0.0,0.0,0.0,0.0,0.0,0.0,0.0,0.0,0.0,0.0,0.0,0.0,0.0,0.0,0.0,0.0,0.0,0.0,0.0,0.0,0.0,0.0,0.0,0.0,0.0,0.0,0.0,0.0,0.0,0.04615287832861208,0.0,0.0,0.0,0.0,0.0,0.0,0.0,0.04912445289220651,0.0,0.0,0.0,0.0,0.0,0.043776034742450835,0.05930572838574448,0.0,0.0,0.0,0.0,0.06343708918401465,0.0,0.0,0.0,0.0,0.0,0.0,0.0,0.0,0.0,0.0,0.0,0.0,0.0,0.0,0.0,0.0,0.0,0.0,0.0,0.0,0.06489556163401199,0.0,0.0,0.0,0.0,0.0,0.0,0.640828057023852
2020-08-28,0.0,0.0,0.0,0.0,0.0,0.0,0.0,0.0,0.0,0.0,0.0,0.0,0.0,0.0,0.0,0.0,0.0,0.0,0.0,0.0,0.0,0.0,0.0,0.0,0.03286274957160837,0.0,0.0,0.0,0.0,0.0,0.0,0.0,0.0,0.0,0.0,0.0,0.0,0.0,0.0,0.0,0.0,0.0,0.0,0.0,0.0,0.0,0.0,0.0,0.0,0.0,0.0,0.0,0.0,0.0,0.0,0.0,0.0,0.0,0.0,0.0,0.0,0.0,0.04627198402509989,0.0,0.0,0.0,0.0,0.0,0.0,0.0,0.05022279627416493,0.0,0.0,0.0,0.0,0.0,0.0467888305819642,0.05983545069420173,0.0,0.0,0.0,0.0,0.06295540834986968,0.0,0.0,0.0,0.0,0.0,0.0,0.0,0.0,0.0,0.0,0.0,0.0,0.0,0.0,0.0,0.0,0.0,0.0,0.0,0.0,0.06386939283365105,0.0,0.0,0.0,0.0,0.0,0.0,0.6371933876694401
2020-08-31,0.0,0.0,0.0,0.0,0.0,0.0,0.0,0.0,0.0,0.0,0.0,0.0,0.0,0.0,0.0,0.0,0.0,0.0,0.0,0.0,0.0,0.0,0.0,0.0,0.03168100507210958,0.0,0.0,0.0,0.0,0.0,0.0,0.0,0.0,0.0,0.0,0.0,0.0,0.0,0.0,0.0,0.0,0.0,0.0,0.0,0.0,0.0,0.0,0.0,0.0,0.0,0.0,0.0,0.0,0.0,0.0,0.0,0.0,0.0,0.0,0.0,0.0,0.0,0.04686839616211421,0.0,0.0,0.0,0.0,0.0,0.0,0.0,0.04971462109342752,0.0,0.0,0.0,0.0,0.0,0.04644468779892733,0.05844681721218958,0.0,0.0,0.0,0.0,0.061609740721905504,0.0,0.0,0.0,0.0,0.0,0.0,0.0,0.0,0.0,0.0,0.0,0.0,0.0,0.0,0.0,0.0,0.0,0.0,0.0,0.0,0.0652389977556192,0.0,0.0,0.0,0.0,0.0,0.0,0.639995734183707
2020-09-01,0.0,0.0,0.0,0.0,0.0,0.0,0.0,0.0,0.0,0.0,0.0,0.0,0.0,0.0,0.0,0.0,0.0,0.0,0.0,0.0,0.0,0.0,0.0,0.0,0.03237759589653209,0.0,0.0,0.0,0.0,0.0,0.0,0.0,0.0,0.0,0.0,0.0,0.0,0.0,0.0,0.0,0.0,0.0,0.0,0.0,0.0,0.0,0.0,0.0,0.0,0.0,0.0,0.0,0.0,0.0,0.0,0.0,0.0,0.0,0.0,0.0,0.0,0.0,0.045928466485592984,0.0,0.0,0.0,0.0,0.0,0.0,0.0,0.0504718515073143,0.0,0.0,0.0,0.0,0.0,0.04827827955902946,0.05923882253599899,0.0,0.0,0.0,0.0,0.06424456287306758,0.0,0.0,0.0,0.0,0.0,0.0,0.0,0.0,0.0,0.0,0.0,0.0,0.0,0.0,0.0,0.0,0.0,0.0,0.0,0.0,0.06405023610366294,0.0,0.0,0.0,0.0,0.0,0.0,0.6354101850388016
2020-09-02,0.0,0.0,0.0,0.0,0.0,0.0,0.0,0.0,0.0,0.0,0.0,0.0,0.0,0.0,0.0,0.0,0.0,0.0,0.0,0.0,0.0,0.0,0.0,0.0,0.032490776898076605,0.0,0.0,0.0,0.0,0.0,0.0,0.0,0.0,0.0,0.0,0.0,0.0,0.0,0.0,0.0,0.0,0.0,0.0,0.0,0.0,0.0,0.0,0.0,0.0,0.0,0.0,0.0,0.0,0.0,0.0,0.0,0.0,0.0,0.0,0.0,0.0,0.0,0.046013649842721424,0.0,0.0,0.0,0.0,0.0,0.0,0.0,0.04954422928934986,0.0,0.0,0.0,0.0,0.0,0.05048473488781543,0.05893442494348455,0.0,0.0,0.0,0.0,0.06338530012918998,0.0,0.0,0.0,0.0,0.0,0.0,0.0,0.0,0.0,0.0,0.0,0.0,0.0,0.0,0.0,0.0,0.0,0.0,0.0,0.0,0.06322764980966518,0.0,0.0,0.0,0.0,0.0,0.0,0.6359192341996971
2020-09-03,0.0,0.0,0.0,0.0,0.0,0.0,0.0,0.0,0.0,0.0,0.0,0.0,0.0,0.0,0.0,0.0,0.0,0.0,0.0,0.0,0.0,0.0,0.0,0.0,0.03287466951918614,0.0,0.0,0.0,0.0,0.0,0.0,0.0,0.0,0.0,0.0,0.0,0.0,0.0,0.0,0.0,0.0,0.0,0.0,0.0,0.0,0.0,0.0,0.0,0.0,0.0,0.0,0.0,0.0,0.0,0.0,0.0,0.0,0.0,0.0,0.0,0.0,0.0,0.046051883217882436,0.0,0.0,0.0,0.0,0.0,0.0,0.0,0.047226577295406774,0.0,0.0,0.0,0.0,0.0,0.04975385215529761,0.05780149882840834,0.0,0.0,0.0,0.0,0.0638258564066287,0.0,0.0,0.0,0.0,0.0,0.0,0.0,0.0,0.0,0.0,0.0,0.0,0.0,0.0,0.0,0.0,0.0,0.0,0.0,0.0,0.06193107639686067,0.0,0.0,0.0,0.0,0.0,0.0,0.6405345861803293
2020-09-04,0.0,0.0,0.0,0.0,0.0,0.0,0.0,0.0,0.0,0.0,0.0,0.0,0.0,0.0,0.0,0.0,0.0,0.0,0.0,0.0,0.0,0.0,0.0,0.0,0.03248227268556869,0.0,0.0,0.0,0.0,0.0,0.0,0.0,0.0,0.0,0.0,0.0,0.0,0.0,0.0,0.0,0.0,0.0,0.0,0.0,0.0,0.0,0.0,0.0,0.0,0.0,0.0,0.0,0.0,0.0,0.0,0.0,0.0,0.0,0.0,0.0,0.0,0.0,0.04613392573101334,0.0,0.0,0.0,0.0,0.0,0.0,0.0,0.04736915126035925,0.0,0.0,0.0,0.0,0.0,0.05029899505565459,0.058260067000696796,0.0,0.0,0.0,0.0,0.06482452147900235,0.0,0.0,0.0,0.0,0.0,0.0,0.0,0.0,0.0,0.0,0.0,0.0,0.0,0.0,0.0,0.0,0.0,0.0,0.0,0.0,0.06006904995417579,0.0,0.0,0.0,0.0,0.0,0.0,0.6405620168335292
2020-09-08,0.0,0.0,0.0,0.0,0.0,0.0,0.0,0.0,0.0,0.0,0.0,0.0,0.0,0.0,0.0,0.0,0.0,0.0,0.0,0.0,0.0,0.0,0.0,0.0,0.03241576718980759,0.0,0.0,0.0,0.0,0.0,0.0,0.0,0.0,0.0,0.0,0.0,0.0,0.0,0.0,0.0,0.0,0.0,0.0,0.0,0.0,0.0,0.0,0.0,0.0,0.0,0.0,0.0,0.0,0.0,0.0,0.0,0.0,0.0,0.0,0.0,0.0,0.0,0.04586828866279195,0.0,0.0,0.0,0.0,0.0,0.0,0.0,0.04700195889024507,0.0,0.0,0.0,0.0,0.0,0.05107294622499252,0.057798972976877576,0.0,0.0,0.0,0.0,0.06115266439316152,0.0,0.0,0.0,0.0,0.0,0.0,0.0,0.0,0.0,0.0,0.0,0.0,0.0,0.0,0.0,0.0,0.0,0.0,0.0,0.0,0.06121673862503294,0.0,0.0,0.0,0.0,0.0,0.0,0.6434726630370909
2020-09-09,0.0,0.0,0.0,0.0,0.0,0.0,0.0,0.0,0.0,0.0,0.0,0.0,0.0,0.0,0.0,0.0,0.0,0.0,0.0,0.0,0.0,0.0,0.0,0.0,0.033834357976832194,0.0,0.0,0.0,0.0,0.0,0.0,0.0,0.0,0.0,0.0,0.0,0.0,0.0,0.0,0.0,0.0,0.0,0.0,0.0,0.0,0.0,0.0,0.0,0.0,0.0,0.0,0.0,0.0,0.0,0.0,0.0,0.0,0.0,0.0,0.0,0.0,0.0,0.04455433083791141,0.0,0.0,0.0,0.0,0.0,0.0,0.0,0.048879538572370526,0.0,0.0,0.0,0.0,0.0,0.04942161003482744,0.0574800490393807,0.0,0.0,0.0,0.0,0.06105924945555221,0.0,0.0,0.0,0.0,0.0,0.0,0.0,0.0,0.0,0.0,0.0,0.0,0.0,0.0,0.0,0.0,0.0,0.0,0.0,0.0,0.061299899978125814,0.0,0.0,0.0,0.0,0.0,0.0,0.6434709641049997
2020-09-10,0.0,0.0,0.0,0.0,0.0,0.0,0.0,0.0,0.0,0.0,0.0,0.0,0.0,0.0,0.0,0.0,0.0,0.0,0.0,0.0,0.0,0.0,0.0,0.0,0.033443008167155626,0.0,0.0,0.0,0.0,0.0,0.0,0.0,0.0,0.0,0.0,0.0,0.0,0.0,0.0,0.0,0.0,0.0,0.0,0.0,0.0,0.0,0.0,0.0,0.0,0.0,0.0,0.0,0.0,0.0,0.0,0.0,0.0,0.0,0.0,0.0,0.0,0.0,0.043100936376648774,0.0,0.0,0.0,0.0,0.0,0.0,0.0,0.04742953056719264,0.0,0.0,0.0,0.0,0.0,0.04570401144159918,0.06617163958043037,0.0,0.0,0.0,0.0,0.05867912808128085,0.0,0.0,0.0,0.0,0.0,0.0,0.0,0.0,0.0,0.0,0.0,0.0,0.0,0.0,0.0,0.0,0.0,0.0,0.0,0.0,0.06016940842731852,0.0,0.0,0.0,0.0,0.0,0.0,0.645302337358374
2020-09-11,0.0,0.0,0.0,0.0,0.0,0.0,0.0,0.0,0.0,0.0,0.0,0.0,0.0,0.0,0.0,0.0,0.0,0.0,0.0,0.0,0.0,0.0,0.0,0.0,0.03259625547205245,0.0,0.0,0.0,0.0,0.0,0.0,0.0,0.0,0.0,0.0,0.0,0.0,0.0,0.0,0.0,0.0,0.0,0.0,0.0,0.0,0.0,0.0,0.0,0.0,0.0,0.0,0.0,0.0,0.0,0.0,0.0,0.0,0.0,0.0,0.0,0.0,0.0,0.04411415228381308,0.0,0.0,0.0,0.0,0.0,0.0,0.0,0.04702353056903962,0.0,0.0,0.0,0.0,0.0,0.04483938415954527,0.06873699040794369,0.0,0.0,0.0,0.0,0.058658204518937454,0.0,0.0,0.0,0.0,0.0,0.0,0.0,0.0,0.0,0.0,0.0,0.0,0.0,0.0,0.0,0.0,0.0,0.0,0.0,0.0,0.05923675522547659,0.0,0.0,0.0,0.0,0.0,0.0,0.6447947273631919
2020-09-14,0.0,0.0,0.0,0.0,0.0,0.0,0.0,0.0,0.0,0.0,0.0,0.0,0.0,0.0,0.0,0.0,0.0,0.0,0.0,0.0,0.0,0.0,0.0,0.0,0.03249035620774699,0.0,0.0,0.0,0.0,0.0,0.0,0.0,0.0,0.0,0.0,0.0,0.0,0.0,0.0,0.0,0.0,0.0,0.0,0.0,0.0,0.0,0.0,0.0,0.0,0.0,0.0,0.0,0.0,0.0,0.0,0.0,0.0,0.0,0.0,0.0,0.0,0.0,0.044653600050162515,0.0,0.0,0.0,0.0,0.0,0.0,0.0,0.04806394620646013,0.0,0.0,0.0,0.0,0.0,0.050444695458948315,0.06786738062434193,0.0,0.0,0.0,0.0,0.05724799811793161,0.0,0.0,0.0,0.0,0.0,0.0,0.0,0.0,0.0,0.0,0.0,0.0,0.0,0.0,0.0,0.0,0.0,0.0,0.0,0.0,0.060048376867014926,0.0,0.0,0.0,0.0,0.0,0.0,0.6391836464673937
2020-09-15,0.0,0.0,0.0,0.0,0.0,0.0,0.0,0.0,0.0,0.0,0.0,0.0,0.0,0.0,0.0,0.0,0.0,0.0,0.0,0.0,0.0,0.0,0.0,0.0,0.03185649677887204,0.0,0.0,0.0,0.0,0.0,0.0,0.0,0.0,0.0,0.0,0.0,0.0,0.0,0.0,0.0,0.0,0.0,0.0,0.0,0.0,0.0,0.0,0.0,0.0,0.0,0.0,0.0,0.0,0.0,0.0,0.0,0.0,0.0,0.0,0.0,0.0,0.0,0.0445965562980946,0.0,0.0,0.0,0.0,0.0,0.0,0.0,0.04763091563256487,0.0,0.0,0.0,0.0,0.0,0.04930245629304257,0.06775063189169092,0.0,0.0,0.0,0.0,0.05717354231812853,0.0,0.0,0.0,0.0,0.0,0.0,0.0,0.0,0.0,0.0,0.0,0.0,0.0,0.0,0.0,0.0,0.0,0.0,0.0,0.0,0.06312559756584299,0.0,0.0,0.0,0.0,0.0,0.0,0.6385638032217633
2020-09-16,0.0,0.0,0.0,0.0,0.0,0.0,0.0,0.0,0.0,0.0,0.0,0.0,0.0,0.0,0.0,0.0,0.0,0.0,0.0,0.0,0.0,0.0,0.0,0.0,0.032377259146306445,0.0,0.0,0.0,0.0,0.0,0.0,0.0,0.0,0.0,0.0,0.0,0.0,0.0,0.0,0.0,0.0,0.0,0.0,0.0,0.0,0.0,0.0,0.0,0.0,0.0,0.0,0.0,0.0,0.0,0.0,0.0,0.0,0.0,0.0,0.0,0.0,0.0,0.04413431500959906,0.0,0.0,0.0,0.0,0.0,0.0,0.0,0.04734100745818864,0.0,0.0,0.0,0.0,0.0,0.04949966246527081,0.06877472454423512,0.0,0.0,0.0,0.0,0.056764726967282415,0.0,0.0,0.0,0.0,0.0,0.0,0.0,0.0,0.0,0.0,0.0,0.0,0.0,0.0,0.0,0.0,0.0,0.0,0.0,0.0,0.06346529772273075,0.0,0.0,0.0,0.0,0.0,0.0,0.6376430066863867
2020-09-17,0.0,0.0,0.0,0.0,0.0,0.0,0.0,0.0,0.0,0.0,0.0,0.0,0.0,0.0,0.0,0.0,0.0,0.0,0.0,0.0,0.0,0.0,0.0,0.0,0.032705086532114916,0.0,0.0,0.0,0.0,0.0,0.0,0.0,0.0,0.0,0.0,0.0,0.0,0.0,0.0,0.0,0.0,0.0,0.0,0.0,0.0,0.0,0.0,0.0,0.0,0.0,0.0,0.0,0.0,0.0,0.0,0.0,0.0,0.0,0.0,0.0,0.0,0.0,0.0441321180423864,0.0,0.0,0.0,0.0,0.0,0.0,0.0,0.046239726619297566,0.0,0.0,0.0,0.0,0.0,0.050041123673118075,0.06984313735866368,0.0,0.0,0.0,0.0,0.05733288573926338,0.0,0.0,0.0,0.0,0.0,0.0,0.0,0.0,0.0,0.0,0.0,0.0,0.0,0.0,0.0,0.0,0.0,0.0,0.0,0.0,0.0620470334689333,0.0,0.0,0.0,0.0,0.0,0.0,0.6376588885662228
2020-09-18,0.0,0.0,0.0,0.0,0.0,0.0,0.0,0.0,0.0,0.0,0.0,0.0,0.0,0.0,0.0,0.0,0.0,0.0,0.0,0.0,0.0,0.0,0.0,0.0,0.0320243418875082,0.0,0.0,0.0,0.0,0.0,0.0,0.0,0.0,0.0,0.0,0.0,0.0,0.0,0.0,0.0,0.0,0.0,0.0,0.0,0.0,0.0,0.0,0.0,0.0,0.0,0.0,0.0,0.0,0.0,0.0,0.0,0.0,0.0,0.0,0.0,0.0,0.0,0.04279429737856195,0.0,0.0,0.0,0.0,0.0,0.0,0.0,0.04654451984055331,0.0,0.0,0.0,0.0,0.0,0.049242031845474814,0.06938891587862663,0.0,0.0,0.0,0.0,0.0561247365133528,0.0,0.0,0.0,0.0,0.0,0.0,0.0,0.0,0.0,0.0,0.0,0.0,0.0,0.0,0.0,0.0,0.0,0.0,0.0,0.0,0.062413027788824696,0.0,0.0,0.0,0.0,0.0,0.0,0.6414681288670976
2020-09-21,0.0,0.0,0.0,0.0,0.0,0.0,0.0,0.0,0.0,0.0,0.0,0.0,0.0,0.0,0.0,0.0,0.0,0.0,0.0,0.0,0.0,0.0,0.0,0.0,0.03165994750131226,0.0,0.0,0.0,0.0,0.0,0.0,0.0,0.0,0.0,0.0,0.0,0.0,0.0,0.0,0.0,0.0,0.0,0.0,0.0,0.0,0.0,0.0,0.0,0.0,0.0,0.0,0.0,0.0,0.0,0.0,0.0,0.0,0.0,0.0,0.0,0.0,0.0,0.041647369026878836,0.0,0.0,0.0,0.0,0.0,0.0,0.0,0.04768015667673789,0.0,0.0,0.0,0.0,0.0,0.04736468273510815,0.06915211063828558,0.0,0.0,0.0,0.0,0.05501347029122856,0.0,0.0,0.0,0.0,0.0,0.0,0.0,0.0,0.0,0.0,0.0,0.0,0.0,0.0,0.0,0.0,0.0,0.0,0.0,0.0,0.06172359300772768,0.0,0.0,0.0,0.0,0.0,0.0,0.6457586701227209
2020-09-22,0.0,0.0,0.0,0.0,0.0,0.0,0.0,0.0,0.0,0.0,0.0,0.0,0.0,0.0,0.0,0.0,0.0,0.0,0.0,0.0,0.0,0.0,0.0,0.0,0.03210885377314712,0.0,0.0,0.0,0.0,0.0,0.0,0.0,0.0,0.0,0.0,0.0,0.0,0.0,0.0,0.0,0.0,0.0,0.0,0.0,0.0,0.0,0.0,0.0,0.0,0.0,0.0,0.0,0.0,0.0,0.0,0.0,0.0,0.0,0.0,0.0,0.0,0.0,0.042938663443033556,0.0,0.0,0.0,0.0,0.0,0.0,0.0,0.047914878766625306,0.0,0.0,0.0,0.0,0.0,0.04909769224186432,0.06946116827154426,0.0,0.0,0.0,0.0,0.0538955392392379,0.0,0.0,0.0,0.0,0.0,0.0,0.0,0.0,0.0,0.0,0.0,0.0,0.0,0.0,0.0,0.0,0.0,0.0,0.0,0.0,0.0613261690966466,0.0,0.0,0.0,0.0,0.0,0.0,0.643257035167901
2020-09-23,0.0,0.0,0.0,0.0,0.0,0.0,0.0,0.0,0.0,0.0,0.0,0.0,0.0,0.0,0.0,0.0,0.0,0.0,0.0,0.0,0.0,0.0,0.0,0.0,0.03176132438852313,0.0,0.0,0.0,0.0,0.0,0.0,0.0,0.0,0.0,0.0,0.0,0.0,0.0,0.0,0.0,0.0,0.0,0.0,0.0,0.0,0.0,0.0,0.0,0.0,0.0,0.0,0.0,0.0,0.0,0.0,0.0,0.0,0.0,0.0,0.0,0.0,0.0,0.04264162068450008,0.0,0.0,0.0,0.0,0.0,0.0,0.0,0.04677005935161643,0.0,0.0,0.0,0.0,0.0,0.04848444312688254,0.0673616775805952,0.0,0.0,0.0,0.0,0.05197793671245907,0.0,0.0,0.0,0.0,0.0,0.0,0.0,0.0,0.0,0.0,0.0,0.0,0.0,0.0,0.0,0.0,0.0,0.0,0.0,0.0,0.06121253068401032,0.0,0.0,0.0,0.0,0.0,0.0,0.6497904074714133
2020-09-24,0.0,0.0,0.0,0.0,0.0,0.0,0.0,0.0,0.0,0.0,0.0,0.0,0.0,0.0,0.0,0.0,0.0,0.0,0.0,0.0,0.0,0.0,0.0,0.0,0.03268434329676395,0.0,0.0,0.0,0.0,0.0,0.0,0.0,0.0,0.0,0.0,0.0,0.0,0.0,0.0,0.0,0.0,0.0,0.0,0.0,0.0,0.0,0.0,0.0,0.0,0.0,0.0,0.0,0.0,0.0,0.0,0.0,0.0,0.0,0.0,0.0,0.0,0.0,0.04047200978095343,0.0,0.0,0.0,0.0,0.0,0.0,0.0,0.04799288637760034,0.0,0.0,0.0,0.0,0.0,0.04818097501243594,0.06939767574657682,0.0,0.0,0.0,0.0,0.054098136933897624,0.0,0.0,0.0,0.0,0.0,0.0,0.0,0.0,0.0,0.0,0.0,0.0,0.0,0.0,0.0,0.0,0.0,0.0,0.0,0.0,0.06140242787225009,0.0,0.0,0.0,0.0,0.0,0.0,0.6457715449795217
2020-09-25,0.0,0.0,0.0,0.0,0.0,0.0,0.0,0.0,0.0,0.0,0.0,0.0,0.0,0.0,0.0,0.0,0.0,0.0,0.0,0.0,0.0,0.0,0.0,0.0,0.03201756870758962,0.0,0.0,0.0,0.0,0.0,0.0,0.0,0.0,0.0,0.0,0.0,0.0,0.0,0.0,0.0,0.0,0.0,0.0,0.0,0.0,0.0,0.0,0.0,0.0,0.0,0.0,0.0,0.0,0.0,0.0,0.0,0.0,0.0,0.0,0.0,0.0,0.0,0.041191590130702685,0.0,0.0,0.0,0.0,0.0,0.0,0.0,0.04880047648413397,0.0,0.0,0.0,0.0,0.0,0.0479969284329479,0.06879585659710383,0.0,0.0,0.0,0.0,0.05271624327200118,0.0,0.0,0.0,0.0,0.0,0.0,0.0,0.0,0.0,0.0,0.0,0.0,0.0,0.0,0.0,0.0,0.0,0.0,0.0,0.0,0.06143109672612476,0.0,0.0,0.0,0.0,0.0,0.0,0.647050239649396
2020-09-28,0.0,0.0,0.0,0.0,0.0,0.0,0.0,0.0,0.0,0.0,0.0,0.0,0.0,0.0,0.0,0.0,0.0,0.0,0.0,0.0,0.0,0.0,0.0,0.0,0.03148279839523758,0.0,0.0,0.0,0.0,0.0,0.0,0.0,0.0,0.0,0.0,0.0,0.0,0.0,0.0,0.0,0.0,0.0,0.0,0.0,0.0,0.0,0.0,0.0,0.0,0.0,0.0,0.0,0.0,0.0,0.0,0.0,0.0,0.0,0.0,0.0,0.0,0.0,0.04140176602323287,0.0,0.0,0.0,0.0,0.0,0.0,0.0,0.0474971561789809,0.0,0.0,0.0,0.0,0.0,0.04729001981347219,0.066407122057213,0.0,0.0,0.0,0.0,0.05211367922791538,0.0,0.0,0.0,0.0,0.0,0.0,0.0,0.0,0.0,0.0,0.0,0.0,0.0,0.0,0.0,0.0,0.0,0.0,0.0,0.0,0.06123789185019537,0.0,0.0,0.0,0.0,0.0,0.0,0.6525695664537527
2020-09-29,0.0,0.0,0.0,0.0,0.0,0.0,0.0,0.0,0.0,0.0,0.0,0.0,0.0,0.0,0.0,0.0,0.0,0.0,0.0,0.0,0.0,0.0,0.0,0.0,0.03133439937979389,0.0,0.0,0.0,0.0,0.0,0.0,0.0,0.0,0.0,0.0,0.0,0.0,0.0,0.0,0.0,0.0,0.0,0.0,0.0,0.0,0.0,0.0,0.0,0.0,0.0,0.0,0.0,0.0,0.0,0.0,0.0,0.0,0.0,0.0,0.0,0.0,0.0,0.04207680590905819,0.0,0.0,0.0,0.0,0.0,0.0,0.0,0.04760537596417064,0.0,0.0,0.0,0.0,0.0,0.0465560183620285,0.0663160605519154,0.0,0.0,0.0,0.0,0.05153610059351864,0.0,0.0,0.0,0.0,0.0,0.0,0.0,0.0,0.0,0.0,0.0,0.0,0.0,0.0,0.0,0.0,0.0,0.0,0.0,0.0,0.06054468560192235,0.0,0.0,0.0,0.0,0.0,0.0,0.6540305536375924
2020-09-30,0.0,0.0,0.0,0.0,0.0,0.0,0.0,0.0,0.0,0.0,0.0,0.0,0.0,0.0,0.0,0.0,0.0,0.0,0.0,0.0,0.0,0.0,0.0,0.0,0.031079808606520182,0.0,0.0,0.0,0.0,0.0,0.0,0.0,0.0,0.0,0.0,0.0,0.0,0.0,0.0,0.0,0.0,0.0,0.0,0.0,0.0,0.0,0.0,0.0,0.0,0.0,0.0,0.0,0.0,0.0,0.0,0.0,0.0,0.0,0.0,0.0,0.0,0.0,0.04235657414869915,0.0,0.0,0.0,0.0,0.0,0.0,0.0,0.048289972757000685,0.0,0.0,0.0,0.0,0.0,0.048533576035331885,0.06515051542562068,0.0,0.0,0.0,0.0,0.0520903317880088,0.0,0.0,0.0,0.0,0.0,0.0,0.0,0.0,0.0,0.0,0.0,0.0,0.0,0.0,0.0,0.0,0.0,0.0,0.0,0.0,0.06180738617617326,0.0,0.0,0.0,0.0,0.0,0.0,0.6506918350626454
2020-10-01,0.0,0.0,0.0,0.0,0.0,0.0,0.0,0.0,0.0,0.0,0.0,0.0,0.0,0.0,0.0,0.0,0.0447774259441935,0.05013155047212095,0.0,0.0,0.0,0.0,0.0,0.0,0.0,0.0,0.0,0.0,0.0,0.0,0.0,0.0,0.0,0.0,0.0,0.0,0.0,0.0,0.0,0.0,0.0,0.0,0.0,0.0,0.042128093246119304,0.0,0.0,0.057548178801372966,0.0,0.0,0.0,0.0,0.0,0.0,0.0,0.0,0.0,0.0,0.0,0.0,0.0,0.0,0.0,0.0,0.0,0.0,0.0,0.0,0.0,0.0,0.08006510468087137,0.0,0.0,0.0,0.0,0.0,0.0,0.04185241853872297,0.0,0.0,0.0,0.0,0.05595393954714323,0.0,0.0,0.0,0.0,0.0,0.0,0.0,0.0,0.0,0.0,0.0,0.0,0.0,0.0,0.0,0.0,0.0,0.0,0.0,0.0,0.06724017837928925,0.0,0.0,0.0,0.0,0.0,0.0,0.4135240779731374
2020-10-02,0.0,0.0,0.0,0.0,0.0,0.0,0.0,0.0,0.0,0.0,0.0,0.0,0.0,0.0,0.0,0.0,0.043902794991173166,0.04908760526175698,0.0,0.0,0.0,0.0,0.0,0.0,0.0,0.0,0.0,0.0,0.0,0.0,0.0,0.0,0.0,0.0,0.0,0.0,0.0,0.0,0.0,0.0,0.0,0.0,0.0,0.0,0.04273221043748011,0.0,0.0,0.05761467609630558,0.0,0.0,0.0,0.0,0.0,0.0,0.0,0.0,0.0,0.0,0.0,0.0,0.0,0.0,0.0,0.0,0.0,0.0,0.0,0.0,0.0,0.0,0.07764574763637005,0.0,0.0,0.0,0.0,0.0,0.0,0.04135525795429265,0.0,0.0,0.0,0.0,0.05462734352568629,0.0,0.0,0.0,0.0,0.0,0.0,0.0,0.0,0.0,0.0,0.0,0.0,0.0,0.0,0.0,0.0,0.0,0.0,0.0,0.0,0.06587188390630895,0.0,0.0,0.0,0.0,0.0,0.0,0.4185947320527616
2020-10-05,0.0,0.0,0.0,0.0,0.0,0.0,0.0,0.0,0.0,0.0,0.0,0.0,0.0,0.0,0.0,0.0,0.04484840212669623,0.050076218477303196,0.0,0.0,0.0,0.0,0.0,0.0,0.0,0.0,0.0,0.0,0.0,0.0,0.0,0.0,0.0,0.0,0.0,0.0,0.0,0.0,0.0,0.0,0.0,0.0,0.0,0.0,0.04228464495112952,0.0,0.0,0.05893904083267982,0.0,0.0,0.0,0.0,0.0,0.0,0.0,0.0,0.0,0.0,0.0,0.0,0.0,0.0,0.0,0.0,0.0,0.0,0.0,0.0,0.0,0.0,0.07865624216731451,0.0,0.0,0.0,0.0,0.0,0.0,0.040677428927268194,0.0,0.0,0.0,0.0,0.05761996492588495,0.0,0.0,0.0,0.0,0.0,0.0,0.0,0.0,0.0,0.0,0.0,0.0,0.0,0.0,0.0,0.0,0.0,0.0,0.0,0.0,0.06563396443513889,0.0,0.0,0.0,0.0,0.0,0.0,0.5612640931565847
2020-10-06,0.0,0.0,0.0,0.0,0.0,0.0,0.0,0.0,0.0,0.0,0.0,0.0,0.0,0.0,0.0,0.0,0.045612453928548395,0.04994017522664487,0.0,0.0,0.0,0.0,0.0,0.0,0.0,0.0,0.0,0.0,0.0,0.0,0.0,0.0,0.0,0.0,0.0,0.0,0.0,0.0,0.0,0.0,0.0,0.0,0.0,0.0,0.041621486594199106,0.0,0.0,0.06036173996542315,0.0,0.0,0.0,0.0,0.0,0.0,0.0,0.0,0.0,0.0,0.0,0.0,0.0,0.0,0.0,0.0,0.0,0.0,0.0,0.0,0.0,0.0,0.0779422831448919,0.0,0.0,0.0,0.0,0.0,0.0,0.04089032098131932,0.0,0.0,0.0,0.0,0.056371862022432134,0.0,0.0,0.0,0.0,0.0,0.0,0.0,0.0,0.0,0.0,0.0,0.0,0.0,0.0,0.0,0.0,0.0,0.0,0.0,0.0,0.06581655881503493,0.0,0.0,0.0,0.0,0.0,0.0,0.5614431193215061
2020-10-07,0.0,0.0,0.0,0.0,0.0,0.0,0.0,0.0,0.0,0.0,0.0,0.0,0.0,0.0,0.0,0.0,0.04504307167358107,0.0490737830282857,0.0,0.0,0.0,0.0,0.0,0.0,0.0,0.0,0.0,0.0,0.0,0.0,0.0,0.0,0.0,0.0,0.0,0.0,0.0,0.0,0.0,0.0,0.0,0.0,0.0,0.0,0.04139272210730286,0.0,0.0,0.05958360779441445,0.0,0.0,0.0,0.0,0.0,0.0,0.0,0.0,0.0,0.0,0.0,0.0,0.0,0.0,0.0,0.0,0.0,0.0,0.0,0.0,0.0,0.0,0.07777189694724171,0.0,0.0,0.0,0.0,0.0,0.0,0.04139069531683867,0.0,0.0,0.0,0.0,0.05766178986085955,0.0,0.0,0.0,0.0,0.0,0.0,0.0,0.0,0.0,0.0,0.0,0.0,0.0,0.0,0.0,0.0,0.0,0.0,0.0,0.0,0.06555707263402276,0.0,0.0,0.0,0.0,0.0,0.0,0.5625253606374534
2020-10-08,0.0,0.0,0.0,0.0,0.0,0.0,0.0,0.0,0.0,0.0,0.0,0.0,0.0,0.0,0.0,0.0,0.04592242197236189,0.04932939386636727,0.0,0.0,0.0,0.0,0.0,0.0,0.0,0.0,0.0,0.0,0.0,0.0,0.0,0.0,0.0,0.0,0.0,0.0,0.0,0.0,0.0,0.0,0.0,0.0,0.0,0.0,0.04162634923005004,0.0,0.0,0.06056218132037309,0.0,0.0,0.0,0.0,0.0,0.0,0.0,0.0,0.0,0.0,0.0,0.0,0.0,0.0,0.0,0.0,0.0,0.0,0.0,0.0,0.0,0.0,0.0797645536883301,0.0,0.0,0.0,0.0,0.0,0.0,0.040794469142139925,0.0,0.0,0.0,0.0,0.05681362328502018,0.0,0.0,0.0,0.0,0.0,0.0,0.0,0.0,0.0,0.0,0.0,0.0,0.0,0.0,0.0,0.0,0.0,0.0,0.0,0.0,0.06660724940637212,0.0,0.0,0.0,0.0,0.0,0.0,0.5585797580889854
2020-10-09,0.0,0.0,0.0,0.0,0.0,0.0,0.0,0.0,0.0,0.0,0.0,0.0,0.0,0.0,0.0,0.0,0.0469748653882201,0.048658785827296984,0.0,0.0,0.0,0.0,0.0,0.0,0.0,0.0,0.0,0.0,0.0,0.0,0.0,0.0,0.0,0.0,0.0,0.0,0.0,0.0,0.0,0.0,0.0,0.0,0.0,0.0,0.04274235389356605,0.0,0.0,0.059431867007642615,0.0,0.0,0.0,0.0,0.0,0.0,0.0,0.0,0.0,0.0,0.0,0.0,0.0,0.0,0.0,0.0,0.0,0.0,0.0,0.0,0.0,0.0,0.08477297623404027,0.0,0.0,0.0,0.0,0.0,0.0,0.039961641378464315,0.0,0.0,0.0,0.0,0.055533973156371055,0.0,0.0,0.0,0.0,0.0,0.0,0.0,0.0,0.0,0.0,0.0,0.0,0.0,0.0,0.0,0.0,0.0,0.0,0.0,0.0,0.06621306357042168,0.0,0.0,0.0,0.0,0.0,0.0,0.5557104735439768
2020-10-13,0.0,0.0,0.0,0.0,0.0,0.0,0.0,0.0,0.0,0.0,0.0,0.0,0.0,0.0,0.0,0.0,0.04802777724569291,0.047597059034118594,0.0,0.0,0.0,0.0,0.0,0.0,0.0,0.0,0.0,0.0,0.0,0.0,0.0,0.0,0.0,0.0,0.0,0.0,0.0,0.0,0.0,0.0,0.0,0.0,0.0,0.0,0.04186383061911953,0.0,0.0,0.05983234417267098,0.0,0.0,0.0,0.0,0.0,0.0,0.0,0.0,0.0,0.0,0.0,0.0,0.0,0.0,0.0,0.0,0.0,0.0,0.0,0.0,0.0,0.0,0.08933522375849408,0.0,0.0,0.0,0.0,0.0,0.0,0.038950340773067346,0.0,0.0,0.0,0.0,0.05516864455442139,0.0,0.0,0.0,0.0,0.0,0.0,0.0,0.0,0.0,0.0,0.0,0.0,0.0,0.0,0.0,0.0,0.0,0.0,0.0,0.0,0.0665072551348849,0.0,0.0,0.0,0.0,0.0,0.0,0.5527175247075302
2020-10-14,0.0,0.0,0.0,0.0,0.0,0.0,0.0,0.0,0.0,0.0,0.0,0.0,0.0,0.0,0.0,0.0,0.04722911133710354,0.04910063214379996,0.0,0.0,0.0,0.0,0.0,0.0,0.0,0.0,0.0,0.0,0.0,0.0,0.0,0.0,0.0,0.0,0.0,0.0,0.0,0.0,0.0,0.0,0.0,0.0,0.0,0.0,0.04224100449106274,0.0,0.0,0.06007567460133504,0.0,0.0,0.0,0.0,0.0,0.0,0.0,0.0,0.0,0.0,0.0,0.0,0.0,0.0,0.0,0.0,0.0,0.0,0.0,0.0,0.0,0.0,0.08753389364507325,0.0,0.0,0.0,0.0,0.0,0.0,0.038523971010839916,0.0,0.0,0.0,0.0,0.05911993288703547,0.0,0.0,0.0,0.0,0.0,0.0,0.0,0.0,0.0,0.0,0.0,0.0,0.0,0.0,0.0,0.0,0.0,0.0,0.0,0.0,0.0678135673048773,0.0,0.0,0.0,0.0,0.0,0.0,0.5483622125788729
2020-10-15,0.0,0.0,0.0,0.0,0.0,0.0,0.0,0.0,0.0,0.0,0.0,0.0,0.0,0.0,0.0,0.0,0.04788307825137104,0.048917883486494486,0.0,0.0,0.0,0.0,0.0,0.0,0.0,0.0,0.0,0.0,0.0,0.0,0.0,0.0,0.0,0.0,0.0,0.0,0.0,0.0,0.0,0.0,0.0,0.0,0.0,0.0,0.04292707931789896,0.0,0.0,0.059633248945256956,0.0,0.0,0.0,0.0,0.0,0.0,0.0,0.0,0.0,0.0,0.0,0.0,0.0,0.0,0.0,0.0,0.0,0.0,0.0,0.0,0.0,0.0,0.08729770604472188,0.0,0.0,0.0,0.0,0.0,0.0,0.03831328524976902,0.0,0.0,0.0,0.0,0.05602842555028227,0.0,0.0,0.0,0.0,0.0,0.0,0.0,0.0,0.0,0.0,0.0,0.0,0.0,0.0,0.0,0.0,0.0,0.0,0.0,0.0,0.06843112460782208,0.0,0.0,0.0,0.0,0.0,0.0,0.5505681685463832
2020-10-16,0.0,0.0,0.0,0.0,0.0,0.0,0.0,0.0,0.0,0.0,0.0,0.0,0.0,0.0,0.0,0.0,0.047650894706442265,0.0477839329925111,0.0,0.0,0.0,0.0,0.0,0.0,0.0,0.0,0.0,0.0,0.0,0.0,0.0,0.0,0.0,0.0,0.0,0.0,0.0,0.0,0.0,0.0,0.0,0.0,0.0,0.0,0.04325181607934746,0.0,0.0,0.05896162752615361,0.0,0.0,0.0,0.0,0.0,0.0,0.0,0.0,0.0,0.0,0.0,0.0,0.0,0.0,0.0,0.0,0.0,0.0,0.0,0.0,0.0,0.0,0.08827024085922937,0.0,0.0,0.0,0.0,0.0,0.0,0.0389481459466063,0.0,0.0,0.0,0.0,0.05480984288776949,0.0,0.0,0.0,0.0,0.0,0.0,0.0,0.0,0.0,0.0,0.0,0.0,0.0,0.0,0.0,0.0,0.0,0.0,0.0,0.0,0.06983814888208024,0.0,0.0,0.0,0.0,0.0,0.0,0.5504853501198601
2020-10-19,0.0,0.0,0.0,0.0,0.0,0.0,0.0,0.0,0.0,0.0,0.0,0.0,0.0,0.0,0.0,0.0,0.047181246284875134,0.04926488310709961,0.0,0.0,0.0,0.0,0.0,0.0,0.0,0.0,0.0,0.0,0.0,0.0,0.0,0.0,0.0,0.0,0.0,0.0,0.0,0.0,0.0,0.0,0.0,0.0,0.0,0.0,0.04338305191065462,0.0,0.0,0.0588902245504006,0.0,0.0,0.0,0.0,0.0,0.0,0.0,0.0,0.0,0.0,0.0,0.0,0.0,0.0,0.0,0.0,0.0,0.0,0.0,0.0,0.0,0.0,0.08766119585936376,0.0,0.0,0.0,0.0,0.0,0.0,0.03866999412116893,0.0,0.0,0.0,0.0,0.05529696392516301,0.0,0.0,0.0,0.0,0.0,0.0,0.0,0.0,0.0,0.0,0.0,0.0,0.0,0.0,0.0,0.0,0.0,0.0,0.0,0.0,0.07058349974028168,0.0,0.0,0.0,0.0,0.0,0.0,0.5490689405009926
2020-10-20,0.0,0.0,0.0,0.0,0.0,0.0,0.0,0.0,0.0,0.0,0.0,0.0,0.0,0.0,0.0,0.0,0.048407694847876125,0.05140472748704309,0.0,0.0,0.0,0.0,0.0,0.0,0.0,0.0,0.0,0.0,0.0,0.0,0.0,0.0,0.0,0.0,0.0,0.0,0.0,0.0,0.0,0.0,0.0,0.0,0.0,0.0,0.04406428399817992,0.0,0.0,0.058936389403239864,0.0,0.0,0.0,0.0,0.0,0.0,0.0,0.0,0.0,0.0,0.0,0.0,0.0,0.0,0.0,0.0,0.0,0.0,0.0,0.0,0.0,0.0,0.08800740622153277,0.0,0.0,0.0,0.0,0.0,0.0,0.038919223387705,0.0,0.0,0.0,0.0,0.05475390529697798,0.0,0.0,0.0,0.0,0.0,0.0,0.0,0.0,0.0,0.0,0.0,0.0,0.0,0.0,0.0,0.0,0.0,0.0,0.0,0.0,0.07163742027730215,0.0,0.0,0.0,0.0,0.0,0.0,0.5438689490801429
2020-10-21,0.0,0.0,0.0,0.0,0.0,0.0,0.0,0.0,0.0,0.0,0.0,0.0,0.0,0.0,0.0,0.0,0.0487831514390949,0.05258393670662666,0.0,0.0,0.0,0.0,0.0,0.0,0.0,0.0,0.0,0.0,0.0,0.0,0.0,0.0,0.0,0.0,0.0,0.0,0.0,0.0,0.0,0.0,0.0,0.0,0.0,0.0,0.04399481480506415,0.0,0.0,0.05877390348059497,0.0,0.0,0.0,0.0,0.0,0.0,0.0,0.0,0.0,0.0,0.0,0.0,0.0,0.0,0.0,0.0,0.0,0.0,0.0,0.0,0.0,0.0,0.08837144273366711,0.0,0.0,0.0,0.0,0.0,0.0,0.038443111632885225,0.0,0.0,0.0,0.0,0.054694337988913565,0.0,0.0,0.0,0.0,0.0,0.0,0.0,0.0,0.0,0.0,0.0,0.0,0.0,0.0,0.0,0.0,0.0,0.0,0.0,0.0,0.07194527353147452,0.0,0.0,0.0,0.0,0.0,0.0,0.5424100276816789
2020-10-22,0.0,0.0,0.0,0.0,0.0,0.0,0.0,0.0,0.0,0.0,0.0,0.0,0.0,0.0,0.0,0.0,0.048663241184199846,0.051897175671425703,0.0,0.0,0.0,0.0,0.0,0.0,0.0,0.0,0.0,0.0,0.0,0.0,0.0,0.0,0.0,0.0,0.0,0.0,0.0,0.0,0.0,0.0,0.0,0.0,0.0,0.0,0.04489570957735014,0.0,0.0,0.058825509795033024,0.0,0.0,0.0,0.0,0.0,0.0,0.0,0.0,0.0,0.0,0.0,0.0,0.0,0.0,0.0,0.0,0.0,0.0,0.0,0.0,0.0,0.0,0.08757673939961744,0.0,0.0,0.0,0.0,0.0,0.0,0.038238140397718445,0.0,0.0,0.0,0.0,0.057135609361666485,0.0,0.0,0.0,0.0,0.0,0.0,0.0,0.0,0.0,0.0,0.0,0.0,0.0,0.0,0.0,0.0,0.0,0.0,0.0,0.0,0.0727238226937034,0.0,0.0,0.0,0.0,0.0,0.0,0.5400440519192855
2020-10-23,0.0,0.0,0.0,0.0,0.0,0.0,0.0,0.0,0.0,0.0,0.0,0.0,0.0,0.0,0.0,0.0,0.04898771680454633,0.05157120457049395,0.0,0.0,0.0,0.0,0.0,0.0,0.0,0.0,0.0,0.0,0.0,0.0,0.0,0.0,0.0,0.0,0.0,0.0,0.0,0.0,0.0,0.0,0.0,0.0,0.0,0.0,0.04610235403779991,0.0,0.0,0.05826321675050742,0.0,0.0,0.0,0.0,0.0,0.0,0.0,0.0,0.0,0.0,0.0,0.0,0.0,0.0,0.0,0.0,0.0,0.0,0.0,0.0,0.0,0.0,0.0870348768593659,0.0,0.0,0.0,0.0,0.0,0.0,0.038110440018300835,0.0,0.0,0.0,0.0,0.055082377720233736,0.0,0.0,0.0,0.0,0.0,0.0,0.0,0.0,0.0,0.0,0.0,0.0,0.0,0.0,0.0,0.0,0.0,0.0,0.0,0.0,0.07437773117292192,0.0,0.0,0.0,0.0,0.0,0.0,0.54047008206583
2020-10-26,0.0,0.0,0.0,0.0,0.0,0.0,0.0,0.0,0.0,0.0,0.0,0.0,0.0,0.0,0.0,0.0,0.047648709478082175,0.051300755330820104,0.0,0.0,0.0,0.0,0.0,0.0,0.0,0.0,0.0,0.0,0.0,0.0,0.0,0.0,0.0,0.0,0.0,0.0,0.0,0.0,0.0,0.0,0.0,0.0,0.0,0.0,0.04716205297975527,0.0,0.0,0.05817443021026245,0.0,0.0,0.0,0.0,0.0,0.0,0.0,0.0,0.0,0.0,0.0,0.0,0.0,0.0,0.0,0.0,0.0,0.0,0.0,0.0,0.0,0.0,0.08607076863483572,0.0,0.0,0.0,0.0,0.0,0.0,0.038521702843400986,0.0,0.0,0.0,0.0,0.05421291851268922,0.0,0.0,0.0,0.0,0.0,0.0,0.0,0.0,0.0,0.0,0.0,0.0,0.0,0.0,0.0,0.0,0.0,0.0,0.0,0.0,0.0729417330588412,0.0,0.0,0.0,0.0,0.0,0.0,0.5439669289513128
2020-10-27,0.0,0.0,0.0,0.0,0.0,0.0,0.0,0.0,0.0,0.0,0.0,0.0,0.0,0.0,0.0,0.0,0.04600458721278368,0.0507522068705817,0.0,0.0,0.0,0.0,0.0,0.0,0.0,0.0,0.0,0.0,0.0,0.0,0.0,0.0,0.0,0.0,0.0,0.0,0.0,0.0,0.0,0.0,0.0,0.0,0.0,0.0,0.04794906393661477,0.0,0.0,0.05882253949738707,0.0,0.0,0.0,0.0,0.0,0.0,0.0,0.0,0.0,0.0,0.0,0.0,0.0,0.0,0.0,0.0,0.0,0.0,0.0,0.0,0.0,0.0,0.08624622154862675,0.0,0.0,0.0,0.0,0.0,0.0,0.037998987671289654,0.0,0.0,0.0,0.0,0.05314097184685312,0.0,0.0,0.0,0.0,0.0,0.0,0.0,0.0,0.0,0.0,0.0,0.0,0.0,0.0,0.0,0.0,0.0,0.0,0.0,0.0,0.07354051016980039,0.0,0.0,0.0,0.0,0.0,0.0,0.545544911246063
2020-10-28,0.0,0.0,0.0,0.0,0.0,0.0,0.0,0.0,0.0,0.0,0.0,0.0,0.0,0.0,0.0,0.0,0.0435528847133861,0.048569640973889584,0.0,0.0,0.0,0.0,0.0,0.0,0.0,0.0,0.0,0.0,0.0,0.0,0.0,0.0,0.0,0.0,0.0,0.0,0.0,0.0,0.0,0.0,0.0,0.0,0.0,0.0,0.048155126348645175,0.0,0.0,0.05641681692983848,0.0,0.0,0.0,0.0,0.0,0.0,0.0,0.0,0.0,0.0,0.0,0.0,0.0,0.0,0.0,0.0,0.0,0.0,0.0,0.0,0.0,0.0,0.08529914173952526,0.0,0.0,0.0,0.0,0.0,0.0,0.037352550711299275,0.0,0.0,0.0,0.0,0.05030068075304823,0.0,0.0,0.0,0.0,0.0,0.0,0.0,0.0,0.0,0.0,0.0,0.0,0.0,0.0,0.0,0.0,0.0,0.0,0.0,0.0,0.07279404541070904,0.0,0.0,0.0,0.0,0.0,0.0,0.5575591124196588
2020-10-29,0.0,0.0,0.0,0.0,0.0,0.0,0.0,0.0,0.0,0.0,0.0,0.0,0.0,0.0,0.0,0.0,0.0450204424647454,0.04991714559338157,0.0,0.0,0.0,0.0,0.0,0.0,0.0,0.0,0.0,0.0,0.0,0.0,0.0,0.0,0.0,0.0,0.0,0.0,0.0,0.0,0.0,0.0,0.0,0.0,0.0,0.0,0.04721065510829863,0.0,0.0,0.058401618121191004,0.0,0.0,0.0,0.0,0.0,0.0,0.0,0.0,0.0,0.0,0.0,0.0,0.0,0.0,0.0,0.0,0.0,0.0,0.0,0.0,0.0,0.0,0.08700601539124472,0.0,0.0,0.0,0.0,0.0,0.0,0.036827284468038235,0.0,0.0,0.0,0.0,0.051163668711414055,0.0,0.0,0.0,0.0,0.0,0.0,0.0,0.0,0.0,0.0,0.0,0.0,0.0,0.0,0.0,0.0,0.0,0.0,0.0,0.0,0.07206658273727128,0.0,0.0,0.0,0.0,0.0,0.0,0.5523865874044152
2020-10-30,0.0,0.0,0.0,0.0,0.0,0.0,0.0,0.0,0.0,0.0,0.0,0.0,0.0,0.0,0.0,0.0,0.042875807709178995,0.048378502496698415,0.0,0.0,0.0,0.0,0.0,0.0,0.0,0.0,0.0,0.0,0.0,0.0,0.0,0.0,0.0,0.0,0.0,0.0,0.0,0.0,0.0,0.0,0.0,0.0,0.0,0.0,0.04701323504918927,0.0,0.0,0.0589799645206048,0.0,0.0,0.0,0.0,0.0,0.0,0.0,0.0,0.0,0.0,0.0,0.0,0.0,0.0,0.0,0.0,0.0,0.0,0.0,0.0,0.0,0.0,0.08558794367875633,0.0,0.0,0.0,0.0,0.0,0.0,0.03680762878020495,0.0,0.0,0.0,0.0,0.04918329886016283,0.0,0.0,0.0,0.0,0.0,0.0,0.0,0.0,0.0,0.0,0.0,0.0,0.0,0.0,0.0,0.0,0.0,0.0,0.0,0.0,0.0716431750071362,0.0,0.0,0.0,0.0,0.0,0.0,0.5595304438980683
2020-11-03,0.0,0.0,0.0,0.0,0.0,0.0,0.0,0.0,0.0,0.0,0.0,0.0,0.0,0.0,0.0,0.0,0.042527211118736155,0.047537006791344476,0.0,0.0,0.0,0.0,0.0,0.0,0.0,0.0,0.0,0.0,0.0,0.0,0.0,0.0,0.0,0.0,0.0,0.0,0.0,0.0,0.0,0.0,0.0,0.0,0.0,0.0,0.04906806257194657,0.0,0.0,0.05784385274034747,0.0,0.0,0.0,0.0,0.0,0.0,0.0,0.0,0.0,0.0,0.0,0.0,0.0,0.0,0.0,0.0,0.0,0.0,0.0,0.0,0.0,0.0,0.08633413564678129,0.0,0.0,0.0,0.0,0.0,0.0,0.036747243149808914,0.0,0.0,0.0,0.0,0.050630354788044105,0.0,0.0,0.0,0.0,0.0,0.0,0.0,0.0,0.0,0.0,0.0,0.0,0.0,0.0,0.0,0.0,0.0,0.0,0.0,0.0,0.07299267418393843,0.0,0.0,0.0,0.0,0.0,0.0,0.5563194590090526
2020-11-04,0.0,0.0,0.0,0.0,0.0,0.0,0.0,0.0,0.0,0.0,0.0,0.0,0.0,0.0,0.0,0.0,0.04429038824914608,0.049479448470963715,0.0,0.0,0.0,0.0,0.0,0.0,0.0,0.0,0.0,0.0,0.0,0.0,0.0,0.0,0.0,0.0,0.0,0.0,0.0,0.0,0.0,0.0,0.0,0.0,0.0,0.0,0.050530499804222286,0.0,0.0,0.05752984991075915,0.0,0.0,0.0,0.0,0.0,0.0,0.0,0.0,0.0,0.0,0.0,0.0,0.0,0.0,0.0,0.0,0.0,0.0,0.0,0.0,0.0,0.0,0.08932652914055084,0.0,0.0,0.0,0.0,0.0,0.0,0.037509327693203275,0.0,0.0,0.0,0.0,0.049630482182393625,0.0,0.0,0.0,0.0,0.0,0.0,0.0,0.0,0.0,0.0,0.0,0.0,0.0,0.0,0.0,0.0,0.0,0.0,0.0,0.0,0.07243419373898373,0.0,0.0,0.0,0.0,0.0,0.0,0.5492692808097772
2020-11-05,0.0,0.0,0.0,0.0,0.0,0.0,0.0,0.0,0.0,0.0,0.0,0.0,0.0,0.0,0.0,0.0,0.04609453161105597,0.05078923628799939,0.0,0.0,0.0,0.0,0.0,0.0,0.0,0.0,0.0,0.0,0.0,0.0,0.0,0.0,0.0,0.0,0.0,0.0,0.0,0.0,0.0,0.0,0.0,0.0,0.0,0.0,0.0506305854512448,0.0,0.0,0.060361684644240306,0.0,0.0,0.0,0.0,0.0,0.0,0.0,0.0,0.0,0.0,0.0,0.0,0.0,0.0,0.0,0.0,0.0,0.0,0.0,0.0,0.0,0.0,0.09203584942793541,0.0,0.0,0.0,0.0,0.0,0.0,0.03752084670449447,0.0,0.0,0.0,0.0,0.04901586148802347,0.0,0.0,0.0,0.0,0.0,0.0,0.0,0.0,0.0,0.0,0.0,0.0,0.0,0.0,0.0,0.0,0.0,0.0,0.0,0.0,0.07355918698906992,0.0,0.0,0.0,0.0,0.0,0.0,0.5399922173959363
2020-11-06,0.0,0.0,0.0,0.0,0.0,0.0,0.0,0.0,0.0,0.0,0.0,0.0,0.0,0.0,0.0,0.0,0.04620417100720753,0.05120029007901872,0.0,0.0,0.0,0.0,0.0,0.0,0.0,0.0,0.0,0.0,0.0,0.0,0.0,0.0,0.0,0.0,0.0,0.0,0.0,0.0,0.0,0.0,0.0,0.0,0.0,0.0,0.05088253103454884,0.0,0.0,0.05888332284858078,0.0,0.0,0.0,0.0,0.0,0.0,0.0,0.0,0.0,0.0,0.0,0.0,0.0,0.0,0.0,0.0,0.0,0.0,0.0,0.0,0.0,0.0,0.09137357272911563,0.0,0.0,0.0,0.0,0.0,0.0,0.037551609853511525,0.0,0.0,0.0,0.0,0.05136976722674175,0.0,0.0,0.0,0.0,0.0,0.0,0.0,0.0,0.0,0.0,0.0,0.0,0.0,0.0,0.0,0.0,0.0,0.0,0.0,0.0,0.07403411039572132,0.0,0.0,0.0,0.0,0.0,0.0,0.5385006248255538
2020-11-09,0.0,0.0,0.0,0.0,0.0,0.0,0.0,0.0,0.0,0.0,0.0,0.0,0.0,0.0,0.0,0.0,0.04471200197185924,0.05098845083418638,0.0,0.0,0.0,0.0,0.0,0.0,0.0,0.0,0.0,0.0,0.0,0.0,0.0,0.0,0.0,0.0,0.0,0.0,0.0,0.0,0.0,0.0,0.0,0.0,0.0,0.0,0.04967357484617822,0.0,0.0,0.05857207488859322,0.0,0.0,0.0,0.0,0.0,0.0,0.0,0.0,0.0,0.0,0.0,0.0,0.0,0.0,0.0,0.0,0.0,0.0,0.0,0.0,0.0,0.0,0.08871421182270928,0.0,0.0,0.0,0.0,0.0,0.0,0.037792120457912665,0.0,0.0,0.0,0.0,0.05341351406647443,0.0,0.0,0.0,0.0,0.0,0.0,0.0,0.0,0.0,0.0,0.0,0.0,0.0,0.0,0.0,0.0,0.0,0.0,0.0,0.0,0.07587103472119709,0.0,0.0,0.0,0.0,0.0,0.0,0.5402630163908896
2020-11-10,0.0,0.0,0.0,0.0,0.0,0.0,0.0,0.0,0.0,0.0,0.0,0.0,0.0,0.0,0.0,0.0,0.04339293557008267,0.049825752521107707,0.0,0.0,0.0,0.0,0.0,0.0,0.0,0.0,0.0,0.0,0.0,0.0,0.0,0.0,0.0,0.0,0.0,0.0,0.0,0.0,0.0,0.0,0.0,0.0,0.0,0.0,0.04974297186041968,0.0,0.0,0.05770999241472614,0.0,0.0,0.0,0.0,0.0,0.0,0.0,0.0,0.0,0.0,0.0,0.0,0.0,0.0,0.0,0.0,0.0,0.0,0.0,0.0,0.0,0.0,0.0853144160149369,0.0,0.0,0.0,0.0,0.0,0.0,0.03879883642205943,0.0,0.0,0.0,0.0,0.05278635077539994,0.0,0.0,0.0,0.0,0.0,0.0,0.0,0.0,0.0,0.0,0.0,0.0,0.0,0.0,0.0,0.0,0.0,0.0,0.0,0.0,0.07749025473237536,0.0,0.0,0.0,0.0,0.0,0.0,0.5449384896888922
2020-11-11,0.0,0.0,0.0,0.0,0.0,0.0,0.0,0.0,0.0,0.0,0.0,0.0,0.0,0.0,0.0,0.0,0.045664094226069485,0.05220818364814466,0.0,0.0,0.0,0.0,0.0,0.0,0.0,0.0,0.0,0.0,0.0,0.0,0.0,0.0,0.0,0.0,0.0,0.0,0.0,0.0,0.0,0.0,0.0,0.0,0.0,0.0,0.049359926457878116,0.0,0.0,0.05637736190237006,0.0,0.0,0.0,0.0,0.0,0.0,0.0,0.0,0.0,0.0,0.0,0.0,0.0,0.0,0.0,0.0,0.0,0.0,0.0,0.0,0.0,0.0,0.08622787090953496,0.0,0.0,0.0,0.0,0.0,0.0,0.03806871583829283,0.0,0.0,0.0,0.0,0.05084885475532326,0.0,0.0,0.0,0.0,0.0,0.0,0.0,0.0,0.0,0.0,0.0,0.0,0.0,0.0,0.0,0.0,0.0,0.0,0.0,0.0,0.07818265079973569,0.0,0.0,0.0,0.0,0.0,0.0,0.543062341462651
2020-11-12,0.0,0.0,0.0,0.0,0.0,0.0,0.0,0.0,0.0,0.0,0.0,0.0,0.0,0.0,0.0,0.0,0.04325075444595667,0.05199174971441616,0.0,0.0,0.0,0.0,0.0,0.0,0.0,0.0,0.0,0.0,0.0,0.0,0.0,0.0,0.0,0.0,0.0,0.0,0.0,0.0,0.0,0.0,0.0,0.0,0.0,0.0,0.0487753701341907,0.0,0.0,0.05569917896893405,0.0,0.0,0.0,0.0,0.0,0.0,0.0,0.0,0.0,0.0,0.0,0.0,0.0,0.0,0.0,0.0,0.0,0.0,0.0,0.0,0.0,0.0,0.08629851806589811,0.0,0.0,0.0,0.0,0.0,0.0,0.03844054469981358,0.0,0.0,0.0,0.0,0.049069893463750416,0.0,0.0,0.0,0.0,0.0,0.0,0.0,0.0,0.0,0.0,0.0,0.0,0.0,0.0,0.0,0.0,0.0,0.0,0.0,0.0,0.08079290628412203,0.0,0.0,0.0,0.0,0.0,0.0,0.5456810842229183
2020-11-13,0.0,0.0,0.0,0.0,0.0,0.0,0.0,0.0,0.0,0.0,0.0,0.0,0.0,0.0,0.0,0.0,0.04312959031022835,0.05273952653180952,0.0,0.0,0.0,0.0,0.0,0.0,0.0,0.0,0.0,0.0,0.0,0.0,0.0,0.0,0.0,0.0,0.0,0.0,0.0,0.0,0.0,0.0,0.0,0.0,0.0,0.0,0.04925781729674876,0.0,0.0,0.05718165138383159,0.0,0.0,0.0,0.0,0.0,0.0,0.0,0.0,0.0,0.0,0.0,0.0,0.0,0.0,0.0,0.0,0.0,0.0,0.0,0.0,0.0,0.0,0.0843459105844257,0.0,0.0,0.0,0.0,0.0,0.0,0.03998967382031038,0.0,0.0,0.0,0.0,0.05163176141865226,0.0,0.0,0.0,0.0,0.0,0.0,0.0,0.0,0.0,0.0,0.0,0.0,0.0,0.0,0.0,0.0,0.0,0.0,0.0,0.0,0.08027484389263098,0.0,0.0,0.0,0.0,0.0,0.0,0.5414492247613625
2020-11-16,0.0,0.0,0.0,0.0,0.0,0.0,0.0,0.0,0.0,0.0,0.0,0.0,0.0,0.0,0.0,0.0,0.04295886593656882,0.05254800425284039,0.0,0.0,0.0,0.0,0.0,0.0,0.0,0.0,0.0,0.0,0.0,0.0,0.0,0.0,0.0,0.0,0.0,0.0,0.0,0.0,0.0,0.0,0.0,0.0,0.0,0.0,0.049240287685999806,0.0,0.0,0.057321677403578075,0.0,0.0,0.0,0.0,0.0,0.0,0.0,0.0,0.0,0.0,0.0,0.0,0.0,0.0,0.0,0.0,0.0,0.0,0.0,0.0,0.0,0.0,0.0833152828776303,0.0,0.0,0.0,0.0,0.0,0.0,0.03960034376485969,0.0,0.0,0.0,0.0,0.05249877949351141,0.0,0.0,0.0,0.0,0.0,0.0,0.0,0.0,0.0,0.0,0.0,0.0,0.0,0.0,0.0,0.0,0.0,0.0,0.0,0.0,0.08226254384048068,0.0,0.0,0.0,0.0,0.0,0.0,0.5402542147445308
2020-11-17,0.0,0.0,0.0,0.0,0.0,0.0,0.0,0.0,0.0,0.0,0.0,0.0,0.0,0.0,0.0,0.0,0.0430369462101929,0.05367313523334806,0.0,0.0,0.0,0.0,0.0,0.0,0.0,0.0,0.0,0.0,0.0,0.0,0.0,0.0,0.0,0.0,0.0,0.0,0.0,0.0,0.0,0.0,0.0,0.0,0.0,0.0,0.04864901654182799,0.0,0.0,0.05707811215417345,0.0,0.0,0.0,0.0,0.0,0.0,0.0,0.0,0.0,0.0,0.0,0.0,0.0,0.0,0.0,0.0,0.0,0.0,0.0,0.0,0.0,0.0,0.08283124222625503,0.0,0.0,0.0,0.0,0.0,0.0,0.03931506295920741,0.0,0.0,0.0,0.0,0.05338548788108347,0.0,0.0,0.0,0.0,0.0,0.0,0.0,0.0,0.0,0.0,0.0,0.0,0.0,0.0,0.0,0.0,0.0,0.0,0.0,0.0,0.08226890144643535,0.0,0.0,0.0,0.0,0.0,0.0,0.5397620953474764
2020-11-18,0.0,0.0,0.0,0.0,0.0,0.0,0.0,0.0,0.0,0.0,0.0,0.0,0.0,0.0,0.0,0.0,0.04243419390927753,0.05367874635645609,0.0,0.0,0.0,0.0,0.0,0.0,0.0,0.0,0.0,0.0,0.0,0.0,0.0,0.0,0.0,0.0,0.0,0.0,0.0,0.0,0.0,0.0,0.0,0.0,0.0,0.0,0.04867409176062313,0.0,0.0,0.056183420322066004,0.0,0.0,0.0,0.0,0.0,0.0,0.0,0.0,0.0,0.0,0.0,0.0,0.0,0.0,0.0,0.0,0.0,0.0,0.0,0.0,0.0,0.0,0.08219355001553544,0.0,0.0,0.0,0.0,0.0,0.0,0.03962941763533324,0.0,0.0,0.0,0.0,0.053581414355539154,0.0,0.0,0.0,0.0,0.0,0.0,0.0,0.0,0.0,0.0,0.0,0.0,0.0,0.0,0.0,0.0,0.0,0.0,0.0,0.0,0.08383128130032907,0.0,0.0,0.0,0.0,0.0,0.0,0.5397938843448404
2020-11-19,0.0,0.0,0.0,0.0,0.0,0.0,0.0,0.0,0.0,0.0,0.0,0.0,0.0,0.0,0.0,0.0,0.04240015512397278,0.0519301461271366,0.0,0.0,0.0,0.0,0.0,0.0,0.0,0.0,0.0,0.0,0.0,0.0,0.0,0.0,0.0,0.0,0.0,0.0,0.0,0.0,0.0,0.0,0.0,0.0,0.0,0.0,0.04809725573305964,0.0,0.0,0.05574896261733388,0.0,0.0,0.0,0.0,0.0,0.0,0.0,0.0,0.0,0.0,0.0,0.0,0.0,0.0,0.0,0.0,0.0,0.0,0.0,0.0,0.0,0.0,0.08099139107353355,0.0,0.0,0.0,0.0,0.0,0.0,0.039239757229752655,0.0,0.0,0.0,0.0,0.06832878342103667,0.0,0.0,0.0,0.0,0.0,0.0,0.0,0.0,0.0,0.0,0.0,0.0,0.0,0.0,0.0,0.0,0.0,0.0,0.0,0.0,0.08348379627971883,0.0,0.0,0.0,0.0,0.0,0.0,0.5297797523944554
2020-11-23,0.0,0.0,0.0,0.0,0.0,0.0,0.0,0.0,0.0,0.0,0.0,0.0,0.0,0.0,0.0,0.0,0.0,0.03251363949236436,0.0,0.0,0.0,0.0,0.0,0.0,0.03720813202677344,0.0,0.0,0.0,0.0,0.0,0.0,0.0,0.0,0.0,0.0,0.0,0.0,0.0,0.0,0.0,0.0,0.0,0.0,0.0,0.0,0.0,0.0,0.03651695074333268,0.0,0.0,0.0,0.0,0.0,0.0,0.0,0.0,0.0,0.0,0.0,0.0,0.0,0.0,0.05104182729108849,0.0,0.0,0.0,0.0,0.0,0.0,0.0,0.061202655532984054,0.0,0.0,0.0,0.0,0.0,0.051036563956197385,0.06442469448899249,0.0,0.0,0.0,0.0,0.07376765431831525,0.0,0.0,0.0,0.0,0.0,0.0,0.0,0.0,0.0,0.0,0.0,0.0,0.0,0.0,0.0,0.0,0.0,0.0,0.0,0.0,0.08366245665293405,0.0,0.0,0.0,0.0,0.0,0.0,0.36023265029223706
2020-11-24,0.0,0.0,0.0,0.0,0.0,0.0,0.0,0.0,0.0,0.0,0.0,0.0,0.0,0.0,0.0,0.0,0.0,0.03262093818144769,0.0,0.0,0.0,0.0,0.0,0.0,0.038578914004353856,0.0,0.0,0.0,0.0,0.0,0.0,0.0,0.0,0.0,0.0,0.0,0.0,0.0,0.0,0.0,0.0,0.0,0.0,0.0,0.0,0.0,0.0,0.0361879873071716,0.0,0.0,0.0,0.0,0.0,0.0,0.0,0.0,0.0,0.0,0.0,0.0,0.0,0.0,0.05018642164289318,0.0,0.0,0.0,0.0,0.0,0.0,0.0,0.06196746670784903,0.0,0.0,0.0,0.0,0.0,0.04998881032586951,0.06557175340620047,0.0,0.0,0.0,0.0,0.0718869219545861,0.0,0.0,0.0,0.0,0.0,0.0,0.0,0.0,0.0,0.0,0.0,0.0,0.0,0.0,0.0,0.0,0.0,0.0,0.0,0.0,0.0840866253211215,0.0,0.0,0.0,0.0,0.0,0.0,0.36045208307410237
2020-11-25,0.0,0.0,0.0,0.0,0.0,0.0,0.0,0.0,0.0,0.0,0.0,0.0,0.0,0.0,0.0,0.0,0.0,0.032633181752971245,0.0,0.0,0.0,0.0,0.0,0.0,0.0386507308323138,0.0,0.0,0.0,0.0,0.0,0.0,0.0,0.0,0.0,0.0,0.0,0.0,0.0,0.0,0.0,0.0,0.0,0.0,0.0,0.0,0.0,0.0,0.035899789083554234,0.0,0.0,0.0,0.0,0.0,0.0,0.0,0.0,0.0,0.0,0.0,0.0,0.0,0.0,0.05031265401757583,0.0,0.0,0.0,0.0,0.0,0.0,0.0,0.06216003900408594,0.0,0.0,0.0,0.0,0.0,0.05271202185862424,0.06416999880718878,0.0,0.0,0.0,0.0,0.07545317996331968,0.0,0.0,0.0,0.0,0.0,0.0,0.0,0.0,0.0,0.0,0.0,0.0,0.0,0.0,0.0,0.0,0.0,0.0,0.0,0.0,0.0838463762980542,0.0,0.0,0.0,0.0,0.0,0.0,0.5041620283823119
2020-11-26,0.0,0.0,0.0,0.0,0.0,0.0,0.0,0.0,0.0,0.0,0.0,0.0,0.0,0.0,0.0,0.0,0.0,0.03232439577879209,0.0,0.0,0.0,0.0,0.0,0.0,0.03810196794531427,0.0,0.0,0.0,0.0,0.0,0.0,0.0,0.0,0.0,0.0,0.0,0.0,0.0,0.0,0.0,0.0,0.0,0.0,0.0,0.0,0.0,0.0,0.035521458411510415,0.0,0.0,0.0,0.0,0.0,0.0,0.0,0.0,0.0,0.0,0.0,0.0,0.0,0.0,0.04918429434705903,0.0,0.0,0.0,0.0,0.0,0.0,0.0,0.062469048170039294,0.0,0.0,0.0,0.0,0.0,0.05507581585175784,0.06251053602348919,0.0,0.0,0.0,0.0,0.07892393807885575,0.0,0.0,0.0,0.0,0.0,0.0,0.0,0.0,0.0,0.0,0.0,0.0,0.0,0.0,0.0,0.0,0.0,0.0,0.0,0.0,0.08440615282483199,0.0,0.0,0.0,0.0,0.0,0.0,0.5014823925683501
2020-11-27,0.0,0.0,0.0,0.0,0.0,0.0,0.0,0.0,0.0,0.0,0.0,0.0,0.0,0.0,0.0,0.0,0.0,0.03253975403966846,0.0,0.0,0.0,0.0,0.0,0.0,0.03850417460030177,0.0,0.0,0.0,0.0,0.0,0.0,0.0,0.0,0.0,0.0,0.0,0.0,0.0,0.0,0.0,0.0,0.0,0.0,0.0,0.0,0.0,0.0,0.03554555277474977,0.0,0.0,0.0,0.0,0.0,0.0,0.0,0.0,0.0,0.0,0.0,0.0,0.0,0.0,0.04890872571116192,0.0,0.0,0.0,0.0,0.0,0.0,0.0,0.06226417461665395,0.0,0.0,0.0,0.0,0.0,0.05423763213108568,0.06286742006646043,0.0,0.0,0.0,0.0,0.08084422510630637,0.0,0.0,0.0,0.0,0.0,0.0,0.0,0.0,0.0,0.0,0.0,0.0,0.0,0.0,0.0,0.0,0.0,0.0,0.0,0.0,0.08317336571160011,0.0,0.0,0.0,0.0,0.0,0.0,0.5011149752420115
2020-11-30,0.0,0.0,0.0,0.0,0.0,0.0,0.0,0.0,0.0,0.0,0.0,0.0,0.0,0.0,0.0,0.0,0.0,0.03175993095498133,0.0,0.0,0.0,0.0,0.0,0.0,0.03910653243548467,0.0,0.0,0.0,0.0,0.0,0.0,0.0,0.0,0.0,0.0,0.0,0.0,0.0,0.0,0.0,0.0,0.0,0.0,0.0,0.0,0.0,0.0,0.03508514227087034,0.0,0.0,0.0,0.0,0.0,0.0,0.0,0.0,0.0,0.0,0.0,0.0,0.0,0.0,0.04819537852248697,0.0,0.0,0.0,0.0,0.0,0.0,0.0,0.06024962404906466,0.0,0.0,0.0,0.0,0.0,0.056155223428291476,0.06275965702615693,0.0,0.0,0.0,0.0,0.07846757214452983,0.0,0.0,0.0,0.0,0.0,0.0,0.0,0.0,0.0,0.0,0.0,0.0,0.0,0.0,0.0,0.0,0.0,0.0,0.0,0.0,0.08648263674900633,0.0,0.0,0.0,0.0,0.0,0.0,0.5017383024191274
2020-12-01,0.0,0.0,0.0,0.0,0.0,0.0,0.0,0.0,0.0,0.0,0.0,0.0,0.0,0.0,0.0,0.0,0.0,0.0327063533712633,0.0,0.0,0.0,0.0,0.0,0.0,0.03977355166226537,0.0,0.0,0.0,0.0,0.0,0.0,0.0,0.0,0.0,0.0,0.0,0.0,0.0,0.0,0.0,0.0,0.0,0.0,0.0,0.0,0.0,0.0,0.03383217619645348,0.0,0.0,0.0,0.0,0.0,0.0,0.0,0.0,0.0,0.0,0.0,0.0,0.0,0.0,0.04838556683762382,0.0,0.0,0.0,0.0,0.0,0.0,0.0,0.05848498999847764,0.0,0.0,0.0,0.0,0.0,0.05543899272243513,0.06097632414580723,0.0,0.0,0.0,0.0,0.08292249650092394,0.0,0.0,0.0,0.0,0.0,0.0,0.0,0.0,0.0,0.0,0.0,0.0,0.0,0.0,0.0,0.0,0.0,0.0,0.0,0.0,0.08975590768792292,0.0,0.0,0.0,0.0,0.0,0.0,0.49772364087682713
2020-12-02,0.0,0.0,0.0,0.0,0.0,0.0,0.0,0.0,0.0,0.0,0.0,0.0,0.0,0.0,0.0,0.0,0.0,0.03156071606517657,0.0,0.0,0.0,0.0,0.0,0.0,0.04005078638171418,0.0,0.0,0.0,0.0,0.0,0.0,0.0,0.0,0.0,0.0,0.0,0.0,0.0,0.0,0.0,0.0,0.0,0.0,0.0,0.0,0.0,0.0,0.0344493537837461,0.0,0.0,0.0,0.0,0.0,0.0,0.0,0.0,0.0,0.0,0.0,0.0,0.0,0.0,0.04769497450144389,0.0,0.0,0.0,0.0,0.0,0.0,0.0,0.05905660203453276,0.0,0.0,0.0,0.0,0.0,0.05688473715995273,0.06016305523415616,0.0,0.0,0.0,0.0,0.0791345757996956,0.0,0.0,0.0,0.0,0.0,0.0,0.0,0.0,0.0,0.0,0.0,0.0,0.0,0.0,0.0,0.0,0.0,0.0,0.0,0.0,0.09208643873596768,0.0,0.0,0.0,0.0,0.0,0.0,0.49891876030361443
2020-12-03,0.0,0.0,0.0,0.0,0.0,0.0,0.0,0.0,0.0,0.0,0.0,0.0,0.0,0.0,0.0,0.0,0.0,0.03422992746332511,0.0,0.0,0.0,0.0,0.0,0.0,0.0393349017751378,0.0,0.0,0.0,0.0,0.0,0.0,0.0,0.0,0.0,0.0,0.0,0.0,0.0,0.0,0.0,0.0,0.0,0.0,0.0,0.0,0.0,0.0,0.03539554840245511,0.0,0.0,0.0,0.0,0.0,0.0,0.0,0.0,0.0,0.0,0.0,0.0,0.0,0.0,0.04653269005326576,0.0,0.0,0.0,0.0,0.0,0.0,0.0,0.05908424498286709,0.0,0.0,0.0,0.0,0.0,0.05630071933484759,0.06388843207695807,0.0,0.0,0.0,0.0,0.07941484196711782,0.0,0.0,0.0,0.0,0.0,0.0,0.0,0.0,0.0,0.0,0.0,0.0,0.0,0.0,0.0,0.0,0.0,0.0,0.0,0.0,0.09198529502375602,0.0,0.0,0.0,0.0,0.0,0.0,0.4938333989202696
2020-12-04,0.0,0.0,0.0,0.0,0.0,0.0,0.0,0.0,0.0,0.0,0.0,0.0,0.0,0.0,0.0,0.0,0.0,0.03241435357936094,0.0,0.0,0.0,0.0,0.0,0.0,0.03842304214279689,0.0,0.0,0.0,0.0,0.0,0.0,0.0,0.0,0.0,0.0,0.0,0.0,0.0,0.0,0.0,0.0,0.0,0.0,0.0,0.0,0.0,0.0,0.035439033902039466,0.0,0.0,0.0,0.0,0.0,0.0,0.0,0.0,0.0,0.0,0.0,0.0,0.0,0.0,0.0456815613609063,0.0,0.0,0.0,0.0,0.0,0.0,0.0,0.059763575989793025,0.0,0.0,0.0,0.0,0.0,0.05763937773011549,0.06282247532102495,0.0,0.0,0.0,0.0,0.08551387939347982,0.0,0.0,0.0,0.0,0.0,0.0,0.0,0.0,0.0,0.0,0.0,0.0,0.0,0.0,0.0,0.0,0.0,0.0,0.0,0.0,0.09035491323872784,0.0,0.0,0.0,0.0,0.0,0.0,0.49194778734175537
2020-12-07,0.0,0.0,0.0,0.0,0.0,0.0,0.0,0.0,0.0,0.0,0.0,0.0,0.0,0.0,0.0,0.0,0.0,0.032500020805137704,0.0,0.0,0.0,0.0,0.0,0.0,0.04002018711018359,0.0,0.0,0.0,0.0,0.0,0.0,0.0,0.0,0.0,0.0,0.0,0.0,0.0,0.0,0.0,0.0,0.0,0.0,0.0,0.0,0.0,0.0,0.0349733902538109,0.0,0.0,0.0,0.0,0.0,0.0,0.0,0.0,0.0,0.0,0.0,0.0,0.0,0.0,0.04631966651667162,0.0,0.0,0.0,0.0,0.0,0.0,0.0,0.05991838175066265,0.0,0.0,0.0,0.0,0.0,0.05848386095032806,0.061720463209756854,0.0,0.0,0.0,0.0,0.08483378872352747,0.0,0.0,0.0,0.0,0.0,0.0,0.0,0.0,0.0,0.0,0.0,0.0,0.0,0.0,0.0,0.0,0.0,0.0,0.0,0.0,0.09087283866560694,0.0,0.0,0.0,0.0,0.0,0.0,0.49035740201431427
2020-12-08,0.0,0.0,0.0,0.0,0.0,0.0,0.0,0.0,0.0,0.0,0.0,0.0,0.0,0.0,0.0,0.0,0.0,0.032388154822018435,0.0,0.0,0.0,0.0,0.0,0.0,0.039354120455505154,0.0,0.0,0.0,0.0,0.0,0.0,0.0,0.0,0.0,0.0,0.0,0.0,0.0,0.0,0.0,0.0,0.0,0.0,0.0,0.0,0.0,0.0,0.03455691278318928,0.0,0.0,0.0,0.0,0.0,0.0,0.0,0.0,0.0,0.0,0.0,0.0,0.0,0.0,0.04577758475144281,0.0,0.0,0.0,0.0,0.0,0.0,0.0,0.06262015592223656,0.0,0.0,0.0,0.0,0.0,0.06010962196183045,0.06318097176579728,0.0,0.0,0.0,0.0,0.08225714697249342,0.0,0.0,0.0,0.0,0.0,0.0,0.0,0.0,0.0,0.0,0.0,0.0,0.0,0.0,0.0,0.0,0.0,0.0,0.0,0.0,0.09087152590810113,0.0,0.0,0.0,0.0,0.0,0.0,0.48888380465738557
2020-12-09,0.0,0.0,0.0,0.0,0.0,0.0,0.0,0.0,0.0,0.0,0.0,0.0,0.0,0.0,0.0,0.0,0.0,0.031453416530716385,0.0,0.0,0.0,0.0,0.0,0.0,0.03914052133571869,0.0,0.0,0.0,0.0,0.0,0.0,0.0,0.0,0.0,0.0,0.0,0.0,0.0,0.0,0.0,0.0,0.0,0.0,0.0,0.0,0.0,0.0,0.03423051868104066,0.0,0.0,0.0,0.0,0.0,0.0,0.0,0.0,0.0,0.0,0.0,0.0,0.0,0.0,0.04524792827739034,0.0,0.0,0.0,0.0,0.0,0.0,0.0,0.05999689536760739,0.0,0.0,0.0,0.0,0.0,0.06300719611713501,0.06310602931536688,0.0,0.0,0.0,0.0,0.08268252687269265,0.0,0.0,0.0,0.0,0.0,0.0,0.0,0.0,0.0,0.0,0.0,0.0,0.0,0.0,0.0,0.0,0.0,0.0,0.0,0.0,0.09374781128955166,0.0,0.0,0.0,0.0,0.0,0.0,0.4873871562127803
2020-12-10,0.0,0.0,0.0,0.0,0.0,0.0,0.0,0.0,0.0,0.0,0.0,0.0,0.0,0.0,0.0,0.0,0.0,0.031463665275820264,0.0,0.0,0.0,0.0,0.0,0.0,0.03960308543862852,0.0,0.0,0.0,0.0,0.0,0.0,0.0,0.0,0.0,0.0,0.0,0.0,0.0,0.0,0.0,0.0,0.0,0.0,0.0,0.0,0.0,0.0,0.034416855230319905,0.0,0.0,0.0,0.0,0.0,0.0,0.0,0.0,0.0,0.0,0.0,0.0,0.0,0.0,0.04522602213371688,0.0,0.0,0.0,0.0,0.0,0.0,0.0,0.058253338243856014,0.0,0.0,0.0,0.0,0.0,0.062180709802093545,0.06276456154076122,0.0,0.0,0.0,0.0,0.087270681663031,0.0,0.0,0.0,0.0,0.0,0.0,0.0,0.0,0.0,0.0,0.0,0.0,0.0,0.0,0.0,0.0,0.0,0.0,0.0,0.0,0.09383212468424838,0.0,0.0,0.0,0.0,0.0,0.0,0.48498895598752423
2020-12-11,0.0,0.0,0.0,0.0,0.0,0.0,0.0,0.0,0.0,0.0,0.0,0.0,0.0,0.0,0.0,0.0,0.0,0.03184463062749176,0.0,0.0,0.0,0.0,0.0,0.0,0.0410136825175906,0.0,0.0,0.0,0.0,0.0,0.0,0.0,0.0,0.0,0.0,0.0,0.0,0.0,0.0,0.0,0.0,0.0,0.0,0.0,0.0,0.0,0.0,0.03462449161169992,0.0,0.0,0.0,0.0,0.0,0.0,0.0,0.0,0.0,0.0,0.0,0.0,0.0,0.0,0.04449165543493918,0.0,0.0,0.0,0.0,0.0,0.0,0.0,0.05732289451750424,0.0,0.0,0.0,0.0,0.0,0.0604847084920085,0.06383685634681933,0.0,0.0,0.0,0.0,0.08429087955322816,0.0,0.0,0.0,0.0,0.0,0.0,0.0,0.0,0.0,0.0,0.0,0.0,0.0,0.0,0.0,0.0,0.0,0.0,0.0,0.0,0.0963003105235596,0.0,0.0,0.0,0.0,0.0,0.0,0.48578989037515874
2020-12-14,0.0,0.0,0.0,0.0,0.0,0.0,0.0,0.0,0.0,0.0,0.0,0.0,0.0,0.0,0.0,0.0,0.0,0.033272435663531,0.0,0.0,0.0,0.0,0.0,0.0,0.040796658181633715,0.0,0.0,0.0,0.0,0.0,0.0,0.0,0.0,0.0,0.0,0.0,0.0,0.0,0.0,0.0,0.0,0.0,0.0,0.0,0.0,0.0,0.0,0.03515575886205296,0.0,0.0,0.0,0.0,0.0,0.0,0.0,0.0,0.0,0.0,0.0,0.0,0.0,0.0,0.044581878912339654,0.0,0.0,0.0,0.0,0.0,0.0,0.0,0.06008748352300679,0.0,0.0,0.0,0.0,0.0,0.05649839004652127,0.06372028622892427,0.0,0.0,0.0,0.0,0.08415853525501457,0.0,0.0,0.0,0.0,0.0,0.0,0.0,0.0,0.0,0.0,0.0,0.0,0.0,0.0,0.0,0.0,0.0,0.0,0.0,0.0,0.09491720497118245,0.0,0.0,0.0,0.0,0.0,0.0,0.4868113683557934
2020-12-15,0.0,0.0,0.0,0.0,0.0,0.0,0.0,0.0,0.0,0.0,0.0,0.0,0.0,0.0,0.0,0.0,0.0,0.03428766100366166,0.0,0.0,0.0,0.0,0.0,0.0,0.04015038609556471,0.0,0.0,0.0,0.0,0.0,0.0,0.0,0.0,0.0,0.0,0.0,0.0,0.0,0.0,0.0,0.0,0.0,0.0,0.0,0.0,0.0,0.0,0.03427125000817383,0.0,0.0,0.0,0.0,0.0,0.0,0.0,0.0,0.0,0.0,0.0,0.0,0.0,0.0,0.04409022430621015,0.0,0.0,0.0,0.0,0.0,0.0,0.0,0.061006386361221174,0.0,0.0,0.0,0.0,0.0,0.05987920477511784,0.06405082047243849,0.0,0.0,0.0,0.0,0.0835614225322705,0.0,0.0,0.0,0.0,0.0,0.0,0.0,0.0,0.0,0.0,0.0,0.0,0.0,0.0,0.0,0.0,0.0,0.0,0.0,0.0,0.09565728088515486,0.0,0.0,0.0,0.0,0.0,0.0,0.4830453635601867
2020-12-16,0.0,0.0,0.0,0.0,0.0,0.0,0.0,0.0,0.0,0.0,0.0,0.0,0.0,0.0,0.0,0.0,0.0,0.0350450024161143,0.0,0.0,0.0,0.0,0.0,0.0,0.03991382683845224,0.0,0.0,0.0,0.0,0.0,0.0,0.0,0.0,0.0,0.0,0.0,0.0,0.0,0.0,0.0,0.0,0.0,0.0,0.0,0.0,0.0,0.0,0.03489042625751306,0.0,0.0,0.0,0.0,0.0,0.0,0.0,0.0,0.0,0.0,0.0,0.0,0.0,0.0,0.0441275715929395,0.0,0.0,0.0,0.0,0.0,0.0,0.0,0.06150946018519099,0.0,0.0,0.0,0.0,0.0,0.059019798952083515,0.06447944185131625,0.0,0.0,0.0,0.0,0.08398144600504938,0.0,0.0,0.0,0.0,0.0,0.0,0.0,0.0,0.0,0.0,0.0,0.0,0.0,0.0,0.0,0.0,0.0,0.0,0.0,0.0,0.09679781751054001,0.0,0.0,0.0,0.0,0.0,0.0,0.48023520839080075
2020-12-17,0.0,0.0,0.0,0.0,0.0,0.0,0.0,0.0,0.0,0.0,0.0,0.0,0.0,0.0,0.0,0.0,0.0,0.03539960563433195,0.0,0.0,0.0,0.0,0.0,0.0,0.04085999107203757,0.0,0.0,0.0,0.0,0.0,0.0,0.0,0.0,0.0,0.0,0.0,0.0,0.0,0.0,0.0,0.0,0.0,0.0,0.0,0.0,0.0,0.0,0.0344979610498252,0.0,0.0,0.0,0.0,0.0,0.0,0.0,0.0,0.0,0.0,0.0,0.0,0.0,0.0,0.043821036882988926,0.0,0.0,0.0,0.0,0.0,0.0,0.0,0.060428667321769734,0.0,0.0,0.0,0.0,0.0,0.05669711552808666,0.0637031953526738,0.0,0.0,0.0,0.0,0.08705639321256195,0.0,0.0,0.0,0.0,0.0,0.0,0.0,0.0,0.0,0.0,0.0,0.0,0.0,0.0,0.0,0.0,0.0,0.0,0.0,0.0,0.09762849212937877,0.0,0.0,0.0,0.0,0.0,0.0,0.47990754181634554
2020-12-18,0.0,0.0,0.0,0.0,0.0,0.0,0.0,0.0,0.0,0.0,0.0,0.0,0.0,0.0,0.0,0.0,0.0,0.03484757210262377,0.0,0.0,0.0,0.0,0.0,0.0,0.04148074715087123,0.0,0.0,0.0,0.0,0.0,0.0,0.0,0.0,0.0,0.0,0.0,0.0,0.0,0.0,0.0,0.0,0.0,0.0,0.0,0.0,0.0,0.0,0.033910489904676794,0.0,0.0,0.0,0.0,0.0,0.0,0.0,0.0,0.0,0.0,0.0,0.0,0.0,0.0,0.044306923901797045,0.0,0.0,0.0,0.0,0.0,0.0,0.0,0.0606380906110338,0.0,0.0,0.0,0.0,0.0,0.05566902481337877,0.06461968277536471,0.0,0.0,0.0,0.0,0.08517794764987414,0.0,0.0,0.0,0.0,0.0,0.0,0.0,0.0,0.0,0.0,0.0,0.0,0.0,0.0,0.0,0.0,0.0,0.0,0.0,0.0,0.09735004782924962,0.0,0.0,0.0,0.0,0.0,0.0,0.48199947326113013
2020-12-21,0.0,0.0,0.0,0.0,0.0,0.0,0.0,0.0,0.0,0.0,0.0,0.0,0.0,0.0,0.0,0.0,0.0,0.035349388024472524,0.0,0.0,0.0,0.0,0.0,0.0,0.04043136930849929,0.0,0.0,0.0,0.0,0.0,0.0,0.0,0.0,0.0,0.0,0.0,0.0,0.0,0.0,0.0,0.0,0.0,0.0,0.0,0.0,0.0,0.0,0.0340766442986517,0.0,0.0,0.0,0.0,0.0,0.0,0.0,0.0,0.0,0.0,0.0,0.0,0.0,0.0,0.044116625033244226,0.0,0.0,0.0,0.0,0.0,0.0,0.0,0.062314418227498544,0.0,0.0,0.0,0.0,0.0,0.054059926326894575,0.06329023154542025,0.0,0.0,0.0,0.0,0.0856251193274294,0.0,0.0,0.0,0.0,0.0,0.0,0.0,0.0,0.0,0.0,0.0,0.0,0.0,0.0,0.0,0.0,0.0,0.0,0.0,0.0,0.09488595541365068,0.0,0.0,0.0,0.0,0.0,0.0,0.4858503224942387
2020-12-22,0.0,0.0,0.0,0.0,0.0,0.0,0.0,0.0,0.0,0.0,0.0,0.0,0.0,0.0,0.0,0.0,0.0,0.03577447151499281,0.0,0.0,0.0,0.0,0.0,0.0,0.04097556452304826,0.0,0.0,0.0,0.0,0.0,0.0,0.0,0.0,0.0,0.0,0.0,0.0,0.0,0.0,0.0,0.0,0.0,0.0,0.0,0.0,0.0,0.0,0.03373830122872009,0.0,0.0,0.0,0.0,0.0,0.0,0.0,0.0,0.0,0.0,0.0,0.0,0.0,0.0,0.043675563000332894,0.0,0.0,0.0,0.0,0.0,0.0,0.0,0.06195119600648766,0.0,0.0,0.0,0.0,0.0,0.05340303688248406,0.06295416379156238,0.0,0.0,0.0,0.0,0.08918752539062193,0.0,0.0,0.0,0.0,0.0,0.0,0.0,0.0,0.0,0.0,0.0,0.0,0.0,0.0,0.0,0.0,0.0,0.0,0.0,0.0,0.09835764064160764,0.0,0.0,0.0,0.0,0.0,0.0,0.47998253702014215
2020-12-23,0.0,0.0,0.0,0.0,0.0,0.0,0.0,0.0,0.0,0.0,0.0,0.0,0.0,0.0,0.0,0.0,0.0,0.03540816324336462,0.0,0.0,0.0,0.0,0.0,0.0,0.041459873465496996,0.0,0.0,0.0,0.0,0.0,0.0,0.0,0.0,0.0,0.0,0.0,0.0,0.0,0.0,0.0,0.0,0.0,0.0,0.0,0.0,0.0,0.0,0.03313057361967007,0.0,0.0,0.0,0.0,0.0,0.0,0.0,0.0,0.0,0.0,0.0,0.0,0.0,0.0,0.04318680689458596,0.0,0.0,0.0,0.0,0.0,0.0,0.0,0.060762284657378644,0.0,0.0,0.0,0.0,0.0,0.0540273620485727,0.062224393342095556,0.0,0.0,0.0,0.0,0.09766755269204729,0.0,0.0,0.0,0.0,0.0,0.0,0.0,0.0,0.0,0.0,0.0,0.0,0.0,0.0,0.0,0.0,0.0,0.0,0.0,0.0,0.0977442353753418,0.0,0.0,0.0,0.0,0.0,0.0,0.47438875466144614
2020-12-28,0.0,0.0,0.0,0.0,0.0,0.0,0.0,0.0,0.0,0.0,0.0,0.0,0.0,0.0,0.0,0.0,0.0,0.03588431373469217,0.0,0.0,0.0,0.0,0.0,0.0,0.04205338853136469,0.0,0.0,0.0,0.0,0.0,0.0,0.0,0.0,0.0,0.0,0.0,0.0,0.0,0.0,0.0,0.0,0.0,0.0,0.0,0.0,0.0,0.0,0.0335222639956116,0.0,0.0,0.0,0.0,0.0,0.0,0.0,0.0,0.0,0.0,0.0,0.0,0.0,0.0,0.043767418799389085,0.0,0.0,0.0,0.0,0.0,0.0,0.0,0.06086387515512653,0.0,0.0,0.0,0.0,0.0,0.05500417565643555,0.06388370291919669,0.0,0.0,0.0,0.0,0.09734581235564681,0.0,0.0,0.0,0.0,0.0,0.0,0.0,0.0,0.0,0.0,0.0,0.0,0.0,0.0,0.0,0.0,0.0,0.0,0.0,0.0,0.09772738423488676,0.0,0.0,0.0,0.0,0.0,0.0,0.4699476646176502
2020-12-29,0.0,0.0,0.0,0.0,0.0,0.0,0.0,0.0,0.0,0.0,0.0,0.0,0.0,0.0,0.0,0.0,0.0,0.035946149310709004,0.0,0.0,0.0,0.0,0.0,0.0,0.04188403872877517,0.0,0.0,0.0,0.0,0.0,0.0,0.0,0.0,0.0,0.0,0.0,0.0,0.0,0.0,0.0,0.0,0.0,0.0,0.0,0.0,0.0,0.0,0.033724909307376365,0.0,0.0,0.0,0.0,0.0,0.0,0.0,0.0,0.0,0.0,0.0,0.0,0.0,0.0,0.04413680611830353,0.0,0.0,0.0,0.0,0.0,0.0,0.0,0.06090050146142965,0.0,0.0,0.0,0.0,0.0,0.05398147655763001,0.06385476308335214,0.0,0.0,0.0,0.0,0.09916030251185885,0.0,0.0,0.0,0.0,0.0,0.0,0.0,0.0,0.0,0.0,0.0,0.0,0.0,0.0,0.0,0.0,0.0,0.0,0.0,0.0,0.09670353412934744,0.0,0.0,0.0,0.0,0.0,0.0,0.46970751879121775
2020-12-30,0.0,0.0,0.0,0.0,0.0,0.0,0.0,0.0,0.0,0.0,0.0,0.0,0.0,0.0,0.0,0.0,0.0,0.03498831652603052,0.0,0.0,0.0,0.0,0.0,0.0,0.041689877419034745,0.0,0.0,0.0,0.0,0.0,0.0,0.0,0.0,0.0,0.0,0.0,0.0,0.0,0.0,0.0,0.0,0.0,0.0,0.0,0.0,0.0,0.0,0.033006822409937346,0.0,0.0,0.0,0.0,0.0,0.0,0.0,0.0,0.0,0.0,0.0,0.0,0.0,0.0,0.04367212713515462,0.0,0.0,0.0,0.0,0.0,0.0,0.0,0.05951900290471674,0.0,0.0,0.0,0.0,0.0,0.05388900616463264,0.06289768626696113,0.0,0.0,0.0,0.0,0.10151834465856585,0.0,0.0,0.0,0.0,0.0,0.0,0.0,0.0,0.0,0.0,0.0,0.0,0.0,0.0,0.0,0.0,0.0,0.0,0.0,0.0,0.10414395752198596,0.0,0.0,0.0,0.0,0.0,0.0,0.46467485899298044
2021-01-05,0.0,0.0,0.0,0.0,0.0,0.0,0.0,0.0,0.0,0.0,0.0,0.0,0.0,0.0,0.0,0.0,0.0,0.034773125598339956,0.0,0.0,0.0,0.0,0.0,0.0,0.04174743051007484,0.0,0.0,0.0,0.0,0.0,0.0,0.0,0.0,0.0,0.0,0.0,0.0,0.0,0.0,0.0,0.0,0.0,0.0,0.0,0.0,0.0,0.0,0.03251376180692304,0.0,0.0,0.0,0.0,0.0,0.0,0.0,0.0,0.0,0.0,0.0,0.0,0.0,0.0,0.04336898647810161,0.0,0.0,0.0,0.0,0.0,0.0,0.0,0.05856051623581359,0.0,0.0,0.0,0.0,0.0,0.05694860958954076,0.061516640936763727,0.0,0.0,0.0,0.0,0.10028582781727723,0.0,0.0,0.0,0.0,0.0,0.0,0.0,0.0,0.0,0.0,0.0,0.0,0.0,0.0,0.0,0.0,0.0,0.0,0.0,0.0,0.10493400151421449,0.0,0.0,0.0,0.0,0.0,0.0,0.46535109951295095
2021-01-06,0.0,0.0,0.09040518361343632,0.0,0.0,0.0955136150084393,0.0,0.0,0.0,0.0,0.0,0.0,0.0,0.0,0.0,0.0,0.0,0.0,0.0,0.0,0.0,0.0,0.0,0.0,0.0,0.0,0.0,0.0,0.0,0.0,0.0,0.0,0.0,0.0,0.0,0.0,0.0,0.0,0.0,0.07229865027266785,0.0,0.0,0.0,0.0,0.0,0.0,0.0,0.0,0.0,0.0,0.0,0.0,0.0,0.0,0.0,0.0,0.0,0.0,0.0,0.0,0.0,0.0,0.090445189003367,0.0,0.0,0.0,0.0,0.0,0.09035304133705557,0.0,0.09964121694787931,0.0,0.0,0.0,0.0,0.0,0.0,0.0,0.0,0.0,0.0,0.0,0.0,0.0,0.0,0.0,0.0,0.0,0.0,0.0,0.0,0.0,0.0,0.0,0.0,0.0,0.0,0.0,0.0,0.0,0.0,0.0,0.0,0.0,0.0,0.0,0.0,0.0,0.0,0.0,0.026501050293974066
2021-01-07,0.0,0.0,0.09236788488372422,0.0,0.0,0.09388087160765086,0.0,0.0,0.0,0.0,0.0,0.0,0.0,0.0,0.0,0.0,0.0,0.0,0.0,0.0,0.0,0.0,0.0,0.0,0.0,0.0,0.0,0.0,0.0,0.0,0.0,0.0,0.0,0.0,0.0,0.0,0.0,0.0,0.0,0.07316902765438242,0.0,0.0,0.0,0.0,0.0,0.0,0.0,0.0,0.0,0.0,0.0,0.0,0.0,0.0,0.0,0.0,0.0,0.0,0.0,0.0,0.0,0.0,0.09056008700547676,0.0,0.0,0.0,0.0,0.0,0.08851700179898939,0.0,0.09868214488167727,0.0,0.0,0.0,0.0,0.0,0.0,0.0,0.0,0.0,0.0,0.0,0.0,0.0,0.0,0.0,0.0,0.0,0.0,0.0,0.0,0.0,0.0,0.0,0.0,0.0,0.0,0.0,0.0,0.0,0.0,0.0,0.0,0.0,0.0,0.0,0.0,0.0,0.0,0.0,0.026587930964759265
2021-01-08,0.0,0.0,0.0892446865865769,0.0,0.0,0.09927446050423566,0.0,0.0,0.0,0.0,0.0,0.0,0.0,0.0,0.0,0.0,0.0,0.0,0.0,0.0,0.0,0.0,0.0,0.0,0.0,0.0,0.0,0.0,0.0,0.0,0.0,0.0,0.0,0.0,0.0,0.0,0.0,0.0,0.0,0.07428455922446588,0.0,0.0,0.0,0.0,0.0,0.0,0.0,0.0,0.0,0.0,0.0,0.0,0.0,0.0,0.0,0.0,0.0,0.0,0.0,0.0,0.0,0.0,0.09132736747583294,0.0,0.0,0.0,0.0,0.0,0.08788325659875498,0.0,0.10041850754596991,0.0,0.0,0.0,0.0,0.0,0.0,0.0,0.0,0.0,0.0,0.0,0.0,0.0,0.0,0.0,0.0,0.0,0.0,0.0,0.0,0.0,0.0,0.0,0.0,0.0,0.0,0.0,0.0,0.0,0.0,0.0,0.0,0.0,0.0,0.0,0.0,0.0,0.0,0.0,0.45756716206416376
2021-01-11,0.0,0.0,0.09043816135809507,0.0,0.0,0.09738200324425325,0.0,0.0,0.0,0.0,0.0,0.0,0.0,0.0,0.0,0.0,0.0,0.0,0.0,0.0,0.0,0.0,0.0,0.0,0.0,0.0,0.0,0.0,0.0,0.0,0.0,0.0,0.0,0.0,0.0,0.0,0.0,0.0,0.0,0.07283441179533306,0.0,0.0,0.0,0.0,0.0,0.0,0.0,0.0,0.0,0.0,0.0,0.0,0.0,0.0,0.0,0.0,0.0,0.0,0.0,0.0,0.0,0.0,0.09106455311506104,0.0,0.0,0.0,0.0,0.0,0.09706213810650122,0.0,0.09799722140393978,0.0,0.0,0.0,0.0,0.0,0.0,0.0,0.0,0.0,0.0,0.0,0.0,0.0,0.0,0.0,0.0,0.0,0.0,0.0,0.0,0.0,0.0,0.0,0.0,0.0,0.0,0.0,0.0,0.0,0.0,0.0,0.0,0.0,0.0,0.0,0.0,0.0,0.0,0.0,0.45322151097681657
2021-01-12,0.0,0.0,0.09103461437953228,0.0,0.0,0.09918820610375667,0.0,0.0,0.0,0.0,0.0,0.0,0.0,0.0,0.0,0.0,0.0,0.0,0.0,0.0,0.0,0.0,0.0,0.0,0.0,0.0,0.0,0.0,0.0,0.0,0.0,0.0,0.0,0.0,0.0,0.0,0.0,0.0,0.0,0.07151320848980017,0.0,0.0,0.0,0.0,0.0,0.0,0.0,0.0,0.0,0.0,0.0,0.0,0.0,0.0,0.0,0.0,0.0,0.0,0.0,0.0,0.0,0.0,0.08905755050058825,0.0,0.0,0.0,0.0,0.0,0.10589334786780764,0.0,0.09897335682784428,0.0,0.0,0.0,0.0,0.0,0.0,0.0,0.0,0.0,0.0,0.0,0.0,0.0,0.0,0.0,0.0,0.0,0.0,0.0,0.0,0.0,0.0,0.0,0.0,0.0,0.0,0.0,0.0,0.0,0.0,0.0,0.0,0.0,0.0,0.0,0.0,0.0,0.0,0.0,0.44433971583067083
2021-01-13,0.0,0.0,0.09026688655837266,0.0,0.0,0.10017885100708648,0.0,0.0,0.0,0.0,0.0,0.0,0.0,0.0,0.0,0.0,0.0,0.0,0.0,0.0,0.0,0.0,0.0,0.0,0.0,0.0,0.0,0.0,0.0,0.0,0.0,0.0,0.0,0.0,0.0,0.0,0.0,0.0,0.0,0.07106682346100855,0.0,0.0,0.0,0.0,0.0,0.0,0.0,0.0,0.0,0.0,0.0,0.0,0.0,0.0,0.0,0.0,0.0,0.0,0.0,0.0,0.0,0.0,0.08866841276284178,0.0,0.0,0.0,0.0,0.0,0.1105958943682713,0.0,0.09762400134128826,0.0,0.0,0.0,0.0,0.0,0.0,0.0,0.0,0.0,0.0,0.0,0.0,0.0,0.0,0.0,0.0,0.0,0.0,0.0,0.0,0.0,0.0,0.0,0.0,0.0,0.0,0.0,0.0,0.0,0.0,0.0,0.0,0.0,0.0,0.0,0.0,0.0,0.0,0.0,0.4415991305011309
2021-01-14,0.0,0.0,0.09155486298799896,0.0,0.0,0.10142329893537398,0.0,0.0,0.0,0.0,0.0,0.0,0.0,0.0,0.0,0.0,0.0,0.0,0.0,0.0,0.0,0.0,0.0,0.0,0.0,0.0,0.0,0.0,0.0,0.0,0.0,0.0,0.0,0.0,0.0,0.0,0.0,0.0,0.0,0.07397345615513451,0.0,0.0,0.0,0.0,0.0,0.0,0.0,0.0,0.0,0.0,0.0,0.0,0.0,0.0,0.0,0.0,0.0,0.0,0.0,0.0,0.0,0.0,0.08748462545926118,0.0,0.0,0.0,0.0,0.0,0.11523996510740693,0.0,0.09505558050779196,0.0,0.0,0.0,0.0,0.0,0.0,0.0,0.0,0.0,0.0,0.0,0.0,0.0,0.0,0.0,0.0,0.0,0.0,0.0,0.0,0.0,0.0,0.0,0.0,0.0,0.0,0.0,0.0,0.0,0.0,0.0,0.0,0.0,0.0,0.0,0.0,0.0,0.0,0.0,0.4352682108470325
2021-01-15,0.0,0.0,0.08851484412084555,0.0,0.0,0.10665109309807222,0.0,0.0,0.0,0.0,0.0,0.0,0.0,0.0,0.0,0.0,0.0,0.0,0.0,0.0,0.0,0.0,0.0,0.0,0.0,0.0,0.0,0.0,0.0,0.0,0.0,0.0,0.0,0.0,0.0,0.0,0.0,0.0,0.0,0.071494660672442,0.0,0.0,0.0,0.0,0.0,0.0,0.0,0.0,0.0,0.0,0.0,0.0,0.0,0.0,0.0,0.0,0.0,0.0,0.0,0.0,0.0,0.0,0.08728948453827964,0.0,0.0,0.0,0.0,0.0,0.11453078671357782,0.0,0.09602052931315398,0.0,0.0,0.0,0.0,0.0,0.0,0.0,0.0,0.0,0.0,0.0,0.0,0.0,0.0,0.0,0.0,0.0,0.0,0.0,0.0,0.0,0.0,0.0,0.0,0.0,0.0,0.0,0.0,0.0,0.0,0.0,0.0,0.0,0.0,0.0,0.0,0.0,0.0,0.0,0.4354986015436288
2021-01-18,0.0,0.0,0.08811208659619844,0.0,0.0,0.10731554374632146,0.0,0.0,0.0,0.0,0.0,0.0,0.0,0.0,0.0,0.0,0.0,0.0,0.0,0.0,0.0,0.0,0.0,0.0,0.0,0.0,0.0,0.0,0.0,0.0,0.0,0.0,0.0,0.0,0.0,0.0,0.0,0.0,0.0,0.07092377430994574,0.0,0.0,0.0,0.0,0.0,0.0,0.0,0.0,0.0,0.0,0.0,0.0,0.0,0.0,0.0,0.0,0.0,0.0,0.0,0.0,0.0,0.0,0.08573151661948078,0.0,0.0,0.0,0.0,0.0,0.11663250329079189,0.0,0.09757451625093695,0.0,0.0,0.0,0.0,0.0,0.0,0.0,0.0,0.0,0.0,0.0,0.0,0.0,0.0,0.0,0.0,0.0,0.0,0.0,0.0,0.0,0.0,0.0,0.0,0.0,0.0,0.0,0.0,0.0,0.0,0.0,0.0,0.0,0.0,0.0,0.0,0.0,0.0,0.0,0.4337100591863246
2021-01-19,0.0,0.0,0.08669762686450382,0.0,0.0,0.10671008692478459,0.0,0.0,0.0,0.0,0.0,0.0,0.0,0.0,0.0,0.0,0.0,0.0,0.0,0.0,0.0,0.0,0.0,0.0,0.0,0.0,0.0,0.0,0.0,0.0,0.0,0.0,0.0,0.0,0.0,0.0,0.0,0.0,0.0,0.07153136774351218,0.0,0.0,0.0,0.0,0.0,0.0,0.0,0.0,0.0,0.0,0.0,0.0,0.0,0.0,0.0,0.0,0.0,0.0,0.0,0.0,0.0,0.0,0.08601241751916396,0.0,0.0,0.0,0.0,0.0,0.11219888524541098,0.0,0.09736921025336572,0.0,0.0,0.0,0.0,0.0,0.0,0.0,0.0,0.0,0.0,0.0,0.0,0.0,0.0,0.0,0.0,0.0,0.0,0.0,0.0,0.0,0.0,0.0,0.0,0.0,0.0,0.0,0.0,0.0,0.0,0.0,0.0,0.0,0.0,0.0,0.0,0.0,0.0,0.0,0.43948040544925865
2021-01-20,0.0,0.0,0.08627549991574279,0.0,0.0,0.11339234668398733,0.0,0.0,0.0,0.0,0.0,0.0,0.0,0.0,0.0,0.0,0.0,0.0,0.0,0.0,0.0,0.0,0.0,0.0,0.0,0.0,0.0,0.0,0.0,0.0,0.0,0.0,0.0,0.0,0.0,0.0,0.0,0.0,0.0,0.0687931306454721,0.0,0.0,0.0,0.0,0.0,0.0,0.0,0.0,0.0,0.0,0.0,0.0,0.0,0.0,0.0,0.0,0.0,0.0,0.0,0.0,0.0,0.0,0.08627728772489696,0.0,0.0,0.0,0.0,0.0,0.11431211740432029,0.0,0.10063608637571744,0.0,0.0,0.0,0.0,0.0,0.0,0.0,0.0,0.0,0.0,0.0,0.0,0.0,0.0,0.0,0.0,0.0,0.0,0.0,0.0,0.0,0.0,0.0,0.0,0.0,0.0,0.0,0.0,0.0,0.0,0.0,0.0,0.0,0.0,0.0,0.0,0.0,0.0,0.0,0.43031353124986316
2021-01-21,0.0,0.0,0.08465473646907487,0.0,0.0,0.11516838573426474,0.0,0.0,0.0,0.0,0.0,0.0,0.0,0.0,0.0,0.0,0.0,0.0,0.0,0.0,0.0,0.0,0.0,0.0,0.0,0.0,0.0,0.0,0.0,0.0,0.0,0.0,0.0,0.0,0.0,0.0,0.0,0.0,0.0,0.06760801991558259,0.0,0.0,0.0,0.0,0.0,0.0,0.0,0.0,0.0,0.0,0.0,0.0,0.0,0.0,0.0,0.0,0.0,0.0,0.0,0.0,0.0,0.0,0.08511813734660059,0.0,0.0,0.0,0.0,0.0,0.12163226615926595,0.0,0.09987979948780709,0.0,0.0,0.0,0.0,0.0,0.0,0.0,0.0,0.0,0.0,0.0,0.0,0.0,0.0,0.0,0.0,0.0,0.0,0.0,0.0,0.0,0.0,0.0,0.0,0.0,0.0,0.0,0.0,0.0,0.0,0.0,0.0,0.0,0.0,0.0,0.0,0.0,0.0,0.0,0.4259386548874041
2021-01-22,0.0,0.0,0.08486801735015731,0.0,0.0,0.11492835610415263,0.0,0.0,0.0,0.0,0.0,0.0,0.0,0.0,0.0,0.0,0.0,0.0,0.0,0.0,0.0,0.0,0.0,0.0,0.0,0.0,0.0,0.0,0.0,0.0,0.0,0.0,0.0,0.0,0.0,0.0,0.0,0.0,0.0,0.06707962946143255,0.0,0.0,0.0,0.0,0.0,0.0,0.0,0.0,0.0,0.0,0.0,0.0,0.0,0.0,0.0,0.0,0.0,0.0,0.0,0.0,0.0,0.0,0.08502859395373126,0.0,0.0,0.0,0.0,0.0,0.11855517741044173,0.0,0.10217294249543471,0.0,0.0,0.0,0.0,0.0,0.0,0.0,0.0,0.0,0.0,0.0,0.0,0.0,0.0,0.0,0.0,0.0,0.0,0.0,0.0,0.0,0.0,0.0,0.0,0.0,0.0,0.0,0.0,0.0,0.0,0.0,0.0,0.0,0.0,0.0,0.0,0.0,0.0,0.0,0.42736728322464995
2021-01-26,0.0,0.0,0.08640170274873243,0.0,0.0,0.11158437892198533,0.0,0.0,0.0,0.0,0.0,0.0,0.0,0.0,0.0,0.0,0.0,0.0,0.0,0.0,0.0,0.0,0.0,0.0,0.0,0.0,0.0,0.0,0.0,0.0,0.0,0.0,0.0,0.0,0.0,0.0,0.0,0.0,0.0,0.06580454529969491,0.0,0.0,0.0,0.0,0.0,0.0,0.0,0.0,0.0,0.0,0.0,0.0,0.0,0.0,0.0,0.0,0.0,0.0,0.0,0.0,0.0,0.0,0.08581194816920347,0.0,0.0,0.0,0.0,0.0,0.1164645182738468,0.0,0.10224516801663101,0.0,0.0,0.0,0.0,0.0,0.0,0.0,0.0,0.0,0.0,0.0,0.0,0.0,0.0,0.0,0.0,0.0,0.0,0.0,0.0,0.0,0.0,0.0,0.0,0.0,0.0,0.0,0.0,0.0,0.0,0.0,0.0,0.0,0.0,0.0,0.0,0.0,0.0,0.0,0.43168773856990605
2021-01-27,0.0,0.0,0.08530773137603265,0.0,0.0,0.11176890173891871,0.0,0.0,0.0,0.0,0.0,0.0,0.0,0.0,0.0,0.0,0.0,0.0,0.0,0.0,0.0,0.0,0.0,0.0,0.0,0.0,0.0,0.0,0.0,0.0,0.0,0.0,0.0,0.0,0.0,0.0,0.0,0.0,0.0,0.06883916438994452,0.0,0.0,0.0,0.0,0.0,0.0,0.0,0.0,0.0,0.0,0.0,0.0,0.0,0.0,0.0,0.0,0.0,0.0,0.0,0.0,0.0,0.0,0.0879697093957837,0.0,0.0,0.0,0.0,0.0,0.10429105103011452,0.0,0.10388016816521577,0.0,0.0,0.0,0.0,0.0,0.0,0.0,0.0,0.0,0.0,0.0,0.0,0.0,0.0,0.0,0.0,0.0,0.0,0.0,0.0,0.0,0.0,0.0,0.0,0.0,0.0,0.0,0.0,0.0,0.0,0.0,0.0,0.0,0.0,0.0,0.0,0.0,0.0,0.0,0.4379432739039901
2021-01-28,0.0,0.0,0.08507654750950916,0.0,0.0,0.11217650057051919,0.0,0.0,0.0,0.0,0.0,0.0,0.0,0.0,0.0,0.0,0.0,0.0,0.0,0.0,0.0,0.0,0.0,0.0,0.0,0.0,0.0,0.0,0.0,0.0,0.0,0.0,0.0,0.0,0.0,0.0,0.0,0.0,0.0,0.0699487671234006,0.0,0.0,0.0,0.0,0.0,0.0,0.0,0.0,0.0,0.0,0.0,0.0,0.0,0.0,0.0,0.0,0.0,0.0,0.0,0.0,0.0,0.0,0.08761812195932088,0.0,0.0,0.0,0.0,0.0,0.1087794771492687,0.0,0.10411963036281424,0.0,0.0,0.0,0.0,0.0,0.0,0.0,0.0,0.0,0.0,0.0,0.0,0.0,0.0,0.0,0.0,0.0,0.0,0.0,0.0,0.0,0.0,0.0,0.0,0.0,0.0,0.0,0.0,0.0,0.0,0.0,0.0,0.0,0.0,0.0,0.0,0.0,0.0,0.0,0.43228095532516725
2021-01-29,0.0,0.0,0.0852632140882079,0.0,0.0,0.10894480882465021,0.0,0.0,0.0,0.0,0.0,0.0,0.0,0.0,0.0,0.0,0.0,0.0,0.0,0.0,0.0,0.0,0.0,0.0,0.0,0.0,0.0,0.0,0.0,0.0,0.0,0.0,0.0,0.0,0.0,0.0,0.0,0.0,0.0,0.0668376586571001,0.0,0.0,0.0,0.0,0.0,0.0,0.0,0.0,0.0,0.0,0.0,0.0,0.0,0.0,0.0,0.0,0.0,0.0,0.0,0.0,0.0,0.0,0.08806195616954628,0.0,0.0,0.0,0.0,0.0,0.10907777957061339,0.0,0.10216659418221032,0.0,0.0,0.0,0.0,0.0,0.0,0.0,0.0,0.0,0.0,0.0,0.0,0.0,0.0,0.0,0.0,0.0,0.0,0.0,0.0,0.0,0.0,0.0,0.0,0.0,0.0,0.0,0.0,0.0,0.0,0.0,0.0,0.0,0.0,0.0,0.0,0.0,0.0,0.0,0.4396479885076718
2021-02-01,0.0,0.0,0.08678672545326298,0.0,0.0,0.1095035684660626,0.0,0.0,0.0,0.0,0.0,0.0,0.0,0.0,0.0,0.0,0.0,0.0,0.0,0.0,0.0,0.0,0.0,0.0,0.0,0.0,0.0,0.0,0.0,0.0,0.0,0.0,0.0,0.0,0.0,0.0,0.0,0.0,0.0,0.06667458166461508,0.0,0.0,0.0,0.0,0.0,0.0,0.0,0.0,0.0,0.0,0.0,0.0,0.0,0.0,0.0,0.0,0.0,0.0,0.0,0.0,0.0,0.0,0.08917125787227936,0.0,0.0,0.0,0.0,0.0,0.11268061526068826,0.0,0.09980553231302375,0.0,0.0,0.0,0.0,0.0,0.0,0.0,0.0,0.0,0.0,0.0,0.0,0.0,0.0,0.0,0.0,0.0,0.0,0.0,0.0,0.0,0.0,0.0,0.0,0.0,0.0,0.0,0.0,0.0,0.0,0.0,0.0,0.0,0.0,0.0,0.0,0.0,0.0,0.0,0.43537771897006805
2021-02-02,0.0,0.0,0.08311575393235875,0.0,0.0,0.11520578916467801,0.0,0.0,0.0,0.0,0.0,0.0,0.0,0.0,0.0,0.0,0.0,0.0,0.0,0.0,0.0,0.0,0.0,0.0,0.0,0.0,0.0,0.0,0.0,0.0,0.0,0.0,0.0,0.0,0.0,0.0,0.0,0.0,0.0,0.06730279004930999,0.0,0.0,0.0,0.0,0.0,0.0,0.0,0.0,0.0,0.0,0.0,0.0,0.0,0.0,0.0,0.0,0.0,0.0,0.0,0.0,0.0,0.0,0.09018703927490224,0.0,0.0,0.0,0.0,0.0,0.11583805766643879,0.0,0.09971164022138385,0.0,0.0,0.0,0.0,0.0,0.0,0.0,0.0,0.0,0.0,0.0,0.0,0.0,0.0,0.0,0.0,0.0,0.0,0.0,0.0,0.0,0.0,0.0,0.0,0.0,0.0,0.0,0.0,0.0,0.0,0.0,0.0,0.0,0.0,0.0,0.0,0.0,0.0,0.0,0.4286389296909284
2021-02-03,0.0,0.0,0.08048057562390246,0.0,0.0,0.1166711010705946,0.0,0.0,0.0,0.0,0.0,0.0,0.0,0.0,0.0,0.0,0.0,0.0,0.0,0.0,0.0,0.0,0.0,0.0,0.0,0.0,0.0,0.0,0.0,0.0,0.0,0.0,0.0,0.0,0.0,0.0,0.0,0.0,0.0,0.06851919696619156,0.0,0.0,0.0,0.0,0.0,0.0,0.0,0.0,0.0,0.0,0.0,0.0,0.0,0.0,0.0,0.0,0.0,0.0,0.0,0.0,0.0,0.0,0.08898464864000423,0.0,0.0,0.0,0.0,0.0,0.11531396780239016,0.0,0.10114228826791401,0.0,0.0,0.0,0.0,0.0,0.0,0.0,0.0,0.0,0.0,0.0,0.0,0.0,0.0,0.0,0.0,0.0,0.0,0.0,0.0,0.0,0.0,0.0,0.0,0.0,0.0,0.0,0.0,0.0,0.0,0.0,0.0,0.0,0.0,0.0,0.0,0.0,0.0,0.0,0.428888221629003
2021-02-04,0.0,0.0,0.07787272239822787,0.0,0.0,0.11210078103381518,0.0,0.0,0.0,0.0,0.0,0.0,0.0,0.0,0.0,0.0,0.0,0.0,0.0,0.0,0.0,0.0,0.0,0.0,0.0,0.0,0.0,0.0,0.0,0.0,0.0,0.0,0.0,0.0,0.0,0.0,0.0,0.0,0.0,0.06778808355243633,0.0,0.0,0.0,0.0,0.0,0.0,0.0,0.0,0.0,0.0,0.0,0.0,0.0,0.0,0.0,0.0,0.0,0.0,0.0,0.0,0.0,0.0,0.08904443316906432,0.0,0.0,0.0,0.0,0.0,0.12135402828742924,0.0,0.10039017914085042,0.0,0.0,0.0,0.0,0.0,0.0,0.0,0.0,0.0,0.0,0.0,0.0,0.0,0.0,0.0,0.0,0.0,0.0,0.0,0.0,0.0,0.0,0.0,0.0,0.0,0.0,0.0,0.0,0.0,0.0,0.0,0.0,0.0,0.0,0.0,0.0,0.0,0.0,0.0,0.43144977241817667
2021-02-05,0.0,0.0,0.07701775152166383,0.0,0.0,0.10952406653870322,0.0,0.0,0.0,0.0,0.0,0.0,0.0,0.0,0.0,0.0,0.0,0.0,0.0,0.0,0.0,0.0,0.0,0.0,0.0,0.0,0.0,0.0,0.0,0.0,0.0,0.0,0.0,0.0,0.0,0.0,0.0,0.0,0.0,0.06744823984640586,0.0,0.0,0.0,0.0,0.0,0.0,0.0,0.0,0.0,0.0,0.0,0.0,0.0,0.0,0.0,0.0,0.0,0.0,0.0,0.0,0.0,0.0,0.08774443334949605,0.0,0.0,0.0,0.0,0.0,0.12522829383388906,0.0,0.10234449692391416,0.0,0.0,0.0,0.0,0.0,0.0,0.0,0.0,0.0,0.0,0.0,0.0,0.0,0.0,0.0,0.0,0.0,0.0,0.0,0.0,0.0,0.0,0.0,0.0,0.0,0.0,0.0,0.0,0.0,0.0,0.0,0.0,0.0,0.0,0.0,0.0,0.0,0.0,0.0,0.43069271798592773
2021-02-08,0.0,0.0,0.07685484186203449,0.0,0.0,0.10772673086905217,0.0,0.0,0.0,0.0,0.0,0.0,0.0,0.0,0.0,0.0,0.0,0.0,0.0,0.0,0.0,0.0,0.0,0.0,0.0,0.0,0.0,0.0,0.0,0.0,0.0,0.0,0.0,0.0,0.0,0.0,0.0,0.0,0.0,0.06796902616569934,0.0,0.0,0.0,0.0,0.0,0.0,0.0,0.0,0.0,0.0,0.0,0.0,0.0,0.0,0.0,0.0,0.0,0.0,0.0,0.0,0.0,0.0,0.08696272477192415,0.0,0.0,0.0,0.0,0.0,0.1322074504452319,0.0,0.10240535778089942,0.0,0.0,0.0,0.0,0.0,0.0,0.0,0.0,0.0,0.0,0.0,0.0,0.0,0.0,0.0,0.0,0.0,0.0,0.0,0.0,0.0,0.0,0.0,0.0,0.0,0.0,0.0,0.0,0.0,0.0,0.0,0.0,0.0,0.0,0.0,0.0,0.0,0.0,0.0,0.4258738681051586
2021-02-09,0.0,0.0,0.07728377176171505,0.0,0.0,0.10717249360389236,0.0,0.0,0.0,0.0,0.0,0.0,0.0,0.0,0.0,0.0,0.0,0.0,0.0,0.0,0.0,0.0,0.0,0.0,0.0,0.0,0.0,0.0,0.0,0.0,0.0,0.0,0.0,0.0,0.0,0.0,0.0,0.0,0.0,0.06714704607620736,0.0,0.0,0.0,0.0,0.0,0.0,0.0,0.0,0.0,0.0,0.0,0.0,0.0,0.0,0.0,0.0,0.0,0.0,0.0,0.0,0.0,0.0,0.08786183959259206,0.0,0.0,0.0,0.0,0.0,0.12785062451556475,0.0,0.10350744530227211,0.0,0.0,0.0,0.0,0.0,0.0,0.0,0.0,0.0,0.0,0.0,0.0,0.0,0.0,0.0,0.0,0.0,0.0,0.0,0.0,0.0,0.0,0.0,0.0,0.0,0.0,0.0,0.0,0.0,0.0,0.0,0.0,0.0,0.0,0.0,0.0,0.0,0.0,0.0,0.42917677914775626
2021-02-10,0.0,0.0,0.07509835306084715,0.0,0.0,0.10737552896888579,0.0,0.0,0.0,0.0,0.0,0.0,0.0,0.0,0.0,0.0,0.0,0.0,0.0,0.0,0.0,0.0,0.0,0.0,0.0,0.0,0.0,0.0,0.0,0.0,0.0,0.0,0.0,0.0,0.0,0.0,0.0,0.0,0.0,0.06618679093554028,0.0,0.0,0.0,0.0,0.0,0.0,0.0,0.0,0.0,0.0,0.0,0.0,0.0,0.0,0.0,0.0,0.0,0.0,0.0,0.0,0.0,0.0,0.10244898554979584,0.0,0.0,0.0,0.0,0.0,0.11592603433522027,0.0,0.10054579439679504,0.0,0.0,0.0,0.0,0.0,0.0,0.0,0.0,0.0,0.0,0.0,0.0,0.0,0.0,0.0,0.0,0.0,0.0,0.0,0.0,0.0,0.0,0.0,0.0,0.0,0.0,0.0,0.0,0.0,0.0,0.0,0.0,0.0,0.0,0.0,0.0,0.0,0.0,0.0,0.4324185127529156
2021-02-11,0.0,0.0,0.07417294303776528,0.0,0.0,0.10984142190637809,0.0,0.0,0.0,0.0,0.0,0.0,0.0,0.0,0.0,0.0,0.0,0.0,0.0,0.0,0.0,0.0,0.0,0.0,0.0,0.0,0.0,0.0,0.0,0.0,0.0,0.0,0.0,0.0,0.0,0.0,0.0,0.0,0.0,0.06608779431159612,0.0,0.0,0.0,0.0,0.0,0.0,0.0,0.0,0.0,0.0,0.0,0.0,0.0,0.0,0.0,0.0,0.0,0.0,0.0,0.0,0.0,0.0,0.10156079353938555,0.0,0.0,0.0,0.0,0.0,0.12121907743279928,0.0,0.10055003840445191,0.0,0.0,0.0,0.0,0.0,0.0,0.0,0.0,0.0,0.0,0.0,0.0,0.0,0.0,0.0,0.0,0.0,0.0,0.0,0.0,0.0,0.0,0.0,0.0,0.0,0.0,0.0,0.0,0.0,0.0,0.0,0.0,0.0,0.0,0.0,0.0,0.0,0.0,0.0,0.4265679313676237
2021-02-12,0.0,0.0,0.03449958877743881,0.0,0.0,0.05250725422746426,0.0,0.0,0.0,0.0,0.0,0.0,0.0,0.0,0.0,0.0,0.0,0.0,0.0,0.0,0.0,0.0,0.0,0.0,0.0,0.0,0.0,0.0,0.0,0.0,0.0,0.0,0.0,0.0,0.0,0.0,0.0,0.0,0.0,0.0,0.0,0.0,0.0,0.0,0.0,0.0,0.0,0.0,0.0,0.0,0.0,0.0,0.0,0.0,0.0,0.0,0.0,0.0,0.0,0.0,0.0,0.0,0.03449958877743882,0.0,0.0,0.0,0.0,0.0,0.03449958877743881,0.0,0.04934990764598707,0.0,0.0,0.0,0.0,0.0,0.0,0.0,0.0,0.0,0.0,0.0,0.0382695979449529,0.0,0.0,0.0,0.0,0.0,0.0,0.0,0.0,0.0,0.0,0.0,0.0,0.0,0.0,0.0,0.0,0.0,0.0,0.0,0.0,0.03826881404940189,0.0,0.0,0.0,0.0,0.0,0.0,0.3474645414271012
2021-02-17,0.0,0.0,0.033836052671715834,0.0,0.0,0.05277053758245372,0.0,0.0,0.0,0.0,0.0,0.0,0.0,0.0,0.0,0.0,0.0,0.0,0.0,0.0,0.0,0.0,0.0,0.0,0.0,0.0,0.0,0.0,0.0,0.0,0.0,0.0,0.0,0.0,0.0,0.0,0.0,0.0,0.0,0.0,0.0,0.0,0.0,0.0,0.0,0.0,0.0,0.0,0.0,0.0,0.0,0.0,0.0,0.0,0.0,0.0,0.0,0.0,0.0,0.0,0.0,0.0,0.0344703893270461,0.0,0.0,0.0,0.0,0.0,0.035353841198633634,0.0,0.04826438959088338,0.0,0.0,0.0,0.0,0.0,0.0,0.0,0.0,0.0,0.0,0.0,0.041622784811124504,0.0,0.0,0.0,0.0,0.0,0.0,0.0,0.0,0.0,0.0,0.0,0.0,0.0,0.0,0.0,0.0,0.0,0.0,0.0,0.0,0.04005417474416809,0.0,0.0,0.0,0.0,0.0,0.0,0.3453111975127063
2021-02-18,0.0,0.0,0.033615013972985164,0.0,0.0,0.050822185296105216,0.0,0.0,0.0,0.0,0.0,0.0,0.0,0.0,0.0,0.0,0.0,0.0,0.0,0.0,0.0,0.0,0.0,0.0,0.0,0.0,0.0,0.0,0.0,0.0,0.0,0.0,0.0,0.0,0.0,0.0,0.0,0.0,0.0,0.0,0.0,0.0,0.0,0.0,0.0,0.0,0.0,0.0,0.0,0.0,0.0,0.0,0.0,0.0,0.0,0.0,0.0,0.0,0.0,0.0,0.0,0.0,0.03430729666818325,0.0,0.0,0.0,0.0,0.0,0.03600111149198375,0.0,0.047502659996199646,0.0,0.0,0.0,0.0,0.0,0.0,0.0,0.0,0.0,0.0,0.0,0.0423410298638772,0.0,0.0,0.0,0.0,0.0,0.0,0.0,0.0,0.0,0.0,0.0,0.0,0.0,0.0,0.0,0.0,0.0,0.0,0.0,0.0,0.040089439882541655,0.0,0.0,0.0,0.0,0.0,0.0,0.7153212628281242
2021-02-19,0.0,0.0,0.03357512026759337,0.0,0.0,0.05385829081706275,0.0,0.0,0.0,0.0,0.0,0.0,0.0,0.0,0.0,0.0,0.0,0.0,0.0,0.0,0.0,0.0,0.0,0.0,0.0,0.0,0.0,0.0,0.0,0.0,0.0,0.0,0.0,0.0,0.0,0.0,0.0,0.0,0.0,0.0,0.0,0.0,0.0,0.0,0.0,0.0,0.0,0.0,0.0,0.0,0.0,0.0,0.0,0.0,0.0,0.0,0.0,0.0,0.0,0.0,0.0,0.0,0.03424129738105507,0.0,0.0,0.0,0.0,0.0,0.04093847593443891,0.0,0.046943844490609135,0.0,0.0,0.0,0.0,0.0,0.0,0.0,0.0,0.0,0.0,0.0,0.04223879678048543,0.0,0.0,0.0,0.0,0.0,0.0,0.0,0.0,0.0,0.0,0.0,0.0,0.0,0.0,0.0,0.0,0.0,0.0,0.0,0.0,0.03841042043152332,0.0,0.0,0.0,0.0,0.0,0.0,0.709793753897232
2021-02-22,0.0,0.0,0.03380871680337468,0.0,0.0,0.05461588818028731,0.0,0.0,0.0,0.0,0.0,0.0,0.0,0.0,0.0,0.0,0.0,0.0,0.0,0.0,0.0,0.0,0.0,0.0,0.0,0.0,0.0,0.0,0.0,0.0,0.0,0.0,0.0,0.0,0.0,0.0,0.0,0.0,0.0,0.0,0.0,0.0,0.0,0.0,0.0,0.0,0.0,0.0,0.0,0.0,0.0,0.0,0.0,0.0,0.0,0.0,0.0,0.0,0.0,0.0,0.0,0.0,0.03452235565970671,0.0,0.0,0.0,0.0,0.0,0.038543680228274896,0.0,0.04576061831716101,0.0,0.0,0.0,0.0,0.0,0.0,0.0,0.0,0.0,0.0,0.0,0.04391778022769889,0.0,0.0,0.0,0.0,0.0,0.0,0.0,0.0,0.0,0.0,0.0,0.0,0.0,0.0,0.0,0.0,0.0,0.0,0.0,0.0,0.037187354842828126,0.0,0.0,0.0,0.0,0.0,0.0,0.7116436057406683
2021-02-23,0.0,0.0,0.034133769751880934,0.0,0.0,0.05247668958359241,0.0,0.0,0.0,0.0,0.0,0.0,0.0,0.0,0.0,0.0,0.0,0.0,0.0,0.0,0.0,0.0,0.0,0.0,0.0,0.0,0.0,0.0,0.0,0.0,0.0,0.0,0.0,0.0,0.0,0.0,0.0,0.0,0.0,0.0,0.0,0.0,0.0,0.0,0.0,0.0,0.0,0.0,0.0,0.0,0.0,0.0,0.0,0.0,0.0,0.0,0.0,0.0,0.0,0.0,0.0,0.0,0.035086084393297974,0.0,0.0,0.0,0.0,0.0,0.03701227674860643,0.0,0.047052499973763665,0.0,0.0,0.0,0.0,0.0,0.0,0.0,0.0,0.0,0.0,0.0,0.04240591380948253,0.0,0.0,0.0,0.0,0.0,0.0,0.0,0.0,0.0,0.0,0.0,0.0,0.0,0.0,0.0,0.0,0.0,0.0,0.0,0.0,0.03800004093863016,0.0,0.0,0.0,0.0,0.0,0.0,0.713832724800746
2021-02-24,0.0,0.0,0.03458041363935867,0.0,0.0,0.05269753913807476,0.0,0.0,0.0,0.0,0.0,0.0,0.0,0.0,0.0,0.0,0.0,0.0,0.0,0.0,0.0,0.0,0.0,0.0,0.0,0.0,0.0,0.0,0.0,0.0,0.0,0.0,0.0,0.0,0.0,0.0,0.0,0.0,0.0,0.0,0.0,0.0,0.0,0.0,0.0,0.0,0.0,0.0,0.0,0.0,0.0,0.0,0.0,0.0,0.0,0.0,0.0,0.0,0.0,0.0,0.0,0.0,0.03518736888941815,0.0,0.0,0.0,0.0,0.0,0.037489675664183035,0.0,0.046615313665512845,0.0,0.0,0.0,0.0,0.0,0.0,0.0,0.0,0.0,0.0,0.0,0.04172313784481697,0.0,0.0,0.0,0.0,0.0,0.0,0.0,0.0,0.0,0.0,0.0,0.0,0.0,0.0,0.0,0.0,0.0,0.0,0.0,0.0,0.038138833346024456,0.0,0.0,0.0,0.0,0.0,0.0,0.7135677178126111
2021-02-25,0.0,0.0,0.033918415850296466,0.0,0.0,0.052237976012309,0.0,0.0,0.0,0.0,0.0,0.0,0.0,0.0,0.0,0.0,0.0,0.0,0.0,0.0,0.0,0.0,0.0,0.0,0.0,0.0,0.0,0.0,0.0,0.0,0.0,0.0,0.0,0.0,0.0,0.0,0.0,0.0,0.0,0.0,0.0,0.0,0.0,0.0,0.0,0.0,0.0,0.0,0.0,0.0,0.0,0.0,0.0,0.0,0.0,0.0,0.0,0.0,0.0,0.0,0.0,0.0,0.0350687779970197,0.0,0.0,0.0,0.0,0.0,0.03532853183546118,0.0,0.04579213382113975,0.0,0.0,0.0,0.0,0.0,0.0,0.0,0.0,0.0,0.0,0.0,0.04033350378097673,0.0,0.0,0.0,0.0,0.0,0.0,0.0,0.0,0.0,0.0,0.0,0.0,0.0,0.0,0.0,0.0,0.0,0.0,0.0,0.0,0.039103969636968904,0.0,0.0,0.0,0.0,0.0,0.0,0.7182166910658283
2021-02-26,0.0,0.0,0.03306611042045637,0.0,0.0,0.05048953725393157,0.0,0.0,0.0,0.0,0.0,0.0,0.0,0.0,0.0,0.0,0.0,0.0,0.0,0.0,0.0,0.0,0.0,0.0,0.0,0.0,0.0,0.0,0.0,0.0,0.0,0.0,0.0,0.0,0.0,0.0,0.0,0.0,0.0,0.0,0.0,0.0,0.0,0.0,0.0,0.0,0.0,0.0,0.0,0.0,0.0,0.0,0.0,0.0,0.0,0.0,0.0,0.0,0.0,0.0,0.0,0.0,0.03576388020333271,0.0,0.0,0.0,0.0,0.0,0.03412653283073873,0.0,0.04612668025514565,0.0,0.0,0.0,0.0,0.0,0.0,0.0,0.0,0.0,0.0,0.0,0.040265264811251276,0.0,0.0,0.0,0.0,0.0,0.0,0.0,0.0,0.0,0.0,0.0,0.0,0.0,0.0,0.0,0.0,0.0,0.0,0.0,0.0,0.04053400821897038,0.0,0.0,0.0,0.0,0.0,0.0,0.7196279860061733
2021-03-01,0.0,0.0,0.03383048670558814,0.0,0.0,0.049572836646642,0.0,0.0,0.0,0.0,0.0,0.0,0.0,0.0,0.0,0.0,0.0,0.0,0.0,0.0,0.0,0.0,0.0,0.0,0.0,0.0,0.0,0.0,0.0,0.0,0.0,0.0,0.0,0.0,0.0,0.0,0.0,0.0,0.0,0.0,0.0,0.0,0.0,0.0,0.0,0.0,0.0,0.0,0.0,0.0,0.0,0.0,0.0,0.0,0.0,0.0,0.0,0.0,0.0,0.0,0.0,0.0,0.036834928822126786,0.0,0.0,0.0,0.0,0.0,0.034483406868045054,0.0,0.046705571326422925,0.0,0.0,0.0,0.0,0.0,0.0,0.0,0.0,0.0,0.0,0.0,0.042375018152151986,0.0,0.0,0.0,0.0,0.0,0.0,0.0,0.0,0.0,0.0,0.0,0.0,0.0,0.0,0.0,0.0,0.0,0.0,0.0,0.0,0.038466635088120156,0.0,0.0,0.0,0.0,0.0,0.0,0.7177311163909028
2021-03-02,0.0,0.0,0.034365965184009854,0.0,0.0,0.04842215341386788,0.0,0.0,0.0,0.0,0.0,0.0,0.0,0.0,0.0,0.0,0.0,0.0,0.0,0.0,0.0,0.0,0.0,0.0,0.0,0.0,0.0,0.0,0.0,0.0,0.0,0.0,0.0,0.0,0.0,0.0,0.0,0.0,0.0,0.0,0.0,0.0,0.0,0.0,0.0,0.0,0.0,0.0,0.0,0.0,0.0,0.0,0.0,0.0,0.0,0.0,0.0,0.0,0.0,0.0,0.0,0.0,0.03705403906814568,0.0,0.0,0.0,0.0,0.0,0.032903378571576776,0.0,0.04632921746490776,0.0,0.0,0.0,0.0,0.0,0.0,0.0,0.0,0.0,0.0,0.0,0.041284820932769195,0.0,0.0,0.0,0.0,0.0,0.0,0.0,0.0,0.0,0.0,0.0,0.0,0.0,0.0,0.0,0.0,0.0,0.0,0.0,0.0,0.039425389694094246,0.0,0.0,0.0,0.0,0.0,0.0,0.7202150356706286
2021-03-03,0.0,0.0,0.034518458387244426,0.0,0.0,0.046983109056778626,0.0,0.0,0.0,0.0,0.0,0.0,0.0,0.0,0.0,0.0,0.0,0.0,0.0,0.0,0.0,0.0,0.0,0.0,0.0,0.0,0.0,0.0,0.0,0.0,0.0,0.0,0.0,0.0,0.0,0.0,0.0,0.0,0.0,0.0,0.0,0.0,0.0,0.0,0.0,0.0,0.0,0.0,0.0,0.0,0.0,0.0,0.0,0.0,0.0,0.0,0.0,0.0,0.0,0.0,0.0,0.0,0.036821292434546314,0.0,0.0,0.0,0.0,0.0,0.031142443146816735,0.0,0.0480175282008871,0.0,0.0,0.0,0.0,0.0,0.0,0.0,0.0,0.0,0.0,0.0,0.043247553455477025,0.0,0.0,0.0,0.0,0.0,0.0,0.0,0.0,0.0,0.0,0.0,0.0,0.0,0.0,0.0,0.0,0.0,0.0,0.0,0.0,0.038013265873571365,0.0,0.0,0.0,0.0,0.0,0.0,0.7212563494446784
2021-03-04,0.0,0.0,0.034377490946093305,0.0,0.0,0.04604863549068588,0.0,0.0,0.0,0.0,0.0,0.0,0.0,0.0,0.0,0.0,0.0,0.0,0.0,0.0,0.0,0.0,0.0,0.0,0.0,0.0,0.0,0.0,0.0,0.0,0.0,0.0,0.0,0.0,0.0,0.0,0.0,0.0,0.0,0.0,0.0,0.0,0.0,0.0,0.0,0.0,0.0,0.0,0.0,0.0,0.0,0.0,0.0,0.0,0.0,0.0,0.0,0.0,0.0,0.0,0.0,0.0,0.03697248600986995,0.0,0.0,0.0,0.0,0.0,0.030720107637164772,0.0,0.048600181400290675,0.0,0.0,0.0,0.0,0.0,0.0,0.0,0.0,0.0,0.0,0.0,0.04484700927093049,0.0,0.0,0.0,0.0,0.0,0.0,0.0,0.0,0.0,0.0,0.0,0.0,0.0,0.0,0.0,0.0,0.0,0.0,0.0,0.0,0.03755455811440974,0.0,0.0,0.0,0.0,0.0,0.0,0.7208795311305551
2021-03-05,0.0,0.0,0.035042948669257494,0.0,0.0,0.04397274011026276,0.0,0.0,0.0,0.0,0.0,0.0,0.0,0.0,0.0,0.0,0.0,0.0,0.0,0.0,0.0,0.0,0.0,0.0,0.0,0.0,0.0,0.0,0.0,0.0,0.0,0.0,0.0,0.0,0.0,0.0,0.0,0.0,0.0,0.0,0.0,0.0,0.0,0.0,0.0,0.0,0.0,0.0,0.0,0.0,0.0,0.0,0.0,0.0,0.0,0.0,0.0,0.0,0.0,0.0,0.0,0.0,0.03626083806337985,0.0,0.0,0.0,0.0,0.0,0.030549452279097868,0.0,0.04788936814401488,0.0,0.0,0.0,0.0,0.0,0.0,0.0,0.0,0.0,0.0,0.0,0.048137498520498354,0.0,0.0,0.0,0.0,0.0,0.0,0.0,0.0,0.0,0.0,0.0,0.0,0.0,0.0,0.0,0.0,0.0,0.0,0.0,0.0,0.0389947632096502,0.0,0.0,0.0,0.0,0.0,0.0,0.7191523910038387
2021-03-08,0.0,0.0,0.03511711137730076,0.0,0.0,0.04170138181924334,0.0,0.0,0.0,0.0,0.0,0.0,0.0,0.0,0.0,0.0,0.0,0.0,0.0,0.0,0.0,0.0,0.0,0.0,0.0,0.0,0.0,0.0,0.0,0.0,0.0,0.0,0.0,0.0,0.0,0.0,0.0,0.0,0.0,0.0,0.0,0.0,0.0,0.0,0.0,0.0,0.0,0.0,0.0,0.0,0.0,0.0,0.0,0.0,0.0,0.0,0.0,0.0,0.0,0.0,0.0,0.0,0.03478958524130286,0.0,0.0,0.0,0.0,0.0,0.027802055583820703,0.0,0.04478532898478333,0.0,0.0,0.0,0.0,0.0,0.0,0.0,0.0,0.0,0.0,0.0,0.04649688603888245,0.0,0.0,0.0,0.0,0.0,0.0,0.0,0.0,0.0,0.0,0.0,0.0,0.0,0.0,0.0,0.0,0.0,0.0,0.0,0.0,0.0376118169093258,0.0,0.0,0.0,0.0,0.0,0.0,0.7316958340453408
2021-03-09,0.0,0.0,0.034335645328265864,0.0,0.0,0.039560752564504566,0.0,0.0,0.0,0.0,0.0,0.0,0.0,0.0,0.0,0.0,0.0,0.0,0.0,0.0,0.0,0.0,0.0,0.0,0.0,0.0,0.0,0.0,0.0,0.0,0.0,0.0,0.0,0.0,0.0,0.0,0.0,0.0,0.0,0.0,0.0,0.0,0.0,0.0,0.0,0.0,0.0,0.0,0.0,0.0,0.0,0.0,0.0,0.0,0.0,0.0,0.0,0.0,0.0,0.0,0.0,0.0,0.03407338390201095,0.0,0.0,0.0,0.0,0.0,0.0276318108948746,0.0,0.04540446564941014,0.0,0.0,0.0,0.0,0.0,0.0,0.0,0.0,0.0,0.0,0.0,0.04838312849384582,0.0,0.0,0.0,0.0,0.0,0.0,0.0,0.0,0.0,0.0,0.0,0.0,0.0,0.0,0.0,0.0,0.0,0.0,0.0,0.0,0.03794226145654608,0.0,0.0,0.0,0.0,0.0,0.0,0.732668551710542
2021-03-10,0.0,0.0,0.03391772449790898,0.0,0.0,0.042395745914342906,0.0,0.0,0.0,0.0,0.0,0.0,0.0,0.0,0.0,0.0,0.0,0.0,0.0,0.0,0.0,0.0,0.0,0.0,0.0,0.0,0.0,0.0,0.0,0.0,0.0,0.0,0.0,0.0,0.0,0.0,0.0,0.0,0.0,0.0,0.0,0.0,0.0,0.0,0.0,0.0,0.0,0.0,0.0,0.0,0.0,0.0,0.0,0.0,0.0,0.0,0.0,0.0,0.0,0.0,0.0,0.0,0.034138279317046494,0.0,0.0,0.0,0.0,0.0,0.028284326843831035,0.0,0.04811149269977404,0.0,0.0,0.0,0.0,0.0,0.0,0.0,0.0,0.0,0.0,0.0,0.04604663666220849,0.0,0.0,0.0,0.0,0.0,0.0,0.0,0.0,0.0,0.0,0.0,0.0,0.0,0.0,0.0,0.0,0.0,0.0,0.0,0.0,0.03778075210167074,0.0,0.0,0.0,0.0,0.0,0.0,0.7293250419632172
2021-03-11,0.0,0.0,0.03369919322979587,0.0,0.0,0.04200171443834193,0.0,0.0,0.0,0.0,0.0,0.0,0.0,0.0,0.0,0.0,0.0,0.0,0.0,0.0,0.0,0.0,0.0,0.0,0.0,0.0,0.0,0.0,0.0,0.0,0.0,0.0,0.0,0.0,0.0,0.0,0.0,0.0,0.0,0.0,0.0,0.0,0.0,0.0,0.0,0.0,0.0,0.0,0.0,0.0,0.0,0.0,0.0,0.0,0.0,0.0,0.0,0.0,0.0,0.0,0.0,0.0,0.035191452026677034,0.0,0.0,0.0,0.0,0.0,0.029070030921555506,0.0,0.04786723120508712,0.0,0.0,0.0,0.0,0.0,0.0,0.0,0.0,0.0,0.0,0.0,0.045242329351105004,0.0,0.0,0.0,0.0,0.0,0.0,0.0,0.0,0.0,0.0,0.0,0.0,0.0,0.0,0.0,0.0,0.0,0.0,0.0,0.0,0.03832546516003869,0.0,0.0,0.0,0.0,0.0,0.0,0.7286025836673988
2021-03-12,0.0,0.0,0.033796465206768864,0.0,0.0,0.039966021438395706,0.0,0.0,0.0,0.0,0.0,0.0,0.0,0.0,0.0,0.0,0.0,0.0,0.0,0.0,0.0,0.0,0.0,0.0,0.0,0.0,0.0,0.0,0.0,0.0,0.0,0.0,0.0,0.0,0.0,0.0,0.0,0.0,0.0,0.0,0.0,0.0,0.0,0.0,0.0,0.0,0.0,0.0,0.0,0.0,0.0,0.0,0.0,0.0,0.0,0.0,0.0,0.0,0.0,0.0,0.0,0.0,0.03559632788230412,0.0,0.0,0.0,0.0,0.0,0.0273015601236408,0.0,0.04760314221372764,0.0,0.0,0.0,0.0,0.0,0.0,0.0,0.0,0.0,0.0,0.0,0.04573671131492862,0.0,0.0,0.0,0.0,0.0,0.0,0.0,0.0,0.0,0.0,0.0,0.0,0.0,0.0,0.0,0.0,0.0,0.0,0.0,0.0,0.03857953461990768,0.0,0.0,0.0,0.0,0.0,0.0,0.7314202372003265
2021-03-15,0.0,0.0,0.034987291348023655,0.0,0.0,0.04105383630978443,0.0,0.0,0.0,0.0,0.0,0.0,0.0,0.0,0.0,0.0,0.0,0.0,0.0,0.0,0.0,0.0,0.0,0.0,0.0,0.0,0.0,0.0,0.0,0.0,0.0,0.0,0.0,0.0,0.0,0.0,0.0,0.0,0.0,0.0,0.0,0.0,0.0,0.0,0.0,0.0,0.0,0.0,0.0,0.0,0.0,0.0,0.0,0.0,0.0,0.0,0.0,0.0,0.0,0.0,0.0,0.0,0.03550413771767641,0.0,0.0,0.0,0.0,0.0,0.028468071084444616,0.0,0.045837287524672934,0.0,0.0,0.0,0.0,0.0,0.0,0.0,0.0,0.0,0.0,0.0,0.04429620436922172,0.0,0.0,0.0,0.0,0.0,0.0,0.0,0.0,0.0,0.0,0.0,0.0,0.0,0.0,0.0,0.0,0.0,0.0,0.0,0.0,0.04027273570713826,0.0,0.0,0.0,0.0,0.0,0.0,0.729580435939038
2021-03-16,0.0,0.0,0.03479498332497727,0.0,0.0,0.03963656790703393,0.0,0.0,0.0,0.0,0.0,0.0,0.0,0.0,0.0,0.0,0.0,0.0,0.0,0.0,0.0,0.0,0.0,0.0,0.0,0.0,0.0,0.0,0.0,0.0,0.0,0.0,0.0,0.0,0.0,0.0,0.0,0.0,0.0,0.0,0.0,0.0,0.0,0.0,0.0,0.0,0.0,0.0,0.0,0.0,0.0,0.0,0.0,0.0,0.0,0.0,0.0,0.0,0.0,0.0,0.0,0.0,0.034917734925838696,0.0,0.0,0.0,0.0,0.0,0.030169083660297562,0.0,0.04651287813045851,0.0,0.0,0.0,0.0,0.0,0.0,0.0,0.0,0.0,0.0,0.0,0.044245990233995516,0.0,0.0,0.0,0.0,0.0,0.0,0.0,0.0,0.0,0.0,0.0,0.0,0.0,0.0,0.0,0.0,0.0,0.0,0.0,0.0,0.04251673080170493,0.0,0.0,0.0,0.0,0.0,0.0,0.7272060310156936
2021-03-17,0.0,0.0,0.035093929780730865,0.0,0.0,0.03991562728630101,0.0,0.0,0.0,0.0,0.0,0.0,0.0,0.0,0.0,0.0,0.0,0.0,0.0,0.0,0.0,0.0,0.0,0.0,0.0,0.0,0.0,0.0,0.0,0.0,0.0,0.0,0.0,0.0,0.0,0.0,0.0,0.0,0.0,0.0,0.0,0.0,0.0,0.0,0.0,0.0,0.0,0.0,0.0,0.0,0.0,0.0,0.0,0.0,0.0,0.0,0.0,0.0,0.0,0.0,0.0,0.0,0.03574363574693354,0.0,0.0,0.0,0.0,0.0,0.030283560714122162,0.0,0.04586477204574093,0.0,0.0,0.0,0.0,0.0,0.0,0.0,0.0,0.0,0.0,0.0,0.04667226162277016,0.0,0.0,0.0,0.0,0.0,0.0,0.0,0.0,0.0,0.0,0.0,0.0,0.0,0.0,0.0,0.0,0.0,0.0,0.0,0.0,0.04300887450746566,0.0,0.0,0.0,0.0,0.0,0.0,0.7234173382959357
2021-03-18,0.0,0.0,0.03460640484155303,0.0,0.0,0.03837166531030778,0.0,0.0,0.0,0.0,0.0,0.0,0.0,0.0,0.0,0.0,0.0,0.0,0.0,0.0,0.0,0.0,0.0,0.0,0.0,0.0,0.0,0.0,0.0,0.0,0.0,0.0,0.0,0.0,0.0,0.0,0.0,0.0,0.0,0.0,0.0,0.0,0.0,0.0,0.0,0.0,0.0,0.0,0.0,0.0,0.0,0.0,0.0,0.0,0.0,0.0,0.0,0.0,0.0,0.0,0.0,0.0,0.035388606866185626,0.0,0.0,0.0,0.0,0.0,0.028786499065399027,0.0,0.04324422091917344,0.0,0.0,0.0,0.0,0.0,0.0,0.0,0.0,0.0,0.0,0.0,0.043217327775897395,0.0,0.0,0.0,0.0,0.0,0.0,0.0,0.0,0.0,0.0,0.0,0.0,0.0,0.0,0.0,0.0,0.0,0.0,0.0,0.0,0.0434058153179515,0.0,0.0,0.0,0.0,0.0,0.0,0.7329794599035323
2021-03-19,0.0,0.0,0.0346904858513767,0.0,0.0,0.03882072554669785,0.0,0.0,0.0,0.0,0.0,0.0,0.0,0.0,0.0,0.0,0.0,0.0,0.0,0.0,0.0,0.0,0.0,0.0,0.0,0.0,0.0,0.0,0.0,0.0,0.0,0.0,0.0,0.0,0.0,0.0,0.0,0.0,0.0,0.0,0.0,0.0,0.0,0.0,0.0,0.0,0.0,0.0,0.0,0.0,0.0,0.0,0.0,0.0,0.0,0.0,0.0,0.0,0.0,0.0,0.0,0.0,0.035823734394119844,0.0,0.0,0.0,0.0,0.0,0.028962705564017137,0.0,0.04297016999184239,0.0,0.0,0.0,0.0,0.0,0.0,0.0,0.0,0.0,0.0,0.0,0.04571279366106801,0.0,0.0,0.0,0.0,0.0,0.0,0.0,0.0,0.0,0.0,0.0,0.0,0.0,0.0,0.0,0.0,0.0,0.0,0.0,0.0,0.04493624803436677,0.0,0.0,0.0,0.0,0.0,0.0,0.7280831369565114
2021-03-22,0.0,0.0,0.03478838948408398,0.0,0.0,0.039131827127062264,0.0,0.0,0.0,0.0,0.0,0.0,0.0,0.0,0.0,0.0,0.0,0.0,0.0,0.0,0.0,0.0,0.0,0.0,0.0,0.0,0.0,0.0,0.0,0.0,0.0,0.0,0.0,0.0,0.0,0.0,0.0,0.0,0.0,0.0,0.0,0.0,0.0,0.0,0.0,0.0,0.0,0.0,0.0,0.0,0.0,0.0,0.0,0.0,0.0,0.0,0.0,0.0,0.0,0.0,0.0,0.0,0.036101272901813974,0.0,0.0,0.0,0.0,0.0,0.029696550516992184,0.0,0.042190646099717045,0.0,0.0,0.0,0.0,0.0,0.0,0.0,0.0,0.0,0.0,0.0,0.04401884915968184,0.0,0.0,0.0,0.0,0.0,0.0,0.0,0.0,0.0,0.0,0.0,0.0,0.0,0.0,0.0,0.0,0.0,0.0,0.0,0.0,0.046723510875502805,0.0,0.0,0.0,0.0,0.0,0.0,0.7273489538351459
2021-03-23,0.0,0.0,0.034046977014636604,0.0,0.0,0.03904163204906026,0.0,0.0,0.0,0.0,0.0,0.0,0.0,0.0,0.0,0.0,0.0,0.0,0.0,0.0,0.0,0.0,0.0,0.0,0.0,0.0,0.0,0.0,0.0,0.0,0.0,0.0,0.0,0.0,0.0,0.0,0.0,0.0,0.0,0.0,0.0,0.0,0.0,0.0,0.0,0.0,0.0,0.0,0.0,0.0,0.0,0.0,0.0,0.0,0.0,0.0,0.0,0.0,0.0,0.0,0.0,0.0,0.0360093440324271,0.0,0.0,0.0,0.0,0.0,0.02973341201920998,0.0,0.041589142729569914,0.0,0.0,0.0,0.0,0.0,0.0,0.0,0.0,0.0,0.0,0.0,0.04248004967360359,0.0,0.0,0.0,0.0,0.0,0.0,0.0,0.0,0.0,0.0,0.0,0.0,0.0,0.0,0.0,0.0,0.0,0.0,0.0,0.0,0.04671132271491554,0.0,0.0,0.0,0.0,0.0,0.0,0.730388119766577
2021-03-24,0.0,0.0,0.06481879461563038,0.0,0.0,0.0741127303102726,0.0,0.0,0.0,0.0,0.0,0.0,0.0,0.0,0.0,0.0,0.0,0.0,0.0,0.035639597516295946,0.0,0.0,0.0,0.0,0.0,0.0,0.0,0.0,0.0,0.0,0.0,0.0,0.0,0.0,0.0,0.0,0.0,0.0,0.0,0.051831398234761634,0.0,0.0,0.0,0.0,0.03563734300340323,0.0,0.0,0.0,0.0,0.0,0.0,0.0,0.0,0.0,0.0,0.0,0.0,0.0,0.0,0.0,0.0,0.0,0.0648107080796646,0.0,0.0,0.0,0.0,0.0,0.06480487382397843,0.0,0.08114059264948616,0.0,0.0,0.0,0.0,0.0,0.0,0.0,0.0,0.0,0.0,0.0,0.048678135637166775,0.0,0.0,0.0,0.0,0.0,0.0,0.0,0.0,0.0,0.0,0.0,0.0,0.0,0.0,0.0,0.0356335409180748,0.0,0.0,0.0,0.0,0.04868020731444042,0.0,0.0,0.0,0.0,0.0,0.0,0.3942120778968251
2021-03-25,0.0,0.0,0.06348986368518128,0.0,0.0,0.07474641709395269,0.0,0.0,0.0,0.0,0.0,0.0,0.0,0.0,0.0,0.0,0.0,0.0,0.0,0.03583566929519464,0.0,0.0,0.0,0.0,0.0,0.0,0.0,0.0,0.0,0.0,0.0,0.0,0.0,0.0,0.0,0.0,0.0,0.0,0.0,0.051220777595690124,0.0,0.0,0.0,0.0,0.03727255111574586,0.0,0.0,0.0,0.0,0.0,0.0,0.0,0.0,0.0,0.0,0.0,0.0,0.0,0.0,0.0,0.0,0.0,0.06387518949460669,0.0,0.0,0.0,0.0,0.0,0.06334393845747578,0.0,0.08105684880414323,0.0,0.0,0.0,0.0,0.0,0.0,0.0,0.0,0.0,0.0,0.0,0.0495717898196731,0.0,0.0,0.0,0.0,0.0,0.0,0.0,0.0,0.0,0.0,0.0,0.0,0.0,0.0,0.0,0.0354964380181595,0.0,0.0,0.0,0.0,0.04888631571142691,0.0,0.0,0.0,0.0,0.0,0.0,0.39520420090875014
2021-03-26,0.0,0.0,0.06383433197289491,0.0,0.0,0.07291758825194246,0.0,0.0,0.0,0.0,0.0,0.0,0.0,0.0,0.0,0.0,0.0,0.0,0.0,0.037889458986476755,0.0,0.0,0.0,0.0,0.0,0.0,0.0,0.0,0.0,0.0,0.0,0.0,0.0,0.0,0.0,0.0,0.0,0.0,0.0,0.051608097566568346,0.0,0.0,0.0,0.0,0.03749175553394,0.0,0.0,0.0,0.0,0.0,0.0,0.0,0.0,0.0,0.0,0.0,0.0,0.0,0.0,0.0,0.0,0.0,0.06354507936192802,0.0,0.0,0.0,0.0,0.0,0.06201961286722672,0.0,0.07980924462513375,0.0,0.0,0.0,0.0,0.0,0.0,0.0,0.0,0.0,0.0,0.0,0.05130990643486068,0.0,0.0,0.0,0.0,0.0,0.0,0.0,0.0,0.0,0.0,0.0,0.0,0.0,0.0,0.0,0.035209082891092126,0.0,0.0,0.0,0.0,0.048971294009726586,0.0,0.0,0.0,0.0,0.0,0.0,0.3953945474982096
2021-03-29,0.0,0.0,0.06320407397348544,0.0,0.0,0.07398664811195715,0.0,0.0,0.0,0.0,0.0,0.0,0.0,0.0,0.0,0.0,0.0,0.0,0.0,0.03950997195034858,0.0,0.0,0.0,0.0,0.0,0.0,0.0,0.0,0.0,0.0,0.0,0.0,0.0,0.0,0.0,0.0,0.0,0.0,0.0,0.05147591638283617,0.0,0.0,0.0,0.0,0.03663271627172967,0.0,0.0,0.0,0.0,0.0,0.0,0.0,0.0,0.0,0.0,0.0,0.0,0.0,0.0,0.0,0.0,0.0,0.06477982627098952,0.0,0.0,0.0,0.0,0.0,0.05785102291224879,0.0,0.07835986860267179,0.0,0.0,0.0,0.0,0.0,0.0,0.0,0.0,0.0,0.0,0.0,0.05227065175090446,0.0,0.0,0.0,0.0,0.0,0.0,0.0,0.0,0.0,0.0,0.0,0.0,0.0,0.0,0.0,0.0353730040595476,0.0,0.0,0.0,0.0,0.05178176439137191,0.0,0.0,0.0,0.0,0.0,0.0,0.39477453532190887
2021-03-30,0.0,0.0,0.06388942943987902,0.0,0.0,0.07490765819296698,0.0,0.0,0.0,0.0,0.0,0.0,0.0,0.0,0.0,0.0,0.0,0.0,0.0,0.03910607810981461,0.0,0.0,0.0,0.0,0.0,0.0,0.0,0.0,0.0,0.0,0.0,0.0,0.0,0.0,0.0,0.0,0.0,0.0,0.0,0.05216233031070396,0.0,0.0,0.0,0.0,0.03741653734068866,0.0,0.0,0.0,0.0,0.0,0.0,0.0,0.0,0.0,0.0,0.0,0.0,0.0,0.0,0.0,0.0,0.0,0.06587682016211677,0.0,0.0,0.0,0.0,0.0,0.060599032611072884,0.0,0.0792932167466678,0.0,0.0,0.0,0.0,0.0,0.0,0.0,0.0,0.0,0.0,0.0,0.050643117607242126,0.0,0.0,0.0,0.0,0.0,0.0,0.0,0.0,0.0,0.0,0.0,0.0,0.0,0.0,0.0,0.033901026936683926,0.0,0.0,0.0,0.0,0.05085219890863174,0.0,0.0,0.0,0.0,0.0,0.0,0.39135255363353144
2021-03-31,0.0,0.0,0.0655048575623779,0.0,0.0,0.0739350445010831,0.0,0.0,0.0,0.0,0.0,0.0,0.0,0.0,0.0,0.0,0.0,0.0,0.0,0.03918116495722598,0.0,0.0,0.0,0.0,0.0,0.0,0.0,0.0,0.0,0.0,0.0,0.0,0.0,0.0,0.0,0.0,0.0,0.0,0.0,0.05334649507698921,0.0,0.0,0.0,0.0,0.03766513873152379,0.0,0.0,0.0,0.0,0.0,0.0,0.0,0.0,0.0,0.0,0.0,0.0,0.0,0.0,0.0,0.0,0.0,0.06467673358426998,0.0,0.0,0.0,0.0,0.0,0.06097343057336329,0.0,0.08000579791411727,0.0,0.0,0.0,0.0,0.0,0.0,0.0,0.0,0.0,0.0,0.0,0.05064928684179153,0.0,0.0,0.0,0.0,0.0,0.0,0.0,0.0,0.0,0.0,0.0,0.0,0.0,0.0,0.0,0.03290777102372323,0.0,0.0,0.0,0.0,0.04975581102843572,0.0,0.0,0.0,0.0,0.0,0.0,0.3913984682050989
2021-04-01,0.0,0.0,0.06579779051571523,0.0,0.0,0.074578784192114,0.0,0.0,0.0,0.0,0.0,0.0,0.0,0.0,0.0,0.0,0.0,0.0,0.0,0.04009708638864155,0.0,0.0,0.0,0.0,0.0,0.0,0.0,0.0,0.0,0.0,0.0,0.0,0.0,0.0,0.0,0.0,0.0,0.0,0.0,0.05246007644351041,0.0,0.0,0.0,0.0,0.03638715948220256,0.0,0.0,0.0,0.0,0.0,0.0,0.0,0.0,0.0,0.0,0.0,0.0,0.0,0.0,0.0,0.0,0.0,0.06324194060887373,0.0,0.0,0.0,0.0,0.0,0.06376593022941182,0.0,0.0804144202399796,0.0,0.0,0.0,0.0,0.0,0.0,0.0,0.0,0.0,0.0,0.0,0.0496997011879402,0.0,0.0,0.0,0.0,0.0,0.0,0.0,0.0,0.0,0.0,0.0,0.0,0.0,0.0,0.0,0.03308665082722088,0.0,0.0,0.0,0.0,0.05088182576592035,0.0,0.0,0.0,0.0,0.0,0.0,0.3895886341184697
2021-04-05,0.0,0.0,0.06637805758797358,0.0,0.0,0.07445370669167899,0.0,0.0,0.0,0.0,0.0,0.0,0.0,0.0,0.0,0.0,0.0,0.0,0.0,0.04218707944855821,0.0,0.0,0.0,0.0,0.0,0.0,0.0,0.0,0.0,0.0,0.0,0.0,0.0,0.0,0.0,0.0,0.0,0.0,0.0,0.0530289699494685,0.0,0.0,0.0,0.0,0.03727827522293817,0.0,0.0,0.0,0.0,0.0,0.0,0.0,0.0,0.0,0.0,0.0,0.0,0.0,0.0,0.0,0.0,0.0,0.06319524439558827,0.0,0.0,0.0,0.0,0.0,0.06349840324008016,0.0,0.08003202861833075,0.0,0.0,0.0,0.0,0.0,0.0,0.0,0.0,0.0,0.0,0.0,0.04931589926490786,0.0,0.0,0.0,0.0,0.0,0.0,0.0,0.0,0.0,0.0,0.0,0.0,0.0,0.0,0.0,0.03296156721904378,0.0,0.0,0.0,0.0,0.0495146859391075,0.0,0.0,0.0,0.0,0.0,0.0,0.3881560824223244
2021-04-06,0.0,0.0,0.06743039699298767,0.0,0.0,0.07529163063983345,0.0,0.0,0.0,0.0,0.0,0.0,0.0,0.0,0.0,0.0,0.0,0.0,0.0,0.04143379017582488,0.0,0.0,0.0,0.0,0.0,0.0,0.0,0.0,0.0,0.0,0.0,0.0,0.0,0.0,0.0,0.0,0.0,0.0,0.0,0.05329472151824665,0.0,0.0,0.0,0.0,0.03756730985975124,0.0,0.0,0.0,0.0,0.0,0.0,0.0,0.0,0.0,0.0,0.0,0.0,0.0,0.0,0.0,0.0,0.0,0.06275611962002826,0.0,0.0,0.0,0.0,0.0,0.06656576812373972,0.0,0.07978408046980762,0.0,0.0,0.0,0.0,0.0,0.0,0.0,0.0,0.0,0.0,0.0,0.050276963232366405,0.0,0.0,0.0,0.0,0.0,0.0,0.0,0.0,0.0,0.0,0.0,0.0,0.0,0.0,0.0,0.033042691629428696,0.0,0.0,0.0,0.0,0.04894430518578818,0.0,0.0,0.0,0.0,0.0,0.0,0.3836122225521972
2021-04-07,0.0,0.0,0.06700523898469533,0.0,0.0,0.07309101881822144,0.0,0.0,0.0,0.0,0.0,0.0,0.0,0.0,0.0,0.0,0.0,0.0,0.0,0.042222258817128946,0.0,0.0,0.0,0.0,0.0,0.0,0.0,0.0,0.0,0.0,0.0,0.0,0.0,0.0,0.0,0.0,0.0,0.0,0.0,0.05273607809270881,0.0,0.0,0.0,0.0,0.03729497137139226,0.0,0.0,0.0,0.0,0.0,0.0,0.0,0.0,0.0,0.0,0.0,0.0,0.0,0.0,0.0,0.0,0.0,0.06371764358917736,0.0,0.0,0.0,0.0,0.0,0.06737711270790474,0.0,0.07818873842386737,0.0,0.0,0.0,0.0,0.0,0.0,0.0,0.0,0.0,0.0,0.0,0.05089428297228947,0.0,0.0,0.0,0.0,0.0,0.0,0.0,0.0,0.0,0.0,0.0,0.0,0.0,0.0,0.0,0.03286771411336405,0.0,0.0,0.0,0.0,0.050799165024041935,0.0,0.0,0.0,0.0,0.0,0.0,0.38380577708520836
2021-04-08,0.0,0.0,0.06687440899287006,0.0,0.0,0.07392197075626311,0.0,0.0,0.0,0.0,0.0,0.0,0.0,0.0,0.0,0.0,0.0,0.0,0.0,0.041902688878750934,0.0,0.0,0.0,0.0,0.0,0.0,0.0,0.0,0.0,0.0,0.0,0.0,0.0,0.0,0.0,0.0,0.0,0.0,0.0,0.051368123576295444,0.0,0.0,0.0,0.0,0.03754043318596563,0.0,0.0,0.0,0.0,0.0,0.0,0.0,0.0,0.0,0.0,0.0,0.0,0.0,0.0,0.0,0.0,0.0,0.06448467675797559,0.0,0.0,0.0,0.0,0.0,0.07045419251439775,0.0,0.08295451637682034,0.0,0.0,0.0,0.0,0.0,0.0,0.0,0.0,0.0,0.0,0.0,0.049948523278534565,0.0,0.0,0.0,0.0,0.0,0.0,0.0,0.0,0.0,0.0,0.0,0.0,0.0,0.0,0.0,0.03247329411117088,0.0,0.0,0.0,0.0,0.05196089716930286,0.0,0.0,0.0,0.0,0.0,0.0,0.3761162744016528
2021-04-09,0.0,0.0,0.06917489475995893,0.0,0.0,0.0733108933207012,0.0,0.0,0.0,0.0,0.0,0.0,0.0,0.0,0.0,0.0,0.0,0.0,0.0,0.04207038137482182,0.0,0.0,0.0,0.0,0.0,0.0,0.0,0.0,0.0,0.0,0.0,0.0,0.0,0.0,0.0,0.0,0.0,0.0,0.0,0.051475228220585895,0.0,0.0,0.0,0.0,0.03743489105483062,0.0,0.0,0.0,0.0,0.0,0.0,0.0,0.0,0.0,0.0,0.0,0.0,0.0,0.0,0.0,0.0,0.0,0.065152685979394,0.0,0.0,0.0,0.0,0.0,0.06687157353536216,0.0,0.08237256556052631,0.0,0.0,0.0,0.0,0.0,0.0,0.0,0.0,0.0,0.0,0.0,0.04987286897984172,0.0,0.0,0.0,0.0,0.0,0.0,0.0,0.0,0.0,0.0,0.0,0.0,0.0,0.0,0.0,0.032951884052697104,0.0,0.0,0.0,0.0,0.0526931069106272,0.0,0.0,0.0,0.0,0.0,0.0,0.37661902625065313
2021-04-12,0.0,0.0,0.07038868994047798,0.0,0.0,0.07361300679504372,0.0,0.0,0.0,0.0,0.0,0.0,0.0,0.0,0.0,0.0,0.0,0.0,0.0,0.04213097105259671,0.0,0.0,0.0,0.0,0.0,0.0,0.0,0.0,0.0,0.0,0.0,0.0,0.0,0.0,0.0,0.0,0.0,0.0,0.0,0.050887480451685584,0.0,0.0,0.0,0.0,0.03892132284511783,0.0,0.0,0.0,0.0,0.0,0.0,0.0,0.0,0.0,0.0,0.0,0.0,0.0,0.0,0.0,0.0,0.0,0.06530956466598101,0.0,0.0,0.0,0.0,0.0,0.06672750807709545,0.0,0.0817740727976301,0.0,0.0,0.0,0.0,0.0,0.0,0.0,0.0,0.0,0.0,0.0,0.050825441352314614,0.0,0.0,0.0,0.0,0.0,0.0,0.0,0.0,0.0,0.0,0.0,0.0,0.0,0.0,0.0,0.033027085837840406,0.0,0.0,0.0,0.0,0.052127962903246707,0.0,0.0,0.0,0.0,0.0,0.0,0.3742668932809699
2021-04-13,0.0,0.0,0.06893657739219862,0.0,0.0,0.07949693453186052,0.0,0.0,0.0,0.0,0.0,0.0,0.0,0.0,0.0,0.0,0.0,0.0,0.0,0.042130908803455415,0.0,0.0,0.0,0.0,0.0,0.0,0.0,0.0,0.0,0.0,0.0,0.0,0.0,0.0,0.0,0.0,0.0,0.0,0.0,0.04943844555041537,0.0,0.0,0.0,0.0,0.03583753856290741,0.0,0.0,0.0,0.0,0.0,0.0,0.0,0.0,0.0,0.0,0.0,0.0,0.0,0.0,0.0,0.0,0.0,0.06388824033895642,0.0,0.0,0.0,0.0,0.0,0.06873002151341462,0.0,0.08309732499828072,0.0,0.0,0.0,0.0,0.0,0.0,0.0,0.0,0.0,0.0,0.0,0.05223420156880746,0.0,0.0,0.0,0.0,0.0,0.0,0.0,0.0,0.0,0.0,0.0,0.0,0.0,0.0,0.0,0.03291187976245656,0.0,0.0,0.0,0.0,0.05235864674449348,0.0,0.0,0.0,0.0,0.0,0.0,0.3709392802327535
2021-04-14,0.0,0.0,0.07033237490793078,0.0,0.0,0.07747995236739871,0.0,0.0,0.0,0.0,0.0,0.0,0.0,0.0,0.0,0.0,0.0,0.0,0.0,0.04334044610715432,0.0,0.0,0.0,0.0,0.0,0.0,0.0,0.0,0.0,0.0,0.0,0.0,0.0,0.0,0.0,0.0,0.0,0.0,0.0,0.04955627832109211,0.0,0.0,0.0,0.0,0.034916766775075825,0.0,0.0,0.0,0.0,0.0,0.0,0.0,0.0,0.0,0.0,0.0,0.0,0.0,0.0,0.0,0.0,0.0,0.062354501979831126,0.0,0.0,0.0,0.0,0.0,0.06815930344264284,0.0,0.08299521707945771,0.0,0.0,0.0,0.0,0.0,0.0,0.0,0.0,0.0,0.0,0.0,0.053035973063194734,0.0,0.0,0.0,0.0,0.0,0.0,0.0,0.0,0.0,0.0,0.0,0.0,0.0,0.0,0.0,0.032511868562757375,0.0,0.0,0.0,0.0,0.0534553400807555,0.0,0.0,0.0,0.0,0.0,0.0,0.37186197731270904
2021-04-15,0.0,0.0,0.07209947810207261,0.0,0.0,0.07831514567090896,0.0,0.0,0.0,0.0,0.0,0.0,0.0,0.0,0.0,0.0,0.0,0.0,0.0,0.04342970771623714,0.0,0.0,0.0,0.0,0.0,0.0,0.0,0.0,0.0,0.0,0.0,0.0,0.0,0.0,0.0,0.0,0.0,0.0,0.0,0.04853754308947687,0.0,0.0,0.0,0.0,0.035117861266198876,0.0,0.0,0.0,0.0,0.0,0.0,0.0,0.0,0.0,0.0,0.0,0.0,0.0,0.0,0.0,0.0,0.0,0.06616084520834968,0.0,0.0,0.0,0.0,0.0,0.06735956499204078,0.0,0.08281041462780604,0.0,0.0,0.0,0.0,0.0,0.0,0.0,0.0,0.0,0.0,0.0,0.05055180297333731,0.0,0.0,0.0,0.0,0.0,0.0,0.0,0.0,0.0,0.0,0.0,0.0,0.0,0.0,0.0,0.032662338693502796,0.0,0.0,0.0,0.0,0.05322002283444865,0.0,0.0,0.0,0.0,0.0,0.0,0.36973527482562013
2021-04-16,0.0,0.0,0.07565108831319886,0.0,0.0,0.07808901064458056,0.0,0.0,0.0,0.0,0.0,0.0,0.0,0.0,0.0,0.0,0.0,0.0,0.0,0.0435249790164599,0.0,0.0,0.0,0.0,0.0,0.0,0.0,0.0,0.0,0.0,0.0,0.0,0.0,0.0,0.0,0.0,0.0,0.0,0.0,0.048561584546116754,0.0,0.0,0.0,0.0,0.035350826640475654,0.0,0.0,0.0,0.0,0.0,0.0,0.0,0.0,0.0,0.0,0.0,0.0,0.0,0.0,0.0,0.0,0.0,0.06503328973491598,0.0,0.0,0.0,0.0,0.0,0.06763220791888884,0.0,0.08151791467872505,0.0,0.0,0.0,0.0,0.0,0.0,0.0,0.0,0.0,0.0,0.0,0.050677284877363345,0.0,0.0,0.0,0.0,0.0,0.0,0.0,0.0,0.0,0.0,0.0,0.0,0.0,0.0,0.0,0.03212064332012315,0.0,0.0,0.0,0.0,0.05318931336846536,0.0,0.0,0.0,0.0,0.0,0.0,0.3686518569406865
2021-04-19,0.0,0.0,0.0802857764569265,0.0,0.0,0.07713789574682053,0.0,0.0,0.0,0.0,0.0,0.0,0.0,0.0,0.0,0.0,0.0,0.0,0.0,0.044061198485342824,0.0,0.0,0.0,0.0,0.0,0.0,0.0,0.0,0.0,0.0,0.0,0.0,0.0,0.0,0.0,0.0,0.0,0.0,0.0,0.048438556430177034,0.0,0.0,0.0,0.0,0.03396140567033266,0.0,0.0,0.0,0.0,0.0,0.0,0.0,0.0,0.0,0.0,0.0,0.0,0.0,0.0,0.0,0.0,0.0,0.06465743183213148,0.0,0.0,0.0,0.0,0.0,0.06790180284363123,0.0,0.0802390725403488,0.0,0.0,0.0,0.0,0.0,0.0,0.0,0.0,0.0,0.0,0.0,0.04940308700401825,0.0,0.0,0.0,0.0,0.0,0.0,0.0,0.0,0.0,0.0,0.0,0.0,0.0,0.0,0.0,0.03245213652138363,0.0,0.0,0.0,0.0,0.05402957511682819,0.0,0.0,0.0,0.0,0.0,0.0,0.36743206135205897
2021-04-20,0.0,0.0,0.08062851392769302,0.0,0.0,0.0749115056726862,0.0,0.0,0.0,0.0,0.0,0.0,0.0,0.0,0.0,0.0,0.0,0.0,0.0,0.04329512995467765,0.0,0.0,0.0,0.0,0.0,0.0,0.0,0.0,0.0,0.0,0.0,0.0,0.0,0.0,0.0,0.0,0.0,0.0,0.0,0.049339051203487444,0.0,0.0,0.0,0.0,0.033892731598687165,0.0,0.0,0.0,0.0,0.0,0.0,0.0,0.0,0.0,0.0,0.0,0.0,0.0,0.0,0.0,0.0,0.0,0.06641111139715393,0.0,0.0,0.0,0.0,0.0,0.06859898355768271,0.0,0.07999149607170933,0.0,0.0,0.0,0.0,0.0,0.0,0.0,0.0,0.0,0.0,0.0,0.04780143948474041,0.0,0.0,0.0,0.0,0.0,0.0,0.0,0.0,0.0,0.0,0.0,0.0,0.0,0.0,0.0,0.03251234580975132,0.0,0.0,0.0,0.0,0.05543333082188262,0.0,0.0,0.0,0.0,0.0,0.0,0.36718436049984804
2021-04-22,0.0,0.0,0.08226631522886083,0.0,0.0,0.07447120476102621,0.0,0.0,0.0,0.0,0.0,0.0,0.0,0.0,0.0,0.0,0.0,0.0,0.0,0.0436476443554642,0.0,0.0,0.0,0.0,0.0,0.0,0.0,0.0,0.0,0.0,0.0,0.0,0.0,0.0,0.0,0.0,0.0,0.0,0.0,0.04846316876229056,0.0,0.0,0.0,0.0,0.03327078335010673,0.0,0.0,0.0,0.0,0.0,0.0,0.0,0.0,0.0,0.0,0.0,0.0,0.0,0.0,0.0,0.0,0.0,0.06680201929594776,0.0,0.0,0.0,0.0,0.0,0.06993500755245963,0.0,0.07870317445096055,0.0,0.0,0.0,0.0,0.0,0.0,0.0,0.0,0.0,0.0,0.0,0.047004008789960854,0.0,0.0,0.0,0.0,0.0,0.0,0.0,0.0,0.0,0.0,0.0,0.0,0.0,0.0,0.0,0.03143106188035218,0.0,0.0,0.0,0.0,0.05501009261721308,0.0,0.0,0.0,0.0,0.0,0.0,0.3689955189553572
2021-04-23,0.0,0.0,0.0817212480014245,0.0,0.0,0.07377450467688734,0.0,0.0,0.0,0.0,0.0,0.0,0.0,0.0,0.0,0.0,0.0,0.0,0.0,0.04323613467833049,0.0,0.0,0.0,0.0,0.0,0.0,0.0,0.0,0.0,0.0,0.0,0.0,0.0,0.0,0.0,0.0,0.0,0.0,0.0,0.04811538756173453,0.0,0.0,0.0,0.0,0.03344102579307501,0.0,0.0,0.0,0.0,0.0,0.0,0.0,0.0,0.0,0.0,0.0,0.0,0.0,0.0,0.0,0.0,0.0,0.06721910395035814,0.0,0.0,0.0,0.0,0.0,0.07181605426218599,0.0,0.08035222579749077,0.0,0.0,0.0,0.0,0.0,0.0,0.0,0.0,0.0,0.0,0.0,0.04715982271019288,0.0,0.0,0.0,0.0,0.0,0.0,0.0,0.0,0.0,0.0,0.0,0.0,0.0,0.0,0.0,0.0314576586320431,0.0,0.0,0.0,0.0,0.05499708876121515,0.0,0.0,0.0,0.0,0.0,0.0,0.36670974517506216
2021-04-26,0.0,0.0,0.07961810390959248,0.0,0.0,0.07343683663777169,0.0,0.0,0.0,0.0,0.0,0.0,0.0,0.0,0.0,0.0,0.0,0.0,0.0,0.04367862354008472,0.0,0.0,0.0,0.0,0.0,0.0,0.0,0.0,0.0,0.0,0.0,0.0,0.0,0.0,0.0,0.0,0.0,0.0,0.0,0.04865689404604827,0.0,0.0,0.0,0.0,0.033161217876356036,0.0,0.0,0.0,0.0,0.0,0.0,0.0,0.0,0.0,0.0,0.0,0.0,0.0,0.0,0.0,0.0,0.0,0.06814916470163748,0.0,0.0,0.0,0.0,0.0,0.07206232121843797,0.0,0.08046965418160947,0.0,0.0,0.0,0.0,0.0,0.0,0.0,0.0,0.0,0.0,0.0,0.04647451098000655,0.0,0.0,0.0,0.0,0.0,0.0,0.0,0.0,0.0,0.0,0.0,0.0,0.0,0.0,0.0,0.03122205162598076,0.0,0.0,0.0,0.0,0.05544851768068255,0.0,0.0,0.0,0.0,0.0,0.0,0.3676221036017921
2021-04-27,0.0,0.0,0.08030892483876868,0.0,0.0,0.07170363563745473,0.0,0.0,0.0,0.0,0.0,0.0,0.0,0.0,0.0,0.0,0.0,0.0,0.0,0.04370463409095206,0.0,0.0,0.0,0.0,0.0,0.0,0.0,0.0,0.0,0.0,0.0,0.0,0.0,0.0,0.0,0.0,0.0,0.0,0.0,0.04830209633661309,0.0,0.0,0.0,0.0,0.03248607827756675,0.0,0.0,0.0,0.0,0.0,0.0,0.0,0.0,0.0,0.0,0.0,0.0,0.0,0.0,0.0,0.0,0.0,0.06937087300482986,0.0,0.0,0.0,0.0,0.0,0.07075391112819715,0.0,0.0781142343585793,0.0,0.0,0.0,0.0,0.0,0.0,0.0,0.0,0.0,0.0,0.0,0.0466368617168162,0.0,0.0,0.0,0.0,0.0,0.0,0.0,0.0,0.0,0.0,0.0,0.0,0.0,0.0,0.0,0.03209139361198882,0.0,0.0,0.0,0.0,0.05668170273546133,0.0,0.0,0.0,0.0,0.0,0.0,0.369845654262772
2021-04-28,0.0,0.0,0.08297135764460092,0.0,0.0,0.07238695794714327,0.0,0.0,0.0,0.0,0.0,0.0,0.0,0.0,0.0,0.0,0.0,0.0,0.0,0.04395657941240426,0.0,0.0,0.0,0.0,0.0,0.0,0.0,0.0,0.0,0.0,0.0,0.0,0.0,0.0,0.0,0.0,0.0,0.0,0.0,0.04970828976798219,0.0,0.0,0.0,0.0,0.03224167252587737,0.0,0.0,0.0,0.0,0.0,0.0,0.0,0.0,0.0,0.0,0.0,0.0,0.0,0.0,0.0,0.0,0.0,0.06954092361135572,0.0,0.0,0.0,0.0,0.0,0.07141430056213667,0.0,0.07651659641491382,0.0,0.0,0.0,0.0,0.0,0.0,0.0,0.0,0.0,0.0,0.0,0.04747346685688956,0.0,0.0,0.0,0.0,0.0,0.0,0.0,0.0,0.0,0.0,0.0,0.0,0.0,0.0,0.0,0.030393219820028235,0.0,0.0,0.0,0.0,0.05581392508616544,0.0,0.0,0.0,0.0,0.0,0.0,0.3675827103505027
2021-04-29,0.0,0.0,0.08673192185488603,0.0,0.0,0.07692698287868145,0.0,0.0,0.0,0.0,0.0,0.0,0.0,0.0,0.0,0.0,0.0,0.0,0.0,0.042742847733734934,0.0,0.0,0.0,0.0,0.0,0.0,0.0,0.0,0.0,0.0,0.0,0.0,0.0,0.0,0.0,0.0,0.0,0.0,0.0,0.051284809967285426,0.0,0.0,0.0,0.0,0.03146209573187624,0.0,0.0,0.0,0.0,0.0,0.0,0.0,0.0,0.0,0.0,0.0,0.0,0.0,0.0,0.0,0.0,0.0,0.06954960193200752,0.0,0.0,0.0,0.0,0.0,0.07133711215811152,0.0,0.07408215768292926,0.0,0.0,0.0,0.0,0.0,0.0,0.0,0.0,0.0,0.0,0.0,0.047015383278421516,0.0,0.0,0.0,0.0,0.0,0.0,0.0,0.0,0.0,0.0,0.0,0.0,0.0,0.0,0.0,0.03003708910071676,0.0,0.0,0.0,0.0,0.05605383832114919,0.0,0.0,0.0,0.0,0.0,0.0,0.36277615936020025
2021-04-30,0.0,0.0,0.09212992994773961,0.0,0.0,0.07599664656293867,0.0,0.0,0.0,0.0,0.0,0.0,0.0,0.0,0.0,0.0,0.0,0.0,0.0,0.041828602990786966,0.0,0.0,0.0,0.0,0.0,0.0,0.0,0.0,0.0,0.0,0.0,0.0,0.0,0.0,0.0,0.0,0.0,0.0,0.0,0.05079140064791799,0.0,0.0,0.0,0.0,0.030690182787927935,0.0,0.0,0.0,0.0,0.0,0.0,0.0,0.0,0.0,0.0,0.0,0.0,0.0,0.0,0.0,0.0,0.0,0.06943471425207082,0.0,0.0,0.0,0.0,0.0,0.07120993436217962,0.0,0.0734409340662688,0.0,0.0,0.0,0.0,0.0,0.0,0.0,0.0,0.0,0.0,0.0,0.04662433969976728,0.0,0.0,0.0,0.0,0.0,0.0,0.0,0.0,0.0,0.0,0.0,0.0,0.0,0.0,0.0,0.030577666001231282,0.0,0.0,0.0,0.0,0.05347215790795865,0.0,0.0,0.0,0.0,0.0,0.0,0.3638034907732126
2021-05-03,0.0,0.0,0.04068900669995401,0.0,0.0,0.053642377771340836,0.0,0.0,0.0,0.0,0.0,0.0,0.0,0.0,0.0,0.0,0.0,0.0,0.0,0.05066690595786319,0.0,0.0,0.0,0.0,0.0,0.0,0.0,0.0,0.0,0.0,0.0,0.0,0.0,0.0,0.0,0.0,0.0,0.0,0.0,0.03255120535995339,0.0,0.0,0.0,0.0,0.050651526940161055,0.0,0.0,0.0,0.0,0.0,0.0,0.0,0.0,0.0,0.0,0.0,0.0,0.0,0.0,0.0,0.0,0.0,0.04068900669995401,0.0,0.0,0.0,0.0,0.0,0.04068900669995401,0.0,0.0637547498511777,0.0,0.0,0.0,0.0,0.0,0.0,0.0,0.0,0.0,0.0,0.0,0.06878981733839513,0.0,0.0,0.0,0.0,0.0,0.0,0.0,0.0,0.0,0.0,0.0,0.0,0.0,0.0,0.0,0.05064791017793567,0.0,0.04001429581458529,0.0,0.0,0.0687885719229602,0.0,0.0,0.0,0.0,0.0,0.0,0.23655152505757537
2021-05-04,0.0,0.0,0.040158532597053244,0.0,0.0,0.05315212311347003,0.0,0.0,0.0,0.0,0.0,0.0,0.0,0.0,0.0,0.0,0.0,0.0,0.0,0.05035869836134267,0.0,0.0,0.0,0.0,0.0,0.0,0.0,0.0,0.0,0.0,0.0,0.0,0.0,0.0,0.0,0.0,0.0,0.0,0.0,0.03230825344979252,0.0,0.0,0.0,0.0,0.05045168801284943,0.0,0.0,0.0,0.0,0.0,0.0,0.0,0.0,0.0,0.0,0.0,0.0,0.0,0.0,0.0,0.0,0.0,0.040894967826896216,0.0,0.0,0.0,0.0,0.0,0.03876430944768439,0.0,0.06266160187531462,0.0,0.0,0.0,0.0,0.0,0.0,0.0,0.0,0.0,0.0,0.0,0.0716392867318113,0.0,0.0,0.0,0.0,0.0,0.0,0.0,0.0,0.0,0.0,0.0,0.0,0.0,0.0,0.0,0.0507956751319095,0.0,0.04009777243975532,0.0,0.0,0.06857246959128453,0.0,0.0,0.0,0.0,0.0,0.0,0.23758214121964286
2021-05-05,0.0,0.0,0.041961410092041934,0.0,0.0,0.05228864505001771,0.0,0.0,0.0,0.0,0.0,0.0,0.0,0.0,0.0,0.0,0.0,0.0,0.0,0.05033623427347356,0.0,0.0,0.0,0.0,0.0,0.0,0.0,0.0,0.0,0.0,0.0,0.0,0.0,0.0,0.0,0.0,0.0,0.0,0.0,0.031975101415400144,0.0,0.0,0.0,0.0,0.050830472015511836,0.0,0.0,0.0,0.0,0.0,0.0,0.0,0.0,0.0,0.0,0.0,0.0,0.0,0.0,0.0,0.0,0.0,0.0414614126963092,0.0,0.0,0.0,0.0,0.0,0.038930856526448086,0.0,0.06253919251784089,0.0,0.0,0.0,0.0,0.0,0.0,0.0,0.0,0.0,0.0,0.0,0.07225654587511773,0.0,0.0,0.0,0.0,0.0,0.0,0.0,0.0,0.0,0.0,0.0,0.0,0.0,0.0,0.0,0.050358967718757336,0.0,0.039950843941380945,0.0,0.0,0.07071650165872835,0.0,0.0,0.0,0.0,0.0,0.0,0.39639381621897224
2021-05-06,0.0,0.0,0.040875773912383624,0.0,0.0,0.0504059419778354,0.0,0.0,0.0,0.0,0.0,0.0,0.0,0.0,0.0,0.0,0.0,0.0,0.0,0.052548241580519905,0.0,0.0,0.0,0.0,0.0,0.0,0.0,0.0,0.0,0.0,0.0,0.0,0.0,0.0,0.0,0.0,0.0,0.0,0.0,0.03172802153996262,0.0,0.0,0.0,0.0,0.05165585361649403,0.0,0.0,0.0,0.0,0.0,0.0,0.0,0.0,0.0,0.0,0.0,0.0,0.0,0.0,0.0,0.0,0.0,0.04355552355491262,0.0,0.0,0.0,0.0,0.0,0.036792811690450726,0.0,0.0612002980836232,0.0,0.0,0.0,0.0,0.0,0.0,0.0,0.0,0.0,0.0,0.0,0.07156296449667,0.0,0.0,0.0,0.0,0.0,0.0,0.0,0.0,0.0,0.0,0.0,0.0,0.0,0.0,0.0,0.050238714481187205,0.0,0.040580986643808596,0.0,0.0,0.07212394014304645,0.0,0.0,0.0,0.0,0.0,0.0,0.39673092827910567
2021-05-07,0.0,0.0,0.040363116581159146,0.0,0.0,0.04974482205084884,0.0,0.0,0.0,0.0,0.0,0.0,0.0,0.0,0.0,0.0,0.0,0.0,0.0,0.05249582776363021,0.0,0.0,0.0,0.0,0.0,0.0,0.0,0.0,0.0,0.0,0.0,0.0,0.0,0.0,0.0,0.0,0.0,0.0,0.0,0.03288912168555955,0.0,0.0,0.0,0.0,0.05259722769986505,0.0,0.0,0.0,0.0,0.0,0.0,0.0,0.0,0.0,0.0,0.0,0.0,0.0,0.0,0.0,0.0,0.0,0.04315523566189737,0.0,0.0,0.0,0.0,0.0,0.03564970697696952,0.0,0.06224595624940318,0.0,0.0,0.0,0.0,0.0,0.0,0.0,0.0,0.0,0.0,0.0,0.07124921048001358,0.0,0.0,0.0,0.0,0.0,0.0,0.0,0.0,0.0,0.0,0.0,0.0,0.0,0.0,0.0,0.04996278593950931,0.0,0.041505799150191765,0.0,0.0,0.0733028274131021,0.0,0.0,0.0,0.0,0.0,0.0,0.39483836234785036
2021-05-10,0.0,0.0,0.03972395946752356,0.0,0.0,0.0480572678864532,0.0,0.0,0.0,0.0,0.0,0.0,0.0,0.0,0.0,0.0,0.0,0.0,0.0,0.05343242314672145,0.0,0.0,0.0,0.0,0.0,0.0,0.0,0.0,0.0,0.0,0.0,0.0,0.0,0.0,0.0,0.0,0.0,0.0,0.0,0.03314368811089733,0.0,0.0,0.0,0.0,0.05327249134606738,0.0,0.0,0.0,0.0,0.0,0.0,0.0,0.0,0.0,0.0,0.0,0.0,0.0,0.0,0.0,0.0,0.0,0.04377657799014246,0.0,0.0,0.0,0.0,0.0,0.034112331722642296,0.0,0.06070045271636858,0.0,0.0,0.0,0.0,0.0,0.0,0.0,0.0,0.0,0.0,0.0,0.06924190198077386,0.0,0.0,0.0,0.0,0.0,0.0,0.0,0.0,0.0,0.0,0.0,0.0,0.0,0.0,0.0,0.05125928625796185,0.0,0.04074524114145247,0.0,0.0,0.07360935935532459,0.0,0.0,0.0,0.0,0.0,0.0,0.39892501887767096
2021-05-11,0.0,0.0,0.03894266094337182,0.0,0.0,0.04753629610974984,0.0,0.0,0.0,0.0,0.0,0.0,0.0,0.0,0.0,0.0,0.0,0.0,0.0,0.05442096332521712,0.0,0.0,0.0,0.0,0.0,0.0,0.0,0.0,0.0,0.0,0.0,0.0,0.0,0.0,0.0,0.0,0.0,0.0,0.0,0.03314496121983013,0.0,0.0,0.0,0.0,0.055860683562891374,0.0,0.0,0.0,0.0,0.0,0.0,0.0,0.0,0.0,0.0,0.0,0.0,0.0,0.0,0.0,0.0,0.0,0.04386849600548534,0.0,0.0,0.0,0.0,0.0,0.03415719036271407,0.0,0.06108217740165064,0.0,0.0,0.0,0.0,0.0,0.0,0.0,0.0,0.0,0.0,0.0,0.068082996272401,0.0,0.0,0.0,0.0,0.0,0.0,0.0,0.0,0.0,0.0,0.0,0.0,0.0,0.0,0.0,0.051148952000299966,0.0,0.03924131456484146,0.0,0.0,0.07352003052924161,0.0,0.0,0.0,0.0,0.0,0.0,0.3989932777023055
2021-05-12,0.0,0.0,0.03898753941351548,0.0,0.0,0.04775169805605492,0.0,0.0,0.0,0.0,0.0,0.0,0.0,0.0,0.0,0.0,0.0,0.0,0.0,0.05385800943885789,0.0,0.0,0.0,0.0,0.0,0.0,0.0,0.0,0.0,0.0,0.0,0.0,0.0,0.0,0.0,0.0,0.0,0.0,0.0,0.03274346071171298,0.0,0.0,0.0,0.0,0.055048759833177474,0.0,0.0,0.0,0.0,0.0,0.0,0.0,0.0,0.0,0.0,0.0,0.0,0.0,0.0,0.0,0.0,0.0,0.043908960871286706,0.0,0.0,0.0,0.0,0.0,0.03381317716602206,0.0,0.05957479259580862,0.0,0.0,0.0,0.0,0.0,0.0,0.0,0.0,0.0,0.0,0.0,0.06764308049486274,0.0,0.0,0.0,0.0,0.0,0.0,0.0,0.0,0.0,0.0,0.0,0.0,0.0,0.0,0.0,0.05192155869292999,0.0,0.038062225793591795,0.0,0.0,0.0722049491197533,0.0,0.0,0.0,0.0,0.0,0.0,0.4044817878124261
2021-05-13,0.0,0.0,0.03867285246678905,0.0,0.0,0.04882745584979515,0.0,0.0,0.0,0.0,0.0,0.0,0.0,0.0,0.0,0.0,0.0,0.0,0.0,0.05214450168599259,0.0,0.0,0.0,0.0,0.0,0.0,0.0,0.0,0.0,0.0,0.0,0.0,0.0,0.0,0.0,0.0,0.0,0.0,0.0,0.03319944367999388,0.0,0.0,0.0,0.0,0.05577535126465538,0.0,0.0,0.0,0.0,0.0,0.0,0.0,0.0,0.0,0.0,0.0,0.0,0.0,0.0,0.0,0.0,0.0,0.04412779720174051,0.0,0.0,0.0,0.0,0.0,0.032555810715682004,0.0,0.061182184011682454,0.0,0.0,0.0,0.0,0.0,0.0,0.0,0.0,0.0,0.0,0.0,0.06568783190085947,0.0,0.0,0.0,0.0,0.0,0.0,0.0,0.0,0.0,0.0,0.0,0.0,0.0,0.0,0.0,0.05059795732080708,0.0,0.03836027381349471,0.0,0.0,0.07514556047020388,0.0,0.0,0.0,0.0,0.0,0.0,0.40372297961830383
2021-05-14,0.0,0.0,0.03828989276825858,0.0,0.0,0.048088665207679154,0.0,0.0,0.0,0.0,0.0,0.0,0.0,0.0,0.0,0.0,0.0,0.0,0.0,0.0511761948565739,0.0,0.0,0.0,0.0,0.0,0.0,0.0,0.0,0.0,0.0,0.0,0.0,0.0,0.0,0.0,0.0,0.0,0.0,0.0,0.03291883386590039,0.0,0.0,0.0,0.0,0.057491506744373914,0.0,0.0,0.0,0.0,0.0,0.0,0.0,0.0,0.0,0.0,0.0,0.0,0.0,0.0,0.0,0.0,0.0,0.044312055855350335,0.0,0.0,0.0,0.0,0.0,0.03339279868006691,0.0,0.061031377302700994,0.0,0.0,0.0,0.0,0.0,0.0,0.0,0.0,0.0,0.0,0.0,0.0691968147783341,0.0,0.0,0.0,0.0,0.0,0.0,0.0,0.0,0.0,0.0,0.0,0.0,0.0,0.0,0.0,0.049167734064655674,0.0,0.03857403971514242,0.0,0.0,0.07399953203822243,0.0,0.0,0.0,0.0,0.0,0.0,0.40236055412274124
2021-05-17,0.0,0.0,0.037747143359502605,0.0,0.0,0.04709274753746566,0.0,0.0,0.0,0.0,0.0,0.0,0.0,0.0,0.0,0.0,0.0,0.0,0.0,0.05191918025796476,0.0,0.0,0.0,0.0,0.0,0.0,0.0,0.0,0.0,0.0,0.0,0.0,0.0,0.0,0.0,0.0,0.0,0.0,0.0,0.032819282184289846,0.0,0.0,0.0,0.0,0.05694236023166789,0.0,0.0,0.0,0.0,0.0,0.0,0.0,0.0,0.0,0.0,0.0,0.0,0.0,0.0,0.0,0.0,0.0,0.0436996621869322,0.0,0.0,0.0,0.0,0.0,0.033081376872623185,0.0,0.05967733328618547,0.0,0.0,0.0,0.0,0.0,0.0,0.0,0.0,0.0,0.0,0.0,0.07053956589412405,0.0,0.0,0.0,0.0,0.0,0.0,0.0,0.0,0.0,0.0,0.0,0.0,0.0,0.0,0.0,0.04984268383516328,0.0,0.0375077936044867,0.0,0.0,0.07959444604450922,0.0,0.0,0.0,0.0,0.0,0.0,0.39953642470508505
2021-05-18,0.0,0.0,0.03756055854219027,0.0,0.0,0.046366097185971455,0.0,0.0,0.0,0.0,0.0,0.0,0.0,0.0,0.0,0.0,0.0,0.0,0.0,0.051905084088658265,0.0,0.0,0.0,0.0,0.0,0.0,0.0,0.0,0.0,0.0,0.0,0.0,0.0,0.0,0.0,0.0,0.0,0.0,0.0,0.03290079816266662,0.0,0.0,0.0,0.0,0.057249191154569445,0.0,0.0,0.0,0.0,0.0,0.0,0.0,0.0,0.0,0.0,0.0,0.0,0.0,0.0,0.0,0.0,0.0,0.04339513936220207,0.0,0.0,0.0,0.0,0.0,0.033666296972566616,0.0,0.059877084000641276,0.0,0.0,0.0,0.0,0.0,0.0,0.0,0.0,0.0,0.0,0.0,0.06969192678981473,0.0,0.0,0.0,0.0,0.0,0.0,0.0,0.0,0.0,0.0,0.0,0.0,0.0,0.0,0.0,0.0496746884956934,0.0,0.038388381638172334,0.0,0.0,0.08072262898297604,0.0,0.0,0.0,0.0,0.0,0.0,0.3986021246238776
2021-05-19,0.0,0.0,0.037080457301944696,0.0,0.0,0.04571358371911422,0.0,0.0,0.0,0.0,0.0,0.0,0.0,0.0,0.0,0.0,0.0,0.0,0.0,0.051094605459100675,0.0,0.0,0.0,0.0,0.0,0.0,0.0,0.0,0.0,0.0,0.0,0.0,0.0,0.0,0.0,0.0,0.0,0.0,0.0,0.032851605720962816,0.0,0.0,0.0,0.0,0.05800610985546313,0.0,0.0,0.0,0.0,0.0,0.0,0.0,0.0,0.0,0.0,0.0,0.0,0.0,0.0,0.0,0.0,0.0,0.04275592766511613,0.0,0.0,0.0,0.0,0.0,0.03366292444452292,0.0,0.059313281538943496,0.0,0.0,0.0,0.0,0.0,0.0,0.0,0.0,0.0,0.0,0.0,0.06871510481257481,0.0,0.0,0.0,0.0,0.0,0.0,0.0,0.0,0.0,0.0,0.0,0.0,0.0,0.0,0.0,0.0495798873586965,0.0,0.037898468528249296,0.0,0.0,0.08229603865119024,0.0,0.0,0.0,0.0,0.0,0.0,0.40103200494412095
2021-05-20,0.0,0.0,0.037113558738522914,0.0,0.0,0.045938717246355086,0.0,0.0,0.0,0.0,0.0,0.0,0.0,0.0,0.0,0.0,0.0,0.0,0.0,0.050761070096960806,0.0,0.0,0.0,0.0,0.0,0.0,0.0,0.0,0.0,0.0,0.0,0.0,0.0,0.0,0.0,0.0,0.0,0.0,0.0,0.03390127858292378,0.0,0.0,0.0,0.0,0.05852700692699723,0.0,0.0,0.0,0.0,0.0,0.0,0.0,0.0,0.0,0.0,0.0,0.0,0.0,0.0,0.0,0.0,0.0,0.043088075995411174,0.0,0.0,0.0,0.0,0.0,0.034199925658356174,0.0,0.059575771556077455,0.0,0.0,0.0,0.0,0.0,0.0,0.0,0.0,0.0,0.0,0.0,0.06680133514648098,0.0,0.0,0.0,0.0,0.0,0.0,0.0,0.0,0.0,0.0,0.0,0.0,0.0,0.0,0.0,0.04756211672419193,0.0,0.039408477149546976,0.0,0.0,0.08155233294674667,0.0,0.0,0.0,0.0,0.0,0.0,0.4015703332314288
2021-05-21,0.0,0.0,0.03620859983321713,0.0,0.0,0.04551280290986834,0.0,0.0,0.0,0.0,0.0,0.0,0.0,0.0,0.0,0.0,0.0,0.0,0.0,0.050647737905556434,0.0,0.0,0.0,0.0,0.0,0.0,0.0,0.0,0.0,0.0,0.0,0.0,0.0,0.0,0.0,0.0,0.0,0.0,0.0,0.03362792431956659,0.0,0.0,0.0,0.0,0.058324951865392057,0.0,0.0,0.0,0.0,0.0,0.0,0.0,0.0,0.0,0.0,0.0,0.0,0.0,0.0,0.0,0.0,0.0,0.04309950813871151,0.0,0.0,0.0,0.0,0.0,0.03366283271157932,0.0,0.05919575553003804,0.0,0.0,0.0,0.0,0.0,0.0,0.0,0.0,0.0,0.0,0.0,0.06822542574347315,0.0,0.0,0.0,0.0,0.0,0.0,0.0,0.0,0.0,0.0,0.0,0.0,0.0,0.0,0.0,0.04905762696115727,0.0,0.038503610816989026,0.0,0.0,0.08034889755771463,0.0,0.0,0.0,0.0,0.0,0.0,0.4035843257067365
2021-05-24,0.0,0.0,0.03537045655890845,0.0,0.0,0.04661239153593252,0.0,0.0,0.0,0.0,0.0,0.0,0.0,0.0,0.0,0.0,0.0,0.0,0.0,0.049695674655427985,0.0,0.0,0.0,0.0,0.0,0.0,0.0,0.0,0.0,0.0,0.0,0.0,0.0,0.0,0.0,0.0,0.0,0.0,0.0,0.033372751910713594,0.0,0.0,0.0,0.0,0.058224407356054206,0.0,0.0,0.0,0.0,0.0,0.0,0.0,0.0,0.0,0.0,0.0,0.0,0.0,0.0,0.0,0.0,0.0,0.04157688541303151,0.0,0.0,0.0,0.0,0.0,0.03560621972783061,0.0,0.06284314370383484,0.0,0.0,0.0,0.0,0.0,0.0,0.0,0.0,0.0,0.0,0.0,0.07149990551512538,0.0,0.0,0.0,0.0,0.0,0.0,0.0,0.0,0.0,0.0,0.0,0.0,0.0,0.0,0.0,0.04784321812902553,0.0,0.03991976037611257,0.0,0.0,0.08042223246998878,0.0,0.0,0.0,0.0,0.0,0.0,0.39701295264801395
2021-05-25,0.0,0.0,0.03527866085064353,0.0,0.0,0.04749801611940215,0.0,0.0,0.0,0.0,0.0,0.0,0.0,0.0,0.0,0.0,0.0,0.0,0.0,0.04856225548300082,0.0,0.0,0.0,0.0,0.0,0.0,0.0,0.0,0.0,0.0,0.0,0.0,0.0,0.0,0.0,0.0,0.0,0.0,0.0,0.03347295923175103,0.0,0.0,0.0,0.0,0.05922418025568602,0.0,0.0,0.0,0.0,0.0,0.0,0.0,0.0,0.0,0.0,0.0,0.0,0.0,0.0,0.0,0.0,0.0,0.041260174870754646,0.0,0.0,0.0,0.0,0.0,0.03497513776628037,0.0,0.06309486156386601,0.0,0.0,0.0,0.0,0.0,0.0,0.0,0.0,0.0,0.0,0.0,0.07033259244009088,0.0,0.0,0.0,0.0,0.0,0.0,0.0,0.0,0.0,0.0,0.0,0.0,0.0,0.0,0.0,0.048255541883096095,0.0,0.04074077620558823,0.0,0.0,0.07904695444624073,0.0,0.0,0.0,0.0,0.0,0.0,0.3982578888835996
2021-05-26,0.0,0.0,0.03584355099295579,0.0,0.0,0.046518466549762744,0.0,0.0,0.0,0.0,0.0,0.0,0.0,0.0,0.0,0.0,0.0,0.0,0.0,0.04937015516941475,0.0,0.0,0.0,0.0,0.0,0.0,0.0,0.0,0.0,0.0,0.0,0.0,0.0,0.0,0.0,0.0,0.0,0.0,0.0,0.033516366794683,0.0,0.0,0.0,0.0,0.05921868758094627,0.0,0.0,0.0,0.0,0.0,0.0,0.0,0.0,0.0,0.0,0.0,0.0,0.0,0.0,0.0,0.0,0.0,0.04115760206745953,0.0,0.0,0.0,0.0,0.0,0.037352041602533255,0.0,0.062022064548725206,0.0,0.0,0.0,0.0,0.0,0.0,0.0,0.0,0.0,0.0,0.0,0.0704416497681923,0.0,0.0,0.0,0.0,0.0,0.0,0.0,0.0,0.0,0.0,0.0,0.0,0.0,0.0,0.0,0.04645723119069582,0.0,0.04053913659784522,0.0,0.0,0.07905796336269494,0.0,0.0,0.0,0.0,0.0,0.0,0.3985050837740911
2021-05-27,0.0,0.0,0.03616868045419541,0.0,0.0,0.04731268192798618,0.0,0.0,0.0,0.0,0.0,0.0,0.0,0.0,0.0,0.0,0.0,0.0,0.0,0.049069469766476005,0.0,0.0,0.0,0.0,0.0,0.0,0.0,0.0,0.0,0.0,0.0,0.0,0.0,0.0,0.0,0.0,0.0,0.0,0.0,0.03365563705313964,0.0,0.0,0.0,0.0,0.058374296760154154,0.0,0.0,0.0,0.0,0.0,0.0,0.0,0.0,0.0,0.0,0.0,0.0,0.0,0.0,0.0,0.0,0.0,0.04072823129424641,0.0,0.0,0.0,0.0,0.0,0.03760022317250927,0.0,0.06113756685244253,0.0,0.0,0.0,0.0,0.0,0.0,0.0,0.0,0.0,0.0,0.0,0.07149602341558667,0.0,0.0,0.0,0.0,0.0,0.0,0.0,0.0,0.0,0.0,0.0,0.0,0.0,0.0,0.0,0.04626254750718662,0.0,0.040928148294553365,0.0,0.0,0.08278794882690568,0.0,0.0,0.0,0.0,0.0,0.0,0.39447854467461807
2021-05-28,0.0,0.0,0.035908186302123696,0.0,0.0,0.04699858708558765,0.0,0.0,0.0,0.0,0.0,0.0,0.0,0.0,0.0,0.0,0.0,0.0,0.0,0.04876458066560689,0.0,0.0,0.0,0.0,0.0,0.0,0.0,0.0,0.0,0.0,0.0,0.0,0.0,0.0,0.0,0.0,0.0,0.0,0.0,0.03305285964173443,0.0,0.0,0.0,0.0,0.059378410850290206,0.0,0.0,0.0,0.0,0.0,0.0,0.0,0.0,0.0,0.0,0.0,0.0,0.0,0.0,0.0,0.0,0.0,0.041655717952783236,0.0,0.0,0.0,0.0,0.0,0.037078530162845624,0.0,0.062463323843249,0.0,0.0,0.0,0.0,0.0,0.0,0.0,0.0,0.0,0.0,0.0,0.07187202597186068,0.0,0.0,0.0,0.0,0.0,0.0,0.0,0.0,0.0,0.0,0.0,0.0,0.0,0.0,0.0,0.04495096987601025,0.0,0.04039259084038393,0.0,0.0,0.08753564584257069,0.0,0.0,0.0,0.0,0.0,0.0,0.3899485709649537
2021-05-31,0.0,0.0,0.03656211899979112,0.0,0.0,0.046344918784204464,0.0,0.0,0.0,0.0,0.0,0.0,0.0,0.0,0.0,0.0,0.0,0.0,0.0,0.049088269030597785,0.0,0.0,0.0,0.0,0.0,0.0,0.0,0.0,0.0,0.0,0.0,0.0,0.0,0.0,0.0,0.0,0.0,0.0,0.0,0.03269570170619187,0.0,0.0,0.0,0.0,0.06138316149448927,0.0,0.0,0.0,0.0,0.0,0.0,0.0,0.0,0.0,0.0,0.0,0.0,0.0,0.0,0.0,0.0,0.0,0.042311678922276476,0.0,0.0,0.0,0.0,0.0,0.03662050346201515,0.0,0.061464489050674045,0.0,0.0,0.0,0.0,0.0,0.0,0.0,0.0,0.0,0.0,0.0,0.0712914016700559,0.0,0.0,0.0,0.0,0.0,0.0,0.0,0.0,0.0,0.0,0.0,0.0,0.0,0.0,0.0,0.04384484197283255,0.0,0.041018909842938774,0.0,0.0,0.09189683378862191,0.0,0.0,0.0,0.0,0.0,0.0,0.3854771712753106
2021-06-01,0.0,0.0,0.037408200514713254,0.0,0.0,0.04937906824546482,0.0,0.0,0.0,0.0,0.0,0.0,0.0,0.0,0.0,0.0,0.0,0.0,0.0,0.049489467195672446,0.0,0.0,0.0,0.0,0.0,0.0,0.0,0.0,0.0,0.0,0.0,0.0,0.0,0.0,0.0,0.0,0.0,0.0,0.0,0.033560491624542645,0.0,0.0,0.0,0.0,0.060653302978501904,0.0,0.0,0.0,0.0,0.0,0.0,0.0,0.0,0.0,0.0,0.0,0.0,0.0,0.0,0.0,0.0,0.0,0.04319881663521555,0.0,0.0,0.0,0.0,0.0,0.034591654290269336,0.0,0.062045487277273416,0.0,0.0,0.0,0.0,0.0,0.0,0.0,0.0,0.0,0.0,0.0,0.07104044033768225,0.0,0.0,0.0,0.0,0.0,0.0,0.0,0.0,0.0,0.0,0.0,0.0,0.0,0.0,0.0,0.04282806624042192,0.0,0.040508331027196844,0.0,0.0,0.089757656309177,0.0,0.0,0.0,0.0,0.0,0.0,0.3855390173238686
2021-06-02,0.0,0.0,0.0376899970670085,0.0,0.0,0.04882678568427203,0.0,0.0,0.0,0.0,0.0,0.0,0.0,0.0,0.0,0.0,0.0,0.0,0.0,0.04965567912065588,0.0,0.0,0.0,0.0,0.0,0.0,0.0,0.0,0.0,0.0,0.0,0.0,0.0,0.0,0.0,0.0,0.0,0.0,0.0,0.03368338643154202,0.0,0.0,0.0,0.0,0.058596530875019245,0.0,0.0,0.0,0.0,0.0,0.0,0.0,0.0,0.0,0.0,0.0,0.0,0.0,0.0,0.0,0.0,0.0,0.042311631058781135,0.0,0.0,0.0,0.0,0.0,0.033182388796821796,0.0,0.06191073767906551,0.0,0.0,0.0,0.0,0.0,0.0,0.0,0.0,0.0,0.0,0.0,0.0725865938792116,0.0,0.0,0.0,0.0,0.0,0.0,0.0,0.0,0.0,0.0,0.0,0.0,0.0,0.0,0.0,0.04239374602955461,0.0,0.0406314640212538,0.0,0.0,0.09659359036578365,0.0,0.0,0.0,0.0,0.0,0.0,0.38193746899103015
2021-06-04,0.0,0.0,0.037289781632698776,0.0,0.0,0.04923721117340952,0.0,0.0,0.0,0.0,0.0,0.0,0.0,0.0,0.0,0.0,0.0,0.0,0.0,0.04826054478122082,0.0,0.0,0.0,0.0,0.0,0.0,0.0,0.0,0.0,0.0,0.0,0.0,0.0,0.0,0.0,0.0,0.0,0.0,0.0,0.03377665452974495,0.0,0.0,0.0,0.0,0.058846506220618724,0.0,0.0,0.0,0.0,0.0,0.0,0.0,0.0,0.0,0.0,0.0,0.0,0.0,0.0,0.0,0.0,0.0,0.043026395882597865,0.0,0.0,0.0,0.0,0.0,0.03354244869942607,0.0,0.0627076363615836,0.0,0.0,0.0,0.0,0.0,0.0,0.0,0.0,0.0,0.0,0.0,0.07307092564954427,0.0,0.0,0.0,0.0,0.0,0.0,0.0,0.0,0.0,0.0,0.0,0.0,0.0,0.0,0.0,0.04173433078647472,0.0,0.0409566623465752,0.0,0.0,0.09714067345196203,0.0,0.0,0.0,0.0,0.0,0.0,0.3804102284841436
2021-06-07,0.0,0.0,0.03799970290774306,0.0,0.0,0.05084099834405002,0.0,0.0,0.0,0.0,0.0,0.0,0.0,0.0,0.0,0.0,0.0,0.0,0.0,0.0482441659575928,0.0,0.0,0.0,0.0,0.0,0.0,0.0,0.0,0.0,0.0,0.0,0.0,0.0,0.0,0.0,0.0,0.0,0.0,0.0,0.03478170167749462,0.0,0.0,0.0,0.0,0.05933982842948806,0.0,0.0,0.0,0.0,0.0,0.0,0.0,0.0,0.0,0.0,0.0,0.0,0.0,0.0,0.0,0.0,0.0,0.04247470114955358,0.0,0.0,0.0,0.0,0.0,0.03340151513296388,0.0,0.06325800475468923,0.0,0.0,0.0,0.0,0.0,0.0,0.0,0.0,0.0,0.0,0.0,0.07100594226849324,0.0,0.0,0.0,0.0,0.0,0.0,0.0,0.0,0.0,0.0,0.0,0.0,0.0,0.0,0.0,0.0428499765271194,0.0,0.042911075022456814,0.0,0.0,0.08816993121824734,0.0,0.0,0.0,0.0,0.0,0.0,0.38472245661010795
2021-06-08,0.0,0.0,0.037586834558821815,0.0,0.0,0.05192243098722836,0.0,0.0,0.0,0.0,0.0,0.0,0.0,0.0,0.0,0.0,0.0,0.0,0.0,0.047945795332838215,0.0,0.0,0.0,0.0,0.0,0.0,0.0,0.0,0.0,0.0,0.0,0.0,0.0,0.0,0.0,0.0,0.0,0.0,0.0,0.03489902243349666,0.0,0.0,0.0,0.0,0.058347249313078615,0.0,0.0,0.0,0.0,0.0,0.0,0.0,0.0,0.0,0.0,0.0,0.0,0.0,0.0,0.0,0.0,0.0,0.0420389568622172,0.0,0.0,0.0,0.0,0.0,0.03381004000713769,0.0,0.06472013770445562,0.0,0.0,0.0,0.0,0.0,0.0,0.0,0.0,0.0,0.0,0.0,0.07039969483360885,0.0,0.0,0.0,0.0,0.0,0.0,0.0,0.0,0.0,0.0,0.0,0.0,0.0,0.0,0.0,0.04228588572415107,0.0,0.043009498086436636,0.0,0.0,0.08404274288174451,0.0,0.0,0.0,0.0,0.0,0.0,0.3889917112747847
2021-06-09,0.0,0.0,0.0,0.0,0.0,0.06449511728769732,0.0,0.0,0.0,0.0,0.0,0.0,0.0,0.0,0.0,0.0,0.0,0.05206943403602703,0.0,0.030109512891885182,0.0,0.0,0.0,0.0,0.0,0.0,0.0,0.0,0.0,0.0,0.0,0.0,0.0,0.0,0.0,0.0,0.0,0.0,0.0,0.0,0.0,0.0,0.0,0.0,0.030109512947659442,0.0,0.0,0.0,0.0,0.0,0.0,0.0,0.0,0.0,0.0,0.0,0.0,0.0,0.0,0.0,0.0,0.0,0.0,0.0,0.0,0.0,0.0,0.0,0.0,0.0,0.058913052674507534,0.0,0.0,0.0,0.0,0.0,0.048694836937304,0.05206127445914416,0.0,0.0,0.0,0.0,0.08222016239471656,0.0,0.0,0.0,0.0,0.0,0.0,0.0,0.0,0.0,0.0,0.0,0.0,0.0,0.0,0.0,0.030109512959739678,0.0,0.0,0.0,0.0,0.08226095800139444,0.0,0.0,0.0,0.0,0.0,0.0,0.20991781220616237
2021-06-10,0.0,0.0,0.0,0.0,0.0,0.0661028914409512,0.0,0.0,0.0,0.0,0.0,0.0,0.0,0.0,0.0,0.0,0.0,0.051538963786176,0.0,0.029975908766509476,0.0,0.0,0.0,0.0,0.0,0.0,0.0,0.0,0.0,0.0,0.0,0.0,0.0,0.0,0.0,0.0,0.0,0.0,0.0,0.0,0.0,0.0,0.0,0.0,0.02996311051472398,0.0,0.0,0.0,0.0,0.0,0.0,0.0,0.0,0.0,0.0,0.0,0.0,0.0,0.0,0.0,0.0,0.0,0.0,0.0,0.0,0.0,0.0,0.0,0.0,0.0,0.05865552335365062,0.0,0.0,0.0,0.0,0.0,0.04876092941390759,0.05286355978404383,0.0,0.0,0.0,0.0,0.08405967882126902,0.0,0.0,0.0,0.0,0.0,0.0,0.0,0.0,0.0,0.0,0.0,0.0,0.0,0.0,0.0,0.029461214346517755,0.0,0.0,0.0,0.0,0.08191409837006537,0.0,0.0,0.0,0.0,0.0,0.0,0.20892484077683654
2021-06-11,0.0,0.0,0.0,0.0,0.0,0.06559928509369692,0.0,0.0,0.0,0.0,0.0,0.0,0.0,0.0,0.0,0.0,0.0,0.05067027591965659,0.0,0.030478225762212072,0.0,0.0,0.0,0.0,0.0,0.0,0.0,0.0,0.0,0.0,0.0,0.0,0.0,0.0,0.0,0.0,0.0,0.0,0.0,0.0,0.0,0.0,0.0,0.0,0.029546535765547794,0.0,0.0,0.0,0.0,0.0,0.0,0.0,0.0,0.0,0.0,0.0,0.0,0.0,0.0,0.0,0.0,0.0,0.0,0.0,0.0,0.0,0.0,0.0,0.0,0.0,0.05919081849767613,0.0,0.0,0.0,0.0,0.0,0.048356228581558774,0.05121628731744795,0.0,0.0,0.0,0.0,0.0851457207494829,0.0,0.0,0.0,0.0,0.0,0.0,0.0,0.0,0.0,0.0,0.0,0.0,0.0,0.0,0.0,0.029715242443727984,0.0,0.0,0.0,0.0,0.08136680595099155,0.0,0.0,0.0,0.0,0.0,0.0,0.4687145739180013
2021-06-14,0.0,0.0,0.0,0.0,0.0,0.06862661169353204,0.0,0.0,0.0,0.0,0.0,0.0,0.0,0.0,0.0,0.0,0.0,0.05051551400279485,0.0,0.03030483260377867,0.0,0.0,0.0,0.0,0.0,0.0,0.0,0.0,0.0,0.0,0.0,0.0,0.0,0.0,0.0,0.0,0.0,0.0,0.0,0.0,0.0,0.0,0.0,0.0,0.030229002472466834,0.0,0.0,0.0,0.0,0.0,0.0,0.0,0.0,0.0,0.0,0.0,0.0,0.0,0.0,0.0,0.0,0.0,0.0,0.0,0.0,0.0,0.0,0.0,0.0,0.0,0.05952749420888877,0.0,0.0,0.0,0.0,0.0,0.04752980691140537,0.0515493283571857,0.0,0.0,0.0,0.0,0.08342225502141004,0.0,0.0,0.0,0.0,0.0,0.0,0.0,0.0,0.0,0.0,0.0,0.0,0.0,0.0,0.0,0.02932862394270123,0.0,0.0,0.0,0.0,0.08233167024367553,0.0,0.0,0.0,0.0,0.0,0.0,0.466634860542161
2021-06-15,0.0,0.0,0.0,0.0,0.0,0.06968145022347046,0.0,0.0,0.0,0.0,0.0,0.0,0.0,0.0,0.0,0.0,0.0,0.051726453682764004,0.0,0.029601826180984395,0.0,0.0,0.0,0.0,0.0,0.0,0.0,0.0,0.0,0.0,0.0,0.0,0.0,0.0,0.0,0.0,0.0,0.0,0.0,0.0,0.0,0.0,0.0,0.0,0.030532178241463745,0.0,0.0,0.0,0.0,0.0,0.0,0.0,0.0,0.0,0.0,0.0,0.0,0.0,0.0,0.0,0.0,0.0,0.0,0.0,0.0,0.0,0.0,0.0,0.0,0.0,0.06003337153518493,0.0,0.0,0.0,0.0,0.0,0.04754627666340601,0.050270791844266166,0.0,0.0,0.0,0.0,0.08591815231475883,0.0,0.0,0.0,0.0,0.0,0.0,0.0,0.0,0.0,0.0,0.0,0.0,0.0,0.0,0.0,0.029008475523886867,0.0,0.0,0.0,0.0,0.08177732902083963,0.0,0.0,0.0,0.0,0.0,0.0,0.463903694768975
2021-06-16,0.0,0.0,0.0,0.0,0.0,0.0688818737487614,0.0,0.0,0.0,0.0,0.0,0.0,0.0,0.0,0.0,0.0,0.0,0.05216789571750902,0.0,0.028677904164072412,0.0,0.0,0.0,0.0,0.0,0.0,0.0,0.0,0.0,0.0,0.0,0.0,0.0,0.0,0.0,0.0,0.0,0.0,0.0,0.0,0.0,0.0,0.0,0.0,0.031121538014990575,0.0,0.0,0.0,0.0,0.0,0.0,0.0,0.0,0.0,0.0,0.0,0.0,0.0,0.0,0.0,0.0,0.0,0.0,0.0,0.0,0.0,0.0,0.0,0.0,0.0,0.05866277594553889,0.0,0.0,0.0,0.0,0.0,0.046577751852747463,0.05105290297949752,0.0,0.0,0.0,0.0,0.08622514811904779,0.0,0.0,0.0,0.0,0.0,0.0,0.0,0.0,0.0,0.0,0.0,0.0,0.0,0.0,0.0,0.02911058224186174,0.0,0.0,0.0,0.0,0.08120185518238833,0.0,0.0,0.0,0.0,0.0,0.0,0.46631977203358493
2021-06-17,0.0,0.0,0.0,0.0,0.0,0.06909581266325693,0.0,0.0,0.0,0.0,0.0,0.0,0.0,0.0,0.0,0.0,0.0,0.05258822177263196,0.0,0.02836562408023275,0.0,0.0,0.0,0.0,0.0,0.0,0.0,0.0,0.0,0.0,0.0,0.0,0.0,0.0,0.0,0.0,0.0,0.0,0.0,0.0,0.0,0.0,0.0,0.0,0.03132052191406172,0.0,0.0,0.0,0.0,0.0,0.0,0.0,0.0,0.0,0.0,0.0,0.0,0.0,0.0,0.0,0.0,0.0,0.0,0.0,0.0,0.0,0.0,0.0,0.0,0.0,0.06211810329633002,0.0,0.0,0.0,0.0,0.0,0.04700678776180253,0.050738679900618464,0.0,0.0,0.0,0.0,0.08306987488368063,0.0,0.0,0.0,0.0,0.0,0.0,0.0,0.0,0.0,0.0,0.0,0.0,0.0,0.0,0.0,0.02850869281974144,0.0,0.0,0.0,0.0,0.07649661182770258,0.0,0.0,0.0,0.0,0.0,0.0,0.4706910690799409
2021-06-18,0.0,0.0,0.0,0.0,0.0,0.06872395453674243,0.0,0.0,0.0,0.0,0.0,0.0,0.0,0.0,0.0,0.0,0.0,0.05234792417921564,0.0,0.028723207348672945,0.0,0.0,0.0,0.0,0.0,0.0,0.0,0.0,0.0,0.0,0.0,0.0,0.0,0.0,0.0,0.0,0.0,0.0,0.0,0.0,0.0,0.0,0.0,0.0,0.03128815814213439,0.0,0.0,0.0,0.0,0.0,0.0,0.0,0.0,0.0,0.0,0.0,0.0,0.0,0.0,0.0,0.0,0.0,0.0,0.0,0.0,0.0,0.0,0.0,0.0,0.0,0.06121794112008941,0.0,0.0,0.0,0.0,0.0,0.04715752537249821,0.04960552860188918,0.0,0.0,0.0,0.0,0.08219297609357071,0.0,0.0,0.0,0.0,0.0,0.0,0.0,0.0,0.0,0.0,0.0,0.0,0.0,0.0,0.0,0.028738272462120372,0.0,0.0,0.0,0.0,0.08077481565112278,0.0,0.0,0.0,0.0,0.0,0.0,0.46922969649194396
2021-06-21,0.0,0.0,0.0,0.0,0.0,0.0679581250704169,0.0,0.0,0.0,0.0,0.0,0.0,0.0,0.0,0.0,0.0,0.0,0.052123709925119686,0.0,0.028899059472670015,0.0,0.0,0.0,0.0,0.0,0.0,0.0,0.0,0.0,0.0,0.0,0.0,0.0,0.0,0.0,0.0,0.0,0.0,0.0,0.0,0.0,0.0,0.0,0.0,0.030805590028929384,0.0,0.0,0.0,0.0,0.0,0.0,0.0,0.0,0.0,0.0,0.0,0.0,0.0,0.0,0.0,0.0,0.0,0.0,0.0,0.0,0.0,0.0,0.0,0.0,0.0,0.061119042727136835,0.0,0.0,0.0,0.0,0.0,0.04663863915633279,0.05292629134967357,0.0,0.0,0.0,0.0,0.0830854927294569,0.0,0.0,0.0,0.0,0.0,0.0,0.0,0.0,0.0,0.0,0.0,0.0,0.0,0.0,0.0,0.029170003642344813,0.0,0.0,0.0,0.0,0.08313251637209969,0.0,0.0,0.0,0.0,0.0,0.0,0.46414152952581955
2021-06-22,0.0,0.0,0.0,0.0,0.0,0.06746553771151878,0.0,0.0,0.0,0.0,0.0,0.0,0.0,0.0,0.0,0.0,0.0,0.05136424945054628,0.0,0.029411198499420158,0.0,0.0,0.0,0.0,0.0,0.0,0.0,0.0,0.0,0.0,0.0,0.0,0.0,0.0,0.0,0.0,0.0,0.0,0.0,0.0,0.0,0.0,0.0,0.0,0.030438248694252632,0.0,0.0,0.0,0.0,0.0,0.0,0.0,0.0,0.0,0.0,0.0,0.0,0.0,0.0,0.0,0.0,0.0,0.0,0.0,0.0,0.0,0.0,0.0,0.0,0.0,0.06038562676162505,0.0,0.0,0.0,0.0,0.0,0.04613512169870036,0.05457606399912074,0.0,0.0,0.0,0.0,0.08287696989171782,0.0,0.0,0.0,0.0,0.0,0.0,0.0,0.0,0.0,0.0,0.0,0.0,0.0,0.0,0.0,0.029332209936127493,0.0,0.0,0.0,0.0,0.08280741708575122,0.0,0.0,0.0,0.0,0.0,0.0,0.4652073562712195
2021-06-23,0.0,0.0,0.0,0.0,0.0,0.06614348687631214,0.0,0.0,0.0,0.0,0.0,0.0,0.0,0.0,0.0,0.0,0.0,0.05161255717749807,0.0,0.029706642646698662,0.0,0.0,0.0,0.0,0.0,0.0,0.0,0.0,0.0,0.0,0.0,0.0,0.0,0.0,0.0,0.0,0.0,0.0,0.0,0.0,0.0,0.0,0.0,0.0,0.030167392923484658,0.0,0.0,0.0,0.0,0.0,0.0,0.0,0.0,0.0,0.0,0.0,0.0,0.0,0.0,0.0,0.0,0.0,0.0,0.0,0.0,0.0,0.0,0.0,0.0,0.0,0.059411505387764074,0.0,0.0,0.0,0.0,0.0,0.04776253402096184,0.05255366062944207,0.0,0.0,0.0,0.0,0.08377296783264036,0.0,0.0,0.0,0.0,0.0,0.0,0.0,0.0,0.0,0.0,0.0,0.0,0.0,0.0,0.0,0.02911036362952876,0.0,0.0,0.0,0.0,0.08330718551198633,0.0,0.0,0.0,0.0,0.0,0.0,0.4664517033636831
2021-06-24,0.0,0.0,0.0,0.0,0.0,0.06771077738925607,0.0,0.0,0.0,0.0,0.0,0.0,0.0,0.0,0.0,0.0,0.0,0.05093117746636868,0.0,0.029655569908751782,0.0,0.0,0.0,0.0,0.0,0.0,0.0,0.0,0.0,0.0,0.0,0.0,0.0,0.0,0.0,0.0,0.0,0.0,0.0,0.0,0.0,0.0,0.0,0.0,0.030176440362586543,0.0,0.0,0.0,0.0,0.0,0.0,0.0,0.0,0.0,0.0,0.0,0.0,0.0,0.0,0.0,0.0,0.0,0.0,0.0,0.0,0.0,0.0,0.0,0.0,0.0,0.0620902341252812,0.0,0.0,0.0,0.0,0.0,0.04714875072344783,0.05206484358221547,0.0,0.0,0.0,0.0,0.08305235044252454,0.0,0.0,0.0,0.0,0.0,0.0,0.0,0.0,0.0,0.0,0.0,0.0,0.0,0.0,0.0,0.0297852393026147,0.0,0.0,0.0,0.0,0.08391952959251903,0.0,0.0,0.0,0.0,0.0,0.0,0.46346508710443407
2021-06-25,0.0,0.0,0.0,0.0,0.0,0.06622911694306526,0.0,0.0,0.0,0.0,0.0,0.0,0.0,0.0,0.0,0.0,0.0,0.050566560754492854,0.0,0.031256828629357386,0.0,0.0,0.0,0.0,0.0,0.0,0.0,0.0,0.0,0.0,0.0,0.0,0.0,0.0,0.0,0.0,0.0,0.0,0.0,0.0,0.0,0.0,0.0,0.0,0.029802444545983367,0.0,0.0,0.0,0.0,0.0,0.0,0.0,0.0,0.0,0.0,0.0,0.0,0.0,0.0,0.0,0.0,0.0,0.0,0.0,0.0,0.0,0.0,0.0,0.0,0.0,0.062002303579540015,0.0,0.0,0.0,0.0,0.0,0.046440146957142284,0.05130088240009073,0.0,0.0,0.0,0.0,0.08234595811267914,0.0,0.0,0.0,0.0,0.0,0.0,0.0,0.0,0.0,0.0,0.0,0.0,0.0,0.0,0.0,0.029380273862830465,0.0,0.0,0.0,0.0,0.08216564313370606,0.0,0.0,0.0,0.0,0.0,0.0,0.46850984108111243
2021-06-28,0.0,0.0,0.0,0.0,0.0,0.06720079765202035,0.0,0.0,0.0,0.0,0.0,0.0,0.0,0.0,0.0,0.0,0.0,0.05188078388378326,0.0,0.030945694972639545,0.0,0.0,0.0,0.0,0.0,0.0,0.0,0.0,0.0,0.0,0.0,0.0,0.0,0.0,0.0,0.0,0.0,0.0,0.0,0.0,0.0,0.0,0.0,0.0,0.02999888615548408,0.0,0.0,0.0,0.0,0.0,0.0,0.0,0.0,0.0,0.0,0.0,0.0,0.0,0.0,0.0,0.0,0.0,0.0,0.0,0.0,0.0,0.0,0.0,0.0,0.0,0.062092817535331385,0.0,0.0,0.0,0.0,0.0,0.04650751845084159,0.05121271510958754,0.0,0.0,0.0,0.0,0.0805987876270012,0.0,0.0,0.0,0.0,0.0,0.0,0.0,0.0,0.0,0.0,0.0,0.0,0.0,0.0,0.0,0.029827382346142295,0.0,0.0,0.0,0.0,0.08351656386703296,0.0,0.0,0.0,0.0,0.0,0.0,0.4662180524001358
2021-06-29,0.0,0.0,0.0,0.0,0.0,0.06629887211514343,0.0,0.0,0.0,0.0,0.0,0.0,0.0,0.0,0.0,0.0,0.0,0.051921177053943994,0.0,0.031595871635798925,0.0,0.0,0.0,0.0,0.0,0.0,0.0,0.0,0.0,0.0,0.0,0.0,0.0,0.0,0.0,0.0,0.0,0.0,0.0,0.0,0.0,0.0,0.0,0.0,0.02975487970323567,0.0,0.0,0.0,0.0,0.0,0.0,0.0,0.0,0.0,0.0,0.0,0.0,0.0,0.0,0.0,0.0,0.0,0.0,0.0,0.0,0.0,0.0,0.0,0.0,0.0,0.062168026723995774,0.0,0.0,0.0,0.0,0.0,0.0456622033314112,0.05065558921919759,0.0,0.0,0.0,0.0,0.08107207289293623,0.0,0.0,0.0,0.0,0.0,0.0,0.0,0.0,0.0,0.0,0.0,0.0,0.0,0.0,0.0,0.029999146261478263,0.0,0.0,0.0,0.0,0.08703024533427155,0.0,0.0,0.0,0.0,0.0,0.0,0.4638419157285874
2021-06-30,0.0,0.0,0.0,0.0,0.0,0.06402559138110014,0.0,0.0,0.0,0.0,0.0,0.0,0.0,0.0,0.0,0.0,0.0,0.05185162877502206,0.0,0.03159150066313041,0.0,0.0,0.0,0.0,0.0,0.0,0.0,0.0,0.0,0.0,0.0,0.0,0.0,0.0,0.0,0.0,0.0,0.0,0.0,0.0,0.0,0.0,0.0,0.0,0.029420347707638617,0.0,0.0,0.0,0.0,0.0,0.0,0.0,0.0,0.0,0.0,0.0,0.0,0.0,0.0,0.0,0.0,0.0,0.0,0.0,0.0,0.0,0.0,0.0,0.0,0.0,0.06091267503410028,0.0,0.0,0.0,0.0,0.0,0.045538571895176155,0.050787315216467295,0.0,0.0,0.0,0.0,0.08357494279438056,0.0,0.0,0.0,0.0,0.0,0.0,0.0,0.0,0.0,0.0,0.0,0.0,0.0,0.0,0.0,0.02989115710599712,0.0,0.0,0.0,0.0,0.0866815903907914,0.0,0.0,0.0,0.0,0.0,0.0,0.465724679036196
2021-07-01,0.0,0.0,0.0,0.0,0.0,0.0632584429347717,0.0,0.0,0.0,0.0,0.0,0.0,0.0,0.0,0.0,0.0,0.0,0.05107181121519771,0.0,0.03147096184069051,0.0,0.0,0.0,0.0,0.0,0.0,0.0,0.0,0.0,0.0,0.0,0.0,0.0,0.0,0.0,0.0,0.0,0.0,0.0,0.0,0.0,0.0,0.0,0.0,0.029196791196762877,0.0,0.0,0.0,0.0,0.0,0.0,0.0,0.0,0.0,0.0,0.0,0.0,0.0,0.0,0.0,0.0,0.0,0.0,0.0,0.0,0.0,0.0,0.0,0.0,0.0,0.05952065530583021,0.0,0.0,0.0,0.0,0.0,0.04518597018659145,0.05016578345770058,0.0,0.0,0.0,0.0,0.08797810360412886,0.0,0.0,0.0,0.0,0.0,0.0,0.0,0.0,0.0,0.0,0.0,0.0,0.0,0.0,0.0,0.030117031932175947,0.0,0.0,0.0,0.0,0.08675998021152989,0.0,0.0,0.0,0.0,0.0,0.0,0.4652744681146202
2021-07-02,0.0,0.0,0.0,0.0,0.0,0.06356893312824596,0.0,0.0,0.0,0.0,0.0,0.0,0.0,0.0,0.0,0.0,0.0,0.05271809266428175,0.0,0.03144379381987786,0.0,0.0,0.0,0.0,0.0,0.0,0.0,0.0,0.0,0.0,0.0,0.0,0.0,0.0,0.0,0.0,0.0,0.0,0.0,0.0,0.0,0.0,0.0,0.0,0.029150160052827195,0.0,0.0,0.0,0.0,0.0,0.0,0.0,0.0,0.0,0.0,0.0,0.0,0.0,0.0,0.0,0.0,0.0,0.0,0.0,0.0,0.0,0.0,0.0,0.0,0.0,0.06146195866599116,0.0,0.0,0.0,0.0,0.0,0.047585457124824496,0.05079746406419277,0.0,0.0,0.0,0.0,0.08990406453595128,0.0,0.0,0.0,0.0,0.0,0.0,0.0,0.0,0.0,0.0,0.0,0.0,0.0,0.0,0.0,0.02917712344693343,0.0,0.0,0.0,0.0,0.08476098703630414,0.0,0.0,0.0,0.0,0.0,0.0,0.45943196546056997
2021-07-05,0.0,0.0,0.0,0.0,0.0,0.06285400440663676,0.0,0.0,0.0,0.0,0.0,0.0,0.0,0.0,0.0,0.0,0.0,0.052802206239888835,0.0,0.031405344329702364,0.0,0.0,0.0,0.0,0.0,0.0,0.0,0.0,0.0,0.0,0.0,0.0,0.0,0.0,0.0,0.0,0.0,0.0,0.0,0.0,0.0,0.0,0.0,0.0,0.028917466059847647,0.0,0.0,0.0,0.0,0.0,0.0,0.0,0.0,0.0,0.0,0.0,0.0,0.0,0.0,0.0,0.0,0.0,0.0,0.0,0.0,0.0,0.0,0.0,0.0,0.0,0.06091721377873677,0.0,0.0,0.0,0.0,0.0,0.04743889749640482,0.050140730631515244,0.0,0.0,0.0,0.0,0.09116657683921484,0.0,0.0,0.0,0.0,0.0,0.0,0.0,0.0,0.0,0.0,0.0,0.0,0.0,0.0,0.0,0.029418525186652642,0.0,0.0,0.0,0.0,0.08396710067971017,0.0,0.0,0.0,0.0,0.0,0.0,0.4609719343516898
2021-07-06,0.0,0.0,0.0,0.0,0.0,0.06236193136703498,0.0,0.0,0.0,0.0,0.0,0.0,0.0,0.0,0.0,0.0,0.0,0.05232830927786191,0.0,0.03227417216692145,0.0,0.0,0.0,0.0,0.0,0.0,0.0,0.0,0.0,0.0,0.0,0.0,0.0,0.0,0.0,0.0,0.0,0.0,0.0,0.0,0.0,0.0,0.0,0.0,0.029197404293709945,0.0,0.0,0.0,0.0,0.0,0.0,0.0,0.0,0.0,0.0,0.0,0.0,0.0,0.0,0.0,0.0,0.0,0.0,0.0,0.0,0.0,0.0,0.0,0.0,0.0,0.06087558253672297,0.0,0.0,0.0,0.0,0.0,0.04776677970811032,0.049358212929822114,0.0,0.0,0.0,0.0,0.08700438787836987,0.0,0.0,0.0,0.0,0.0,0.0,0.0,0.0,0.0,0.0,0.0,0.0,0.0,0.0,0.0,0.029744207000338523,0.0,0.0,0.0,0.0,0.08191790634825631,0.0,0.0,0.0,0.0,0.0,0.0,0.46717110649285154
2021-07-07,0.0,0.0,0.0,0.0,0.0,0.0643211389889899,0.0,0.0,0.0,0.0,0.0,0.0,0.0,0.0,0.0,0.0,0.0,0.052440336636056406,0.0,0.03246759257408043,0.0,0.0,0.0,0.0,0.0,0.0,0.0,0.0,0.0,0.0,0.0,0.0,0.0,0.0,0.0,0.0,0.0,0.0,0.0,0.0,0.0,0.0,0.0,0.0,0.030232312496533652,0.0,0.0,0.0,0.0,0.0,0.0,0.0,0.0,0.0,0.0,0.0,0.0,0.0,0.0,0.0,0.0,0.0,0.0,0.0,0.0,0.0,0.0,0.0,0.0,0.0,0.06321312927245396,0.0,0.0,0.0,0.0,0.0,0.04718209288783838,0.048868221007485835,0.0,0.0,0.0,0.0,0.08477758193183525,0.0,0.0,0.0,0.0,0.0,0.0,0.0,0.0,0.0,0.0,0.0,0.0,0.0,0.0,0.0,0.030354126831995072,0.0,0.0,0.0,0.0,0.0816766166410682,0.0,0.0,0.0,0.0,0.0,0.0,0.46446685073166294
2021-07-08,0.0,0.0,0.0,0.0,0.0,0.0638142772425531,0.0,0.0,0.0,0.0,0.0,0.0,0.0,0.0,0.0,0.0,0.0,0.0518023644050918,0.0,0.03233943088951572,0.0,0.0,0.0,0.0,0.0,0.0,0.0,0.0,0.0,0.0,0.0,0.0,0.0,0.0,0.0,0.0,0.0,0.0,0.0,0.0,0.0,0.0,0.0,0.0,0.030064673448502183,0.0,0.0,0.0,0.0,0.0,0.0,0.0,0.0,0.0,0.0,0.0,0.0,0.0,0.0,0.0,0.0,0.0,0.0,0.0,0.0,0.0,0.0,0.0,0.0,0.0,0.06329235106465252,0.0,0.0,0.0,0.0,0.0,0.0462266449722147,0.048788164923347185,0.0,0.0,0.0,0.0,0.08411537969821954,0.0,0.0,0.0,0.0,0.0,0.0,0.0,0.0,0.0,0.0,0.0,0.0,0.0,0.0,0.0,0.03053196936127624,0.0,0.0,0.0,0.0,0.08199107035473273,0.0,0.0,0.0,0.0,0.0,0.0,0.4670336736398943
2021-07-12,0.0,0.0,0.0,0.0,0.0,0.06483304170566416,0.0,0.0,0.0,0.0,0.0,0.0,0.0,0.0,0.0,0.0,0.0,0.05202451674236467,0.0,0.03266928554323493,0.0,0.0,0.0,0.0,0.0,0.0,0.0,0.0,0.0,0.0,0.0,0.0,0.0,0.0,0.0,0.0,0.0,0.0,0.0,0.0,0.0,0.0,0.0,0.0,0.030419258677194472,0.0,0.0,0.0,0.0,0.0,0.0,0.0,0.0,0.0,0.0,0.0,0.0,0.0,0.0,0.0,0.0,0.0,0.0,0.0,0.0,0.0,0.0,0.0,0.0,0.0,0.06350144293137146,0.0,0.0,0.0,0.0,0.0,0.04660293680669349,0.048537565304898354,0.0,0.0,0.0,0.0,0.08310739182229208,0.0,0.0,0.0,0.0,0.0,0.0,0.0,0.0,0.0,0.0,0.0,0.0,0.0,0.0,0.0,0.030119263776644145,0.0,0.0,0.0,0.0,0.08335019590520057,0.0,0.0,0.0,0.0,0.0,0.0,0.4648351007844418
2021-07-13,0.0,0.0,0.0,0.0,0.0,0.06585215293484713,0.0,0.0,0.0,0.0,0.0,0.0,0.0,0.0,0.0,0.0,0.0,0.05262201758721169,0.0,0.033507312201008534,0.0,0.0,0.0,0.0,0.0,0.0,0.0,0.0,0.0,0.0,0.0,0.0,0.0,0.0,0.0,0.0,0.0,0.0,0.0,0.0,0.0,0.0,0.0,0.0,0.030816321951946262,0.0,0.0,0.0,0.0,0.0,0.0,0.0,0.0,0.0,0.0,0.0,0.0,0.0,0.0,0.0,0.0,0.0,0.0,0.0,0.0,0.0,0.0,0.0,0.0,0.0,0.06444095524987027,0.0,0.0,0.0,0.0,0.0,0.046772157983714424,0.04778770263099442,0.0,0.0,0.0,0.0,0.08342869182960123,0.0,0.0,0.0,0.0,0.0,0.0,0.0,0.0,0.0,0.0,0.0,0.0,0.0,0.0,0.0,0.029547942719774966,0.0,0.0,0.0,0.0,0.08161750055947119,0.0,0.0,0.0,0.0,0.0,0.0,0.4636072443515597
2021-07-14,0.0,0.0,0.0,0.0,0.0,0.0637939840542164,0.0,0.0,0.0,0.0,0.0,0.0,0.0,0.0,0.0,0.0,0.0,0.05341963476654505,0.0,0.033224756028066474,0.0,0.0,0.0,0.0,0.0,0.0,0.0,0.0,0.0,0.0,0.0,0.0,0.0,0.0,0.0,0.0,0.0,0.0,0.0,0.0,0.0,0.0,0.0,0.0,0.03092222779853537,0.0,0.0,0.0,0.0,0.0,0.0,0.0,0.0,0.0,0.0,0.0,0.0,0.0,0.0,0.0,0.0,0.0,0.0,0.0,0.0,0.0,0.0,0.0,0.0,0.0,0.06556102322466532,0.0,0.0,0.0,0.0,0.0,0.047569553420366735,0.047750549271431936,0.0,0.0,0.0,0.0,0.08231418682219022,0.0,0.0,0.0,0.0,0.0,0.0,0.0,0.0,0.0,0.0,0.0,0.0,0.0,0.0,0.0,0.029142578477617885,0.0,0.0,0.0,0.0,0.0836122335803689,0.0,0.0,0.0,0.0,0.0,0.0,0.4626892725559958
2021-07-15,0.0,0.0,0.0,0.0,0.0,0.06259091940318014,0.0,0.0,0.0,0.0,0.0,0.0,0.0,0.0,0.0,0.0,0.0,0.05426659630039712,0.0,0.033564609886910894,0.0,0.0,0.0,0.0,0.0,0.0,0.0,0.0,0.0,0.0,0.0,0.0,0.0,0.0,0.0,0.0,0.0,0.0,0.0,0.0,0.0,0.0,0.0,0.0,0.030804249176531774,0.0,0.0,0.0,0.0,0.0,0.0,0.0,0.0,0.0,0.0,0.0,0.0,0.0,0.0,0.0,0.0,0.0,0.0,0.0,0.0,0.0,0.0,0.0,0.0,0.0,0.0678249294572422,0.0,0.0,0.0,0.0,0.0,0.04757316849401595,0.04633354452843742,0.0,0.0,0.0,0.0,0.08061873502904025,0.0,0.0,0.0,0.0,0.0,0.0,0.0,0.0,0.0,0.0,0.0,0.0,0.0,0.0,0.0,0.02843080119370724,0.0,0.0,0.0,0.0,0.08519334181380221,0.0,0.0,0.0,0.0,0.0,0.0,0.4627991047167348
2021-07-16,0.0,0.0,0.03892815394967231,0.0,0.0,0.04854360042870132,0.0,0.0,0.0,0.0,0.0,0.0,0.0,0.0,0.0,0.0,0.0,0.0,0.0,0.0,0.0,0.0,0.0,0.0,0.0,0.0,0.0,0.0,0.0,0.0,0.0,0.0,0.0,0.0,0.0,0.0,0.0,0.0,0.0,0.03114057766818993,0.0,0.0,0.0,0.0,0.0,0.0,0.0,0.0,0.0,0.0,0.0,0.0,0.0,0.0,0.0,0.0,0.0,0.0,0.0,0.0,0.0,0.0,0.03892377671524659,0.0,0.0,0.0,0.0,0.0,0.0389213451242718,0.0,0.048949430271921585,0.0,0.0,0.0,0.0,0.0,0.0,0.0,0.0,0.0,0.0,0.0,0.0,0.0,0.0,0.0,0.0,0.0,0.0,0.0,0.0,0.0,0.0,0.0,0.0,0.0,0.0,0.0,0.0,0.0,0.0,0.0,0.0,0.0,0.0,0.0,0.0,0.0,0.0,0.0,0.31159913184746935
2021-07-19,0.0,0.0,0.038594339118020474,0.0,0.0,0.044504347095835305,0.0,0.0,0.0,0.0,0.0,0.0,0.0,0.0,0.0,0.0,0.0,0.0,0.0,0.0,0.0,0.0,0.0,0.0,0.0,0.0,0.0,0.0,0.0,0.0,0.0,0.0,0.0,0.0,0.0,0.0,0.0,0.0,0.0,0.031060435721597453,0.0,0.0,0.0,0.0,0.0,0.0,0.0,0.0,0.0,0.0,0.0,0.0,0.0,0.0,0.0,0.0,0.0,0.0,0.0,0.0,0.0,0.0,0.03865325102300542,0.0,0.0,0.0,0.0,0.0,0.039729062286928726,0.0,0.04767448416678948,0.0,0.0,0.0,0.0,0.0,0.0,0.0,0.0,0.0,0.0,0.0,0.0,0.0,0.0,0.0,0.0,0.0,0.0,0.0,0.0,0.0,0.0,0.0,0.0,0.0,0.0,0.0,0.0,0.0,0.0,0.0,0.0,0.0,0.0,0.0,0.0,0.0,0.0,0.0,0.31377239154057984
2021-07-20,0.0,0.0,0.03866903031070426,0.0,0.0,0.044010358715744206,0.0,0.0,0.0,0.0,0.0,0.0,0.0,0.0,0.0,0.0,0.0,0.0,0.0,0.0,0.0,0.0,0.0,0.0,0.0,0.0,0.0,0.0,0.0,0.0,0.0,0.0,0.0,0.0,0.0,0.0,0.0,0.0,0.0,0.031674361724912205,0.0,0.0,0.0,0.0,0.0,0.0,0.0,0.0,0.0,0.0,0.0,0.0,0.0,0.0,0.0,0.0,0.0,0.0,0.0,0.0,0.0,0.0,0.03896988010475051,0.0,0.0,0.0,0.0,0.0,0.039861658322091965,0.0,0.04811354304702151,0.0,0.0,0.0,0.0,0.0,0.0,0.0,0.0,0.0,0.0,0.0,0.0,0.0,0.0,0.0,0.0,0.0,0.0,0.0,0.0,0.0,0.0,0.0,0.0,0.0,0.0,0.0,0.0,0.0,0.0,0.0,0.0,0.0,0.0,0.0,0.0,0.0,0.0,0.0,0.7587011677747754
2021-07-21,0.0,0.0,0.03918691368459033,0.0,0.0,0.04161563609682439,0.0,0.0,0.0,0.0,0.0,0.0,0.0,0.0,0.0,0.0,0.0,0.0,0.0,0.0,0.0,0.0,0.0,0.0,0.0,0.0,0.0,0.0,0.0,0.0,0.0,0.0,0.0,0.0,0.0,0.0,0.0,0.0,0.0,0.03143345860751674,0.0,0.0,0.0,0.0,0.0,0.0,0.0,0.0,0.0,0.0,0.0,0.0,0.0,0.0,0.0,0.0,0.0,0.0,0.0,0.0,0.0,0.0,0.03903037463175914,0.0,0.0,0.0,0.0,0.0,0.03982433104629835,0.0,0.04821172582253667,0.0,0.0,0.0,0.0,0.0,0.0,0.0,0.0,0.0,0.0,0.0,0.0,0.0,0.0,0.0,0.0,0.0,0.0,0.0,0.0,0.0,0.0,0.0,0.0,0.0,0.0,0.0,0.0,0.0,0.0,0.0,0.0,0.0,0.0,0.0,0.0,0.0,0.0,0.0,0.7606975601104744
2021-07-22,0.0,0.0,0.038741979403844,0.0,0.0,0.041281760482645855,0.0,0.0,0.0,0.0,0.0,0.0,0.0,0.0,0.0,0.0,0.0,0.0,0.0,0.0,0.0,0.0,0.0,0.0,0.0,0.0,0.0,0.0,0.0,0.0,0.0,0.0,0.0,0.0,0.0,0.0,0.0,0.0,0.0,0.031609939671955585,0.0,0.0,0.0,0.0,0.0,0.0,0.0,0.0,0.0,0.0,0.0,0.0,0.0,0.0,0.0,0.0,0.0,0.0,0.0,0.0,0.0,0.0,0.03923826903312879,0.0,0.0,0.0,0.0,0.0,0.041928274603678393,0.0,0.0478894665198005,0.0,0.0,0.0,0.0,0.0,0.0,0.0,0.0,0.0,0.0,0.0,0.0,0.0,0.0,0.0,0.0,0.0,0.0,0.0,0.0,0.0,0.0,0.0,0.0,0.0,0.0,0.0,0.0,0.0,0.0,0.0,0.0,0.0,0.0,0.0,0.0,0.0,0.0,0.0,0.7593103102849469
2021-07-23,0.0,0.0,0.038619522888551916,0.0,0.0,0.040346683167524794,0.0,0.0,0.0,0.0,0.0,0.0,0.0,0.0,0.0,0.0,0.0,0.0,0.0,0.0,0.0,0.0,0.0,0.0,0.0,0.0,0.0,0.0,0.0,0.0,0.0,0.0,0.0,0.0,0.0,0.0,0.0,0.0,0.0,0.03141306411802987,0.0,0.0,0.0,0.0,0.0,0.0,0.0,0.0,0.0,0.0,0.0,0.0,0.0,0.0,0.0,0.0,0.0,0.0,0.0,0.0,0.0,0.0,0.03874619105998672,0.0,0.0,0.0,0.0,0.0,0.04175872459252749,0.0,0.04673153551391128,0.0,0.0,0.0,0.0,0.0,0.0,0.0,0.0,0.0,0.0,0.0,0.0,0.0,0.0,0.0,0.0,0.0,0.0,0.0,0.0,0.0,0.0,0.0,0.0,0.0,0.0,0.0,0.0,0.0,0.0,0.0,0.0,0.0,0.0,0.0,0.0,0.0,0.0,0.0,0.762384278659468
2021-07-26,0.0,0.0,0.03879484690342326,0.0,0.0,0.03844381757188544,0.0,0.0,0.0,0.0,0.0,0.0,0.0,0.0,0.0,0.0,0.0,0.0,0.0,0.0,0.0,0.0,0.0,0.0,0.0,0.0,0.0,0.0,0.0,0.0,0.0,0.0,0.0,0.0,0.0,0.0,0.0,0.0,0.0,0.03132586056967315,0.0,0.0,0.0,0.0,0.0,0.0,0.0,0.0,0.0,0.0,0.0,0.0,0.0,0.0,0.0,0.0,0.0,0.0,0.0,0.0,0.0,0.0,0.03804342828557665,0.0,0.0,0.0,0.0,0.0,0.041355633150067614,0.0,0.04579666442941423,0.0,0.0,0.0,0.0,0.0,0.0,0.0,0.0,0.0,0.0,0.0,0.0,0.0,0.0,0.0,0.0,0.0,0.0,0.0,0.0,0.0,0.0,0.0,0.0,0.0,0.0,0.0,0.0,0.0,0.0,0.0,0.0,0.0,0.0,0.0,0.0,0.0,0.0,0.0,0.7662397490899596
2021-07-27,0.0,0.0,0.039699549250121036,0.0,0.0,0.03768399836780391,0.0,0.0,0.0,0.0,0.0,0.0,0.0,0.0,0.0,0.0,0.0,0.0,0.0,0.0,0.0,0.0,0.0,0.0,0.0,0.0,0.0,0.0,0.0,0.0,0.0,0.0,0.0,0.0,0.0,0.0,0.0,0.0,0.0,0.030617313201779794,0.0,0.0,0.0,0.0,0.0,0.0,0.0,0.0,0.0,0.0,0.0,0.0,0.0,0.0,0.0,0.0,0.0,0.0,0.0,0.0,0.0,0.0,0.03869565862667779,0.0,0.0,0.0,0.0,0.0,0.03985381183145728,0.0,0.04470897435014946,0.0,0.0,0.0,0.0,0.0,0.0,0.0,0.0,0.0,0.0,0.0,0.0,0.0,0.0,0.0,0.0,0.0,0.0,0.0,0.0,0.0,0.0,0.0,0.0,0.0,0.0,0.0,0.0,0.0,0.0,0.0,0.0,0.0,0.0,0.0,0.0,0.0,0.0,0.0,0.7687406943720108
2021-07-28,0.0,0.0,0.039845921913198024,0.0,0.0,0.03844701845694199,0.0,0.0,0.0,0.0,0.0,0.0,0.0,0.0,0.0,0.0,0.0,0.0,0.0,0.0,0.0,0.0,0.0,0.0,0.0,0.0,0.0,0.0,0.0,0.0,0.0,0.0,0.0,0.0,0.0,0.0,0.0,0.0,0.0,0.030732155120568157,0.0,0.0,0.0,0.0,0.0,0.0,0.0,0.0,0.0,0.0,0.0,0.0,0.0,0.0,0.0,0.0,0.0,0.0,0.0,0.0,0.0,0.0,0.03910600486898262,0.0,0.0,0.0,0.0,0.0,0.03935271424880443,0.0,0.044808203410138685,0.0,0.0,0.0,0.0,0.0,0.0,0.0,0.0,0.0,0.0,0.0,0.0,0.0,0.0,0.0,0.0,0.0,0.0,0.0,0.0,0.0,0.0,0.0,0.0,0.0,0.0,0.0,0.0,0.0,0.0,0.0,0.0,0.0,0.0,0.0,0.0,0.0,0.0,0.0,0.7677079819813661
2021-07-29,0.0,0.0,0.03998969085351195,0.0,0.0,0.037673698055070835,0.0,0.0,0.0,0.0,0.0,0.0,0.0,0.0,0.0,0.0,0.0,0.0,0.0,0.0,0.0,0.0,0.0,0.0,0.0,0.0,0.0,0.0,0.0,0.0,0.0,0.0,0.0,0.0,0.0,0.0,0.0,0.0,0.0,0.030516632546718846,0.0,0.0,0.0,0.0,0.0,0.0,0.0,0.0,0.0,0.0,0.0,0.0,0.0,0.0,0.0,0.0,0.0,0.0,0.0,0.0,0.0,0.0,0.03919684983025883,0.0,0.0,0.0,0.0,0.0,0.03889886217712731,0.0,0.045241923487035735,0.0,0.0,0.0,0.0,0.0,0.0,0.0,0.0,0.0,0.0,0.0,0.0,0.0,0.0,0.0,0.0,0.0,0.0,0.0,0.0,0.0,0.0,0.0,0.0,0.0,0.0,0.0,0.0,0.0,0.0,0.0,0.0,0.0,0.0,0.0,0.0,0.0,0.0,0.0,0.7684823430502764
2021-07-30,0.0,0.0,0.03998873617762198,0.0,0.0,0.03588166468776288,0.0,0.0,0.0,0.0,0.0,0.0,0.0,0.0,0.0,0.0,0.0,0.0,0.0,0.0,0.0,0.0,0.0,0.0,0.0,0.0,0.0,0.0,0.0,0.0,0.0,0.0,0.0,0.0,0.0,0.0,0.0,0.0,0.0,0.029473879664648067,0.0,0.0,0.0,0.0,0.0,0.0,0.0,0.0,0.0,0.0,0.0,0.0,0.0,0.0,0.0,0.0,0.0,0.0,0.0,0.0,0.0,0.0,0.039649767038973605,0.0,0.0,0.0,0.0,0.0,0.03817299541456874,0.0,0.043190174033340994,0.0,0.0,0.0,0.0,0.0,0.0,0.0,0.0,0.0,0.0,0.0,0.0,0.0,0.0,0.0,0.0,0.0,0.0,0.0,0.0,0.0,0.0,0.0,0.0,0.0,0.0,0.0,0.0,0.0,0.0,0.0,0.0,0.0,0.0,0.0,0.0,0.0,0.0,0.0,0.7736427829830836
2021-08-02,0.0,0.0,0.0399752001807648,0.0,0.0,0.03739007781678236,0.0,0.0,0.0,0.0,0.0,0.0,0.0,0.0,0.0,0.0,0.0,0.0,0.0,0.0,0.0,0.0,0.0,0.0,0.0,0.0,0.0,0.0,0.0,0.0,0.0,0.0,0.0,0.0,0.0,0.0,0.0,0.0,0.0,0.029008609131300617,0.0,0.0,0.0,0.0,0.0,0.0,0.0,0.0,0.0,0.0,0.0,0.0,0.0,0.0,0.0,0.0,0.0,0.0,0.0,0.0,0.0,0.0,0.03963307660743785,0.0,0.0,0.0,0.0,0.0,0.03865997448737849,0.0,0.043163730029736024,0.0,0.0,0.0,0.0,0.0,0.0,0.0,0.0,0.0,0.0,0.0,0.0,0.0,0.0,0.0,0.0,0.0,0.0,0.0,0.0,0.0,0.0,0.0,0.0,0.0,0.0,0.0,0.0,0.0,0.0,0.0,0.0,0.0,0.0,0.0,0.0,0.0,0.0,0.0,0.7721693317465999
2021-08-03,0.0,0.0,0.04032975026391163,0.0,0.0,0.03580412101495584,0.0,0.0,0.0,0.0,0.0,0.0,0.0,0.0,0.0,0.0,0.0,0.0,0.0,0.0,0.0,0.0,0.0,0.0,0.0,0.0,0.0,0.0,0.0,0.0,0.0,0.0,0.0,0.0,0.0,0.0,0.0,0.0,0.0,0.028956980724442822,0.0,0.0,0.0,0.0,0.0,0.0,0.0,0.0,0.0,0.0,0.0,0.0,0.0,0.0,0.0,0.0,0.0,0.0,0.0,0.0,0.0,0.0,0.0394269839800161,0.0,0.0,0.0,0.0,0.0,0.03885774400995377,0.0,0.0428284120730492,0.0,0.0,0.0,0.0,0.0,0.0,0.0,0.0,0.0,0.0,0.0,0.0,0.0,0.0,0.0,0.0,0.0,0.0,0.0,0.0,0.0,0.0,0.0,0.0,0.0,0.0,0.0,0.0,0.0,0.0,0.0,0.0,0.0,0.0,0.0,0.0,0.0,0.0,0.0,0.7737960079336705
2021-08-04,0.0,0.0,0.03966797892384715,0.0,0.0,0.035032234294670846,0.0,0.0,0.0,0.0,0.0,0.0,0.0,0.0,0.0,0.0,0.0,0.0,0.0,0.0,0.0,0.0,0.0,0.0,0.0,0.0,0.0,0.0,0.0,0.0,0.0,0.0,0.0,0.0,0.0,0.0,0.0,0.0,0.0,0.02861648540019658,0.0,0.0,0.0,0.0,0.0,0.0,0.0,0.0,0.0,0.0,0.0,0.0,0.0,0.0,0.0,0.0,0.0,0.0,0.0,0.0,0.0,0.0,0.039575588229113993,0.0,0.0,0.0,0.0,0.0,0.038721339386095656,0.0,0.04197763867368937,0.0,0.0,0.0,0.0,0.0,0.0,0.0,0.0,0.0,0.0,0.0,0.0,0.0,0.0,0.0,0.0,0.0,0.0,0.0,0.0,0.0,0.0,0.0,0.0,0.0,0.0,0.0,0.0,0.0,0.0,0.0,0.0,0.0,0.0,0.0,0.0,0.0,0.0,0.0,0.7764087350923864
2021-08-05,0.0,0.0,0.03990689872140548,0.0,0.0,0.03488358023470853,0.0,0.0,0.0,0.0,0.0,0.0,0.0,0.0,0.0,0.0,0.0,0.0,0.0,0.0,0.0,0.0,0.0,0.0,0.0,0.0,0.0,0.0,0.0,0.0,0.0,0.0,0.0,0.0,0.0,0.0,0.0,0.0,0.0,0.02760449983990383,0.0,0.0,0.0,0.0,0.0,0.0,0.0,0.0,0.0,0.0,0.0,0.0,0.0,0.0,0.0,0.0,0.0,0.0,0.0,0.0,0.0,0.0,0.03979259546539403,0.0,0.0,0.0,0.0,0.0,0.03929972965504184,0.0,0.04297248423617801,0.0,0.0,0.0,0.0,0.0,0.0,0.0,0.0,0.0,0.0,0.0,0.0,0.0,0.0,0.0,0.0,0.0,0.0,0.0,0.0,0.0,0.0,0.0,0.0,0.0,0.0,0.0,0.0,0.0,0.0,0.0,0.0,0.0,0.0,0.0,0.0,0.0,0.0,0.0,0.7755402118473682
2021-08-06,0.0,0.0,0.040103419313840226,0.0,0.0,0.03405549507499804,0.0,0.0,0.0,0.0,0.0,0.0,0.0,0.0,0.0,0.0,0.0,0.0,0.0,0.0,0.0,0.0,0.0,0.0,0.0,0.0,0.0,0.0,0.0,0.0,0.0,0.0,0.0,0.0,0.0,0.0,0.0,0.0,0.0,0.027615697258175358,0.0,0.0,0.0,0.0,0.0,0.0,0.0,0.0,0.0,0.0,0.0,0.0,0.0,0.0,0.0,0.0,0.0,0.0,0.0,0.0,0.0,0.0,0.039524908893426206,0.0,0.0,0.0,0.0,0.0,0.03923888010186826,0.0,0.04345217151310019,0.0,0.0,0.0,0.0,0.0,0.0,0.0,0.0,0.0,0.0,0.0,0.0,0.0,0.0,0.0,0.0,0.0,0.0,0.0,0.0,0.0,0.0,0.0,0.0,0.0,0.0,0.0,0.0,0.0,0.0,0.0,0.0,0.0,0.0,0.0,0.0,0.0,0.0,0.0,0.7760094278445918
2021-08-09,0.0,0.0,0.03935867846923693,0.0,0.0,0.03390273424425621,0.0,0.0,0.0,0.0,0.0,0.0,0.0,0.0,0.0,0.0,0.0,0.0,0.0,0.0,0.0,0.0,0.0,0.0,0.0,0.0,0.0,0.0,0.0,0.0,0.0,0.0,0.0,0.0,0.0,0.0,0.0,0.0,0.0,0.027655562697465712,0.0,0.0,0.0,0.0,0.0,0.0,0.0,0.0,0.0,0.0,0.0,0.0,0.0,0.0,0.0,0.0,0.0,0.0,0.0,0.0,0.0,0.0,0.039630578172022965,0.0,0.0,0.0,0.0,0.0,0.03985626960903482,0.0,0.04307287337326388,0.0,0.0,0.0,0.0,0.0,0.0,0.0,0.0,0.0,0.0,0.0,0.0,0.0,0.0,0.0,0.0,0.0,0.0,0.0,0.0,0.0,0.0,0.0,0.0,0.0,0.0,0.0,0.0,0.0,0.0,0.0,0.0,0.0,0.0,0.0,0.0,0.0,0.0,0.0,0.7765233034347195
2021-08-10,0.0,0.0,0.03967054296014183,0.0,0.0,0.03313392298678042,0.0,0.0,0.0,0.0,0.0,0.0,0.0,0.0,0.0,0.0,0.0,0.0,0.0,0.0,0.0,0.0,0.0,0.0,0.0,0.0,0.0,0.0,0.0,0.0,0.0,0.0,0.0,0.0,0.0,0.0,0.0,0.0,0.0,0.027210568288384442,0.0,0.0,0.0,0.0,0.0,0.0,0.0,0.0,0.0,0.0,0.0,0.0,0.0,0.0,0.0,0.0,0.0,0.0,0.0,0.0,0.0,0.0,0.03960515708527206,0.0,0.0,0.0,0.0,0.0,0.039533991051103265,0.0,0.042950866480946606,0.0,0.0,0.0,0.0,0.0,0.0,0.0,0.0,0.0,0.0,0.0,0.0,0.0,0.0,0.0,0.0,0.0,0.0,0.0,0.0,0.0,0.0,0.0,0.0,0.0,0.0,0.0,0.0,0.0,0.0,0.0,0.0,0.0,0.0,0.0,0.0,0.0,0.0,0.0,0.7778949511473715
2021-08-11,0.0,0.0,0.039739362360630595,0.0,0.0,0.03356045525688889,0.0,0.0,0.0,0.0,0.0,0.0,0.0,0.0,0.0,0.0,0.0,0.0,0.0,0.0,0.0,0.0,0.0,0.0,0.0,0.0,0.0,0.0,0.0,0.0,0.0,0.0,0.0,0.0,0.0,0.0,0.0,0.0,0.0,0.026984821964691964,0.0,0.0,0.0,0.0,0.0,0.0,0.0,0.0,0.0,0.0,0.0,0.0,0.0,0.0,0.0,0.0,0.0,0.0,0.0,0.0,0.0,0.0,0.037472175739670294,0.0,0.0,0.0,0.0,0.0,0.03960718469958517,0.0,0.04405470699181645,0.0,0.0,0.0,0.0,0.0,0.0,0.0,0.0,0.0,0.0,0.0,0.0,0.0,0.0,0.0,0.0,0.0,0.0,0.0,0.0,0.0,0.0,0.0,0.0,0.0,0.0,0.0,0.0,0.0,0.0,0.0,0.0,0.0,0.0,0.0,0.0,0.0,0.0,0.0,0.7785812929867166
2021-08-12,0.0,0.0,0.03939760940261012,0.0,0.0,0.03448073610308504,0.0,0.0,0.0,0.0,0.0,0.0,0.0,0.0,0.0,0.0,0.0,0.0,0.0,0.0,0.0,0.0,0.0,0.0,0.0,0.0,0.0,0.0,0.0,0.0,0.0,0.0,0.0,0.0,0.0,0.0,0.0,0.0,0.0,0.026456976817507742,0.0,0.0,0.0,0.0,0.0,0.0,0.0,0.0,0.0,0.0,0.0,0.0,0.0,0.0,0.0,0.0,0.0,0.0,0.0,0.0,0.0,0.0,0.035844018581730516,0.0,0.0,0.0,0.0,0.0,0.03873865254334398,0.0,0.04429732603115668,0.0,0.0,0.0,0.0,0.0,0.0,0.0,0.0,0.0,0.0,0.0,0.0,0.0,0.0,0.0,0.0,0.0,0.0,0.0,0.0,0.0,0.0,0.0,0.0,0.0,0.0,0.0,0.0,0.0,0.0,0.0,0.0,0.0,0.0,0.0,0.0,0.0,0.0,0.0,0.7807846805205658
2021-08-13,0.0,0.0,0.03853670509085846,0.0,0.0,0.03196356329964767,0.0,0.0,0.0,0.0,0.0,0.0,0.0,0.0,0.0,0.0,0.0,0.0,0.0,0.0,0.0,0.0,0.0,0.0,0.0,0.0,0.0,0.0,0.0,0.0,0.0,0.0,0.0,0.0,0.0,0.0,0.0,0.0,0.0,0.02640423820892835,0.0,0.0,0.0,0.0,0.0,0.0,0.0,0.0,0.0,0.0,0.0,0.0,0.0,0.0,0.0,0.0,0.0,0.0,0.0,0.0,0.0,0.0,0.03554668681641914,0.0,0.0,0.0,0.0,0.0,0.03860938231282629,0.0,0.04308791308210201,0.0,0.0,0.0,0.0,0.0,0.0,0.0,0.0,0.0,0.0,0.0,0.0,0.0,0.0,0.0,0.0,0.0,0.0,0.0,0.0,0.0,0.0,0.0,0.0,0.0,0.0,0.0,0.0,0.0,0.0,0.0,0.0,0.0,0.0,0.0,0.0,0.0,0.0,0.0,0.7858515111892181
2021-08-16,0.0,0.0,0.03690573610318652,0.0,0.0,0.0306819334332409,0.0,0.0,0.0,0.0,0.0,0.0,0.0,0.0,0.0,0.0,0.0,0.0,0.0,0.0,0.0,0.0,0.0,0.0,0.0,0.0,0.0,0.0,0.0,0.0,0.0,0.0,0.0,0.0,0.0,0.0,0.0,0.0,0.0,0.026019461297604844,0.0,0.0,0.0,0.0,0.0,0.0,0.0,0.0,0.0,0.0,0.0,0.0,0.0,0.0,0.0,0.0,0.0,0.0,0.0,0.0,0.0,0.0,0.03398209371761995,0.0,0.0,0.0,0.0,0.0,0.03725135923159354,0.0,0.04167378848877937,0.0,0.0,0.0,0.0,0.0,0.0,0.0,0.0,0.0,0.0,0.0,0.0,0.0,0.0,0.0,0.0,0.0,0.0,0.0,0.0,0.0,0.0,0.0,0.0,0.0,0.0,0.0,0.0,0.0,0.0,0.0,0.0,0.0,0.0,0.0,0.0,0.0,0.0,0.0,0.7934856277279748
2021-08-17,0.0,0.0,0.03639102464380452,0.0,0.0,0.03020902477636743,0.0,0.0,0.0,0.0,0.0,0.0,0.0,0.0,0.0,0.0,0.0,0.0,0.0,0.0,0.0,0.0,0.0,0.0,0.0,0.0,0.0,0.0,0.0,0.0,0.0,0.0,0.0,0.0,0.0,0.0,0.0,0.0,0.0,0.02604468000945907,0.0,0.0,0.0,0.0,0.0,0.0,0.0,0.0,0.0,0.0,0.0,0.0,0.0,0.0,0.0,0.0,0.0,0.0,0.0,0.0,0.0,0.0,0.0339670900055084,0.0,0.0,0.0,0.0,0.0,0.03482369350511261,0.0,0.0416105673482373,0.0,0.0,0.0,0.0,0.0,0.0,0.0,0.0,0.0,0.0,0.0,0.0,0.0,0.0,0.0,0.0,0.0,0.0,0.0,0.0,0.0,0.0,0.0,0.0,0.0,0.0,0.0,0.0,0.0,0.0,0.0,0.0,0.0,0.0,0.0,0.0,0.0,0.0,0.0,0.7969539197115107
2021-08-18,0.0,0.0,0.03646091617919045,0.0,0.0,0.030013609644671955,0.0,0.0,0.0,0.0,0.0,0.0,0.0,0.0,0.0,0.0,0.0,0.0,0.0,0.0,0.0,0.0,0.0,0.0,0.0,0.0,0.0,0.0,0.0,0.0,0.0,0.0,0.0,0.0,0.0,0.0,0.0,0.0,0.0,0.025619544986990372,0.0,0.0,0.0,0.0,0.0,0.0,0.0,0.0,0.0,0.0,0.0,0.0,0.0,0.0,0.0,0.0,0.0,0.0,0.0,0.0,0.0,0.0,0.03394764727003772,0.0,0.0,0.0,0.0,0.0,0.03562204186427975,0.0,0.04062809879577747,0.0,0.0,0.0,0.0,0.0,0.0,0.0,0.0,0.0,0.0,0.0,0.0,0.0,0.0,0.0,0.0,0.0,0.0,0.0,0.0,0.0,0.0,0.0,0.0,0.0,0.0,0.0,0.0,0.0,0.0,0.0,0.0,0.0,0.0,0.0,0.0,0.0,0.0,0.0,0.7977081412590523
2021-08-19,0.0,0.0,0.037120876667649655,0.0,0.0,0.030464740972831594,0.0,0.0,0.0,0.0,0.0,0.0,0.0,0.0,0.0,0.0,0.0,0.0,0.0,0.0,0.0,0.0,0.0,0.0,0.0,0.0,0.0,0.0,0.0,0.0,0.0,0.0,0.0,0.0,0.0,0.0,0.0,0.0,0.0,0.026182569343196436,0.0,0.0,0.0,0.0,0.0,0.0,0.0,0.0,0.0,0.0,0.0,0.0,0.0,0.0,0.0,0.0,0.0,0.0,0.0,0.0,0.0,0.0,0.035330768910339955,0.0,0.0,0.0,0.0,0.0,0.03812353581697424,0.0,0.040575170964507995,0.0,0.0,0.0,0.0,0.0,0.0,0.0,0.0,0.0,0.0,0.0,0.0,0.0,0.0,0.0,0.0,0.0,0.0,0.0,0.0,0.0,0.0,0.0,0.0,0.0,0.0,0.0,0.0,0.0,0.0,0.0,0.0,0.0,0.0,0.0,0.0,0.0,0.0,0.0,0.7922023373245002
2021-08-20,0.0,0.0,0.03708804387222884,0.0,0.0,0.030480847999900217,0.0,0.0,0.0,0.0,0.0,0.0,0.0,0.0,0.0,0.0,0.0,0.0,0.0,0.0,0.0,0.0,0.0,0.0,0.0,0.0,0.0,0.0,0.0,0.0,0.0,0.0,0.0,0.0,0.0,0.0,0.0,0.0,0.0,0.027303132115496218,0.0,0.0,0.0,0.0,0.0,0.0,0.0,0.0,0.0,0.0,0.0,0.0,0.0,0.0,0.0,0.0,0.0,0.0,0.0,0.0,0.0,0.0,0.03551217958881111,0.0,0.0,0.0,0.0,0.0,0.03887496448473688,0.0,0.040285392683743385,0.0,0.0,0.0,0.0,0.0,0.0,0.0,0.0,0.0,0.0,0.0,0.0,0.0,0.0,0.0,0.0,0.0,0.0,0.0,0.0,0.0,0.0,0.0,0.0,0.0,0.0,0.0,0.0,0.0,0.0,0.0,0.0,0.0,0.0,0.0,0.0,0.0,0.0,0.0,0.7904554392550834
2021-08-23,0.0,0.0,0.04425574287134287,0.0,0.0,0.05617317482278703,0.0,0.0,0.0,0.0,0.0,0.0,0.0,0.0,0.0,0.0,0.0,0.0,0.0,0.04557012375943913,0.0,0.0,0.0,0.0,0.0,0.0,0.0,0.0,0.0,0.0,0.0,0.0,0.0,0.0,0.0,0.0,0.0,0.0,0.0,0.035394488437390535,0.0,0.0,0.0,0.0,0.04556594765212046,0.0,0.0,0.0,0.0,0.0,0.0,0.0,0.0,0.0,0.0,0.0,0.0,0.0,0.0,0.0,0.0,0.0,0.04424242426510818,0.0,0.0,0.0,0.0,0.0,0.04424645885579919,0.0,0.06515586017359623,0.0,0.0,0.0,0.0,0.0,0.0,0.0,0.0,0.0,0.0,0.0,0.06226723641181668,0.0,0.0,0.0,0.0,0.0,0.0,0.0,0.0,0.0,0.0,0.0,0.0,0.0,0.0,0.0,0.04555447508557218,0.0,0.036017182568647735,0.0,0.0,0.06225199921640307,0.0,0.0,0.0,0.0,0.0,0.0,0.41330488587997677
2021-08-24,0.0,0.0,0.04400754736380118,0.0,0.0,0.060342506881689406,0.0,0.0,0.0,0.0,0.0,0.0,0.0,0.0,0.0,0.0,0.0,0.0,0.0,0.04574723144060274,0.0,0.0,0.0,0.0,0.0,0.0,0.0,0.0,0.0,0.0,0.0,0.0,0.0,0.0,0.0,0.0,0.0,0.0,0.0,0.03611759097254697,0.0,0.0,0.0,0.0,0.04558931006596986,0.0,0.0,0.0,0.0,0.0,0.0,0.0,0.0,0.0,0.0,0.0,0.0,0.0,0.0,0.0,0.0,0.0,0.04509391155943033,0.0,0.0,0.0,0.0,0.0,0.0436130361069273,0.0,0.06771311444645242,0.0,0.0,0.0,0.0,0.0,0.0,0.0,0.0,0.0,0.0,0.0,0.06228350634924745,0.0,0.0,0.0,0.0,0.0,0.0,0.0,0.0,0.0,0.0,0.0,0.0,0.0,0.0,0.0,0.04582961166797188,0.0,0.03581542785197139,0.0,0.0,0.06302056011132724,0.0,0.0,0.0,0.0,0.0,0.0,0.40482664518206185
2021-08-25,0.0,0.0,0.04355267703604027,0.0,0.0,0.0592644869871292,0.0,0.0,0.0,0.0,0.0,0.0,0.0,0.0,0.0,0.0,0.0,0.0,0.0,0.045304162664736684,0.0,0.0,0.0,0.0,0.0,0.0,0.0,0.0,0.0,0.0,0.0,0.0,0.0,0.0,0.0,0.0,0.0,0.0,0.0,0.036063421829489864,0.0,0.0,0.0,0.0,0.04561356142401012,0.0,0.0,0.0,0.0,0.0,0.0,0.0,0.0,0.0,0.0,0.0,0.0,0.0,0.0,0.0,0.0,0.0,0.045217098305196504,0.0,0.0,0.0,0.0,0.0,0.04394755199414393,0.0,0.06849887155428579,0.0,0.0,0.0,0.0,0.0,0.0,0.0,0.0,0.0,0.0,0.0,0.06148720992718696,0.0,0.0,0.0,0.0,0.0,0.0,0.0,0.0,0.0,0.0,0.0,0.0,0.0,0.0,0.0,0.04810656068349908,0.0,0.03713904550288885,0.0,0.0,0.06269441399342343,0.0,0.0,0.0,0.0,0.0,0.0,0.4031109380979694
2021-08-26,0.0,0.0,0.04419397601273411,0.0,0.0,0.06096742474117556,0.0,0.0,0.0,0.0,0.0,0.0,0.0,0.0,0.0,0.0,0.0,0.0,0.0,0.04511960009883069,0.0,0.0,0.0,0.0,0.0,0.0,0.0,0.0,0.0,0.0,0.0,0.0,0.0,0.0,0.0,0.0,0.0,0.0,0.0,0.035797807358269935,0.0,0.0,0.0,0.0,0.04510183123567241,0.0,0.0,0.0,0.0,0.0,0.0,0.0,0.0,0.0,0.0,0.0,0.0,0.0,0.0,0.0,0.0,0.0,0.04446652856166148,0.0,0.0,0.0,0.0,0.0,0.04333279383988563,0.0,0.06649412264906304,0.0,0.0,0.0,0.0,0.0,0.0,0.0,0.0,0.0,0.0,0.0,0.05924751538013391,0.0,0.0,0.0,0.0,0.0,0.0,0.0,0.0,0.0,0.0,0.0,0.0,0.0,0.0,0.0,0.04811702379063572,0.0,0.03736564423540087,0.0,0.0,0.06279059832578779,0.0,0.0,0.0,0.0,0.0,0.0,0.40700513377074893
2021-08-27,0.0,0.0,0.043722000397989,0.0,0.0,0.05885841086507498,0.0,0.0,0.0,0.0,0.0,0.0,0.0,0.0,0.0,0.0,0.0,0.0,0.0,0.045534483850969844,0.0,0.0,0.0,0.0,0.0,0.0,0.0,0.0,0.0,0.0,0.0,0.0,0.0,0.0,0.0,0.0,0.0,0.0,0.0,0.036158290716784384,0.0,0.0,0.0,0.0,0.04588728627894924,0.0,0.0,0.0,0.0,0.0,0.0,0.0,0.0,0.0,0.0,0.0,0.0,0.0,0.0,0.0,0.0,0.0,0.04424838484157222,0.0,0.0,0.0,0.0,0.0,0.04384371749396019,0.0,0.0667868361192326,0.0,0.0,0.0,0.0,0.0,0.0,0.0,0.0,0.0,0.0,0.0,0.06315107956301243,0.0,0.0,0.0,0.0,0.0,0.0,0.0,0.0,0.0,0.0,0.0,0.0,0.0,0.0,0.0,0.04790725966368228,0.0,0.037581041891336896,0.0,0.0,0.062384707695559455,0.0,0.0,0.0,0.0,0.0,0.0,0.40393650062187636
2021-08-30,0.0,0.0,0.045491701782653125,0.0,0.0,0.060458757577215964,0.0,0.0,0.0,0.0,0.0,0.0,0.0,0.0,0.0,0.0,0.0,0.0,0.0,0.0453365322651931,0.0,0.0,0.0,0.0,0.0,0.0,0.0,0.0,0.0,0.0,0.0,0.0,0.0,0.0,0.0,0.0,0.0,0.0,0.0,0.03581542164014345,0.0,0.0,0.0,0.0,0.04482369857648144,0.0,0.0,0.0,0.0,0.0,0.0,0.0,0.0,0.0,0.0,0.0,0.0,0.0,0.0,0.0,0.0,0.0,0.044352288370259306,0.0,0.0,0.0,0.0,0.0,0.04368117932314471,0.0,0.06628126587747357,0.0,0.0,0.0,0.0,0.0,0.0,0.0,0.0,0.0,0.0,0.0,0.0628453481924376,0.0,0.0,0.0,0.0,0.0,0.0,0.0,0.0,0.0,0.0,0.0,0.0,0.0,0.0,0.0,0.047628151648372,0.0,0.03798327353446962,0.0,0.0,0.06115814208437999,0.0,0.0,0.0,0.0,0.0,0.0,0.4041442391277762
2021-08-31,0.0,0.0,0.04583892031935693,0.0,0.0,0.058506245519541485,0.0,0.0,0.0,0.0,0.0,0.0,0.0,0.0,0.0,0.0,0.0,0.0,0.0,0.04515570477283272,0.0,0.0,0.0,0.0,0.0,0.0,0.0,0.0,0.0,0.0,0.0,0.0,0.0,0.0,0.0,0.0,0.0,0.0,0.0,0.035261509406406016,0.0,0.0,0.0,0.0,0.04492264310174115,0.0,0.0,0.0,0.0,0.0,0.0,0.0,0.0,0.0,0.0,0.0,0.0,0.0,0.0,0.0,0.0,0.0,0.04368257067484019,0.0,0.0,0.0,0.0,0.0,0.043641819959961886,0.0,0.06470820215909441,0.0,0.0,0.0,0.0,0.0,0.0,0.0,0.0,0.0,0.0,0.0,0.06307883332897884,0.0,0.0,0.0,0.0,0.0,0.0,0.0,0.0,0.0,0.0,0.0,0.0,0.0,0.0,0.0,0.04772247018464146,0.0,0.03810388703193256,0.0,0.0,0.06089921877859158,0.0,0.0,0.0,0.0,0.0,0.0,0.4084779747620807
2021-09-01,0.0,0.0,0.049116609712504415,0.0,0.0,0.06029579229055187,0.0,0.0,0.0,0.0,0.0,0.0,0.0,0.0,0.0,0.0,0.0,0.0,0.0,0.04442357563175814,0.0,0.0,0.0,0.0,0.0,0.0,0.0,0.0,0.0,0.0,0.0,0.0,0.0,0.0,0.0,0.0,0.0,0.0,0.0,0.03564953737105082,0.0,0.0,0.0,0.0,0.046256754143178376,0.0,0.0,0.0,0.0,0.0,0.0,0.0,0.0,0.0,0.0,0.0,0.0,0.0,0.0,0.0,0.0,0.0,0.04323236679263541,0.0,0.0,0.0,0.0,0.0,0.043765516506578624,0.0,0.06559982146951861,0.0,0.0,0.0,0.0,0.0,0.0,0.0,0.0,0.0,0.0,0.0,0.06068280417909111,0.0,0.0,0.0,0.0,0.0,0.0,0.0,0.0,0.0,0.0,0.0,0.0,0.0,0.0,0.0,0.04739535375622206,0.0,0.03867153028650199,0.0,0.0,0.06047745507997469,0.0,0.0,0.0,0.0,0.0,0.0,0.4044328827804338
2021-09-02,0.0,0.0,0.048320463747277456,0.0,0.0,0.058589904864228146,0.0,0.0,0.0,0.0,0.0,0.0,0.0,0.0,0.0,0.0,0.0,0.0,0.0,0.044704972190962505,0.0,0.0,0.0,0.0,0.0,0.0,0.0,0.0,0.0,0.0,0.0,0.0,0.0,0.0,0.0,0.0,0.0,0.0,0.0,0.0347001916363278,0.0,0.0,0.0,0.0,0.045835054638773104,0.0,0.0,0.0,0.0,0.0,0.0,0.0,0.0,0.0,0.0,0.0,0.0,0.0,0.0,0.0,0.0,0.0,0.04209238161940885,0.0,0.0,0.0,0.0,0.0,0.04326422949993633,0.0,0.06404555226882346,0.0,0.0,0.0,0.0,0.0,0.0,0.0,0.0,0.0,0.0,0.0,0.061910822927422025,0.0,0.0,0.0,0.0,0.0,0.0,0.0,0.0,0.0,0.0,0.0,0.0,0.0,0.0,0.0,0.04763308410143602,0.0,0.037905951204090356,0.0,0.0,0.06137611564590386,0.0,0.0,0.0,0.0,0.0,0.0,0.40962127565541007
2021-09-03,0.0,0.0,0.04630967254605035,0.0,0.0,0.05936086028744318,0.0,0.0,0.0,0.0,0.0,0.0,0.0,0.0,0.0,0.0,0.0,0.0,0.0,0.04482370642632416,0.0,0.0,0.0,0.0,0.0,0.0,0.0,0.0,0.0,0.0,0.0,0.0,0.0,0.0,0.0,0.0,0.0,0.0,0.0,0.03493778853477259,0.0,0.0,0.0,0.0,0.04558741945417812,0.0,0.0,0.0,0.0,0.0,0.0,0.0,0.0,0.0,0.0,0.0,0.0,0.0,0.0,0.0,0.0,0.0,0.04223997352236675,0.0,0.0,0.0,0.0,0.0,0.04281884756724352,0.0,0.06718434573438238,0.0,0.0,0.0,0.0,0.0,0.0,0.0,0.0,0.0,0.0,0.0,0.05984252578959048,0.0,0.0,0.0,0.0,0.0,0.0,0.0,0.0,0.0,0.0,0.0,0.0,0.0,0.0,0.0,0.048374932568944755,0.0,0.03776586704183315,0.0,0.0,0.0612105334849796,0.0,0.0,0.0,0.0,0.0,0.0,0.40954352704189095
2021-09-06,0.0,0.0,0.04568776632935586,0.0,0.0,0.06200248331264714,0.0,0.0,0.0,0.0,0.0,0.0,0.0,0.0,0.0,0.0,0.0,0.0,0.0,0.04403497195363114,0.0,0.0,0.0,0.0,0.0,0.0,0.0,0.0,0.0,0.0,0.0,0.0,0.0,0.0,0.0,0.0,0.0,0.0,0.0,0.03529153117974776,0.0,0.0,0.0,0.0,0.04550942888061737,0.0,0.0,0.0,0.0,0.0,0.0,0.0,0.0,0.0,0.0,0.0,0.0,0.0,0.0,0.0,0.0,0.0,0.042329602787852215,0.0,0.0,0.0,0.0,0.0,0.04336246594574542,0.0,0.06860884474568281,0.0,0.0,0.0,0.0,0.0,0.0,0.0,0.0,0.0,0.0,0.0,0.06053319477602568,0.0,0.0,0.0,0.0,0.0,0.0,0.0,0.0,0.0,0.0,0.0,0.0,0.0,0.0,0.0,0.04775112316924593,0.0,0.037255920408695326,0.0,0.0,0.06177714859428687,0.0,0.0,0.0,0.0,0.0,0.0,0.40585551791646646
2021-09-08,0.0,0.0,0.04529753171770856,0.0,0.0,0.05763799113097218,0.0,0.0,0.0,0.0,0.0,0.0,0.0,0.0,0.0,0.0,0.0,0.0,0.0,0.043888878868338116,0.0,0.0,0.0,0.0,0.0,0.0,0.0,0.0,0.0,0.0,0.0,0.0,0.0,0.0,0.0,0.0,0.0,0.0,0.0,0.034438881204018806,0.0,0.0,0.0,0.0,0.045402196440904034,0.0,0.0,0.0,0.0,0.0,0.0,0.0,0.0,0.0,0.0,0.0,0.0,0.0,0.0,0.0,0.0,0.0,0.041678743039480166,0.0,0.0,0.0,0.0,0.0,0.040822068459524324,0.0,0.06771669173920628,0.0,0.0,0.0,0.0,0.0,0.0,0.0,0.0,0.0,0.0,0.0,0.061037502443696864,0.0,0.0,0.0,0.0,0.0,0.0,0.0,0.0,0.0,0.0,0.0,0.0,0.0,0.0,0.0,0.04974305906128872,0.0,0.03655780548411091,0.0,0.0,0.060407989724962294,0.0,0.0,0.0,0.0,0.0,0.0,0.41537066068578876
2021-09-09,0.0,0.0,0.04596695392166269,0.0,0.0,0.05802941094994607,0.0,0.0,0.0,0.0,0.0,0.0,0.0,0.0,0.0,0.0,0.0,0.0,0.0,0.04322132369111384,0.0,0.0,0.0,0.0,0.0,0.0,0.0,0.0,0.0,0.0,0.0,0.0,0.0,0.0,0.0,0.0,0.0,0.0,0.0,0.03472771288072389,0.0,0.0,0.0,0.0,0.04580373230492151,0.0,0.0,0.0,0.0,0.0,0.0,0.0,0.0,0.0,0.0,0.0,0.0,0.0,0.0,0.0,0.0,0.0,0.04158507791521569,0.0,0.0,0.0,0.0,0.0,0.04137483467818425,0.0,0.06715529823042289,0.0,0.0,0.0,0.0,0.0,0.0,0.0,0.0,0.0,0.0,0.0,0.06536153213449426,0.0,0.0,0.0,0.0,0.0,0.0,0.0,0.0,0.0,0.0,0.0,0.0,0.0,0.0,0.0,0.04890652948200405,0.0,0.03664180249580376,0.0,0.0,0.060528052335830036,0.0,0.0,0.0,0.0,0.0,0.0,0.41069773897967715
2021-09-10,0.0,0.0,0.04749624817421627,0.0,0.0,0.056676513814077886,0.0,0.0,0.0,0.0,0.0,0.0,0.0,0.0,0.0,0.0,0.0,0.0,0.0,0.04366366013559652,0.0,0.0,0.0,0.0,0.0,0.0,0.0,0.0,0.0,0.0,0.0,0.0,0.0,0.0,0.0,0.0,0.0,0.0,0.0,0.03475048602077518,0.0,0.0,0.0,0.0,0.04617757286516427,0.0,0.0,0.0,0.0,0.0,0.0,0.0,0.0,0.0,0.0,0.0,0.0,0.0,0.0,0.0,0.0,0.0,0.041929917798926804,0.0,0.0,0.0,0.0,0.0,0.041140602271461504,0.0,0.061821845833294184,0.0,0.0,0.0,0.0,0.0,0.0,0.0,0.0,0.0,0.0,0.0,0.06374985757590498,0.0,0.0,0.0,0.0,0.0,0.0,0.0,0.0,0.0,0.0,0.0,0.0,0.0,0.0,0.0,0.04813708507957941,0.0,0.037283934022079274,0.0,0.0,0.06225762875610593,0.0,0.0,0.0,0.0,0.0,0.0,0.41491464765281777
2021-09-13,0.0,0.0,0.048008059162873436,0.0,0.0,0.058804830952252106,0.0,0.0,0.0,0.0,0.0,0.0,0.0,0.0,0.0,0.0,0.0,0.0,0.0,0.043360600029911434,0.0,0.0,0.0,0.0,0.0,0.0,0.0,0.0,0.0,0.0,0.0,0.0,0.0,0.0,0.0,0.0,0.0,0.0,0.0,0.03497585615371391,0.0,0.0,0.0,0.0,0.04712332807780767,0.0,0.0,0.0,0.0,0.0,0.0,0.0,0.0,0.0,0.0,0.0,0.0,0.0,0.0,0.0,0.0,0.0,0.042256444112088586,0.0,0.0,0.0,0.0,0.0,0.0418717242380898,0.0,0.062125795376526564,0.0,0.0,0.0,0.0,0.0,0.0,0.0,0.0,0.0,0.0,0.0,0.06449593203306903,0.0,0.0,0.0,0.0,0.0,0.0,0.0,0.0,0.0,0.0,0.0,0.0,0.0,0.0,0.0,0.04707125899384022,0.0,0.036805636447325235,0.0,0.0,0.06228016829703043,0.0,0.0,0.0,0.0,0.0,0.0,0.41082036612547157
2021-09-14,0.0,0.0,0.04770755030902311,0.0,0.0,0.058236804366578514,0.0,0.0,0.0,0.0,0.0,0.0,0.0,0.0,0.0,0.0,0.0,0.0,0.0,0.04329731299553652,0.0,0.0,0.0,0.0,0.0,0.0,0.0,0.0,0.0,0.0,0.0,0.0,0.0,0.0,0.0,0.0,0.0,0.0,0.0,0.03538850917259671,0.0,0.0,0.0,0.0,0.048463608924761765,0.0,0.0,0.0,0.0,0.0,0.0,0.0,0.0,0.0,0.0,0.0,0.0,0.0,0.0,0.0,0.0,0.0,0.042038962893646205,0.0,0.0,0.0,0.0,0.0,0.04505471296221738,0.0,0.06032699017231386,0.0,0.0,0.0,0.0,0.0,0.0,0.0,0.0,0.0,0.0,0.0,0.06449770937448851,0.0,0.0,0.0,0.0,0.0,0.0,0.0,0.0,0.0,0.0,0.0,0.0,0.0,0.0,0.0,0.04691034038101029,0.0,0.037130143434861845,0.0,0.0,0.06233636435185077,0.0,0.0,0.0,0.0,0.0,0.0,0.4086109906611145
2021-09-15,0.0,0.0,0.047770083527503684,0.0,0.0,0.05582591119579211,0.0,0.0,0.0,0.0,0.0,0.0,0.0,0.0,0.0,0.0,0.0,0.0,0.0,0.04549528217793004,0.0,0.0,0.0,0.0,0.0,0.0,0.0,0.0,0.0,0.0,0.0,0.0,0.0,0.0,0.0,0.0,0.0,0.0,0.0,0.03451671030385473,0.0,0.0,0.0,0.0,0.048594097070829234,0.0,0.0,0.0,0.0,0.0,0.0,0.0,0.0,0.0,0.0,0.0,0.0,0.0,0.0,0.0,0.0,0.0,0.042232405604093914,0.0,0.0,0.0,0.0,0.0,0.044172655623114704,0.0,0.05879005714556928,0.0,0.0,0.0,0.0,0.0,0.0,0.0,0.0,0.0,0.0,0.0,0.06919527227534263,0.0,0.0,0.0,0.0,0.0,0.0,0.0,0.0,0.0,0.0,0.0,0.0,0.0,0.0,0.0,0.04533743795947206,0.0,0.03750962819084249,0.0,0.0,0.062455003640408,0.0,0.0,0.0,0.0,0.0,0.0,0.40810545528524705
2021-09-16,0.0,0.0,0.04860813480269157,0.0,0.0,0.054008005776247626,0.0,0.0,0.0,0.0,0.0,0.0,0.0,0.0,0.0,0.0,0.0,0.0,0.0,0.044443366132817325,0.0,0.0,0.0,0.0,0.0,0.0,0.0,0.0,0.0,0.0,0.0,0.0,0.0,0.0,0.0,0.0,0.0,0.0,0.0,0.03503840866965847,0.0,0.0,0.0,0.0,0.048350033364316265,0.0,0.0,0.0,0.0,0.0,0.0,0.0,0.0,0.0,0.0,0.0,0.0,0.0,0.0,0.0,0.0,0.0,0.04132810355061628,0.0,0.0,0.0,0.0,0.0,0.043388530261369795,0.0,0.05872021947339038,0.0,0.0,0.0,0.0,0.0,0.0,0.0,0.0,0.0,0.0,0.0,0.0695031342367624,0.0,0.0,0.0,0.0,0.0,0.0,0.0,0.0,0.0,0.0,0.0,0.0,0.0,0.0,0.0,0.043333073102481905,0.0,0.03784215684518837,0.0,0.0,0.061508576721123795,0.0,0.0,0.0,0.0,0.0,0.0,0.4139282570633358
2021-09-17,0.0,0.0,0.04867185975907384,0.0,0.0,0.05304547684044528,0.0,0.0,0.0,0.0,0.0,0.0,0.0,0.0,0.0,0.0,0.0,0.0,0.0,0.04321211520876573,0.0,0.0,0.0,0.0,0.0,0.0,0.0,0.0,0.0,0.0,0.0,0.0,0.0,0.0,0.0,0.0,0.0,0.0,0.0,0.035204065328933616,0.0,0.0,0.0,0.0,0.04840000703723027,0.0,0.0,0.0,0.0,0.0,0.0,0.0,0.0,0.0,0.0,0.0,0.0,0.0,0.0,0.0,0.0,0.0,0.04205747387938686,0.0,0.0,0.0,0.0,0.0,0.04406540765804955,0.0,0.059966432545569937,0.0,0.0,0.0,0.0,0.0,0.0,0.0,0.0,0.0,0.0,0.0,0.06736898965625479,0.0,0.0,0.0,0.0,0.0,0.0,0.0,0.0,0.0,0.0,0.0,0.0,0.0,0.0,0.0,0.04198677750454231,0.0,0.03725388270610457,0.0,0.0,0.06107340892457896,0.0,0.0,0.0,0.0,0.0,0.0,0.41769410295106446
2021-09-20,0.0,0.0,0.047651358017025955,0.0,0.0,0.052425487934534706,0.0,0.0,0.0,0.0,0.0,0.0,0.0,0.0,0.0,0.0,0.0,0.0,0.0,0.04232964059508172,0.0,0.0,0.0,0.0,0.0,0.0,0.0,0.0,0.0,0.0,0.0,0.0,0.0,0.0,0.0,0.0,0.0,0.0,0.0,0.03487085645234913,0.0,0.0,0.0,0.0,0.04853928508956699,0.0,0.0,0.0,0.0,0.0,0.0,0.0,0.0,0.0,0.0,0.0,0.0,0.0,0.0,0.0,0.0,0.0,0.04270969619302419,0.0,0.0,0.0,0.0,0.0,0.042762973519768745,0.0,0.05951022488290812,0.0,0.0,0.0,0.0,0.0,0.0,0.0,0.0,0.0,0.0,0.0,0.06510198140330486,0.0,0.0,0.0,0.0,0.0,0.0,0.0,0.0,0.0,0.0,0.0,0.0,0.0,0.0,0.0,0.04199524940822603,0.0,0.037200457907965306,0.0,0.0,0.05687123645221539,0.0,0.0,0.0,0.0,0.0,0.0,0.4280315521440288
2021-09-21,0.0,0.0,0.04815680298005823,0.0,0.0,0.054082646941329734,0.0,0.0,0.0,0.0,0.0,0.0,0.0,0.0,0.0,0.0,0.0,0.0,0.0,0.04234627970470246,0.0,0.0,0.0,0.0,0.0,0.0,0.0,0.0,0.0,0.0,0.0,0.0,0.0,0.0,0.0,0.0,0.0,0.0,0.0,0.035471813075362055,0.0,0.0,0.0,0.0,0.04918999319831946,0.0,0.0,0.0,0.0,0.0,0.0,0.0,0.0,0.0,0.0,0.0,0.0,0.0,0.0,0.0,0.0,0.0,0.0422078034567767,0.0,0.0,0.0,0.0,0.0,0.04294103027972969,0.0,0.0603926205821522,0.0,0.0,0.0,0.0,0.0,0.0,0.0,0.0,0.0,0.0,0.0,0.06582459815504925,0.0,0.0,0.0,0.0,0.0,0.0,0.0,0.0,0.0,0.0,0.0,0.0,0.0,0.0,0.0,0.04221327290137909,0.0,0.037169278795163546,0.0,0.0,0.05455173487728286,0.0,0.0,0.0,0.0,0.0,0.0,0.4254521250526946
2021-09-22,0.0,0.0,0.0487799082520196,0.0,0.0,0.05280209113558088,0.0,0.0,0.0,0.0,0.0,0.0,0.0,0.0,0.0,0.0,0.0,0.0,0.0,0.04349346360402366,0.0,0.0,0.0,0.0,0.0,0.0,0.0,0.0,0.0,0.0,0.0,0.0,0.0,0.0,0.0,0.0,0.0,0.0,0.0,0.03610053604194114,0.0,0.0,0.0,0.0,0.04845695649718871,0.0,0.0,0.0,0.0,0.0,0.0,0.0,0.0,0.0,0.0,0.0,0.0,0.0,0.0,0.0,0.0,0.0,0.042823258835216024,0.0,0.0,0.0,0.0,0.0,0.04269162106908629,0.0,0.059347073841148255,0.0,0.0,0.0,0.0,0.0,0.0,0.0,0.0,0.0,0.0,0.0,0.06973400751864112,0.0,0.0,0.0,0.0,0.0,0.0,0.0,0.0,0.0,0.0,0.0,0.0,0.0,0.0,0.0,0.04312318723279526,0.0,0.03859288233872902,0.0,0.0,0.05460560152364,0.0,0.0,0.0,0.0,0.0,0.0,0.41944941210999004
2021-09-23,0.0,0.0,0.049767930942064775,0.0,0.0,0.05101076605922319,0.0,0.0,0.0,0.0,0.0,0.0,0.0,0.0,0.0,0.0,0.0,0.0,0.0,0.044286377041723106,0.0,0.0,0.0,0.0,0.0,0.0,0.0,0.0,0.0,0.0,0.0,0.0,0.0,0.0,0.0,0.0,0.0,0.0,0.0,0.036037119319840036,0.0,0.0,0.0,0.0,0.0479624817885298,0.0,0.0,0.0,0.0,0.0,0.0,0.0,0.0,0.0,0.0,0.0,0.0,0.0,0.0,0.0,0.0,0.0,0.04463169144057469,0.0,0.0,0.0,0.0,0.0,0.042793054651853075,0.0,0.057190416420558506,0.0,0.0,0.0,0.0,0.0,0.0,0.0,0.0,0.0,0.0,0.0,0.0707610291919763,0.0,0.0,0.0,0.0,0.0,0.0,0.0,0.0,0.0,0.0,0.0,0.0,0.0,0.0,0.0,0.04436827295055457,0.0,0.038340825589421715,0.0,0.0,0.056573949664261346,0.0,0.0,0.0,0.0,0.0,0.0,0.416276084939419
2021-09-24,0.0,0.0,0.049686560606020246,0.0,0.0,0.04921882901313272,0.0,0.0,0.0,0.0,0.0,0.0,0.0,0.0,0.0,0.0,0.0,0.0,0.0,0.04385170571485083,0.0,0.0,0.0,0.0,0.0,0.0,0.0,0.0,0.0,0.0,0.0,0.0,0.0,0.0,0.0,0.0,0.0,0.0,0.0,0.036087112940362244,0.0,0.0,0.0,0.0,0.048679771743569335,0.0,0.0,0.0,0.0,0.0,0.0,0.0,0.0,0.0,0.0,0.0,0.0,0.0,0.0,0.0,0.0,0.0,0.044436075994796334,0.0,0.0,0.0,0.0,0.0,0.04295408596343399,0.0,0.056346808517140155,0.0,0.0,0.0,0.0,0.0,0.0,0.0,0.0,0.0,0.0,0.0,0.0735296609047831,0.0,0.0,0.0,0.0,0.0,0.0,0.0,0.0,0.0,0.0,0.0,0.0,0.0,0.0,0.0,0.04412268061540845,0.0,0.037247676428289085,0.0,0.0,0.05730704138105768,0.0,0.0,0.0,0.0,0.0,0.0,0.4165319901771559
2021-09-27,0.0,0.0,0.0500596479471687,0.0,0.0,0.04812928390648773,0.0,0.0,0.0,0.0,0.0,0.0,0.0,0.0,0.0,0.0,0.0,0.0,0.0,0.04395118893275387,0.0,0.0,0.0,0.0,0.0,0.0,0.0,0.0,0.0,0.0,0.0,0.0,0.0,0.0,0.0,0.0,0.0,0.0,0.0,0.03519112266447638,0.0,0.0,0.0,0.0,0.048857746915086646,0.0,0.0,0.0,0.0,0.0,0.0,0.0,0.0,0.0,0.0,0.0,0.0,0.0,0.0,0.0,0.0,0.0,0.04487860220029036,0.0,0.0,0.0,0.0,0.0,0.041752555688622225,0.0,0.054244588524118086,0.0,0.0,0.0,0.0,0.0,0.0,0.0,0.0,0.0,0.0,0.0,0.0774644927777826,0.0,0.0,0.0,0.0,0.0,0.0,0.0,0.0,0.0,0.0,0.0,0.0,0.0,0.0,0.0,0.043824607065266245,0.0,0.03622882523445491,0.0,0.0,0.057763362416881694,0.0,0.0,0.0,0.0,0.0,0.0,0.4176539757266105
2021-09-28,0.0,0.0,0.050084125685386414,0.0,0.0,0.04626676963497486,0.0,0.0,0.0,0.0,0.0,0.0,0.0,0.0,0.0,0.0,0.0,0.0,0.0,0.04250395431375621,0.0,0.0,0.0,0.0,0.0,0.0,0.0,0.0,0.0,0.0,0.0,0.0,0.0,0.0,0.0,0.0,0.0,0.0,0.0,0.03516748921559793,0.0,0.0,0.0,0.0,0.048902990184095496,0.0,0.0,0.0,0.0,0.0,0.0,0.0,0.0,0.0,0.0,0.0,0.0,0.0,0.0,0.0,0.0,0.0,0.04497679794408347,0.0,0.0,0.0,0.0,0.0,0.040798079798687104,0.0,0.052516745444930825,0.0,0.0,0.0,0.0,0.0,0.0,0.0,0.0,0.0,0.0,0.0,0.07533333791691141,0.0,0.0,0.0,0.0,0.0,0.0,0.0,0.0,0.0,0.0,0.0,0.0,0.0,0.0,0.0,0.04373605620239239,0.0,0.035848988241197643,0.0,0.0,0.055744848218069486,0.0,0.0,0.0,0.0,0.0,0.0,0.4281198171999168
2021-09-29,0.0,0.0,0.0,0.0,0.0,0.054815232939135386,0.0,0.0,0.0,0.0,0.0,0.0,0.0,0.0,0.0,0.0,0.0,0.03705864804664144,0.0,0.0,0.0,0.0,0.0,0.0,0.0,0.0,0.0,0.0,0.0,0.0,0.0,0.0,0.0,0.0,0.0,0.0,0.0,0.0,0.0,0.0,0.0,0.0,0.0,0.0,0.0,0.0,0.0,0.0,0.0,0.0,0.0,0.0,0.0,0.0,0.0,0.0,0.0,0.0,0.0,0.0,0.0,0.0,0.0,0.0,0.0,0.0,0.0,0.0,0.0,0.0,0.049591237688708434,0.0,0.0,0.0,0.0,0.0,0.034655933962527564,0.037050855686789355,0.0,0.0,0.0,0.0,0.05443630493307904,0.0,0.0,0.0,0.0,0.0,0.0,0.0,0.0,0.0,0.0,0.0,0.0,0.0,0.0,0.0,0.0,0.0,0.0,0.0,0.0,0.05443630492339893,0.0,0.0,0.0,0.0,0.0,0.0,0.30665682633800523
2021-09-30,0.0,0.0,0.0,0.0,0.0,0.054062835605737096,0.0,0.0,0.0,0.0,0.0,0.0,0.0,0.0,0.0,0.0,0.0,0.035560512740621074,0.0,0.0,0.0,0.0,0.0,0.0,0.0,0.0,0.0,0.0,0.0,0.0,0.0,0.0,0.0,0.0,0.0,0.0,0.0,0.0,0.0,0.0,0.0,0.0,0.0,0.0,0.0,0.0,0.0,0.0,0.0,0.0,0.0,0.0,0.0,0.0,0.0,0.0,0.0,0.0,0.0,0.0,0.0,0.0,0.0,0.0,0.0,0.0,0.0,0.0,0.0,0.0,0.050753355392386144,0.0,0.0,0.0,0.0,0.0,0.03447871421329478,0.03760650541362259,0.0,0.0,0.0,0.0,0.059301158078059905,0.0,0.0,0.0,0.0,0.0,0.0,0.0,0.0,0.0,0.0,0.0,0.0,0.0,0.0,0.0,0.0,0.0,0.0,0.0,0.0,0.05367602545473776,0.0,0.0,0.0,0.0,0.0,0.0,0.30516094433729857
2021-10-01,0.0,0.0,0.0,0.0,0.0,0.05561929703212137,0.0,0.0,0.0,0.0,0.0,0.0,0.0,0.0,0.0,0.0,0.0,0.036757374847665045,0.0,0.0,0.0,0.0,0.0,0.0,0.0,0.0,0.0,0.0,0.0,0.0,0.0,0.0,0.0,0.0,0.0,0.0,0.0,0.0,0.0,0.0,0.0,0.0,0.0,0.0,0.0,0.0,0.0,0.0,0.0,0.0,0.0,0.0,0.0,0.0,0.0,0.0,0.0,0.0,0.0,0.0,0.0,0.0,0.0,0.0,0.0,0.0,0.0,0.0,0.0,0.0,0.05114318633644022,0.0,0.0,0.0,0.0,0.0,0.03424208924738072,0.036390763773820264,0.0,0.0,0.0,0.0,0.06202484495901219,0.0,0.0,0.0,0.0,0.0,0.0,0.0,0.0,0.0,0.0,0.0,0.0,0.0,0.0,0.0,0.0,0.0,0.0,0.0,0.0,0.053732327525715405,0.0,0.0,0.0,0.0,0.0,0.0,0.6700901162778449
2021-10-04,0.0,0.0,0.0,0.0,0.0,0.05169872600660194,0.0,0.0,0.0,0.0,0.0,0.0,0.0,0.0,0.0,0.0,0.0,0.03539916108418276,0.0,0.0,0.0,0.0,0.0,0.0,0.0,0.0,0.0,0.0,0.0,0.0,0.0,0.0,0.0,0.0,0.0,0.0,0.0,0.0,0.0,0.0,0.0,0.0,0.0,0.0,0.0,0.0,0.0,0.0,0.0,0.0,0.0,0.0,0.0,0.0,0.0,0.0,0.0,0.0,0.0,0.0,0.0,0.0,0.0,0.0,0.0,0.0,0.0,0.0,0.0,0.0,0.04885056208679237,0.0,0.0,0.0,0.0,0.0,0.03401681560308672,0.03484464446343071,0.0,0.0,0.0,0.0,0.06218230189909082,0.0,0.0,0.0,0.0,0.0,0.0,0.0,0.0,0.0,0.0,0.0,0.0,0.0,0.0,0.0,0.0,0.0,0.0,0.0,0.0,0.05357985777274832,0.0,0.0,0.0,0.0,0.0,0.0,0.6794279310840663
2021-10-05,0.0,0.0,0.0,0.0,0.0,0.05346822416581972,0.0,0.0,0.0,0.0,0.0,0.0,0.0,0.0,0.0,0.0,0.0,0.03436717426747484,0.0,0.0,0.0,0.0,0.0,0.0,0.0,0.0,0.0,0.0,0.0,0.0,0.0,0.0,0.0,0.0,0.0,0.0,0.0,0.0,0.0,0.0,0.0,0.0,0.0,0.0,0.0,0.0,0.0,0.0,0.0,0.0,0.0,0.0,0.0,0.0,0.0,0.0,0.0,0.0,0.0,0.0,0.0,0.0,0.0,0.0,0.0,0.0,0.0,0.0,0.0,0.0,0.048560223787967934,0.0,0.0,0.0,0.0,0.0,0.03388879428848085,0.03707267761990467,0.0,0.0,0.0,0.0,0.062281082002734155,0.0,0.0,0.0,0.0,0.0,0.0,0.0,0.0,0.0,0.0,0.0,0.0,0.0,0.0,0.0,0.0,0.0,0.0,0.0,0.0,0.053330569994147155,0.0,0.0,0.0,0.0,0.0,0.0,0.6770312538734706
2021-10-06,0.0,0.0,0.0,0.0,0.0,0.05709417102479496,0.0,0.0,0.0,0.0,0.0,0.0,0.0,0.0,0.0,0.0,0.0,0.03449478100112365,0.0,0.0,0.0,0.0,0.0,0.0,0.0,0.0,0.0,0.0,0.0,0.0,0.0,0.0,0.0,0.0,0.0,0.0,0.0,0.0,0.0,0.0,0.0,0.0,0.0,0.0,0.0,0.0,0.0,0.0,0.0,0.0,0.0,0.0,0.0,0.0,0.0,0.0,0.0,0.0,0.0,0.0,0.0,0.0,0.0,0.0,0.0,0.0,0.0,0.0,0.0,0.0,0.051074375206538805,0.0,0.0,0.0,0.0,0.0,0.032344322682647024,0.037209537917727964,0.0,0.0,0.0,0.0,0.06209038024101367,0.0,0.0,0.0,0.0,0.0,0.0,0.0,0.0,0.0,0.0,0.0,0.0,0.0,0.0,0.0,0.0,0.0,0.0,0.0,0.0,0.05186026019462642,0.0,0.0,0.0,0.0,0.0,0.0,0.6738321717315274
2021-10-07,0.0,0.0,0.0,0.0,0.0,0.05581416123984159,0.0,0.0,0.0,0.0,0.0,0.0,0.0,0.0,0.0,0.0,0.0,0.034741487095195714,0.0,0.0,0.0,0.0,0.0,0.0,0.0,0.0,0.0,0.0,0.0,0.0,0.0,0.0,0.0,0.0,0.0,0.0,0.0,0.0,0.0,0.0,0.0,0.0,0.0,0.0,0.0,0.0,0.0,0.0,0.0,0.0,0.0,0.0,0.0,0.0,0.0,0.0,0.0,0.0,0.0,0.0,0.0,0.0,0.0,0.0,0.0,0.0,0.0,0.0,0.0,0.0,0.04970542447942919,0.0,0.0,0.0,0.0,0.0,0.032097006305739376,0.03656158187216518,0.0,0.0,0.0,0.0,0.0633457770187112,0.0,0.0,0.0,0.0,0.0,0.0,0.0,0.0,0.0,0.0,0.0,0.0,0.0,0.0,0.0,0.0,0.0,0.0,0.0,0.0,0.05170455572794077,0.0,0.0,0.0,0.0,0.0,0.0,0.676030006260977
2021-10-08,0.0,0.0,0.0,0.0,0.0,0.05846263446937966,0.0,0.0,0.0,0.0,0.0,0.0,0.0,0.0,0.0,0.0,0.0,0.03615674606966886,0.0,0.0,0.0,0.0,0.0,0.0,0.0,0.0,0.0,0.0,0.0,0.0,0.0,0.0,0.0,0.0,0.0,0.0,0.0,0.0,0.0,0.0,0.0,0.0,0.0,0.0,0.0,0.0,0.0,0.0,0.0,0.0,0.0,0.0,0.0,0.0,0.0,0.0,0.0,0.0,0.0,0.0,0.0,0.0,0.0,0.0,0.0,0.0,0.0,0.0,0.0,0.0,0.0525062933959871,0.0,0.0,0.0,0.0,0.0,0.031776638097096035,0.035617505018223646,0.0,0.0,0.0,0.0,0.06346512904710182,0.0,0.0,0.0,0.0,0.0,0.0,0.0,0.0,0.0,0.0,0.0,0.0,0.0,0.0,0.0,0.0,0.0,0.0,0.0,0.0,0.052574138474944014,0.0,0.0,0.0,0.0,0.0,0.0,0.6694409154275989
2021-10-11,0.0,0.0,0.0,0.0,0.0,0.058588492393528785,0.0,0.0,0.0,0.0,0.0,0.0,0.0,0.0,0.0,0.0,0.0,0.03399458574104407,0.0,0.0,0.0,0.0,0.0,0.0,0.0,0.0,0.0,0.0,0.0,0.0,0.0,0.0,0.0,0.0,0.0,0.0,0.0,0.0,0.0,0.0,0.0,0.0,0.0,0.0,0.0,0.0,0.0,0.0,0.0,0.0,0.0,0.0,0.0,0.0,0.0,0.0,0.0,0.0,0.0,0.0,0.0,0.0,0.0,0.0,0.0,0.0,0.0,0.0,0.0,0.0,0.05047068981390388,0.0,0.0,0.0,0.0,0.0,0.03213983732587801,0.037524851252821914,0.0,0.0,0.0,0.0,0.06531744813874403,0.0,0.0,0.0,0.0,0.0,0.0,0.0,0.0,0.0,0.0,0.0,0.0,0.0,0.0,0.0,0.0,0.0,0.0,0.0,0.0,0.05191606800734364,0.0,0.0,0.0,0.0,0.0,0.0,0.6700480273267357
2021-10-13,0.0,0.0,0.0,0.0,0.0,0.05989754888670556,0.0,0.0,0.0,0.0,0.0,0.0,0.0,0.0,0.0,0.0,0.0,0.03461177845349319,0.0,0.0,0.0,0.0,0.0,0.0,0.0,0.0,0.0,0.0,0.0,0.0,0.0,0.0,0.0,0.0,0.0,0.0,0.0,0.0,0.0,0.0,0.0,0.0,0.0,0.0,0.0,0.0,0.0,0.0,0.0,0.0,0.0,0.0,0.0,0.0,0.0,0.0,0.0,0.0,0.0,0.0,0.0,0.0,0.0,0.0,0.0,0.0,0.0,0.0,0.0,0.0,0.05047540805962657,0.0,0.0,0.0,0.0,0.0,0.03289417670488019,0.03971812242130393,0.0,0.0,0.0,0.0,0.06282476739613911,0.0,0.0,0.0,0.0,0.0,0.0,0.0,0.0,0.0,0.0,0.0,0.0,0.0,0.0,0.0,0.0,0.0,0.0,0.0,0.0,0.05485588343027346,0.0,0.0,0.0,0.0,0.0,0.0,0.664722314647578
2021-10-14,0.0,0.0,0.0,0.0,0.0,0.05898885785157784,0.0,0.0,0.0,0.0,0.0,0.0,0.0,0.0,0.0,0.0,0.0,0.03466936624587653,0.0,0.0,0.0,0.0,0.0,0.0,0.0,0.0,0.0,0.0,0.0,0.0,0.0,0.0,0.0,0.0,0.0,0.0,0.0,0.0,0.0,0.0,0.0,0.0,0.0,0.0,0.0,0.0,0.0,0.0,0.0,0.0,0.0,0.0,0.0,0.0,0.0,0.0,0.0,0.0,0.0,0.0,0.0,0.0,0.0,0.0,0.0,0.0,0.0,0.0,0.0,0.0,0.049328964178917245,0.0,0.0,0.0,0.0,0.0,0.03289571317373927,0.039777460642157036,0.0,0.0,0.0,0.0,0.06562522157226772,0.0,0.0,0.0,0.0,0.0,0.0,0.0,0.0,0.0,0.0,0.0,0.0,0.0,0.0,0.0,0.0,0.0,0.0,0.0,0.0,0.05380359274583261,0.0,0.0,0.0,0.0,0.0,0.0,0.6649108235896317
2021-10-15,0.0,0.0,0.0,0.0,0.0,0.063456458102556,0.0,0.0,0.0,0.0,0.0,0.0,0.0,0.0,0.0,0.0,0.0,0.035770913979567456,0.0,0.0,0.0,0.0,0.0,0.0,0.0,0.0,0.0,0.0,0.0,0.0,0.0,0.0,0.0,0.0,0.0,0.0,0.0,0.0,0.0,0.0,0.0,0.0,0.0,0.0,0.0,0.0,0.0,0.0,0.0,0.0,0.0,0.0,0.0,0.0,0.0,0.0,0.0,0.0,0.0,0.0,0.0,0.0,0.0,0.0,0.0,0.0,0.0,0.0,0.0,0.0,0.049939204255304764,0.0,0.0,0.0,0.0,0.0,0.03341301857813389,0.0438349022084462,0.0,0.0,0.0,0.0,0.06371577816748232,0.0,0.0,0.0,0.0,0.0,0.0,0.0,0.0,0.0,0.0,0.0,0.0,0.0,0.0,0.0,0.0,0.0,0.0,0.0,0.0,0.05460860156368743,0.0,0.0,0.0,0.0,0.0,0.0,0.6552611231448219
2021-10-18,0.0,0.0,0.0,0.0,0.0,0.0659956140797476,0.0,0.0,0.0,0.0,0.0,0.0,0.0,0.0,0.0,0.0,0.0,0.03504132611586732,0.0,0.0,0.0,0.0,0.0,0.0,0.0,0.0,0.0,0.0,0.0,0.0,0.0,0.0,0.0,0.0,0.0,0.0,0.0,0.0,0.0,0.0,0.0,0.0,0.0,0.0,0.0,0.0,0.0,0.0,0.0,0.0,0.0,0.0,0.0,0.0,0.0,0.0,0.0,0.0,0.0,0.0,0.0,0.0,0.0,0.0,0.0,0.0,0.0,0.0,0.0,0.0,0.04882655754096116,0.0,0.0,0.0,0.0,0.0,0.03730623164875971,0.04087570772765604,0.0,0.0,0.0,0.0,0.06218962387548028,0.0,0.0,0.0,0.0,0.0,0.0,0.0,0.0,0.0,0.0,0.0,0.0,0.0,0.0,0.0,0.0,0.0,0.0,0.0,0.0,0.05638633479514858,0.0,0.0,0.0,0.0,0.0,0.0,0.6533786042163793
2021-10-19,0.0,0.0,0.0,0.0,0.0,0.06644496021206109,0.0,0.0,0.0,0.0,0.0,0.0,0.0,0.0,0.0,0.0,0.0,0.03343255192838145,0.0,0.0,0.0,0.0,0.0,0.0,0.0,0.0,0.0,0.0,0.0,0.0,0.0,0.0,0.0,0.0,0.0,0.0,0.0,0.0,0.0,0.0,0.0,0.0,0.0,0.0,0.0,0.0,0.0,0.0,0.0,0.0,0.0,0.0,0.0,0.0,0.0,0.0,0.0,0.0,0.0,0.0,0.0,0.0,0.0,0.0,0.0,0.0,0.0,0.0,0.0,0.0,0.0473140716918449,0.0,0.0,0.0,0.0,0.0,0.03692733103824677,0.040997048856709795,0.0,0.0,0.0,0.0,0.061777228892299633,0.0,0.0,0.0,0.0,0.0,0.0,0.0,0.0,0.0,0.0,0.0,0.0,0.0,0.0,0.0,0.0,0.0,0.0,0.0,0.0,0.054449305645295785,0.0,0.0,0.0,0.0,0.0,0.0,0.6586575017351605
2021-10-20,0.0,0.0,0.0,0.0,0.0,0.06757620458243159,0.0,0.0,0.0,0.0,0.0,0.0,0.0,0.0,0.0,0.0,0.0,0.03425896487038427,0.0,0.0,0.0,0.0,0.0,0.0,0.0,0.0,0.0,0.0,0.0,0.0,0.0,0.0,0.0,0.0,0.0,0.0,0.0,0.0,0.0,0.0,0.0,0.0,0.0,0.0,0.0,0.0,0.0,0.0,0.0,0.0,0.0,0.0,0.0,0.0,0.0,0.0,0.0,0.0,0.0,0.0,0.0,0.0,0.0,0.0,0.0,0.0,0.0,0.0,0.0,0.0,0.045630604346779145,0.0,0.0,0.0,0.0,0.0,0.03651297598818024,0.04092312384907178,0.0,0.0,0.0,0.0,0.06185168734372453,0.0,0.0,0.0,0.0,0.0,0.0,0.0,0.0,0.0,0.0,0.0,0.0,0.0,0.0,0.0,0.0,0.0,0.0,0.0,0.0,0.05584901078241196,0.0,0.0,0.0,0.0,0.0,0.0,0.6573974282370165
2021-10-21,0.0,0.0,0.0,0.0,0.0,0.06134908472776031,0.0,0.0,0.0,0.0,0.0,0.0,0.0,0.0,0.0,0.0,0.0,0.03273237005485855,0.0,0.0,0.0,0.0,0.0,0.0,0.0,0.0,0.0,0.0,0.0,0.0,0.0,0.0,0.0,0.0,0.0,0.0,0.0,0.0,0.0,0.0,0.0,0.0,0.0,0.0,0.0,0.0,0.0,0.0,0.0,0.0,0.0,0.0,0.0,0.0,0.0,0.0,0.0,0.0,0.0,0.0,0.0,0.0,0.0,0.0,0.0,0.0,0.0,0.0,0.0,0.0,0.04350984866508808,0.0,0.0,0.0,0.0,0.0,0.035520951603214564,0.039887228046357415,0.0,0.0,0.0,0.0,0.061725792998963906,0.0,0.0,0.0,0.0,0.0,0.0,0.0,0.0,0.0,0.0,0.0,0.0,0.0,0.0,0.0,0.0,0.0,0.0,0.0,0.0,0.05483246757435095,0.0,0.0,0.0,0.0,0.0,0.0,0.6704422563294061
2021-10-22,0.0,0.0,0.0,0.0,0.0,0.058836788848108085,0.0,0.0,0.0,0.0,0.0,0.0,0.0,0.0,0.0,0.0,0.0,0.03254873800877972,0.0,0.0,0.0,0.0,0.0,0.0,0.0,0.0,0.0,0.0,0.0,0.0,0.0,0.0,0.0,0.0,0.0,0.0,0.0,0.0,0.0,0.0,0.0,0.0,0.0,0.0,0.0,0.0,0.0,0.0,0.0,0.0,0.0,0.0,0.0,0.0,0.0,0.0,0.0,0.0,0.0,0.0,0.0,0.0,0.0,0.0,0.0,0.0,0.0,0.0,0.0,0.0,0.043867134134333,0.0,0.0,0.0,0.0,0.0,0.03371934861673975,0.03835988819523772,0.0,0.0,0.0,0.0,0.06263194374570782,0.0,0.0,0.0,0.0,0.0,0.0,0.0,0.0,0.0,0.0,0.0,0.0,0.0,0.0,0.0,0.0,0.0,0.0,0.0,0.0,0.054472799757018055,0.0,0.0,0.0,0.0,0.0,0.0,0.6755633586940758
2021-10-25,0.0,0.0,0.0,0.0,0.0,0.05933089529813188,0.0,0.0,0.0,0.0,0.0,0.0,0.0,0.0,0.0,0.0,0.0,0.03286258586586957,0.0,0.0,0.0,0.0,0.0,0.0,0.0,0.0,0.0,0.0,0.0,0.0,0.0,0.0,0.0,0.0,0.0,0.0,0.0,0.0,0.0,0.0,0.0,0.0,0.0,0.0,0.0,0.0,0.0,0.0,0.0,0.0,0.0,0.0,0.0,0.0,0.0,0.0,0.0,0.0,0.0,0.0,0.0,0.0,0.0,0.0,0.0,0.0,0.0,0.0,0.0,0.0,0.043194812450338,0.0,0.0,0.0,0.0,0.0,0.03409980534878505,0.038898276696428286,0.0,0.0,0.0,0.0,0.06427530953165703,0.0,0.0,0.0,0.0,0.0,0.0,0.0,0.0,0.0,0.0,0.0,0.0,0.0,0.0,0.0,0.0,0.0,0.0,0.0,0.0,0.05765767390310476,0.0,0.0,0.0,0.0,0.0,0.0,0.6696806409056855
2021-10-26,0.0,0.0,0.0,0.0,0.0,0.05650568433791934,0.0,0.0,0.0,0.0,0.0,0.0,0.0,0.0,0.0,0.0,0.0,0.031894231299469444,0.0,0.0,0.0,0.0,0.0,0.0,0.0,0.0,0.0,0.0,0.0,0.0,0.0,0.0,0.0,0.0,0.0,0.0,0.0,0.0,0.0,0.0,0.0,0.0,0.0,0.0,0.0,0.0,0.0,0.0,0.0,0.0,0.0,0.0,0.0,0.0,0.0,0.0,0.0,0.0,0.0,0.0,0.0,0.0,0.0,0.0,0.0,0.0,0.0,0.0,0.0,0.0,0.042292192346772485,0.0,0.0,0.0,0.0,0.0,0.03335881189763918,0.037787202873745554,0.0,0.0,0.0,0.0,0.06418499226835922,0.0,0.0,0.0,0.0,0.0,0.0,0.0,0.0,0.0,0.0,0.0,0.0,0.0,0.0,0.0,0.0,0.0,0.0,0.0,0.0,0.05842681393233562,0.0,0.0,0.0,0.0,0.0,0.0,0.6755500710437592
2021-10-27,0.0,0.0,0.0,0.0,0.0,0.05789626930462349,0.0,0.0,0.0,0.0,0.0,0.0,0.0,0.0,0.0,0.0,0.0,0.0326306874315382,0.0,0.0,0.0,0.0,0.0,0.0,0.0,0.0,0.0,0.0,0.0,0.0,0.0,0.0,0.0,0.0,0.0,0.0,0.0,0.0,0.0,0.0,0.0,0.0,0.0,0.0,0.0,0.0,0.0,0.0,0.0,0.0,0.0,0.0,0.0,0.0,0.0,0.0,0.0,0.0,0.0,0.0,0.0,0.0,0.0,0.0,0.0,0.0,0.0,0.0,0.0,0.0,0.04130826644517438,0.0,0.0,0.0,0.0,0.0,0.0326093601856085,0.03797014172200126,0.0,0.0,0.0,0.0,0.06045290968749092,0.0,0.0,0.0,0.0,0.0,0.0,0.0,0.0,0.0,0.0,0.0,0.0,0.0,0.0,0.0,0.0,0.0,0.0,0.0,0.0,0.055522312312136564,0.0,0.0,0.0,0.0,0.0,0.0,0.6816100529114267
2021-10-28,0.0,0.0,0.0,0.0,0.0,0.053673723631003166,0.0,0.0,0.0,0.0,0.0,0.0,0.0,0.0,0.0,0.0,0.0,0.032995295240428796,0.0,0.0,0.0,0.0,0.0,0.0,0.0,0.0,0.0,0.0,0.0,0.0,0.0,0.0,0.0,0.0,0.0,0.0,0.0,0.0,0.0,0.0,0.0,0.0,0.0,0.0,0.0,0.0,0.0,0.0,0.0,0.0,0.0,0.0,0.0,0.0,0.0,0.0,0.0,0.0,0.0,0.0,0.0,0.0,0.0,0.0,0.0,0.0,0.0,0.0,0.0,0.0,0.04027309809327293,0.0,0.0,0.0,0.0,0.0,0.03166781614204671,0.03833372850114816,0.0,0.0,0.0,0.0,0.05686604888253307,0.0,0.0,0.0,0.0,0.0,0.0,0.0,0.0,0.0,0.0,0.0,0.0,0.0,0.0,0.0,0.0,0.0,0.0,0.0,0.0,0.054639300208498304,0.0,0.0,0.0,0.0,0.0,0.0,0.691550989301069
2021-10-29,0.0,0.0,0.0,0.0,0.0,0.05328624158748691,0.0,0.0,0.0,0.0,0.0,0.0,0.0,0.0,0.0,0.0,0.0,0.033059440747630606,0.0,0.0,0.0,0.0,0.0,0.0,0.0,0.0,0.0,0.0,0.0,0.0,0.0,0.0,0.0,0.0,0.0,0.0,0.0,0.0,0.0,0.0,0.0,0.0,0.0,0.0,0.0,0.0,0.0,0.0,0.0,0.0,0.0,0.0,0.0,0.0,0.0,0.0,0.0,0.0,0.0,0.0,0.0,0.0,0.0,0.0,0.0,0.0,0.0,0.0,0.0,0.0,0.039259122377601624,0.0,0.0,0.0,0.0,0.0,0.03148765855055037,0.03827406539628423,0.0,0.0,0.0,0.0,0.057080565350901814,0.0,0.0,0.0,0.0,0.0,0.0,0.0,0.0,0.0,0.0,0.0,0.0,0.0,0.0,0.0,0.0,0.0,0.0,0.0,0.0,0.05200667624297743,0.0,0.0,0.0,0.0,0.0,0.0,0.695546229746567
2021-11-01,0.0,0.0,0.0,0.0,0.0,0.055412541016747086,0.0,0.0,0.0,0.0,0.0,0.0,0.0,0.0,0.0,0.0,0.0,0.03406212356147507,0.0,0.0,0.0,0.0,0.0,0.0,0.0,0.0,0.0,0.0,0.0,0.0,0.0,0.0,0.0,0.0,0.0,0.0,0.0,0.0,0.0,0.0,0.0,0.0,0.0,0.0,0.0,0.0,0.0,0.0,0.0,0.0,0.0,0.0,0.0,0.0,0.0,0.0,0.0,0.0,0.0,0.0,0.0,0.0,0.0,0.0,0.0,0.0,0.0,0.0,0.0,0.0,0.04059849238744896,0.0,0.0,0.0,0.0,0.0,0.03464990775656884,0.0384419391221789,0.0,0.0,0.0,0.0,0.05629988875079392,0.0,0.0,0.0,0.0,0.0,0.0,0.0,0.0,0.0,0.0,0.0,0.0,0.0,0.0,0.0,0.0,0.0,0.0,0.0,0.0,0.05224810732071276,0.0,0.0,0.0,0.0,0.0,0.0,0.6882870000840745
2021-11-03,0.0,0.0,0.0,0.0,0.0,0.058733244022108694,0.0,0.0,0.0,0.0,0.0,0.0,0.0,0.0,0.0,0.0,0.0,0.03420910458883441,0.0,0.0,0.0,0.0,0.0,0.0,0.0,0.0,0.0,0.0,0.0,0.0,0.0,0.0,0.0,0.0,0.0,0.0,0.0,0.0,0.0,0.0,0.0,0.0,0.0,0.0,0.0,0.0,0.0,0.0,0.0,0.0,0.0,0.0,0.0,0.0,0.0,0.0,0.0,0.0,0.0,0.0,0.0,0.0,0.0,0.0,0.0,0.0,0.0,0.0,0.0,0.0,0.041273323670293835,0.0,0.0,0.0,0.0,0.0,0.03620397216793349,0.03658288507837934,0.0,0.0,0.0,0.0,0.05695405300194335,0.0,0.0,0.0,0.0,0.0,0.0,0.0,0.0,0.0,0.0,0.0,0.0,0.0,0.0,0.0,0.0,0.0,0.0,0.0,0.0,0.0512610006236205,0.0,0.0,0.0,0.0,0.0,0.0,0.6847824168468865
2021-11-04,0.0,0.0,0.0,0.0,0.0,0.058414325579293616,0.0,0.0,0.0,0.0,0.0,0.0,0.0,0.0,0.0,0.0,0.0,0.03389821559509653,0.0,0.0,0.0,0.0,0.0,0.0,0.0,0.0,0.0,0.0,0.0,0.0,0.0,0.0,0.0,0.0,0.0,0.0,0.0,0.0,0.0,0.0,0.0,0.0,0.0,0.0,0.0,0.0,0.0,0.0,0.0,0.0,0.0,0.0,0.0,0.0,0.0,0.0,0.0,0.0,0.0,0.0,0.0,0.0,0.0,0.0,0.0,0.0,0.0,0.0,0.0,0.0,0.03995526239947507,0.0,0.0,0.0,0.0,0.0,0.035129313723651516,0.034073665100957516,0.0,0.0,0.0,0.0,0.05648390257335296,0.0,0.0,0.0,0.0,0.0,0.0,0.0,0.0,0.0,0.0,0.0,0.0,0.0,0.0,0.0,0.0,0.0,0.0,0.0,0.0,0.050809198481172144,0.0,0.0,0.0,0.0,0.0,0.0,0.6912361165470006
2021-11-05,0.0,0.0,0.0,0.0,0.0,0.06075083794614488,0.0,0.0,0.0,0.0,0.0,0.0,0.0,0.0,0.0,0.0,0.0,0.03456009421010771,0.0,0.0,0.0,0.0,0.0,0.0,0.0,0.0,0.0,0.0,0.0,0.0,0.0,0.0,0.0,0.0,0.0,0.0,0.0,0.0,0.0,0.0,0.0,0.0,0.0,0.0,0.0,0.0,0.0,0.0,0.0,0.0,0.0,0.0,0.0,0.0,0.0,0.0,0.0,0.0,0.0,0.0,0.0,0.0,0.0,0.0,0.0,0.0,0.0,0.0,0.0,0.0,0.04377052158170612,0.0,0.0,0.0,0.0,0.0,0.0353048230050686,0.03369676541467761,0.0,0.0,0.0,0.0,0.06496185288625277,0.0,0.0,0.0,0.0,0.0,0.0,0.0,0.0,0.0,0.0,0.0,0.0,0.0,0.0,0.0,0.0,0.0,0.0,0.0,0.0,0.05230186793579469,0.0,0.0,0.0,0.0,0.0,0.0,0.6746532370202476
2021-11-08,0.0,0.0,0.051028307486415764,0.0,0.0,0.06253180487806557,0.0,0.0,0.0,0.0,0.0,0.0,0.0,0.0,0.0,0.0,0.0,0.0,0.0,0.04375541716190744,0.0,0.0,0.0,0.0,0.0,0.0,0.0,0.0,0.0,0.0,0.0,0.0,0.0,0.0,0.0,0.0,0.0,0.0,0.0,0.04081131892934448,0.0,0.0,0.0,0.0,0.04374513052710748,0.0,0.0,0.0,0.0,0.0,0.0,0.0,0.0,0.0,0.0,0.0,0.0,0.0,0.0,0.0,0.0,0.0,0.05100215544839201,0.0,0.0,0.0,0.0,0.0,0.050994921467623126,0.0,0.07110904183138503,0.0,0.0,0.0,0.0,0.0,0.0,0.0,0.0,0.0,0.0,0.0,0.0598294748454455,0.0,0.0,0.0,0.0,0.0,0.0,0.0,0.0,0.0,0.0,0.0,0.0,0.0,0.0,0.0,0.04372392032286949,0.0,0.0345683472869585,0.0,0.0,0.059744697187648035,0.0,0.0,0.0,0.0,0.0,0.0,0.27640283228263124
2021-11-09,0.0,0.0,0.050923008894068304,0.0,0.0,0.0662951405162842,0.0,0.0,0.0,0.0,0.0,0.0,0.0,0.0,0.0,0.0,0.0,0.0,0.0,0.04233426489583009,0.0,0.0,0.0,0.0,0.0,0.0,0.0,0.0,0.0,0.0,0.0,0.0,0.0,0.0,0.0,0.0,0.0,0.0,0.0,0.040833632896526924,0.0,0.0,0.0,0.0,0.04398847533971495,0.0,0.0,0.0,0.0,0.0,0.0,0.0,0.0,0.0,0.0,0.0,0.0,0.0,0.0,0.0,0.0,0.0,0.05069745718937037,0.0,0.0,0.0,0.0,0.0,0.051092347384957666,0.0,0.07707544376182834,0.0,0.0,0.0,0.0,0.0,0.0,0.0,0.0,0.0,0.0,0.0,0.05624818955153719,0.0,0.0,0.0,0.0,0.0,0.0,0.0,0.0,0.0,0.0,0.0,0.0,0.0,0.0,0.0,0.04252314916272033,0.0,0.03464633293732932,0.0,0.0,0.06197560906829575,0.0,0.0,0.0,0.0,0.0,0.0,0.27229300643764026
2021-11-10,0.0,0.0,0.050231722925793046,0.0,0.0,0.0654207703320348,0.0,0.0,0.0,0.0,0.0,0.0,0.0,0.0,0.0,0.0,0.0,0.0,0.0,0.04268900752101179,0.0,0.0,0.0,0.0,0.0,0.0,0.0,0.0,0.0,0.0,0.0,0.0,0.0,0.0,0.0,0.0,0.0,0.0,0.0,0.04063073072782049,0.0,0.0,0.0,0.0,0.044052519134128824,0.0,0.0,0.0,0.0,0.0,0.0,0.0,0.0,0.0,0.0,0.0,0.0,0.0,0.0,0.0,0.0,0.0,0.05072011991138675,0.0,0.0,0.0,0.0,0.0,0.04982350015137039,0.0,0.07708701726889289,0.0,0.0,0.0,0.0,0.0,0.0,0.0,0.0,0.0,0.0,0.0,0.05504066100180332,0.0,0.0,0.0,0.0,0.0,0.0,0.0,0.0,0.0,0.0,0.0,0.0,0.0,0.0,0.0,0.0426700189385719,0.0,0.034934341998011736,0.0,0.0,0.06194040004778794,0.0,0.0,0.0,0.0,0.0,0.0,0.3847591900413862
2021-11-11,0.0,0.0,0.04948191571376214,0.0,0.0,0.06614275624311182,0.0,0.0,0.0,0.0,0.0,0.0,0.0,0.0,0.0,0.0,0.0,0.0,0.0,0.04438670434173922,0.0,0.0,0.0,0.0,0.0,0.0,0.0,0.0,0.0,0.0,0.0,0.0,0.0,0.0,0.0,0.0,0.0,0.0,0.0,0.04114637136695012,0.0,0.0,0.0,0.0,0.04366053643669751,0.0,0.0,0.0,0.0,0.0,0.0,0.0,0.0,0.0,0.0,0.0,0.0,0.0,0.0,0.0,0.0,0.0,0.05104964597014781,0.0,0.0,0.0,0.0,0.0,0.04882836797422485,0.0,0.07958181892694821,0.0,0.0,0.0,0.0,0.0,0.0,0.0,0.0,0.0,0.0,0.0,0.05411509517703615,0.0,0.0,0.0,0.0,0.0,0.0,0.0,0.0,0.0,0.0,0.0,0.0,0.0,0.0,0.0,0.043689940119619464,0.0,0.03563528577426498,0.0,0.0,0.06329221243831377,0.0,0.0,0.0,0.0,0.0,0.0,0.37898934951718377
2021-11-12,0.0,0.0,0.048295070551733814,0.0,0.0,0.0711563113642113,0.0,0.0,0.0,0.0,0.0,0.0,0.0,0.0,0.0,0.0,0.0,0.0,0.0,0.044981044164769994,0.0,0.0,0.0,0.0,0.0,0.0,0.0,0.0,0.0,0.0,0.0,0.0,0.0,0.0,0.0,0.0,0.0,0.0,0.0,0.04104138365345125,0.0,0.0,0.0,0.0,0.04392528742378543,0.0,0.0,0.0,0.0,0.0,0.0,0.0,0.0,0.0,0.0,0.0,0.0,0.0,0.0,0.0,0.0,0.0,0.0505200008288186,0.0,0.0,0.0,0.0,0.0,0.045361283863029976,0.0,0.06608184537645226,0.0,0.0,0.0,0.0,0.0,0.0,0.0,0.0,0.0,0.0,0.0,0.05220305351024789,0.0,0.0,0.0,0.0,0.0,0.0,0.0,0.0,0.0,0.0,0.0,0.0,0.0,0.0,0.0,0.0450085292648577,0.0,0.03542780525147964,0.0,0.0,0.07062642423761682,0.0,0.0,0.0,0.0,0.0,0.0,0.3853719605095455
2021-11-16,0.0,0.0,0.04803243024780443,0.0,0.0,0.06654744126017474,0.0,0.0,0.0,0.0,0.0,0.0,0.0,0.0,0.0,0.0,0.0,0.0,0.0,0.04520273995053578,0.0,0.0,0.0,0.0,0.0,0.0,0.0,0.0,0.0,0.0,0.0,0.0,0.0,0.0,0.0,0.0,0.0,0.0,0.0,0.041362218129731086,0.0,0.0,0.0,0.0,0.04412050085966433,0.0,0.0,0.0,0.0,0.0,0.0,0.0,0.0,0.0,0.0,0.0,0.0,0.0,0.0,0.0,0.0,0.0,0.05133532226487846,0.0,0.0,0.0,0.0,0.0,0.04102347531850102,0.0,0.059176157587550876,0.0,0.0,0.0,0.0,0.0,0.0,0.0,0.0,0.0,0.0,0.0,0.05164779445435872,0.0,0.0,0.0,0.0,0.0,0.0,0.0,0.0,0.0,0.0,0.0,0.0,0.0,0.0,0.0,0.04775649212753682,0.0,0.03551139430035817,0.0,0.0,0.07311066082778948,0.0,0.0,0.0,0.0,0.0,0.0,0.3951733726711161
2021-11-17,0.0,0.0,0.04735216810225823,0.0,0.0,0.06572877727892362,0.0,0.0,0.0,0.0,0.0,0.0,0.0,0.0,0.0,0.0,0.0,0.0,0.0,0.04554736829550436,0.0,0.0,0.0,0.0,0.0,0.0,0.0,0.0,0.0,0.0,0.0,0.0,0.0,0.0,0.0,0.0,0.0,0.0,0.0,0.04155065564432428,0.0,0.0,0.0,0.0,0.044612527780839656,0.0,0.0,0.0,0.0,0.0,0.0,0.0,0.0,0.0,0.0,0.0,0.0,0.0,0.0,0.0,0.0,0.0,0.05146256497404727,0.0,0.0,0.0,0.0,0.0,0.037666842120503315,0.0,0.057100480973191155,0.0,0.0,0.0,0.0,0.0,0.0,0.0,0.0,0.0,0.0,0.0,0.051360664239056934,0.0,0.0,0.0,0.0,0.0,0.0,0.0,0.0,0.0,0.0,0.0,0.0,0.0,0.0,0.0,0.04772568062018756,0.0,0.03573386689484065,0.0,0.0,0.07339605158959518,0.0,0.0,0.0,0.0,0.0,0.0,0.4007623514867277
2021-11-18,0.0,0.0,0.04716285763398746,0.0,0.0,0.06643291336292982,0.0,0.0,0.0,0.0,0.0,0.0,0.0,0.0,0.0,0.0,0.0,0.0,0.0,0.04386055329994231,0.0,0.0,0.0,0.0,0.0,0.0,0.0,0.0,0.0,0.0,0.0,0.0,0.0,0.0,0.0,0.0,0.0,0.0,0.0,0.04167460385810313,0.0,0.0,0.0,0.0,0.04552953582195247,0.0,0.0,0.0,0.0,0.0,0.0,0.0,0.0,0.0,0.0,0.0,0.0,0.0,0.0,0.0,0.0,0.0,0.05113107193639424,0.0,0.0,0.0,0.0,0.0,0.03905347556244517,0.0,0.055734245331910806,0.0,0.0,0.0,0.0,0.0,0.0,0.0,0.0,0.0,0.0,0.0,0.04940664833264516,0.0,0.0,0.0,0.0,0.0,0.0,0.0,0.0,0.0,0.0,0.0,0.0,0.0,0.0,0.0,0.04783300885325254,0.0,0.03685103774889521,0.0,0.0,0.07185527625315062,0.0,0.0,0.0,0.0,0.0,0.0,0.4034747720043911
2021-11-19,0.0,0.0,0.04643330165283853,0.0,0.0,0.06644930406278571,0.0,0.0,0.0,0.0,0.0,0.0,0.0,0.0,0.0,0.0,0.0,0.0,0.0,0.04464252096786229,0.0,0.0,0.0,0.0,0.0,0.0,0.0,0.0,0.0,0.0,0.0,0.0,0.0,0.0,0.0,0.0,0.0,0.0,0.0,0.042843415197492615,0.0,0.0,0.0,0.0,0.04611608024318398,0.0,0.0,0.0,0.0,0.0,0.0,0.0,0.0,0.0,0.0,0.0,0.0,0.0,0.0,0.0,0.0,0.0,0.0505775024819448,0.0,0.0,0.0,0.0,0.0,0.03718654081258745,0.0,0.057158960483400696,0.0,0.0,0.0,0.0,0.0,0.0,0.0,0.0,0.0,0.0,0.0,0.04784599863454126,0.0,0.0,0.0,0.0,0.0,0.0,0.0,0.0,0.0,0.0,0.0,0.0,0.0,0.0,0.0,0.04884107598518024,0.0,0.03661005742699989,0.0,0.0,0.07388768087151859,0.0,0.0,0.0,0.0,0.0,0.0,0.40140756117966386
2021-11-22,0.0,0.0,0.04641684038900874,0.0,0.0,0.0628226492441423,0.0,0.0,0.0,0.0,0.0,0.0,0.0,0.0,0.0,0.0,0.0,0.0,0.0,0.04719472844488051,0.0,0.0,0.0,0.0,0.0,0.0,0.0,0.0,0.0,0.0,0.0,0.0,0.0,0.0,0.0,0.0,0.0,0.0,0.0,0.04209432348193347,0.0,0.0,0.0,0.0,0.04525647859420158,0.0,0.0,0.0,0.0,0.0,0.0,0.0,0.0,0.0,0.0,0.0,0.0,0.0,0.0,0.0,0.0,0.0,0.05103128222509196,0.0,0.0,0.0,0.0,0.0,0.03415867967414023,0.0,0.05516427453170738,0.0,0.0,0.0,0.0,0.0,0.0,0.0,0.0,0.0,0.0,0.0,0.04858039705183698,0.0,0.0,0.0,0.0,0.0,0.0,0.0,0.0,0.0,0.0,0.0,0.0,0.0,0.0,0.0,0.0483962680572416,0.0,0.034722318520637764,0.0,0.0,0.07779920215857003,0.0,0.0,0.0,0.0,0.0,0.0,0.4063625576266072
2021-11-23,0.0,0.0,0.046695945424677504,0.0,0.0,0.06277376564025634,0.0,0.0,0.0,0.0,0.0,0.0,0.0,0.0,0.0,0.0,0.0,0.0,0.0,0.04835579146437418,0.0,0.0,0.0,0.0,0.0,0.0,0.0,0.0,0.0,0.0,0.0,0.0,0.0,0.0,0.0,0.0,0.0,0.0,0.0,0.04059615702652757,0.0,0.0,0.0,0.0,0.04526212362562019,0.0,0.0,0.0,0.0,0.0,0.0,0.0,0.0,0.0,0.0,0.0,0.0,0.0,0.0,0.0,0.0,0.0,0.050030555118007185,0.0,0.0,0.0,0.0,0.0,0.033081533169333495,0.0,0.05374480994187754,0.0,0.0,0.0,0.0,0.0,0.0,0.0,0.0,0.0,0.0,0.0,0.05122724017996006,0.0,0.0,0.0,0.0,0.0,0.0,0.0,0.0,0.0,0.0,0.0,0.0,0.0,0.0,0.0,0.049113520493270994,0.0,0.03303953293793949,0.0,0.0,0.07900521147762944,0.0,0.0,0.0,0.0,0.0,0.0,0.40707381350052596
2021-11-24,0.0,0.0,0.04727187150473716,0.0,0.0,0.06392298525264217,0.0,0.0,0.0,0.0,0.0,0.0,0.0,0.0,0.0,0.0,0.0,0.0,0.0,0.0488355104857082,0.0,0.0,0.0,0.0,0.0,0.0,0.0,0.0,0.0,0.0,0.0,0.0,0.0,0.0,0.0,0.0,0.0,0.0,0.0,0.04088442700874084,0.0,0.0,0.0,0.0,0.04473576525675436,0.0,0.0,0.0,0.0,0.0,0.0,0.0,0.0,0.0,0.0,0.0,0.0,0.0,0.0,0.0,0.0,0.0,0.05012668788154443,0.0,0.0,0.0,0.0,0.0,0.034557198989332454,0.0,0.05491773524280555,0.0,0.0,0.0,0.0,0.0,0.0,0.0,0.0,0.0,0.0,0.0,0.049305969616917494,0.0,0.0,0.0,0.0,0.0,0.0,0.0,0.0,0.0,0.0,0.0,0.0,0.0,0.0,0.0,0.05018545442586586,0.0,0.033619762749098385,0.0,0.0,0.07593557404606639,0.0,0.0,0.0,0.0,0.0,0.0,0.40570105753978675
2021-11-25,0.0,0.0,0.0481177209336233,0.0,0.0,0.06454116624313179,0.0,0.0,0.0,0.0,0.0,0.0,0.0,0.0,0.0,0.0,0.0,0.0,0.0,0.04877291627612595,0.0,0.0,0.0,0.0,0.0,0.0,0.0,0.0,0.0,0.0,0.0,0.0,0.0,0.0,0.0,0.0,0.0,0.0,0.0,0.0414166844169699,0.0,0.0,0.0,0.0,0.044443197808815435,0.0,0.0,0.0,0.0,0.0,0.0,0.0,0.0,0.0,0.0,0.0,0.0,0.0,0.0,0.0,0.0,0.0,0.05038791063833928,0.0,0.0,0.0,0.0,0.0,0.03549527738946528,0.0,0.0538524551107076,0.0,0.0,0.0,0.0,0.0,0.0,0.0,0.0,0.0,0.0,0.0,0.04941930589562691,0.0,0.0,0.0,0.0,0.0,0.0,0.0,0.0,0.0,0.0,0.0,0.0,0.0,0.0,0.0,0.05008291435710628,0.0,0.03370329841185285,0.0,0.0,0.07633047289874509,0.0,0.0,0.0,0.0,0.0,0.0,0.4034366796194903
2021-11-26,0.0,0.0,0.04782676284036064,0.0,0.0,0.06182488717227074,0.0,0.0,0.0,0.0,0.0,0.0,0.0,0.0,0.0,0.0,0.0,0.0,0.0,0.0486039792531402,0.0,0.0,0.0,0.0,0.0,0.0,0.0,0.0,0.0,0.0,0.0,0.0,0.0,0.0,0.0,0.0,0.0,0.0,0.0,0.04171296236046474,0.0,0.0,0.0,0.0,0.04380961487951859,0.0,0.0,0.0,0.0,0.0,0.0,0.0,0.0,0.0,0.0,0.0,0.0,0.0,0.0,0.0,0.0,0.0,0.0504435614230326,0.0,0.0,0.0,0.0,0.0,0.03481210567972608,0.0,0.05096053334830289,0.0,0.0,0.0,0.0,0.0,0.0,0.0,0.0,0.0,0.0,0.0,0.04606650562237138,0.0,0.0,0.0,0.0,0.0,0.0,0.0,0.0,0.0,0.0,0.0,0.0,0.0,0.0,0.0,0.05123145499619574,0.0,0.033299249359768926,0.0,0.0,0.07720167045043087,0.0,0.0,0.0,0.0,0.0,0.0,0.41220671261441666
2021-11-29,0.0,0.0,0.04726941885467627,0.0,0.0,0.06342571777421221,0.0,0.0,0.0,0.0,0.0,0.0,0.0,0.0,0.0,0.0,0.0,0.0,0.0,0.04866879437420134,0.0,0.0,0.0,0.0,0.0,0.0,0.0,0.0,0.0,0.0,0.0,0.0,0.0,0.0,0.0,0.0,0.0,0.0,0.0,0.040515155208989274,0.0,0.0,0.0,0.0,0.043226078781207135,0.0,0.0,0.0,0.0,0.0,0.0,0.0,0.0,0.0,0.0,0.0,0.0,0.0,0.0,0.0,0.0,0.0,0.05013635685796507,0.0,0.0,0.0,0.0,0.0,0.036930481607394046,0.0,0.050508705406382526,0.0,0.0,0.0,0.0,0.0,0.0,0.0,0.0,0.0,0.0,0.0,0.0473390188447064,0.0,0.0,0.0,0.0,0.0,0.0,0.0,0.0,0.0,0.0,0.0,0.0,0.0,0.0,0.0,0.051702245092721234,0.0,0.03394151067536484,0.0,0.0,0.07664836814419865,0.0,0.0,0.0,0.0,0.0,0.0,0.409688148377981
2021-11-30,0.0,0.0,0.04610410083618736,0.0,0.0,0.06197025736272088,0.0,0.0,0.0,0.0,0.0,0.0,0.0,0.0,0.0,0.0,0.0,0.0,0.0,0.04987556884005672,0.0,0.0,0.0,0.0,0.0,0.0,0.0,0.0,0.0,0.0,0.0,0.0,0.0,0.0,0.0,0.0,0.0,0.0,0.0,0.04120969638348797,0.0,0.0,0.0,0.0,0.0428558264280546,0.0,0.0,0.0,0.0,0.0,0.0,0.0,0.0,0.0,0.0,0.0,0.0,0.0,0.0,0.0,0.0,0.0,0.04957337706870273,0.0,0.0,0.0,0.0,0.0,0.0336518549867341,0.0,0.04966084987261907,0.0,0.0,0.0,0.0,0.0,0.0,0.0,0.0,0.0,0.0,0.0,0.046710331477731196,0.0,0.0,0.0,0.0,0.0,0.0,0.0,0.0,0.0,0.0,0.0,0.0,0.0,0.0,0.0,0.0528596850977086,0.0,0.03391696229274184,0.0,0.0,0.0762848347769016,0.0,0.0,0.0,0.0,0.0,0.0,0.4153266545763534
2021-12-01,0.0,0.0,0.04660574297809885,0.0,0.0,0.0586746417383515,0.0,0.0,0.0,0.0,0.0,0.0,0.0,0.0,0.0,0.0,0.0,0.0,0.0,0.05079485587930079,0.0,0.0,0.0,0.0,0.0,0.0,0.0,0.0,0.0,0.0,0.0,0.0,0.0,0.0,0.0,0.0,0.0,0.0,0.0,0.04101183066143313,0.0,0.0,0.0,0.0,0.04286489713258498,0.0,0.0,0.0,0.0,0.0,0.0,0.0,0.0,0.0,0.0,0.0,0.0,0.0,0.0,0.0,0.0,0.0,0.04920973886173783,0.0,0.0,0.0,0.0,0.0,0.03075700874909353,0.0,0.0444499615578611,0.0,0.0,0.0,0.0,0.0,0.0,0.0,0.0,0.0,0.0,0.0,0.04744650226368261,0.0,0.0,0.0,0.0,0.0,0.0,0.0,0.0,0.0,0.0,0.0,0.0,0.0,0.0,0.0,0.05544509431118202,0.0,0.032375771621585475,0.0,0.0,0.07878370387859486,0.0,0.0,0.0,0.0,0.0,0.0,0.4215802503664935
2021-12-02,0.0,0.0,0.04678574432734877,0.0,0.0,0.0565527207945561,0.0,0.0,0.0,0.0,0.0,0.0,0.0,0.0,0.0,0.0,0.0,0.0,0.0,0.0529916080908321,0.0,0.0,0.0,0.0,0.0,0.0,0.0,0.0,0.0,0.0,0.0,0.0,0.0,0.0,0.0,0.0,0.0,0.0,0.0,0.04190463817930115,0.0,0.0,0.0,0.0,0.04343091934768339,0.0,0.0,0.0,0.0,0.0,0.0,0.0,0.0,0.0,0.0,0.0,0.0,0.0,0.0,0.0,0.0,0.0,0.05001978468451308,0.0,0.0,0.0,0.0,0.0,0.03020283250995639,0.0,0.04339918542637207,0.0,0.0,0.0,0.0,0.0,0.0,0.0,0.0,0.0,0.0,0.0,0.0486561202560501,0.0,0.0,0.0,0.0,0.0,0.0,0.0,0.0,0.0,0.0,0.0,0.0,0.0,0.0,0.0,0.05504790605180053,0.0,0.032667993819801455,0.0,0.0,0.07929695513707441,0.0,0.0,0.0,0.0,0.0,0.0,0.4190435913747103
2021-12-03,0.0,0.0,0.0470362516970871,0.0,0.0,0.056854186687581874,0.0,0.0,0.0,0.0,0.0,0.0,0.0,0.0,0.0,0.0,0.0,0.0,0.0,0.05184331585212414,0.0,0.0,0.0,0.0,0.0,0.0,0.0,0.0,0.0,0.0,0.0,0.0,0.0,0.0,0.0,0.0,0.0,0.0,0.0,0.04380234452680798,0.0,0.0,0.0,0.0,0.04464868595176784,0.0,0.0,0.0,0.0,0.0,0.0,0.0,0.0,0.0,0.0,0.0,0.0,0.0,0.0,0.0,0.0,0.0,0.04925220268319668,0.0,0.0,0.0,0.0,0.0,0.03253732670798932,0.0,0.04489686907791203,0.0,0.0,0.0,0.0,0.0,0.0,0.0,0.0,0.0,0.0,0.0,0.04884037102906957,0.0,0.0,0.0,0.0,0.0,0.0,0.0,0.0,0.0,0.0,0.0,0.0,0.0,0.0,0.0,0.05375774064782502,0.0,0.03265140791021567,0.0,0.0,0.07808519732725339,0.0,0.0,0.0,0.0,0.0,0.0,0.41579409990116956
2021-12-06,0.0,0.0,0.04689951399554733,0.0,0.0,0.06017993742446406,0.0,0.0,0.0,0.0,0.0,0.0,0.0,0.0,0.0,0.0,0.0,0.0,0.0,0.052970790028151006,0.0,0.0,0.0,0.0,0.0,0.0,0.0,0.0,0.0,0.0,0.0,0.0,0.0,0.0,0.0,0.0,0.0,0.0,0.0,0.04410706648429332,0.0,0.0,0.0,0.0,0.044211737153403784,0.0,0.0,0.0,0.0,0.0,0.0,0.0,0.0,0.0,0.0,0.0,0.0,0.0,0.0,0.0,0.0,0.0,0.048728305542260264,0.0,0.0,0.0,0.0,0.0,0.03253652312664997,0.0,0.04587613383363299,0.0,0.0,0.0,0.0,0.0,0.0,0.0,0.0,0.0,0.0,0.0,0.04910548887857068,0.0,0.0,0.0,0.0,0.0,0.0,0.0,0.0,0.0,0.0,0.0,0.0,0.0,0.0,0.0,0.05376446846543948,0.0,0.03234776277633526,0.0,0.0,0.07883920496718078,0.0,0.0,0.0,0.0,0.0,0.0,0.410433067324071
2021-12-07,0.0,0.0,0.04637595624911764,0.0,0.0,0.05937485800861045,0.0,0.0,0.0,0.0,0.0,0.0,0.0,0.0,0.0,0.0,0.0,0.0,0.0,0.052705686021954176,0.0,0.0,0.0,0.0,0.0,0.0,0.0,0.0,0.0,0.0,0.0,0.0,0.0,0.0,0.0,0.0,0.0,0.0,0.0,0.04264121292109819,0.0,0.0,0.0,0.0,0.04393372716349364,0.0,0.0,0.0,0.0,0.0,0.0,0.0,0.0,0.0,0.0,0.0,0.0,0.0,0.0,0.0,0.0,0.0,0.05106493067588594,0.0,0.0,0.0,0.0,0.0,0.034371980862938904,0.0,0.04729407454187476,0.0,0.0,0.0,0.0,0.0,0.0,0.0,0.0,0.0,0.0,0.0,0.049215485564482644,0.0,0.0,0.0,0.0,0.0,0.0,0.0,0.0,0.0,0.0,0.0,0.0,0.0,0.0,0.0,0.05351151263390007,0.0,0.03274009421547886,0.0,0.0,0.0813018538679528,0.0,0.0,0.0,0.0,0.0,0.0,0.40546862727321187
2021-12-08,0.0,0.0,0.04788956109123702,0.0,0.0,0.06093132017175051,0.0,0.0,0.0,0.0,0.0,0.0,0.0,0.0,0.0,0.0,0.0,0.0,0.0,0.052524390135800396,0.0,0.0,0.0,0.0,0.0,0.0,0.0,0.0,0.0,0.0,0.0,0.0,0.0,0.0,0.0,0.0,0.0,0.0,0.0,0.043403104551454144,0.0,0.0,0.0,0.0,0.044789302897059534,0.0,0.0,0.0,0.0,0.0,0.0,0.0,0.0,0.0,0.0,0.0,0.0,0.0,0.0,0.0,0.0,0.0,0.05253529089973537,0.0,0.0,0.0,0.0,0.0,0.036177143299521715,0.0,0.042254571566223594,0.0,0.0,0.0,0.0,0.0,0.0,0.0,0.0,0.0,0.0,0.0,0.047047475342291104,0.0,0.0,0.0,0.0,0.0,0.0,0.0,0.0,0.0,0.0,0.0,0.0,0.0,0.0,0.0,0.05379879322940582,0.0,0.0335442241242331,0.0,0.0,0.07963450131199351,0.0,0.0,0.0,0.0,0.0,0.0,0.40547032137929434
2021-12-09,0.0,0.0,0.0477911415099597,0.0,0.0,0.05661351322792329,0.0,0.0,0.0,0.0,0.0,0.0,0.0,0.0,0.0,0.0,0.0,0.0,0.0,0.05295675451698557,0.0,0.0,0.0,0.0,0.0,0.0,0.0,0.0,0.0,0.0,0.0,0.0,0.0,0.0,0.0,0.0,0.0,0.0,0.0,0.04292488467228,0.0,0.0,0.0,0.0,0.045118057533055776,0.0,0.0,0.0,0.0,0.0,0.0,0.0,0.0,0.0,0.0,0.0,0.0,0.0,0.0,0.0,0.0,0.0,0.053526301778351514,0.0,0.0,0.0,0.0,0.0,0.034867186866691484,0.0,0.03959613136307546,0.0,0.0,0.0,0.0,0.0,0.0,0.0,0.0,0.0,0.0,0.0,0.04728389188784219,0.0,0.0,0.0,0.0,0.0,0.0,0.0,0.0,0.0,0.0,0.0,0.0,0.0,0.0,0.0,0.053978978132633505,0.0,0.033429506731729085,0.0,0.0,0.07974354145801352,0.0,0.0,0.0,0.0,0.0,0.0,0.41217011032145906
2021-12-10,0.0,0.0,0.047738530939205305,0.0,0.0,0.05695247625829255,0.0,0.0,0.0,0.0,0.0,0.0,0.0,0.0,0.0,0.0,0.0,0.0,0.0,0.052469354047010044,0.0,0.0,0.0,0.0,0.0,0.0,0.0,0.0,0.0,0.0,0.0,0.0,0.0,0.0,0.0,0.0,0.0,0.0,0.0,0.043058468557544374,0.0,0.0,0.0,0.0,0.044544129261427645,0.0,0.0,0.0,0.0,0.0,0.0,0.0,0.0,0.0,0.0,0.0,0.0,0.0,0.0,0.0,0.0,0.0,0.05563900098809516,0.0,0.0,0.0,0.0,0.0,0.03706779235016166,0.0,0.03965268695964685,0.0,0.0,0.0,0.0,0.0,0.0,0.0,0.0,0.0,0.0,0.0,0.046592378871305025,0.0,0.0,0.0,0.0,0.0,0.0,0.0,0.0,0.0,0.0,0.0,0.0,0.0,0.0,0.0,0.053835283159043415,0.0,0.03383094523542826,0.0,0.0,0.08155048658565842,0.0,0.0,0.0,0.0,0.0,0.0,0.4070684667871812
2021-12-13,0.0,0.0,0.049554510997841625,0.0,0.0,0.05470821725203011,0.0,0.0,0.0,0.0,0.0,0.0,0.0,0.0,0.0,0.0,0.0,0.0,0.0,0.05429005312736497,0.0,0.0,0.0,0.0,0.0,0.0,0.0,0.0,0.0,0.0,0.0,0.0,0.0,0.0,0.0,0.0,0.0,0.0,0.0,0.04208612290589584,0.0,0.0,0.0,0.0,0.04428737782236839,0.0,0.0,0.0,0.0,0.0,0.0,0.0,0.0,0.0,0.0,0.0,0.0,0.0,0.0,0.0,0.0,0.0,0.05571002594642705,0.0,0.0,0.0,0.0,0.0,0.03725641293517479,0.0,0.03787784454126656,0.0,0.0,0.0,0.0,0.0,0.0,0.0,0.0,0.0,0.0,0.0,0.04615921634927779,0.0,0.0,0.0,0.0,0.0,0.0,0.0,0.0,0.0,0.0,0.0,0.0,0.0,0.0,0.0,0.053423726049735165,0.0,0.033699725606701245,0.0,0.0,0.08138913326267007,0.0,0.0,0.0,0.0,0.0,0.0,0.4095576332032464
2021-12-14,0.0,0.0,0.04987128887264259,0.0,0.0,0.054325489551273864,0.0,0.0,0.0,0.0,0.0,0.0,0.0,0.0,0.0,0.0,0.0,0.0,0.0,0.05493209033611685,0.0,0.0,0.0,0.0,0.0,0.0,0.0,0.0,0.0,0.0,0.0,0.0,0.0,0.0,0.0,0.0,0.0,0.0,0.0,0.04008048002961535,0.0,0.0,0.0,0.0,0.04411905611133796,0.0,0.0,0.0,0.0,0.0,0.0,0.0,0.0,0.0,0.0,0.0,0.0,0.0,0.0,0.0,0.0,0.0,0.05703065240543467,0.0,0.0,0.0,0.0,0.0,0.033563304424755316,0.0,0.03642151335087079,0.0,0.0,0.0,0.0,0.0,0.0,0.0,0.0,0.0,0.0,0.0,0.045198465134881335,0.0,0.0,0.0,0.0,0.0,0.0,0.0,0.0,0.0,0.0,0.0,0.0,0.0,0.0,0.0,0.05426595074527634,0.0,0.032959431348332596,0.0,0.0,0.08200856607516116,0.0,0.0,0.0,0.0,0.0,0.0,0.4152237116143012
2021-12-15,0.0,0.0,0.0,0.0,0.0,0.056531935419353814,0.0,0.0,0.0,0.0,0.0,0.0,0.0,0.0,0.0,0.0,0.0,0.03841079839053986,0.0,0.0,0.0,0.0,0.0,0.0,0.0,0.0,0.0,0.0,0.0,0.0,0.0,0.0,0.0,0.0,0.0,0.0,0.0,0.0,0.0,0.0,0.0,0.0,0.0,0.0,0.0,0.0,0.0,0.0,0.0,0.0,0.0,0.0,0.0,0.0,0.0,0.0,0.0,0.0,0.0,0.0,0.0,0.0,0.0,0.0,0.0,0.0,0.0,0.0,0.0,0.0,0.05096227002637776,0.0,0.0,0.0,0.0,0.0,0.03591747920736708,0.038398283396162254,0.0,0.0,0.0,0.0,0.05616359303447184,0.0,0.0,0.0,0.0,0.0,0.0,0.0,0.0,0.0,0.0,0.0,0.0,0.0,0.0,0.0,0.0,0.0,0.0,0.0,0.0,0.05623099313799827,0.0,0.0,0.0,0.0,0.0,0.0,0.2711567169498417
2021-12-16,0.0,0.0,0.0,0.0,0.0,0.06117341569780284,0.0,0.0,0.0,0.0,0.0,0.0,0.0,0.0,0.0,0.0,0.0,0.037833166739908504,0.0,0.0,0.0,0.0,0.0,0.0,0.0,0.0,0.0,0.0,0.0,0.0,0.0,0.0,0.0,0.0,0.0,0.0,0.0,0.0,0.0,0.0,0.0,0.0,0.0,0.0,0.0,0.0,0.0,0.0,0.0,0.0,0.0,0.0,0.0,0.0,0.0,0.0,0.0,0.0,0.0,0.0,0.0,0.0,0.0,0.0,0.0,0.0,0.0,0.0,0.0,0.0,0.05251165950933863,0.0,0.0,0.0,0.0,0.0,0.034405171944500726,0.03802998925267351,0.0,0.0,0.0,0.0,0.056127803256595735,0.0,0.0,0.0,0.0,0.0,0.0,0.0,0.0,0.0,0.0,0.0,0.0,0.0,0.0,0.0,0.0,0.0,0.0,0.0,0.0,0.05686361108776566,0.0,0.0,0.0,0.0,0.0,0.0,0.26945323659669895
2021-12-17,0.0,0.0,0.0,0.0,0.0,0.061110245866180704,0.0,0.0,0.0,0.0,0.0,0.0,0.0,0.0,0.0,0.0,0.0,0.03836763265978309,0.0,0.0,0.0,0.0,0.0,0.0,0.0,0.0,0.0,0.0,0.0,0.0,0.0,0.0,0.0,0.0,0.0,0.0,0.0,0.0,0.0,0.0,0.0,0.0,0.0,0.0,0.0,0.0,0.0,0.0,0.0,0.0,0.0,0.0,0.0,0.0,0.0,0.0,0.0,0.0,0.0,0.0,0.0,0.0,0.0,0.0,0.0,0.0,0.0,0.0,0.0,0.0,0.054414222390201175,0.0,0.0,0.0,0.0,0.0,0.034259905855695015,0.03764275104294275,0.0,0.0,0.0,0.0,0.056672508065442634,0.0,0.0,0.0,0.0,0.0,0.0,0.0,0.0,0.0,0.0,0.0,0.0,0.0,0.0,0.0,0.0,0.0,0.0,0.0,0.0,0.05704768199470633,0.0,0.0,0.0,0.0,0.0,0.0,0.6604850521250483
2021-12-20,0.0,0.0,0.0,0.0,0.0,0.061153937132482926,0.0,0.0,0.0,0.0,0.0,0.0,0.0,0.0,0.0,0.0,0.0,0.037023383652613935,0.0,0.0,0.0,0.0,0.0,0.0,0.0,0.0,0.0,0.0,0.0,0.0,0.0,0.0,0.0,0.0,0.0,0.0,0.0,0.0,0.0,0.0,0.0,0.0,0.0,0.0,0.0,0.0,0.0,0.0,0.0,0.0,0.0,0.0,0.0,0.0,0.0,0.0,0.0,0.0,0.0,0.0,0.0,0.0,0.0,0.0,0.0,0.0,0.0,0.0,0.0,0.0,0.05213787753478352,0.0,0.0,0.0,0.0,0.0,0.03411163842431942,0.036969029266333095,0.0,0.0,0.0,0.0,0.05378343522794637,0.0,0.0,0.0,0.0,0.0,0.0,0.0,0.0,0.0,0.0,0.0,0.0,0.0,0.0,0.0,0.0,0.0,0.0,0.0,0.0,0.058742335573738584,0.0,0.0,0.0,0.0,0.0,0.0,0.6660783631877822
2021-12-21,0.0,0.0,0.0,0.0,0.0,0.06057524045344222,0.0,0.0,0.0,0.0,0.0,0.0,0.0,0.0,0.0,0.0,0.0,0.036655021597773695,0.0,0.0,0.0,0.0,0.0,0.0,0.0,0.0,0.0,0.0,0.0,0.0,0.0,0.0,0.0,0.0,0.0,0.0,0.0,0.0,0.0,0.0,0.0,0.0,0.0,0.0,0.0,0.0,0.0,0.0,0.0,0.0,0.0,0.0,0.0,0.0,0.0,0.0,0.0,0.0,0.0,0.0,0.0,0.0,0.0,0.0,0.0,0.0,0.0,0.0,0.0,0.0,0.05287195994234181,0.0,0.0,0.0,0.0,0.0,0.03410698477399038,0.03691503065193887,0.0,0.0,0.0,0.0,0.055239389978167776,0.0,0.0,0.0,0.0,0.0,0.0,0.0,0.0,0.0,0.0,0.0,0.0,0.0,0.0,0.0,0.0,0.0,0.0,0.0,0.0,0.0574174545762802,0.0,0.0,0.0,0.0,0.0,0.0,0.6662189180260651
2021-12-22,0.0,0.0,0.0,0.0,0.0,0.06052644933155297,0.0,0.0,0.0,0.0,0.0,0.0,0.0,0.0,0.0,0.0,0.0,0.03747747250551875,0.0,0.0,0.0,0.0,0.0,0.0,0.0,0.0,0.0,0.0,0.0,0.0,0.0,0.0,0.0,0.0,0.0,0.0,0.0,0.0,0.0,0.0,0.0,0.0,0.0,0.0,0.0,0.0,0.0,0.0,0.0,0.0,0.0,0.0,0.0,0.0,0.0,0.0,0.0,0.0,0.0,0.0,0.0,0.0,0.0,0.0,0.0,0.0,0.0,0.0,0.0,0.0,0.05098784909647417,0.0,0.0,0.0,0.0,0.0,0.03213735769549357,0.03631481027528561,0.0,0.0,0.0,0.0,0.05619815167627812,0.0,0.0,0.0,0.0,0.0,0.0,0.0,0.0,0.0,0.0,0.0,0.0,0.0,0.0,0.0,0.0,0.0,0.0,0.0,0.0,0.056529735775000374,0.0,0.0,0.0,0.0,0.0,0.0,0.6698281736443965
2021-12-23,0.0,0.0,0.0,0.0,0.0,0.060666425912120805,0.0,0.0,0.0,0.0,0.0,0.0,0.0,0.0,0.0,0.0,0.0,0.03687974012361266,0.0,0.0,0.0,0.0,0.0,0.0,0.0,0.0,0.0,0.0,0.0,0.0,0.0,0.0,0.0,0.0,0.0,0.0,0.0,0.0,0.0,0.0,0.0,0.0,0.0,0.0,0.0,0.0,0.0,0.0,0.0,0.0,0.0,0.0,0.0,0.0,0.0,0.0,0.0,0.0,0.0,0.0,0.0,0.0,0.0,0.0,0.0,0.0,0.0,0.0,0.0,0.0,0.05125349401615469,0.0,0.0,0.0,0.0,0.0,0.03166842469686654,0.03635040911772837,0.0,0.0,0.0,0.0,0.05564629197698854,0.0,0.0,0.0,0.0,0.0,0.0,0.0,0.0,0.0,0.0,0.0,0.0,0.0,0.0,0.0,0.0,0.0,0.0,0.0,0.0,0.05832873851265286,0.0,0.0,0.0,0.0,0.0,0.0,0.6692064756438757
2021-12-27,0.0,0.0,0.0,0.0,0.0,0.06234920013964368,0.0,0.0,0.0,0.0,0.0,0.0,0.0,0.0,0.0,0.0,0.0,0.03654658471591711,0.0,0.0,0.0,0.0,0.0,0.0,0.0,0.0,0.0,0.0,0.0,0.0,0.0,0.0,0.0,0.0,0.0,0.0,0.0,0.0,0.0,0.0,0.0,0.0,0.0,0.0,0.0,0.0,0.0,0.0,0.0,0.0,0.0,0.0,0.0,0.0,0.0,0.0,0.0,0.0,0.0,0.0,0.0,0.0,0.0,0.0,0.0,0.0,0.0,0.0,0.0,0.0,0.05549014461140535,0.0,0.0,0.0,0.0,0.0,0.030505742677069667,0.035939839202590605,0.0,0.0,0.0,0.0,0.057776957941705974,0.0,0.0,0.0,0.0,0.0,0.0,0.0,0.0,0.0,0.0,0.0,0.0,0.0,0.0,0.0,0.0,0.0,0.0,0.0,0.0,0.058617646979540555,0.0,0.0,0.0,0.0,0.0,0.0,0.6627738837321272
2021-12-28,0.0,0.0,0.0,0.0,0.0,0.060604800413558396,0.0,0.0,0.0,0.0,0.0,0.0,0.0,0.0,0.0,0.0,0.0,0.035227943252172905,0.0,0.0,0.0,0.0,0.0,0.0,0.0,0.0,0.0,0.0,0.0,0.0,0.0,0.0,0.0,0.0,0.0,0.0,0.0,0.0,0.0,0.0,0.0,0.0,0.0,0.0,0.0,0.0,0.0,0.0,0.0,0.0,0.0,0.0,0.0,0.0,0.0,0.0,0.0,0.0,0.0,0.0,0.0,0.0,0.0,0.0,0.0,0.0,0.0,0.0,0.0,0.0,0.05585883273206726,0.0,0.0,0.0,0.0,0.0,0.03387069342373616,0.03659445771841605,0.0,0.0,0.0,0.0,0.05603039946127451,0.0,0.0,0.0,0.0,0.0,0.0,0.0,0.0,0.0,0.0,0.0,0.0,0.0,0.0,0.0,0.0,0.0,0.0,0.0,0.0,0.059289402003677404,0.0,0.0,0.0,0.0,0.0,0.0,0.6625234709950972
2021-12-29,0.0,0.0,0.0,0.0,0.0,0.06070299393213374,0.0,0.0,0.0,0.0,0.0,0.0,0.0,0.0,0.0,0.0,0.0,0.035313433094298075,0.0,0.0,0.0,0.0,0.0,0.0,0.0,0.0,0.0,0.0,0.0,0.0,0.0,0.0,0.0,0.0,0.0,0.0,0.0,0.0,0.0,0.0,0.0,0.0,0.0,0.0,0.0,0.0,0.0,0.0,0.0,0.0,0.0,0.0,0.0,0.0,0.0,0.0,0.0,0.0,0.0,0.0,0.0,0.0,0.0,0.0,0.0,0.0,0.0,0.0,0.0,0.0,0.055393774349253945,0.0,0.0,0.0,0.0,0.0,0.0322396845486656,0.03539899459576925,0.0,0.0,0.0,0.0,0.056139276238120144,0.0,0.0,0.0,0.0,0.0,0.0,0.0,0.0,0.0,0.0,0.0,0.0,0.0,0.0,0.0,0.0,0.0,0.0,0.0,0.0,0.0607703066809794,0.0,0.0,0.0,0.0,0.0,0.0,0.6640415365607799
2021-12-30,0.0,0.0,0.0,0.0,0.0,0.061312871835668865,0.0,0.0,0.0,0.0,0.0,0.0,0.0,0.0,0.0,0.0,0.0,0.035441352470246976,0.0,0.0,0.0,0.0,0.0,0.0,0.0,0.0,0.0,0.0,0.0,0.0,0.0,0.0,0.0,0.0,0.0,0.0,0.0,0.0,0.0,0.0,0.0,0.0,0.0,0.0,0.0,0.0,0.0,0.0,0.0,0.0,0.0,0.0,0.0,0.0,0.0,0.0,0.0,0.0,0.0,0.0,0.0,0.0,0.0,0.0,0.0,0.0,0.0,0.0,0.0,0.0,0.05869791293360415,0.0,0.0,0.0,0.0,0.0,0.031986152838319945,0.035007848013624325,0.0,0.0,0.0,0.0,0.05742012876049515,0.0,0.0,0.0,0.0,0.0,0.0,0.0,0.0,0.0,0.0,0.0,0.0,0.0,0.0,0.0,0.0,0.0,0.0,0.0,0.0,0.06108526195272845,0.0,0.0,0.0,0.0,0.0,0.0,0.6590484711953122
2022-01-04,0.0,0.0,0.0,0.0,0.0,0.05942029946022478,0.0,0.0,0.0,0.0,0.0,0.0,0.0,0.0,0.0,0.0,0.0,0.03474952375412537,0.0,0.0,0.0,0.0,0.0,0.0,0.0,0.0,0.0,0.0,0.0,0.0,0.0,0.0,0.0,0.0,0.0,0.0,0.0,0.0,0.0,0.0,0.0,0.0,0.0,0.0,0.0,0.0,0.0,0.0,0.0,0.0,0.0,0.0,0.0,0.0,0.0,0.0,0.0,0.0,0.0,0.0,0.0,0.0,0.0,0.0,0.0,0.0,0.0,0.0,0.0,0.0,0.057934604774352874,0.0,0.0,0.0,0.0,0.0,0.030811754292055623,0.035262391355525106,0.0,0.0,0.0,0.0,0.0588376119857848,0.0,0.0,0.0,0.0,0.0,0.0,0.0,0.0,0.0,0.0,0.0,0.0,0.0,0.0,0.0,0.0,0.0,0.0,0.0,0.0,0.06145094379788954,0.0,0.0,0.0,0.0,0.0,0.0,0.6615328705800418
2022-01-05,0.0,0.0,0.0,0.0,0.0,0.057741504076494976,0.0,0.0,0.0,0.0,0.0,0.0,0.0,0.0,0.0,0.0,0.0,0.0338204684684362,0.0,0.0,0.0,0.0,0.0,0.0,0.0,0.0,0.0,0.0,0.0,0.0,0.0,0.0,0.0,0.0,0.0,0.0,0.0,0.0,0.0,0.0,0.0,0.0,0.0,0.0,0.0,0.0,0.0,0.0,0.0,0.0,0.0,0.0,0.0,0.0,0.0,0.0,0.0,0.0,0.0,0.0,0.0,0.0,0.0,0.0,0.0,0.0,0.0,0.0,0.0,0.0,0.05723965267231033,0.0,0.0,0.0,0.0,0.0,0.0309077716988918,0.034585105699812074,0.0,0.0,0.0,0.0,0.05341062153293561,0.0,0.0,0.0,0.0,0.0,0.0,0.0,0.0,0.0,0.0,0.0,0.0,0.0,0.0,0.0,0.0,0.0,0.0,0.0,0.0,0.05912025761867871,0.0,0.0,0.0,0.0,0.0,0.0,0.6731746182324404
2022-01-06,0.0,0.0,0.0,0.0,0.0,0.05912383794394299,0.0,0.0,0.0,0.0,0.0,0.0,0.0,0.0,0.0,0.0,0.0,0.03350479580284893,0.0,0.0,0.0,0.0,0.0,0.0,0.0,0.0,0.0,0.0,0.0,0.0,0.0,0.0,0.0,0.0,0.0,0.0,0.0,0.0,0.0,0.0,0.0,0.0,0.0,0.0,0.0,0.0,0.0,0.0,0.0,0.0,0.0,0.0,0.0,0.0,0.0,0.0,0.0,0.0,0.0,0.0,0.0,0.0,0.0,0.0,0.0,0.0,0.0,0.0,0.0,0.0,0.05580997775036144,0.0,0.0,0.0,0.0,0.0,0.030955479459608456,0.03333396863815641,0.0,0.0,0.0,0.0,0.054852804862122816,0.0,0.0,0.0,0.0,0.0,0.0,0.0,0.0,0.0,0.0,0.0,0.0,0.0,0.0,0.0,0.0,0.0,0.0,0.0,0.0,0.057971154592168096,0.0,0.0,0.0,0.0,0.0,0.0,0.674447980950791
2022-01-07,0.0,0.0,0.0,0.0,0.0,0.05600590676305445,0.0,0.0,0.0,0.0,0.0,0.0,0.0,0.0,0.0,0.0,0.0,0.033779554393249187,0.0,0.0,0.0,0.0,0.0,0.0,0.0,0.0,0.0,0.0,0.0,0.0,0.0,0.0,0.0,0.0,0.0,0.0,0.0,0.0,0.0,0.0,0.0,0.0,0.0,0.0,0.0,0.0,0.0,0.0,0.0,0.0,0.0,0.0,0.0,0.0,0.0,0.0,0.0,0.0,0.0,0.0,0.0,0.0,0.0,0.0,0.0,0.0,0.0,0.0,0.0,0.0,0.05557608196728309,0.0,0.0,0.0,0.0,0.0,0.030974427268249043,0.03254713378555029,0.0,0.0,0.0,0.0,0.057375954524154005,0.0,0.0,0.0,0.0,0.0,0.0,0.0,0.0,0.0,0.0,0.0,0.0,0.0,0.0,0.0,0.0,0.0,0.0,0.0,0.0,0.05864562423461471,0.0,0.0,0.0,0.0,0.0,0.0,0.6750953170638453
2022-01-10,0.0,0.0,0.0,0.0,0.0,0.0,0.0,0.0,0.0,0.0,0.0,0.0,0.0,0.0,0.0,0.0,0.0,0.05162793144634897,0.0,0.0,0.0,0.0,0.032089181371177236,0.0,0.03208643882243575,0.0,0.0,0.0,0.0,0.0,0.0,0.0,0.0,0.0,0.0,0.0,0.0,0.0,0.0,0.0,0.0,0.0,0.0,0.0,0.04424559532328599,0.0,0.0,0.0,0.0,0.0,0.0,0.0,0.0,0.0,0.0,0.0,0.0,0.0,0.0,0.0,0.0,0.0,0.0,0.0,0.0,0.0,0.0,0.0,0.04112052353117805,0.0,0.0,0.0,0.0,0.0,0.0,0.0,0.0,0.0,0.0,0.0,0.0,0.04826340121249428,0.040707767777865424,0.0,0.0,0.0,0.0,0.0,0.0,0.0,0.0,0.0,0.0,0.03206888309797771,0.0,0.0,0.0,0.0,0.0,0.0,0.05146466208501954,0.0,0.0,0.044549421245485304,0.0,0.0,0.0,0.0,0.05068874712974692,0.0,0.327964731322565
2022-01-11,0.0,0.0,0.0,0.0,0.0,0.0,0.0,0.0,0.0,0.0,0.0,0.0,0.0,0.0,0.0,0.0,0.0,0.05354857577895304,0.0,0.0,0.0,0.0,0.03138060536489858,0.0,0.03267207084901035,0.0,0.0,0.0,0.0,0.0,0.0,0.0,0.0,0.0,0.0,0.0,0.0,0.0,0.0,0.0,0.0,0.0,0.0,0.0,0.044377511717927864,0.0,0.0,0.0,0.0,0.0,0.0,0.0,0.0,0.0,0.0,0.0,0.0,0.0,0.0,0.0,0.0,0.0,0.0,0.0,0.0,0.0,0.0,0.0,0.04107242732106352,0.0,0.0,0.0,0.0,0.0,0.0,0.0,0.0,0.0,0.0,0.0,0.0,0.04902531590086564,0.04241067551277168,0.0,0.0,0.0,0.0,0.0,0.0,0.0,0.0,0.0,0.0,0.03171084782749407,0.0,0.0,0.0,0.0,0.0,0.0,0.05262070739151487,0.0,0.0,0.04441765794883557,0.0,0.0,0.0,0.0,0.051011899041398294,0.0,0.3247128680172805
2022-01-12,0.0,0.0,0.0,0.0,0.0,0.0,0.0,0.0,0.0,0.0,0.0,0.0,0.0,0.0,0.0,0.0,0.0,0.0533991281451882,0.0,0.0,0.0,0.0,0.03124048121663549,0.0,0.03286419561529936,0.0,0.0,0.0,0.0,0.0,0.0,0.0,0.0,0.0,0.0,0.0,0.0,0.0,0.0,0.0,0.0,0.0,0.0,0.0,0.04542079048713918,0.0,0.0,0.0,0.0,0.0,0.0,0.0,0.0,0.0,0.0,0.0,0.0,0.0,0.0,0.0,0.0,0.0,0.0,0.0,0.0,0.0,0.0,0.0,0.039327328367120044,0.0,0.0,0.0,0.0,0.0,0.0,0.0,0.0,0.0,0.0,0.0,0.0,0.05140335228627214,0.042371870212414814,0.0,0.0,0.0,0.0,0.0,0.0,0.0,0.0,0.0,0.0,0.03248091098665617,0.0,0.0,0.0,0.0,0.0,0.0,0.05217875603401592,0.0,0.0,0.04515716563455589,0.0,0.0,0.0,0.0,0.05263884563771993,0.0,0.5215171753769828
2022-01-13,0.0,0.0,0.0,0.0,0.0,0.0,0.0,0.0,0.0,0.0,0.0,0.0,0.0,0.0,0.0,0.0,0.0,0.05306387909442562,0.0,0.0,0.0,0.0,0.030811396548075996,0.0,0.033150009941599126,0.0,0.0,0.0,0.0,0.0,0.0,0.0,0.0,0.0,0.0,0.0,0.0,0.0,0.0,0.0,0.0,0.0,0.0,0.0,0.044500426462432505,0.0,0.0,0.0,0.0,0.0,0.0,0.0,0.0,0.0,0.0,0.0,0.0,0.0,0.0,0.0,0.0,0.0,0.0,0.0,0.0,0.0,0.0,0.0,0.036289027641493325,0.0,0.0,0.0,0.0,0.0,0.0,0.0,0.0,0.0,0.0,0.0,0.0,0.05099161255530187,0.043991615741670334,0.0,0.0,0.0,0.0,0.0,0.0,0.0,0.0,0.0,0.0,0.03275528622358318,0.0,0.0,0.0,0.0,0.0,0.0,0.052362801837080204,0.0,0.0,0.045628825397935315,0.0,0.0,0.0,0.0,0.05104827652086549,0.0,0.5254068420355371
2022-01-14,0.0,0.0,0.0,0.0,0.0,0.0,0.0,0.0,0.0,0.0,0.0,0.0,0.0,0.0,0.0,0.0,0.0,0.053735914893541674,0.0,0.0,0.0,0.0,0.03077327504967207,0.0,0.03311722104348122,0.0,0.0,0.0,0.0,0.0,0.0,0.0,0.0,0.0,0.0,0.0,0.0,0.0,0.0,0.0,0.0,0.0,0.0,0.0,0.04628313775342579,0.0,0.0,0.0,0.0,0.0,0.0,0.0,0.0,0.0,0.0,0.0,0.0,0.0,0.0,0.0,0.0,0.0,0.0,0.0,0.0,0.0,0.0,0.0,0.03467965741855459,0.0,0.0,0.0,0.0,0.0,0.0,0.0,0.0,0.0,0.0,0.0,0.0,0.04885501119686015,0.04559671411771623,0.0,0.0,0.0,0.0,0.0,0.0,0.0,0.0,0.0,0.0,0.03319480350842958,0.0,0.0,0.0,0.0,0.0,0.0,0.0521463365052717,0.0,0.0,0.044110846249925464,0.0,0.0,0.0,0.0,0.053674993870383096,0.0,0.5238320883927384
2022-01-17,0.0,0.0,0.0,0.0,0.0,0.0,0.0,0.0,0.0,0.0,0.0,0.0,0.0,0.0,0.0,0.0,0.0,0.05429256482885876,0.0,0.0,0.0,0.0,0.028779634734844132,0.0,0.03323235530960387,0.0,0.0,0.0,0.0,0.0,0.0,0.0,0.0,0.0,0.0,0.0,0.0,0.0,0.0,0.0,0.0,0.0,0.0,0.0,0.04607872285424456,0.0,0.0,0.0,0.0,0.0,0.0,0.0,0.0,0.0,0.0,0.0,0.0,0.0,0.0,0.0,0.0,0.0,0.0,0.0,0.0,0.0,0.0,0.0,0.03556037514683072,0.0,0.0,0.0,0.0,0.0,0.0,0.0,0.0,0.0,0.0,0.0,0.0,0.04916560230212469,0.04555960766026799,0.0,0.0,0.0,0.0,0.0,0.0,0.0,0.0,0.0,0.0,0.032451056579827775,0.0,0.0,0.0,0.0,0.0,0.0,0.05247329949037664,0.0,0.0,0.04377780872093028,0.0,0.0,0.0,0.0,0.053205749255804805,0.0,0.5254232231162858
2022-01-18,0.0,0.0,0.0,0.0,0.0,0.0,0.0,0.0,0.0,0.0,0.0,0.0,0.0,0.0,0.0,0.0,0.0,0.052463608552566605,0.0,0.0,0.0,0.0,0.029284965583067576,0.0,0.033511769638687815,0.0,0.0,0.0,0.0,0.0,0.0,0.0,0.0,0.0,0.0,0.0,0.0,0.0,0.0,0.0,0.0,0.0,0.0,0.0,0.046208794760563054,0.0,0.0,0.0,0.0,0.0,0.0,0.0,0.0,0.0,0.0,0.0,0.0,0.0,0.0,0.0,0.0,0.0,0.0,0.0,0.0,0.0,0.0,0.0,0.03203096433818322,0.0,0.0,0.0,0.0,0.0,0.0,0.0,0.0,0.0,0.0,0.0,0.0,0.047613880347817994,0.04811949513194358,0.0,0.0,0.0,0.0,0.0,0.0,0.0,0.0,0.0,0.0,0.03324564314810249,0.0,0.0,0.0,0.0,0.0,0.0,0.050531443307000094,0.0,0.0,0.043433361323106524,0.0,0.0,0.0,0.0,0.05394665395773657,0.0,0.5296094199112243
2022-01-19,0.0,0.0,0.0,0.0,0.0,0.0,0.0,0.0,0.0,0.0,0.0,0.0,0.0,0.0,0.0,0.0,0.0,0.054481419812212696,0.0,0.0,0.0,0.0,0.028942590070490114,0.0,0.03361758884020886,0.0,0.0,0.0,0.0,0.0,0.0,0.0,0.0,0.0,0.0,0.0,0.0,0.0,0.0,0.0,0.0,0.0,0.0,0.0,0.046911731345414306,0.0,0.0,0.0,0.0,0.0,0.0,0.0,0.0,0.0,0.0,0.0,0.0,0.0,0.0,0.0,0.0,0.0,0.0,0.0,0.0,0.0,0.0,0.0,0.03560924111453841,0.0,0.0,0.0,0.0,0.0,0.0,0.0,0.0,0.0,0.0,0.0,0.0,0.04782195182313932,0.04762822972915696,0.0,0.0,0.0,0.0,0.0,0.0,0.0,0.0,0.0,0.0,0.033761025052011166,0.0,0.0,0.0,0.0,0.0,0.0,0.05220113228615316,0.0,0.0,0.04300017664032043,0.0,0.0,0.0,0.0,0.05317034912373183,0.0,0.5228545641626228
2022-01-20,0.0,0.0,0.0,0.0,0.0,0.0,0.0,0.0,0.0,0.0,0.0,0.0,0.0,0.0,0.0,0.0,0.0,0.05851129444602244,0.0,0.0,0.0,0.0,0.0286754847863278,0.0,0.03344262968665729,0.0,0.0,0.0,0.0,0.0,0.0,0.0,0.0,0.0,0.0,0.0,0.0,0.0,0.0,0.0,0.0,0.0,0.0,0.0,0.04659627290762726,0.0,0.0,0.0,0.0,0.0,0.0,0.0,0.0,0.0,0.0,0.0,0.0,0.0,0.0,0.0,0.0,0.0,0.0,0.0,0.0,0.0,0.0,0.0,0.03528778606971903,0.0,0.0,0.0,0.0,0.0,0.0,0.0,0.0,0.0,0.0,0.0,0.0,0.049274079672211465,0.04761143688417982,0.0,0.0,0.0,0.0,0.0,0.0,0.0,0.0,0.0,0.0,0.03299941916965151,0.0,0.0,0.0,0.0,0.0,0.0,0.05391768023471782,0.0,0.0,0.04226427663169565,0.0,0.0,0.0,0.0,0.05310498998164571,0.0,0.5183146495295442
2022-01-21,0.0,0.0,0.0,0.0,0.0,0.0,0.0,0.0,0.0,0.0,0.0,0.0,0.0,0.0,0.0,0.0,0.0,0.05774123081323979,0.0,0.0,0.0,0.0,0.028132129205956268,0.0,0.033431357495231774,0.0,0.0,0.0,0.0,0.0,0.0,0.0,0.0,0.0,0.0,0.0,0.0,0.0,0.0,0.0,0.0,0.0,0.0,0.0,0.046616220375292436,0.0,0.0,0.0,0.0,0.0,0.0,0.0,0.0,0.0,0.0,0.0,0.0,0.0,0.0,0.0,0.0,0.0,0.0,0.0,0.0,0.0,0.0,0.0,0.03680228343953447,0.0,0.0,0.0,0.0,0.0,0.0,0.0,0.0,0.0,0.0,0.0,0.0,0.05004057987376938,0.04648678462314195,0.0,0.0,0.0,0.0,0.0,0.0,0.0,0.0,0.0,0.0,0.03241017086309445,0.0,0.0,0.0,0.0,0.0,0.0,0.05451472882671923,0.0,0.0,0.04176269261627926,0.0,0.0,0.0,0.0,0.05294395605017217,0.0,0.5191178658175687
2022-01-24,0.0,0.0,0.0,0.0,0.0,0.0,0.0,0.0,0.0,0.0,0.0,0.0,0.0,0.0,0.0,0.0,0.0,0.05886012596571579,0.0,0.0,0.0,0.0,0.029292129198921938,0.0,0.03315070996881574,0.0,0.0,0.0,0.0,0.0,0.0,0.0,0.0,0.0,0.0,0.0,0.0,0.0,0.0,0.0,0.0,0.0,0.0,0.0,0.046185812039301534,0.0,0.0,0.0,0.0,0.0,0.0,0.0,0.0,0.0,0.0,0.0,0.0,0.0,0.0,0.0,0.0,0.0,0.0,0.0,0.0,0.0,0.0,0.0,0.03508730071333641,0.0,0.0,0.0,0.0,0.0,0.0,0.0,0.0,0.0,0.0,0.0,0.0,0.049508621928967315,0.04585676630790169,0.0,0.0,0.0,0.0,0.0,0.0,0.0,0.0,0.0,0.0,0.03239191741510706,0.0,0.0,0.0,0.0,0.0,0.0,0.05316956407038836,0.0,0.0,0.04276810257311486,0.0,0.0,0.0,0.0,0.05196179307607069,0.0,0.5217671567423585
2022-01-25,0.0,0.0,0.0,0.0,0.0,0.0,0.0,0.0,0.0,0.0,0.0,0.0,0.0,0.0,0.0,0.0,0.0,0.06056504508890534,0.0,0.0,0.0,0.0,0.028882123151407764,0.0,0.03311554854567405,0.0,0.0,0.0,0.0,0.0,0.0,0.0,0.0,0.0,0.0,0.0,0.0,0.0,0.0,0.0,0.0,0.0,0.0,0.0,0.04610399257258557,0.0,0.0,0.0,0.0,0.0,0.0,0.0,0.0,0.0,0.0,0.0,0.0,0.0,0.0,0.0,0.0,0.0,0.0,0.0,0.0,0.0,0.0,0.0,0.03687594643849998,0.0,0.0,0.0,0.0,0.0,0.0,0.0,0.0,0.0,0.0,0.0,0.0,0.051515480178724156,0.0466658202967369,0.0,0.0,0.0,0.0,0.0,0.0,0.0,0.0,0.0,0.0,0.03267817736301457,0.0,0.0,0.0,0.0,0.0,0.0,0.05357528736191516,0.0,0.0,0.042836523372429804,0.0,0.0,0.0,0.0,0.05182115897100539,0.0,0.5153648966591015
2022-01-26,0.0,0.0,0.0,0.0,0.0,0.0,0.0,0.0,0.0,0.0,0.0,0.0,0.0,0.0,0.0,0.0,0.0,0.062221663495769,0.0,0.0,0.0,0.0,0.027660983171065343,0.0,0.032916874751934284,0.0,0.0,0.0,0.0,0.0,0.0,0.0,0.0,0.0,0.0,0.0,0.0,0.0,0.0,0.0,0.0,0.0,0.0,0.0,0.04671950495828875,0.0,0.0,0.0,0.0,0.0,0.0,0.0,0.0,0.0,0.0,0.0,0.0,0.0,0.0,0.0,0.0,0.0,0.0,0.0,0.0,0.0,0.0,0.0,0.03665091245461709,0.0,0.0,0.0,0.0,0.0,0.0,0.0,0.0,0.0,0.0,0.0,0.0,0.050666151432962,0.046071207445801135,0.0,0.0,0.0,0.0,0.0,0.0,0.0,0.0,0.0,0.0,0.03267256560152706,0.0,0.0,0.0,0.0,0.0,0.0,0.05482156164886658,0.0,0.0,0.04165081443025832,0.0,0.0,0.0,0.0,0.05271583235415831,0.0,0.5152319282547521
2022-01-27,0.0,0.0,0.0,0.0,0.0,0.0,0.0,0.0,0.0,0.0,0.0,0.0,0.0,0.0,0.0,0.0,0.0,0.06419988057971958,0.0,0.0,0.0,0.0,0.0266533848292337,0.0,0.033102945160056726,0.0,0.0,0.0,0.0,0.0,0.0,0.0,0.0,0.0,0.0,0.0,0.0,0.0,0.0,0.0,0.0,0.0,0.0,0.0,0.04672646232429255,0.0,0.0,0.0,0.0,0.0,0.0,0.0,0.0,0.0,0.0,0.0,0.0,0.0,0.0,0.0,0.0,0.0,0.0,0.0,0.0,0.0,0.0,0.0,0.03701805601212514,0.0,0.0,0.0,0.0,0.0,0.0,0.0,0.0,0.0,0.0,0.0,0.0,0.051621429409336096,0.04604975850560338,0.0,0.0,0.0,0.0,0.0,0.0,0.0,0.0,0.0,0.0,0.03195563890807861,0.0,0.0,0.0,0.0,0.0,0.0,0.05611882153695545,0.0,0.0,0.041119142603140334,0.0,0.0,0.0,0.0,0.05502353760874448,0.0,0.5104109425227139
2022-01-28,0.0,0.0,0.0,0.0,0.0,0.0,0.0,0.0,0.0,0.0,0.0,0.0,0.0,0.0,0.0,0.0,0.0,0.06217046797249043,0.0,0.0,0.0,0.0,0.028699527438876465,0.0,0.03297907091440877,0.0,0.0,0.0,0.0,0.0,0.0,0.0,0.0,0.0,0.0,0.0,0.0,0.0,0.0,0.0,0.0,0.0,0.0,0.0,0.04492253901510082,0.0,0.0,0.0,0.0,0.0,0.0,0.0,0.0,0.0,0.0,0.0,0.0,0.0,0.0,0.0,0.0,0.0,0.0,0.0,0.0,0.0,0.0,0.0,0.036916799710416885,0.0,0.0,0.0,0.0,0.0,0.0,0.0,0.0,0.0,0.0,0.0,0.0,0.05245808998889128,0.046182020872450845,0.0,0.0,0.0,0.0,0.0,0.0,0.0,0.0,0.0,0.0,0.03218982788220103,0.0,0.0,0.0,0.0,0.0,0.0,0.05592733194482319,0.0,0.0,0.04235855203701558,0.0,0.0,0.0,0.0,0.053785362802008914,0.0,0.5114104094213158
2022-01-31,0.0,0.0,0.0,0.0,0.0,0.0,0.0,0.0,0.0,0.0,0.0,0.0,0.0,0.0,0.0,0.0,0.0,0.06333125117850157,0.0,0.0,0.0,0.0,0.027888992891666384,0.0,0.03283874808949912,0.0,0.0,0.0,0.0,0.0,0.0,0.0,0.0,0.0,0.0,0.0,0.0,0.0,0.0,0.0,0.0,0.0,0.0,0.0,0.046282671597171525,0.0,0.0,0.0,0.0,0.0,0.0,0.0,0.0,0.0,0.0,0.0,0.0,0.0,0.0,0.0,0.0,0.0,0.0,0.0,0.0,0.0,0.0,0.0,0.03854615162172421,0.0,0.0,0.0,0.0,0.0,0.0,0.0,0.0,0.0,0.0,0.0,0.0,0.0536126839316374,0.045788430190285646,0.0,0.0,0.0,0.0,0.0,0.0,0.0,0.0,0.0,0.0,0.03193376016357431,0.0,0.0,0.0,0.0,0.0,0.0,0.05783154581430692,0.0,0.0,0.04235780741236502,0.0,0.0,0.0,0.0,0.054056279627695,0.0,0.5055316774815728
2022-02-01,0.0,0.0,0.0,0.0,0.0,0.0,0.0,0.0,0.0,0.0,0.0,0.0,0.0,0.0,0.0,0.0,0.0,0.06355592461079339,0.0,0.0,0.0,0.0,0.028981340602029507,0.0,0.03299332479676783,0.0,0.0,0.0,0.0,0.0,0.0,0.0,0.0,0.0,0.0,0.0,0.0,0.0,0.0,0.0,0.0,0.0,0.0,0.0,0.0462189345284603,0.0,0.0,0.0,0.0,0.0,0.0,0.0,0.0,0.0,0.0,0.0,0.0,0.0,0.0,0.0,0.0,0.0,0.0,0.0,0.0,0.0,0.0,0.0,0.03941534200934752,0.0,0.0,0.0,0.0,0.0,0.0,0.0,0.0,0.0,0.0,0.0,0.0,0.05271014829868157,0.045210166685190366,0.0,0.0,0.0,0.0,0.0,0.0,0.0,0.0,0.0,0.0,0.03244665794405396,0.0,0.0,0.0,0.0,0.0,0.0,0.05727684072515873,0.0,0.0,0.044473597040553974,0.0,0.0,0.0,0.0,0.05361107243199437,0.0,0.5031066503269686
2022-02-02,0.0,0.0,0.0,0.0,0.0,0.0,0.0,0.0,0.0,0.0,0.0,0.0,0.0,0.0,0.0,0.0,0.0,0.061664798298057204,0.0,0.0,0.0,0.0,0.028971224616543046,0.0,0.032612933261724236,0.0,0.0,0.0,0.0,0.0,0.0,0.0,0.0,0.0,0.0,0.0,0.0,0.0,0.0,0.0,0.0,0.0,0.0,0.0,0.04635222501734914,0.0,0.0,0.0,0.0,0.0,0.0,0.0,0.0,0.0,0.0,0.0,0.0,0.0,0.0,0.0,0.0,0.0,0.0,0.0,0.0,0.0,0.0,0.0,0.037580674985325316,0.0,0.0,0.0,0.0,0.0,0.0,0.0,0.0,0.0,0.0,0.0,0.0,0.054913712104475154,0.04411762001693924,0.0,0.0,0.0,0.0,0.0,0.0,0.0,0.0,0.0,0.0,0.032659542131832385,0.0,0.0,0.0,0.0,0.0,0.0,0.056978760793929176,0.0,0.0,0.04444789475729671,0.0,0.0,0.0,0.0,0.05344055074654935,0.0,0.506260063269979
2022-02-03,0.0,0.0,0.0,0.0,0.0,0.0,0.0,0.0,0.0,0.0,0.0,0.0,0.0,0.0,0.0,0.0,0.0,0.06139271898621999,0.0,0.0,0.0,0.0,0.02942552889449441,0.0,0.0331324292647277,0.0,0.0,0.0,0.0,0.0,0.0,0.0,0.0,0.0,0.0,0.0,0.0,0.0,0.0,0.0,0.0,0.0,0.0,0.0,0.04726281239638746,0.0,0.0,0.0,0.0,0.0,0.0,0.0,0.0,0.0,0.0,0.0,0.0,0.0,0.0,0.0,0.0,0.0,0.0,0.0,0.0,0.0,0.0,0.0,0.0350685837282122,0.0,0.0,0.0,0.0,0.0,0.0,0.0,0.0,0.0,0.0,0.0,0.0,0.0530345163504728,0.043952394787902915,0.0,0.0,0.0,0.0,0.0,0.0,0.0,0.0,0.0,0.0,0.03300827181047181,0.0,0.0,0.0,0.0,0.0,0.0,0.05664562532771991,0.0,0.0,0.04354804791765986,0.0,0.0,0.0,0.0,0.052527690269273876,0.0,0.511001380266457
2022-02-04,0.0,0.0,0.0,0.0,0.0,0.0,0.0,0.0,0.0,0.0,0.0,0.0,0.0,0.0,0.0,0.0,0.0,0.06029272161797221,0.0,0.0,0.0,0.0,0.030701866360559577,0.0,0.032061682028278075,0.0,0.0,0.0,0.0,0.0,0.0,0.0,0.0,0.0,0.0,0.0,0.0,0.0,0.0,0.0,0.0,0.0,0.0,0.0,0.046737006661582564,0.0,0.0,0.0,0.0,0.0,0.0,0.0,0.0,0.0,0.0,0.0,0.0,0.0,0.0,0.0,0.0,0.0,0.0,0.0,0.0,0.0,0.0,0.0,0.03869343571354011,0.0,0.0,0.0,0.0,0.0,0.0,0.0,0.0,0.0,0.0,0.0,0.0,0.05158809083291742,0.04676032267407334,0.0,0.0,0.0,0.0,0.0,0.0,0.0,0.0,0.0,0.0,0.03292996707608362,0.0,0.0,0.0,0.0,0.0,0.0,0.05667901744706976,0.0,0.0,0.04500679995205289,0.0,0.0,0.0,0.0,0.05189200640280136,0.0,0.506657083233069
2022-02-07,0.0,0.0,0.0,0.0,0.0,0.0,0.0,0.0,0.0,0.0,0.0,0.0,0.0,0.0,0.0,0.0,0.0,0.05979174129527028,0.0,0.0,0.0,0.0,0.03108683629530804,0.0,0.03143861928718399,0.0,0.0,0.0,0.0,0.0,0.0,0.0,0.0,0.0,0.0,0.0,0.0,0.0,0.0,0.0,0.0,0.0,0.0,0.0,0.04586579773014857,0.0,0.0,0.0,0.0,0.0,0.0,0.0,0.0,0.0,0.0,0.0,0.0,0.0,0.0,0.0,0.0,0.0,0.0,0.0,0.0,0.0,0.0,0.0,0.039842003533767094,0.0,0.0,0.0,0.0,0.0,0.0,0.0,0.0,0.0,0.0,0.0,0.0,0.05060088548955866,0.04634138495541511,0.0,0.0,0.0,0.0,0.0,0.0,0.0,0.0,0.0,0.0,0.03373809849671534,0.0,0.0,0.0,0.0,0.0,0.0,0.0566692003917598,0.0,0.0,0.04512779991440633,0.0,0.0,0.0,0.0,0.0521902785533966,0.0,0.5073073540570702
2022-02-08,0.0,0.0,0.0,0.0,0.0,0.0,0.0,0.0,0.0,0.0,0.0,0.0,0.0,0.0,0.0,0.0,0.0,0.05985955357317414,0.0,0.0,0.0,0.0,0.030844228505666805,0.0,0.03178711886369846,0.0,0.0,0.0,0.0,0.0,0.0,0.0,0.0,0.0,0.0,0.0,0.0,0.0,0.0,0.0,0.0,0.0,0.0,0.0,0.046115746845877985,0.0,0.0,0.0,0.0,0.0,0.0,0.0,0.0,0.0,0.0,0.0,0.0,0.0,0.0,0.0,0.0,0.0,0.0,0.0,0.0,0.0,0.0,0.0,0.03934868979450209,0.0,0.0,0.0,0.0,0.0,0.0,0.0,0.0,0.0,0.0,0.0,0.0,0.0508377414189483,0.04598041794996069,0.0,0.0,0.0,0.0,0.0,0.0,0.0,0.0,0.0,0.0,0.03347669391091471,0.0,0.0,0.0,0.0,0.0,0.0,0.05595352870677533,0.0,0.0,0.04479430970131845,0.0,0.0,0.0,0.0,0.051115250216194445,0.0,0.5098867205129686
2022-02-09,0.0,0.0,0.0,0.0,0.0,0.0,0.0,0.0,0.0,0.0,0.0,0.0,0.0,0.0,0.0,0.0,0.0,0.061609293263627754,0.0,0.0,0.0,0.0,0.03049620966168255,0.0,0.03189024464767626,0.0,0.0,0.0,0.0,0.0,0.0,0.0,0.0,0.0,0.0,0.0,0.0,0.0,0.0,0.0,0.0,0.0,0.0,0.0,0.047050656266046154,0.0,0.0,0.0,0.0,0.0,0.0,0.0,0.0,0.0,0.0,0.0,0.0,0.0,0.0,0.0,0.0,0.0,0.0,0.0,0.0,0.0,0.0,0.0,0.040361018689617015,0.0,0.0,0.0,0.0,0.0,0.0,0.0,0.0,0.0,0.0,0.0,0.0,0.05068977798701686,0.0467913641716973,0.0,0.0,0.0,0.0,0.0,0.0,0.0,0.0,0.0,0.0,0.033405902392423636,0.0,0.0,0.0,0.0,0.0,0.0,0.056567851967107854,0.0,0.0,0.04460119377483201,0.0,0.0,0.0,0.0,0.050796570111307955,0.0,0.5057399170669645
2022-02-10,0.0,0.0,0.0,0.0,0.0,0.0,0.0,0.0,0.0,0.0,0.0,0.0,0.0,0.0,0.0,0.0,0.0,0.06138405922855041,0.0,0.0,0.0,0.0,0.03095479104401734,0.0,0.03216207204249473,0.0,0.0,0.0,0.0,0.0,0.0,0.0,0.0,0.0,0.0,0.0,0.0,0.0,0.0,0.0,0.0,0.0,0.0,0.0,0.04715489142175668,0.0,0.0,0.0,0.0,0.0,0.0,0.0,0.0,0.0,0.0,0.0,0.0,0.0,0.0,0.0,0.0,0.0,0.0,0.0,0.0,0.0,0.0,0.0,0.03883216812212867,0.0,0.0,0.0,0.0,0.0,0.0,0.0,0.0,0.0,0.0,0.0,0.0,0.05105052282363173,0.047338372101537636,0.0,0.0,0.0,0.0,0.0,0.0,0.0,0.0,0.0,0.0,0.03382284392679008,0.0,0.0,0.0,0.0,0.0,0.0,0.055060872312855794,0.0,0.0,0.04560433332673213,0.0,0.0,0.0,0.0,0.04994760209132765,0.0,0.5066874715581772
2022-02-11,0.0,0.0,0.0,0.0,0.0,0.0,0.0,0.0,0.0,0.0,0.0,0.0,0.0,0.0,0.0,0.0,0.0,0.06079468585088084,0.0,0.0,0.0,0.0,0.030249702042460837,0.0,0.031992585436652066,0.0,0.0,0.0,0.0,0.0,0.0,0.0,0.0,0.0,0.0,0.0,0.0,0.0,0.0,0.0,0.0,0.0,0.0,0.0,0.047100030103984766,0.0,0.0,0.0,0.0,0.0,0.0,0.0,0.0,0.0,0.0,0.0,0.0,0.0,0.0,0.0,0.0,0.0,0.0,0.0,0.0,0.0,0.0,0.0,0.03927923404578725,0.0,0.0,0.0,0.0,0.0,0.0,0.0,0.0,0.0,0.0,0.0,0.0,0.049554074511082936,0.049509791999837564,0.0,0.0,0.0,0.0,0.0,0.0,0.0,0.0,0.0,0.0,0.033231454221678565,0.0,0.0,0.0,0.0,0.0,0.0,0.05510328039920499,0.0,0.0,0.04485969419416569,0.0,0.0,0.0,0.0,0.04975885463671376,0.0,0.5085666125575506
2022-02-14,0.0,0.0,0.0,0.0,0.0,0.0,0.0,0.0,0.0,0.0,0.0,0.0,0.0,0.0,0.0,0.0,0.0,0.06138324623590431,0.0,0.0,0.0,0.0,0.02977129853876427,0.0,0.03152133802623927,0.0,0.0,0.0,0.0,0.0,0.0,0.0,0.0,0.0,0.0,0.0,0.0,0.0,0.0,0.0,0.0,0.0,0.0,0.0,0.04670909258128277,0.0,0.0,0.0,0.0,0.0,0.0,0.0,0.0,0.0,0.0,0.0,0.0,0.0,0.0,0.0,0.0,0.0,0.0,0.0,0.0,0.0,0.0,0.0,0.03834556828470348,0.0,0.0,0.0,0.0,0.0,0.0,0.0,0.0,0.0,0.0,0.0,0.0,0.04915521623709632,0.050619731706487224,0.0,0.0,0.0,0.0,0.0,0.0,0.0,0.0,0.0,0.0,0.033522510385353685,0.0,0.0,0.0,0.0,0.0,0.0,0.05691501169727299,0.0,0.0,0.044563821569409454,0.0,0.0,0.0,0.0,0.05105686236344435,0.0,0.506436302374042
2022-02-15,0.0,0.0,0.0,0.0,0.0,0.0,0.0,0.0,0.0,0.0,0.0,0.0,0.0,0.0,0.0,0.0,0.0,0.04684097406381464,0.0,0.0,0.0,0.0,0.0446557298167841,0.0,0.044663886306349466,0.0,0.0,0.0,0.031898222248577274,0.0,0.0,0.0,0.0,0.0,0.0,0.0,0.0,0.0,0.0,0.0,0.0,0.0,0.0,0.0,0.0,0.0,0.0,0.0,0.033165331720965203,0.0,0.0,0.0,0.0,0.0,0.0,0.0,0.0,0.0,0.0,0.0,0.0,0.0,0.0,0.0,0.0,0.0,0.0,0.0,0.0,0.0,0.0,0.0,0.0,0.0,0.0,0.0,0.0,0.0,0.0,0.0,0.0,0.05054706453618986,0.04967766641094492,0.0,0.0,0.0,0.0,0.0,0.0,0.0,0.0,0.0,0.0,0.04464503434851843,0.0,0.0,0.0,0.0,0.0,0.0,0.04674538142803255,0.0,0.038595020575586385,0.051007501891826554,0.0,0.0,0.0,0.0,0.0448466502640152,0.0,0.3412240902743766
2022-02-16,0.0,0.0,0.0,0.0,0.0,0.0,0.0,0.0,0.0,0.0,0.0,0.0,0.0,0.0,0.0,0.0,0.0,0.04756603094490102,0.0,0.0,0.0,0.0,0.044541765859159275,0.0,0.045519756181505555,0.0,0.0,0.0,0.03171684403265803,0.0,0.0,0.0,0.0,0.0,0.0,0.0,0.0,0.0,0.0,0.0,0.0,0.0,0.0,0.0,0.0,0.0,0.0,0.0,0.032736738742164664,0.0,0.0,0.0,0.0,0.0,0.0,0.0,0.0,0.0,0.0,0.0,0.0,0.0,0.0,0.0,0.0,0.0,0.0,0.0,0.0,0.0,0.0,0.0,0.0,0.0,0.0,0.0,0.0,0.0,0.0,0.0,0.0,0.05175055992550909,0.04864489312186012,0.0,0.0,0.0,0.0,0.0,0.0,0.0,0.0,0.0,0.0,0.043941489911964206,0.0,0.0,0.0,0.0,0.0,0.0,0.047053886170432976,0.0,0.040263675204928275,0.05124146619323492,0.0,0.0,0.0,0.0,0.042648784620205556,0.0,0.3410186069090213
2022-02-17,0.0,0.0,0.0,0.0,0.0,0.0,0.0,0.0,0.0,0.0,0.0,0.0,0.0,0.0,0.0,0.0,0.0,0.04734539403996738,0.0,0.0,0.0,0.0,0.04401232928326435,0.0,0.04506138614320609,0.0,0.0,0.0,0.031509375514107624,0.0,0.0,0.0,0.0,0.0,0.0,0.0,0.0,0.0,0.0,0.0,0.0,0.0,0.0,0.0,0.0,0.0,0.0,0.0,0.033723878250654,0.0,0.0,0.0,0.0,0.0,0.0,0.0,0.0,0.0,0.0,0.0,0.0,0.0,0.0,0.0,0.0,0.0,0.0,0.0,0.0,0.0,0.0,0.0,0.0,0.0,0.0,0.0,0.0,0.0,0.0,0.0,0.0,0.050861801784981286,0.04810970632078085,0.0,0.0,0.0,0.0,0.0,0.0,0.0,0.0,0.0,0.0,0.04377769389413836,0.0,0.0,0.0,0.0,0.0,0.0,0.04993368697330688,0.0,0.03963948482281467,0.05020406939098979,0.0,0.0,0.0,0.0,0.04188444276005241,0.0,0.4739367508217363
2022-02-18,0.0,0.0,0.0,0.0,0.0,0.0,0.0,0.0,0.0,0.0,0.0,0.0,0.0,0.0,0.0,0.0,0.0,0.047784960185690825,0.0,0.0,0.0,0.0,0.043651612374246244,0.0,0.04552795959288312,0.0,0.0,0.0,0.03176362653613113,0.0,0.0,0.0,0.0,0.0,0.0,0.0,0.0,0.0,0.0,0.0,0.0,0.0,0.0,0.0,0.0,0.0,0.0,0.0,0.03319403965456507,0.0,0.0,0.0,0.0,0.0,0.0,0.0,0.0,0.0,0.0,0.0,0.0,0.0,0.0,0.0,0.0,0.0,0.0,0.0,0.0,0.0,0.0,0.0,0.0,0.0,0.0,0.0,0.0,0.0,0.0,0.0,0.0,0.051080988062822456,0.04742901720136125,0.0,0.0,0.0,0.0,0.0,0.0,0.0,0.0,0.0,0.0,0.04263348108058108,0.0,0.0,0.0,0.0,0.0,0.0,0.04963304267906664,0.0,0.0386871397127227,0.05041717671968903,0.0,0.0,0.0,0.0,0.041000278990603434,0.0,0.47719667720963693
2022-02-21,0.0,0.0,0.0,0.0,0.0,0.0,0.0,0.0,0.0,0.0,0.0,0.0,0.0,0.0,0.0,0.0,0.0,0.046268519434558855,0.0,0.0,0.0,0.0,0.04219623345246,0.0,0.044990487377128435,0.0,0.0,0.0,0.031648689334859106,0.0,0.0,0.0,0.0,0.0,0.0,0.0,0.0,0.0,0.0,0.0,0.0,0.0,0.0,0.0,0.0,0.0,0.0,0.0,0.03364536679391301,0.0,0.0,0.0,0.0,0.0,0.0,0.0,0.0,0.0,0.0,0.0,0.0,0.0,0.0,0.0,0.0,0.0,0.0,0.0,0.0,0.0,0.0,0.0,0.0,0.0,0.0,0.0,0.0,0.0,0.0,0.0,0.0,0.047805879401598916,0.04953113885929216,0.0,0.0,0.0,0.0,0.0,0.0,0.0,0.0,0.0,0.0,0.04318156514240523,0.0,0.0,0.0,0.0,0.0,0.0,0.048970074835954225,0.0,0.0391343757548575,0.05044828574851534,0.0,0.0,0.0,0.0,0.041191127765063826,0.0,0.48098825609939355
2022-02-22,0.0,0.0,0.0,0.0,0.0,0.0,0.0,0.0,0.0,0.0,0.0,0.0,0.0,0.0,0.0,0.0,0.0,0.04843784105927454,0.0,0.0,0.0,0.0,0.041227863394344116,0.0,0.04460747386251411,0.0,0.0,0.0,0.031503473892204426,0.0,0.0,0.0,0.0,0.0,0.0,0.0,0.0,0.0,0.0,0.0,0.0,0.0,0.0,0.0,0.0,0.0,0.0,0.0,0.03526043979446035,0.0,0.0,0.0,0.0,0.0,0.0,0.0,0.0,0.0,0.0,0.0,0.0,0.0,0.0,0.0,0.0,0.0,0.0,0.0,0.0,0.0,0.0,0.0,0.0,0.0,0.0,0.0,0.0,0.0,0.0,0.0,0.0,0.047951445820708885,0.047803098783744634,0.0,0.0,0.0,0.0,0.0,0.0,0.0,0.0,0.0,0.0,0.04275811802718306,0.0,0.0,0.0,0.0,0.0,0.0,0.05093221697228404,0.0,0.03945923455142426,0.050899800670845284,0.0,0.0,0.0,0.0,0.04095049635156986,0.0,0.4782084968194426
2022-02-23,0.0,0.0,0.0,0.0,0.0,0.0,0.0,0.0,0.0,0.0,0.0,0.0,0.0,0.0,0.0,0.0,0.0,0.04811219339929154,0.0,0.0,0.0,0.0,0.04106895737444753,0.0,0.0457475475756081,0.0,0.0,0.0,0.03184187789114195,0.0,0.0,0.0,0.0,0.0,0.0,0.0,0.0,0.0,0.0,0.0,0.0,0.0,0.0,0.0,0.0,0.0,0.0,0.0,0.03628329317355198,0.0,0.0,0.0,0.0,0.0,0.0,0.0,0.0,0.0,0.0,0.0,0.0,0.0,0.0,0.0,0.0,0.0,0.0,0.0,0.0,0.0,0.0,0.0,0.0,0.0,0.0,0.0,0.0,0.0,0.0,0.0,0.0,0.04592706749673396,0.04861738352634528,0.0,0.0,0.0,0.0,0.0,0.0,0.0,0.0,0.0,0.0,0.042590242093447035,0.0,0.0,0.0,0.0,0.0,0.0,0.05105573968447638,0.0,0.038533981506523554,0.05074455673996208,0.0,0.0,0.0,0.0,0.039769212807533705,0.0,0.47970794673093686
2022-02-24,0.0,0.0,0.0,0.0,0.0,0.0,0.0,0.0,0.0,0.0,0.0,0.0,0.0,0.0,0.0,0.0,0.0,0.04964565935380401,0.0,0.0,0.0,0.0,0.04094144557030912,0.0,0.04480696990138473,0.0,0.0,0.0,0.030638259071374113,0.0,0.0,0.0,0.0,0.0,0.0,0.0,0.0,0.0,0.0,0.0,0.0,0.0,0.0,0.0,0.0,0.0,0.0,0.0,0.03450711152022365,0.0,0.0,0.0,0.0,0.0,0.0,0.0,0.0,0.0,0.0,0.0,0.0,0.0,0.0,0.0,0.0,0.0,0.0,0.0,0.0,0.0,0.0,0.0,0.0,0.0,0.0,0.0,0.0,0.0,0.0,0.0,0.0,0.04415185083159414,0.04849077160711083,0.0,0.0,0.0,0.0,0.0,0.0,0.0,0.0,0.0,0.0,0.044344365394079155,0.0,0.0,0.0,0.0,0.0,0.0,0.05132828746112992,0.0,0.03987271786513897,0.05133082144714489,0.0,0.0,0.0,0.0,0.04071328605866251,0.0,0.4792284539180439
2022-02-25,0.0,0.0,0.0,0.0,0.0,0.0,0.0,0.0,0.0,0.0,0.0,0.0,0.0,0.0,0.0,0.0,0.0,0.04851472464879817,0.0,0.0,0.0,0.0,0.041831564122224926,0.0,0.044959348066855996,0.0,0.0,0.0,0.030744910379418094,0.0,0.0,0.0,0.0,0.0,0.0,0.0,0.0,0.0,0.0,0.0,0.0,0.0,0.0,0.0,0.0,0.0,0.0,0.0,0.03404429959843559,0.0,0.0,0.0,0.0,0.0,0.0,0.0,0.0,0.0,0.0,0.0,0.0,0.0,0.0,0.0,0.0,0.0,0.0,0.0,0.0,0.0,0.0,0.0,0.0,0.0,0.0,0.0,0.0,0.0,0.0,0.0,0.0,0.04417748970496245,0.0504556194931614,0.0,0.0,0.0,0.0,0.0,0.0,0.0,0.0,0.0,0.0,0.04318804852795064,0.0,0.0,0.0,0.0,0.0,0.0,0.05178274773115531,0.0,0.038266323762620284,0.05083596777691627,0.0,0.0,0.0,0.0,0.040899212525944875,0.0,0.48029974366155614
2022-03-02,0.0,0.0,0.0,0.0,0.0,0.0,0.0,0.0,0.0,0.0,0.0,0.0,0.0,0.0,0.0,0.0,0.0,0.047456624981100204,0.0,0.0,0.0,0.0,0.04082254612303447,0.0,0.045717852374192645,0.0,0.0,0.0,0.03093410167485774,0.0,0.0,0.0,0.0,0.0,0.0,0.0,0.0,0.0,0.0,0.0,0.0,0.0,0.0,0.0,0.0,0.0,0.0,0.0,0.032606232239071116,0.0,0.0,0.0,0.0,0.0,0.0,0.0,0.0,0.0,0.0,0.0,0.0,0.0,0.0,0.0,0.0,0.0,0.0,0.0,0.0,0.0,0.0,0.0,0.0,0.0,0.0,0.0,0.0,0.0,0.0,0.0,0.0,0.044808260968423684,0.054365282875376356,0.0,0.0,0.0,0.0,0.0,0.0,0.0,0.0,0.0,0.0,0.04649783137253053,0.0,0.0,0.0,0.0,0.0,0.0,0.05164156315062562,0.0,0.036541914093226255,0.05214619968334025,0.0,0.0,0.0,0.0,0.041589420866225385,0.0,0.47487216959799555
2022-03-03,0.0,0.0,0.0,0.0,0.0,0.0,0.0,0.0,0.0,0.0,0.0,0.0,0.0,0.0,0.0,0.0,0.0,0.04635861735453354,0.0,0.0,0.0,0.0,0.04178393223377338,0.0,0.045840133958846216,0.0,0.0,0.0,0.03085602408824311,0.0,0.0,0.0,0.0,0.0,0.0,0.0,0.0,0.0,0.0,0.0,0.0,0.0,0.0,0.0,0.0,0.0,0.0,0.0,0.032397595844890506,0.0,0.0,0.0,0.0,0.0,0.0,0.0,0.0,0.0,0.0,0.0,0.0,0.0,0.0,0.0,0.0,0.0,0.0,0.0,0.0,0.0,0.0,0.0,0.0,0.0,0.0,0.0,0.0,0.0,0.0,0.0,0.0,0.04386133560132607,0.05473696049450424,0.0,0.0,0.0,0.0,0.0,0.0,0.0,0.0,0.0,0.0,0.0484325550347039,0.0,0.0,0.0,0.0,0.0,0.0,0.05164415284491552,0.0,0.03608581994016871,0.05211525471929512,0.0,0.0,0.0,0.0,0.04278682243119195,0.0,0.4731007954536078
2022-03-04,0.0,0.0,0.0,0.0,0.0,0.0,0.0,0.0,0.0,0.0,0.0,0.0,0.0,0.0,0.0,0.0,0.0,0.04501768510803615,0.0,0.0,0.0,0.0,0.0411209935228909,0.0,0.04516393054096778,0.0,0.0,0.0,0.03148248990577755,0.0,0.0,0.0,0.0,0.0,0.0,0.0,0.0,0.0,0.0,0.0,0.0,0.0,0.0,0.0,0.0,0.0,0.0,0.0,0.03280630375137058,0.0,0.0,0.0,0.0,0.0,0.0,0.0,0.0,0.0,0.0,0.0,0.0,0.0,0.0,0.0,0.0,0.0,0.0,0.0,0.0,0.0,0.0,0.0,0.0,0.0,0.0,0.0,0.0,0.0,0.0,0.0,0.0,0.04230642363794524,0.05454751574337905,0.0,0.0,0.0,0.0,0.0,0.0,0.0,0.0,0.0,0.0,0.04944882987897762,0.0,0.0,0.0,0.0,0.0,0.0,0.05037350208902577,0.0,0.03608641544499905,0.05225472573271404,0.0,0.0,0.0,0.0,0.04338988434220303,0.0,0.47600130030171334
2022-03-07,0.0,0.0,0.0,0.0,0.0,0.0,0.0,0.0,0.0,0.0,0.0,0.0,0.0,0.0,0.0,0.0,0.0,0.04414428189988088,0.0,0.0,0.0,0.0,0.03986658682758269,0.0,0.04339500515297974,0.0,0.0,0.0,0.031008083865653003,0.0,0.0,0.0,0.0,0.0,0.0,0.0,0.0,0.0,0.0,0.0,0.0,0.0,0.0,0.0,0.0,0.0,0.0,0.0,0.032964184501982456,0.0,0.0,0.0,0.0,0.0,0.0,0.0,0.0,0.0,0.0,0.0,0.0,0.0,0.0,0.0,0.0,0.0,0.0,0.0,0.0,0.0,0.0,0.0,0.0,0.0,0.0,0.0,0.0,0.0,0.0,0.0,0.0,0.039740936497887784,0.05411936241427629,0.0,0.0,0.0,0.0,0.0,0.0,0.0,0.0,0.0,0.0,0.05291377398149045,0.0,0.0,0.0,0.0,0.0,0.0,0.048826222763295034,0.0,0.03425552646561014,0.05170069932646674,0.0,0.0,0.0,0.0,0.043463668245165905,0.0,0.48360166805772886
2022-03-08,0.0,0.0,0.0,0.0,0.0,0.0,0.0,0.0,0.0,0.0,0.0,0.0,0.0,0.0,0.0,0.0,0.0,0.04575195337866472,0.0,0.0,0.0,0.0,0.03890499016665599,0.0,0.044165662136480044,0.0,0.0,0.0,0.03123251441031027,0.0,0.0,0.0,0.0,0.0,0.0,0.0,0.0,0.0,0.0,0.0,0.0,0.0,0.0,0.0,0.0,0.0,0.0,0.0,0.0304676836197437,0.0,0.0,0.0,0.0,0.0,0.0,0.0,0.0,0.0,0.0,0.0,0.0,0.0,0.0,0.0,0.0,0.0,0.0,0.0,0.0,0.0,0.0,0.0,0.0,0.0,0.0,0.0,0.0,0.0,0.0,0.0,0.0,0.04042555568458194,0.054834016819767566,0.0,0.0,0.0,0.0,0.0,0.0,0.0,0.0,0.0,0.0,0.05155217104931063,0.0,0.0,0.0,0.0,0.0,0.0,0.04948853666911491,0.0,0.033908228937935846,0.051818919933500886,0.0,0.0,0.0,0.0,0.04410749864298046,0.0,0.4833422685509532
2022-03-09,0.0,0.0,0.0,0.0,0.0,0.0,0.0,0.0,0.0,0.0,0.0,0.0,0.0,0.0,0.0,0.0,0.0,0.04739691318444825,0.0,0.0,0.0,0.0,0.04000629841395767,0.0,0.04534136497142324,0.0,0.0,0.0,0.03193276463118142,0.0,0.0,0.0,0.0,0.0,0.0,0.0,0.0,0.0,0.0,0.0,0.0,0.0,0.0,0.0,0.0,0.0,0.0,0.0,0.03146709215967237,0.0,0.0,0.0,0.0,0.0,0.0,0.0,0.0,0.0,0.0,0.0,0.0,0.0,0.0,0.0,0.0,0.0,0.0,0.0,0.0,0.0,0.0,0.0,0.0,0.0,0.0,0.0,0.0,0.0,0.0,0.0,0.0,0.042000733366892105,0.05072243044970045,0.0,0.0,0.0,0.0,0.0,0.0,0.0,0.0,0.0,0.0,0.04894169311407466,0.0,0.0,0.0,0.0,0.0,0.0,0.051403751599661034,0.0,0.035057698283473826,0.05252067703256662,0.0,0.0,0.0,0.0,0.045129216479905164,0.0,0.47807936631304315
2022-03-10,0.0,0.0,0.0,0.0,0.0,0.0,0.0,0.0,0.0,0.0,0.0,0.0,0.0,0.0,0.0,0.0,0.0,0.046094216303075274,0.0,0.0,0.0,0.0,0.04071339330088661,0.0,0.044932300665448496,0.0,0.0,0.0,0.032139831101892564,0.0,0.0,0.0,0.0,0.0,0.0,0.0,0.0,0.0,0.0,0.0,0.0,0.0,0.0,0.0,0.0,0.0,0.0,0.0,0.032918151077712995,0.0,0.0,0.0,0.0,0.0,0.0,0.0,0.0,0.0,0.0,0.0,0.0,0.0,0.0,0.0,0.0,0.0,0.0,0.0,0.0,0.0,0.0,0.0,0.0,0.0,0.0,0.0,0.0,0.0,0.0,0.0,0.0,0.04196493132048985,0.050190011132757076,0.0,0.0,0.0,0.0,0.0,0.0,0.0,0.0,0.0,0.0,0.04940920443360609,0.0,0.0,0.0,0.0,0.0,0.0,0.05077763361188034,0.0,0.03379289439152261,0.05405674749491065,0.0,0.0,0.0,0.0,0.043894336069017485,0.0,0.4791163490968
2022-03-11,0.0,0.0,0.0,0.0,0.0,0.0,0.0,0.0,0.0,0.0,0.0,0.0,0.0,0.0,0.0,0.0,0.0,0.0456870953525177,0.0,0.0,0.0,0.0,0.0400620110535236,0.0,0.044579671991612654,0.0,0.0,0.0,0.032467601977928584,0.0,0.0,0.0,0.0,0.0,0.0,0.0,0.0,0.0,0.0,0.0,0.0,0.0,0.0,0.0,0.0,0.0,0.0,0.0,0.033201981548233096,0.0,0.0,0.0,0.0,0.0,0.0,0.0,0.0,0.0,0.0,0.0,0.0,0.0,0.0,0.0,0.0,0.0,0.0,0.0,0.0,0.0,0.0,0.0,0.0,0.0,0.0,0.0,0.0,0.0,0.0,0.0,0.0,0.039719483465171776,0.048838616339173344,0.0,0.0,0.0,0.0,0.0,0.0,0.0,0.0,0.0,0.0,0.05110648663886531,0.0,0.0,0.0,0.0,0.0,0.0,0.051121135521307065,0.0,0.032352500039112574,0.053609656126539264,0.0,0.0,0.0,0.0,0.0438122108061376,0.0,0.4834415491398773
2022-03-14,0.0,0.0,0.0,0.0,0.0,0.0,0.0,0.0,0.0,0.0,0.0,0.0,0.0,0.0,0.0,0.0,0.0,0.045544745827068356,0.0,0.0,0.0,0.0,0.03988105946462321,0.0,0.04517921378506678,0.0,0.0,0.0,0.03211057120153796,0.0,0.0,0.0,0.0,0.0,0.0,0.0,0.0,0.0,0.0,0.0,0.0,0.0,0.0,0.0,0.0,0.0,0.0,0.0,0.03308335654607251,0.0,0.0,0.0,0.0,0.0,0.0,0.0,0.0,0.0,0.0,0.0,0.0,0.0,0.0,0.0,0.0,0.0,0.0,0.0,0.0,0.0,0.0,0.0,0.0,0.0,0.0,0.0,0.0,0.0,0.0,0.0,0.0,0.03869027892179216,0.0465554016115777,0.0,0.0,0.0,0.0,0.0,0.0,0.0,0.0,0.0,0.0,0.05022750504266704,0.0,0.0,0.0,0.0,0.0,0.0,0.050747189891450446,0.0,0.03226337373880264,0.054638010777325365,0.0,0.0,0.0,0.0,0.04363660489104243,0.0,0.48744268830097337
2022-03-15,0.0,0.0,0.0,0.0,0.0,0.0,0.0,0.0,0.0,0.0,0.0,0.0,0.0,0.0,0.0,0.0,0.0,0.045717554735742814,0.0,0.0,0.0,0.0,0.0398828694968337,0.0,0.045192042463521404,0.0,0.0,0.0,0.03222222114397165,0.0,0.0,0.0,0.0,0.0,0.0,0.0,0.0,0.0,0.0,0.0,0.0,0.0,0.0,0.0,0.0,0.0,0.0,0.0,0.033040802137481146,0.0,0.0,0.0,0.0,0.0,0.0,0.0,0.0,0.0,0.0,0.0,0.0,0.0,0.0,0.0,0.0,0.0,0.0,0.0,0.0,0.0,0.0,0.0,0.0,0.0,0.0,0.0,0.0,0.0,0.0,0.0,0.0,0.03953393578012254,0.04679154217536853,0.0,0.0,0.0,0.0,0.0,0.0,0.0,0.0,0.0,0.0,0.049756195566883654,0.0,0.0,0.0,0.0,0.0,0.0,0.05085597291577558,0.0,0.03272368903360953,0.05484348517216903,0.0,0.0,0.0,0.0,0.04242844397241437,0.0,0.487011245406106
2022-03-16,0.0,0.0,0.0,0.0,0.0,0.0,0.0,0.0,0.0,0.0,0.0,0.0,0.0,0.0,0.0,0.0,0.0,0.04678524850495795,0.0,0.0,0.0,0.0,0.04015988082146461,0.0,0.044794228572510836,0.0,0.0,0.0,0.03211538723572003,0.0,0.0,0.0,0.0,0.0,0.0,0.0,0.0,0.0,0.0,0.0,0.0,0.0,0.0,0.0,0.0,0.0,0.0,0.0,0.03347837501315565,0.0,0.0,0.0,0.0,0.0,0.0,0.0,0.0,0.0,0.0,0.0,0.0,0.0,0.0,0.0,0.0,0.0,0.0,0.0,0.0,0.0,0.0,0.0,0.0,0.0,0.0,0.0,0.0,0.0,0.0,0.0,0.0,0.041321555315212644,0.045339362380179535,0.0,0.0,0.0,0.0,0.0,0.0,0.0,0.0,0.0,0.0,0.04805808098451494,0.0,0.0,0.0,0.0,0.0,0.0,0.05164081534425897,0.0,0.032251508003045326,0.05618950719549053,0.0,0.0,0.0,0.0,0.044568659702159466,0.0,0.4832973909273296
2022-03-17,0.0,0.0,0.0,0.0,0.0,0.0,0.0,0.0,0.0,0.0,0.0,0.0,0.0,0.0,0.0,0.0,0.0,0.04747512645931994,0.0,0.0,0.0,0.0,0.04007454321717832,0.0,0.04703930363722534,0.0,0.0,0.0,0.03245646850738413,0.0,0.0,0.0,0.0,0.0,0.0,0.0,0.0,0.0,0.0,0.0,0.0,0.0,0.0,0.0,0.0,0.0,0.0,0.0,0.0334495802347328,0.0,0.0,0.0,0.0,0.0,0.0,0.0,0.0,0.0,0.0,0.0,0.0,0.0,0.0,0.0,0.0,0.0,0.0,0.0,0.0,0.0,0.0,0.0,0.0,0.0,0.0,0.0,0.0,0.0,0.0,0.0,0.0,0.04101545735021304,0.04841646020362896,0.0,0.0,0.0,0.0,0.0,0.0,0.0,0.0,0.0,0.0,0.046485886824269705,0.0,0.0,0.0,0.0,0.0,0.0,0.05124833701736253,0.0,0.03308346375570742,0.05634426318464113,0.0,0.0,0.0,0.0,0.04554363470859325,0.0,0.4773674748997434
2022-03-18,0.0,0.0,0.0,0.0,0.0,0.0,0.0,0.0,0.0,0.0,0.0,0.0,0.0,0.0,0.0,0.0,0.0,0.047975079492627755,0.0,0.0,0.0,0.0,0.04033528105855582,0.0,0.04813789494869852,0.0,0.0,0.0,0.033333058291861103,0.0,0.0,0.0,0.0,0.0,0.0,0.0,0.0,0.0,0.0,0.0,0.0,0.0,0.0,0.0,0.0,0.0,0.0,0.0,0.03254077050350941,0.0,0.0,0.0,0.0,0.0,0.0,0.0,0.0,0.0,0.0,0.0,0.0,0.0,0.0,0.0,0.0,0.0,0.0,0.0,0.0,0.0,0.0,0.0,0.0,0.0,0.0,0.0,0.0,0.0,0.0,0.0,0.0,0.04127324416275423,0.04959981972765033,0.0,0.0,0.0,0.0,0.0,0.0,0.0,0.0,0.0,0.0,0.04609912849981274,0.0,0.0,0.0,0.0,0.0,0.0,0.05169458278730356,0.0,0.034304289178161605,0.05633000963980916,0.0,0.0,0.0,0.0,0.045367074754092955,0.0,0.47300976695516284
2022-03-21,0.0,0.0,0.0,0.0,0.0,0.0,0.0,0.0,0.0,0.0,0.0,0.0,0.0,0.0,0.0,0.0,0.0,0.046829269993957034,0.0,0.0,0.0,0.0,0.038911783556951345,0.0,0.049233868888100864,0.0,0.0,0.0,0.03347261193094558,0.0,0.0,0.0,0.0,0.0,0.0,0.0,0.0,0.0,0.0,0.0,0.0,0.0,0.0,0.0,0.0,0.0,0.0,0.0,0.031865785123873884,0.0,0.0,0.0,0.0,0.0,0.0,0.0,0.0,0.0,0.0,0.0,0.0,0.0,0.0,0.0,0.0,0.0,0.0,0.0,0.0,0.0,0.0,0.0,0.0,0.0,0.0,0.0,0.0,0.0,0.0,0.0,0.0,0.04149326430059854,0.0502327596175029,0.0,0.0,0.0,0.0,0.0,0.0,0.0,0.0,0.0,0.0,0.04706293168790929,0.0,0.0,0.0,0.0,0.0,0.0,0.05067984303344565,0.0,0.03467945177252727,0.05656619300175346,0.0,0.0,0.0,0.0,0.04447834107309498,0.0,0.47449389601933917
2022-03-22,0.0,0.0,0.0,0.0,0.0,0.0,0.0,0.0,0.0,0.0,0.0,0.0,0.0,0.0,0.0,0.0,0.0,0.047699284705919574,0.0,0.0,0.0,0.0,0.04003244772889767,0.0,0.048879703712092416,0.0,0.0,0.0,0.034071741041384614,0.0,0.0,0.0,0.0,0.0,0.0,0.0,0.0,0.0,0.0,0.0,0.0,0.0,0.0,0.0,0.0,0.0,0.0,0.0,0.031986634213905484,0.0,0.0,0.0,0.0,0.0,0.0,0.0,0.0,0.0,0.0,0.0,0.0,0.0,0.0,0.0,0.0,0.0,0.0,0.0,0.0,0.0,0.0,0.0,0.0,0.0,0.0,0.0,0.0,0.0,0.0,0.0,0.0,0.04317662972216066,0.05047313471660303,0.0,0.0,0.0,0.0,0.0,0.0,0.0,0.0,0.0,0.0,0.046756153060805994,0.0,0.0,0.0,0.0,0.0,0.0,0.05203352536457371,0.0,0.03547819768994057,0.05479957515100354,0.0,0.0,0.0,0.0,0.04464371466729159,0.0,0.4699692582254211
2022-03-23,0.0,0.0,0.0,0.0,0.0,0.0,0.0,0.0,0.0,0.0,0.0,0.0,0.0,0.0,0.0,0.0,0.0,0.048215450373626144,0.0,0.0,0.0,0.0,0.039726261686102694,0.0,0.049119237857050545,0.0,0.0,0.0,0.032704583195514926,0.0,0.0,0.0,0.0,0.0,0.0,0.0,0.0,0.0,0.0,0.0,0.0,0.0,0.0,0.0,0.0,0.0,0.0,0.0,0.032481242312555544,0.0,0.0,0.0,0.0,0.0,0.0,0.0,0.0,0.0,0.0,0.0,0.0,0.0,0.0,0.0,0.0,0.0,0.0,0.0,0.0,0.0,0.0,0.0,0.0,0.0,0.0,0.0,0.0,0.0,0.0,0.0,0.0,0.043057235763899485,0.051811734083947084,0.0,0.0,0.0,0.0,0.0,0.0,0.0,0.0,0.0,0.0,0.046798323058638236,0.0,0.0,0.0,0.0,0.0,0.0,0.05257337749369668,0.0,0.03555762978895275,0.054897257950016085,0.0,0.0,0.0,0.0,0.04418299690853117,0.0,0.46887466952746853
2022-03-24,0.0,0.0,0.0,0.0,0.0,0.0,0.0,0.0,0.0,0.0,0.0,0.0,0.0,0.0,0.0,0.0,0.0,0.04881234760375536,0.0,0.0,0.0,0.0,0.039327369221842774,0.0,0.050125011036573665,0.0,0.0,0.0,0.03315404925056057,0.0,0.0,0.0,0.0,0.0,0.0,0.0,0.0,0.0,0.0,0.0,0.0,0.0,0.0,0.0,0.0,0.0,0.0,0.0,0.03367491950862412,0.0,0.0,0.0,0.0,0.0,0.0,0.0,0.0,0.0,0.0,0.0,0.0,0.0,0.0,0.0,0.0,0.0,0.0,0.0,0.0,0.0,0.0,0.0,0.0,0.0,0.0,0.0,0.0,0.0,0.0,0.0,0.0,0.04573447808643953,0.04913110018404528,0.0,0.0,0.0,0.0,0.0,0.0,0.0,0.0,0.0,0.0,0.04607035549242284,0.0,0.0,0.0,0.0,0.0,0.0,0.052579036915450364,0.0,0.03714469340198781,0.05410202980854789,0.0,0.0,0.0,0.0,0.044379790590227584,0.0,0.4657648188995222
2022-03-25,0.0,0.0,0.0,0.0,0.0,0.0,0.0,0.0,0.0,0.0,0.0,0.0,0.0,0.0,0.0,0.0,0.0,0.04977678839447818,0.0,0.0,0.0,0.0,0.0385791846107539,0.0,0.050168223234142995,0.0,0.0,0.0,0.032806749736200555,0.0,0.0,0.0,0.0,0.0,0.0,0.0,0.0,0.0,0.0,0.0,0.0,0.0,0.0,0.0,0.0,0.0,0.0,0.0,0.033696913426347626,0.0,0.0,0.0,0.0,0.0,0.0,0.0,0.0,0.0,0.0,0.0,0.0,0.0,0.0,0.0,0.0,0.0,0.0,0.0,0.0,0.0,0.0,0.0,0.0,0.0,0.0,0.0,0.0,0.0,0.0,0.0,0.0,0.04630312098221543,0.04767696960795983,0.0,0.0,0.0,0.0,0.0,0.0,0.0,0.0,0.0,0.0,0.04445198271655041,0.0,0.0,0.0,0.0,0.0,0.0,0.05209038992613437,0.0,0.037631324883456545,0.054637417749422074,0.0,0.0,0.0,0.0,0.044232084147551656,0.0,0.46794885058478636
2022-03-28,0.0,0.0,0.0,0.0,0.0,0.0,0.0,0.0,0.0,0.0,0.0,0.0,0.0,0.0,0.0,0.0,0.0,0.04993990350879085,0.0,0.0,0.0,0.0,0.03861430255484948,0.0,0.050019856669640185,0.0,0.0,0.0,0.031887357588170406,0.0,0.0,0.0,0.0,0.0,0.0,0.0,0.0,0.0,0.0,0.0,0.0,0.0,0.0,0.0,0.0,0.0,0.0,0.0,0.03324762017435248,0.0,0.0,0.0,0.0,0.0,0.0,0.0,0.0,0.0,0.0,0.0,0.0,0.0,0.0,0.0,0.0,0.0,0.0,0.0,0.0,0.0,0.0,0.0,0.0,0.0,0.0,0.0,0.0,0.0,0.0,0.0,0.0,0.04660028674895227,0.04738372713009602,0.0,0.0,0.0,0.0,0.0,0.0,0.0,0.0,0.0,0.0,0.04458866797131117,0.0,0.0,0.0,0.0,0.0,0.0,0.05271491299309038,0.0,0.03688797887248589,0.05379127361586562,0.0,0.0,0.0,0.0,0.04533230009467661,0.0,0.46899181207771856
2022-03-29,0.0,0.0,0.0,0.0,0.0,0.0,0.0,0.0,0.0,0.0,0.0,0.0,0.0,0.0,0.0,0.0,0.0,0.049521245880159555,0.0,0.0,0.0,0.0,0.038480927242028444,0.0,0.05173719590296493,0.0,0.0,0.0,0.032217005035792556,0.0,0.0,0.0,0.0,0.0,0.0,0.0,0.0,0.0,0.0,0.0,0.0,0.0,0.0,0.0,0.0,0.0,0.0,0.0,0.03507768249437457,0.0,0.0,0.0,0.0,0.0,0.0,0.0,0.0,0.0,0.0,0.0,0.0,0.0,0.0,0.0,0.0,0.0,0.0,0.0,0.0,0.0,0.0,0.0,0.0,0.0,0.0,0.0,0.0,0.0,0.0,0.0,0.0,0.04933487682157461,0.04711893758158286,0.0,0.0,0.0,0.0,0.0,0.0,0.0,0.0,0.0,0.0,0.044458529516781066,0.0,0.0,0.0,0.0,0.0,0.0,0.05412460903515726,0.0,0.036826358456364824,0.053239994466516595,0.0,0.0,0.0,0.0,0.045169588172218264,0.0,0.4626930493944845
2022-03-30,0.0,0.0,0.0,0.0,0.0,0.0,0.0,0.0,0.0,0.0,0.0,0.0,0.0,0.0,0.0,0.0,0.0,0.04805315304674834,0.0,0.0,0.0,0.0,0.03817018506318002,0.0,0.052206768963598375,0.0,0.0,0.0,0.032609179632785104,0.0,0.0,0.0,0.0,0.0,0.0,0.0,0.0,0.0,0.0,0.0,0.0,0.0,0.0,0.0,0.0,0.0,0.0,0.0,0.03501090235256465,0.0,0.0,0.0,0.0,0.0,0.0,0.0,0.0,0.0,0.0,0.0,0.0,0.0,0.0,0.0,0.0,0.0,0.0,0.0,0.0,0.0,0.0,0.0,0.0,0.0,0.0,0.0,0.0,0.0,0.0,0.0,0.0,0.04865765337503125,0.046829346774262724,0.0,0.0,0.0,0.0,0.0,0.0,0.0,0.0,0.0,0.0,0.045893718785240206,0.0,0.0,0.0,0.0,0.0,0.0,0.05470403370706058,0.0,0.036358727372643694,0.05307640637331894,0.0,0.0,0.0,0.0,0.045444519936081444,0.0,0.4629854046174848
2022-03-31,0.0,0.0,0.0,0.0,0.0,0.0,0.0,0.0,0.0,0.0,0.0,0.0,0.0,0.0,0.0,0.0,0.0,0.04755637825089095,0.0,0.0,0.0,0.0,0.03713772145293568,0.0,0.053819183574244985,0.0,0.0,0.0,0.032837011826630826,0.0,0.0,0.0,0.0,0.0,0.0,0.0,0.0,0.0,0.0,0.0,0.0,0.0,0.0,0.0,0.0,0.0,0.0,0.0,0.035097244946870436,0.0,0.0,0.0,0.0,0.0,0.0,0.0,0.0,0.0,0.0,0.0,0.0,0.0,0.0,0.0,0.0,0.0,0.0,0.0,0.0,0.0,0.0,0.0,0.0,0.0,0.0,0.0,0.0,0.0,0.0,0.0,0.0,0.048920939981100905,0.04450528141892047,0.0,0.0,0.0,0.0,0.0,0.0,0.0,0.0,0.0,0.0,0.046788100737440386,0.0,0.0,0.0,0.0,0.0,0.0,0.054522426266279234,0.0,0.0353967783228184,0.053286485155919494,0.0,0.0,0.0,0.0,0.04645197901263911,0.0,0.463680469053309
2022-04-01,0.0,0.0,0.0,0.0,0.0,0.0,0.0,0.0,0.0,0.0,0.0,0.0,0.0,0.0,0.0,0.0,0.0,0.048317530044497826,0.0,0.0,0.0,0.0,0.03697944248915523,0.0,0.053680025400250755,0.0,0.0,0.0,0.03300722438092694,0.0,0.0,0.0,0.0,0.0,0.0,0.0,0.0,0.0,0.0,0.0,0.0,0.0,0.0,0.0,0.0,0.0,0.0,0.0,0.03547897763444459,0.0,0.0,0.0,0.0,0.0,0.0,0.0,0.0,0.0,0.0,0.0,0.0,0.0,0.0,0.0,0.0,0.0,0.0,0.0,0.0,0.0,0.0,0.0,0.0,0.0,0.0,0.0,0.0,0.0,0.0,0.0,0.0,0.04918070254296178,0.0454785661810024,0.0,0.0,0.0,0.0,0.0,0.0,0.0,0.0,0.0,0.0,0.04702512432458244,0.0,0.0,0.0,0.0,0.0,0.0,0.054778240216672235,0.0,0.036359467415407805,0.05202404578394492,0.0,0.0,0.0,0.0,0.04682478597094231,0.0,0.46086586761521087
2022-04-04,0.0,0.0,0.0,0.0,0.0,0.0,0.0,0.0,0.0,0.0,0.0,0.0,0.0,0.0,0.0,0.0,0.0,0.047965764112452944,0.0,0.0,0.0,0.0,0.03717496677517663,0.0,0.05347718387510783,0.0,0.0,0.0,0.032404361648928286,0.0,0.0,0.0,0.0,0.0,0.0,0.0,0.0,0.0,0.0,0.0,0.0,0.0,0.0,0.0,0.0,0.0,0.0,0.0,0.03508986350903556,0.0,0.0,0.0,0.0,0.0,0.0,0.0,0.0,0.0,0.0,0.0,0.0,0.0,0.0,0.0,0.0,0.0,0.0,0.0,0.0,0.0,0.0,0.0,0.0,0.0,0.0,0.0,0.0,0.0,0.0,0.0,0.0,0.050443763171527614,0.04533339926417358,0.0,0.0,0.0,0.0,0.0,0.0,0.0,0.0,0.0,0.0,0.046629426533772715,0.0,0.0,0.0,0.0,0.0,0.0,0.055954175360797,0.0,0.035789275717194736,0.05124245174918576,0.0,0.0,0.0,0.0,0.046446961663725736,0.0,0.4620484066189215
2022-04-05,0.0,0.0,0.0,0.0,0.0,0.0,0.0,0.0,0.0,0.0,0.0,0.0,0.0,0.0,0.0,0.0,0.0,0.046480184290834156,0.0,0.0,0.0,0.0,0.036264353416804354,0.0,0.0536278840572581,0.0,0.0,0.0,0.032398484035800174,0.0,0.0,0.0,0.0,0.0,0.0,0.0,0.0,0.0,0.0,0.0,0.0,0.0,0.0,0.0,0.0,0.0,0.0,0.0,0.03500393162907002,0.0,0.0,0.0,0.0,0.0,0.0,0.0,0.0,0.0,0.0,0.0,0.0,0.0,0.0,0.0,0.0,0.0,0.0,0.0,0.0,0.0,0.0,0.0,0.0,0.0,0.0,0.0,0.0,0.0,0.0,0.0,0.0,0.04828480931083541,0.045150311523386444,0.0,0.0,0.0,0.0,0.0,0.0,0.0,0.0,0.0,0.0,0.046624526113804014,0.0,0.0,0.0,0.0,0.0,0.0,0.05570894833135445,0.0,0.03557656848212095,0.052228283636713405,0.0,0.0,0.0,0.0,0.04633382996605461,0.0,0.4663178852059639
2022-04-06,0.0,0.0,0.0,0.0,0.0,0.0,0.0,0.0,0.0,0.0,0.0,0.0,0.0,0.0,0.0,0.0,0.0,0.04636102664917077,0.0,0.0,0.0,0.0,0.036045035261554614,0.0,0.05437384169341227,0.0,0.0,0.0,0.03270906579763403,0.0,0.0,0.0,0.0,0.0,0.0,0.0,0.0,0.0,0.0,0.0,0.0,0.0,0.0,0.0,0.0,0.0,0.0,0.0,0.03327240621770471,0.0,0.0,0.0,0.0,0.0,0.0,0.0,0.0,0.0,0.0,0.0,0.0,0.0,0.0,0.0,0.0,0.0,0.0,0.0,0.0,0.0,0.0,0.0,0.0,0.0,0.0,0.0,0.0,0.0,0.0,0.0,0.0,0.04705159399369958,0.04450221233925485,0.0,0.0,0.0,0.0,0.0,0.0,0.0,0.0,0.0,0.0,0.046712501218902684,0.0,0.0,0.0,0.0,0.0,0.0,0.054681185921287366,0.0,0.03520343755740132,0.0532653184252991,0.0,0.0,0.0,0.0,0.04623434230268757,0.0,0.46958803262199106
2022-04-07,0.0,0.0,0.0,0.0,0.0,0.0,0.0,0.0,0.0,0.0,0.0,0.0,0.0,0.0,0.0,0.0,0.0,0.047403217708140793,0.0,0.0,0.0,0.0,0.03860552969826132,0.0,0.05416037493093475,0.0,0.0,0.0,0.03265526414621998,0.0,0.0,0.0,0.0,0.0,0.0,0.0,0.0,0.0,0.0,0.0,0.0,0.0,0.0,0.0,0.0,0.0,0.0,0.0,0.03185018934836596,0.0,0.0,0.0,0.0,0.0,0.0,0.0,0.0,0.0,0.0,0.0,0.0,0.0,0.0,0.0,0.0,0.0,0.0,0.0,0.0,0.0,0.0,0.0,0.0,0.0,0.0,0.0,0.0,0.0,0.0,0.0,0.0,0.04738255763912309,0.04458096584763049,0.0,0.0,0.0,0.0,0.0,0.0,0.0,0.0,0.0,0.0,0.04498721968391372,0.0,0.0,0.0,0.0,0.0,0.0,0.054178169114416995,0.0,0.034592346461689544,0.05316584747193424,0.0,0.0,0.0,0.0,0.04601329649511011,0.0,0.4704250214542589
2022-04-08,0.0,0.0,0.0,0.0,0.0,0.0,0.0,0.0,0.0,0.0,0.0,0.0,0.0,0.0,0.0,0.0,0.0,0.04753254034181923,0.0,0.0,0.0,0.0,0.037635423111795685,0.0,0.054666172529769456,0.0,0.0,0.0,0.032759215882643286,0.0,0.0,0.0,0.0,0.0,0.0,0.0,0.0,0.0,0.0,0.0,0.0,0.0,0.0,0.0,0.0,0.0,0.0,0.0,0.028851992994322753,0.0,0.0,0.0,0.0,0.0,0.0,0.0,0.0,0.0,0.0,0.0,0.0,0.0,0.0,0.0,0.0,0.0,0.0,0.0,0.0,0.0,0.0,0.0,0.0,0.0,0.0,0.0,0.0,0.0,0.0,0.0,0.0,0.0469591641199369,0.04482795354957715,0.0,0.0,0.0,0.0,0.0,0.0,0.0,0.0,0.0,0.0,0.04606765309012224,0.0,0.0,0.0,0.0,0.0,0.0,0.05446260413728309,0.0,0.03493259028582227,0.052211842417997555,0.0,0.0,0.0,0.0,0.046256067325619155,0.0,0.4728367802132912
2022-04-11,0.0,0.0,0.0,0.0,0.0,0.0,0.0,0.0,0.0,0.0,0.0,0.0,0.0,0.0,0.0,0.0,0.0,0.04711531558796696,0.0,0.0,0.0,0.0,0.03851832569822904,0.0,0.05459059364323916,0.0,0.0,0.0,0.0326128813414136,0.0,0.0,0.0,0.0,0.0,0.0,0.0,0.0,0.0,0.0,0.0,0.0,0.0,0.0,0.0,0.0,0.0,0.0,0.0,0.02810553251450964,0.0,0.0,0.0,0.0,0.0,0.0,0.0,0.0,0.0,0.0,0.0,0.0,0.0,0.0,0.0,0.0,0.0,0.0,0.0,0.0,0.0,0.0,0.0,0.0,0.0,0.0,0.0,0.0,0.0,0.0,0.0,0.0,0.046633376786488843,0.044593543663649975,0.0,0.0,0.0,0.0,0.0,0.0,0.0,0.0,0.0,0.0,0.04677733081563735,0.0,0.0,0.0,0.0,0.0,0.0,0.05428272213245951,0.0,0.03501553766262699,0.05224635125437094,0.0,0.0,0.0,0.0,0.04430331711569399,0.0,0.47520517178371396
2022-04-12,0.0,0.0,0.0,0.0,0.0,0.0,0.0,0.0,0.0,0.0,0.0,0.0,0.0,0.0,0.0,0.0,0.0,0.046410356355997995,0.0,0.0,0.0,0.0,0.037951835309662264,0.0,0.05395185742798373,0.0,0.0,0.0,0.032262489447616345,0.0,0.0,0.0,0.0,0.0,0.0,0.0,0.0,0.0,0.0,0.0,0.0,0.0,0.0,0.0,0.0,0.0,0.0,0.0,0.027356844443694912,0.0,0.0,0.0,0.0,0.0,0.0,0.0,0.0,0.0,0.0,0.0,0.0,0.0,0.0,0.0,0.0,0.0,0.0,0.0,0.0,0.0,0.0,0.0,0.0,0.0,0.0,0.0,0.0,0.0,0.0,0.0,0.0,0.04573946471037148,0.04548951525379718,0.0,0.0,0.0,0.0,0.0,0.0,0.0,0.0,0.0,0.0,0.04632625024055566,0.0,0.0,0.0,0.0,0.0,0.0,0.05497826243335903,0.0,0.0362453506269068,0.05230401393228931,0.0,0.0,0.0,0.0,0.04418659535493786,0.0,0.4767971644628274
2022-04-13,0.0,0.0,0.0,0.0,0.0,0.0,0.0,0.0,0.0,0.0,0.0,0.0,0.0,0.0,0.0,0.0,0.0,0.04710950684507343,0.0,0.0,0.0,0.0,0.037538699732263286,0.0,0.05536903347334695,0.0,0.0,0.0,0.03225823006989086,0.0,0.0,0.0,0.0,0.0,0.0,0.0,0.0,0.0,0.0,0.0,0.0,0.0,0.0,0.0,0.0,0.0,0.0,0.0,0.0275446166335609,0.0,0.0,0.0,0.0,0.0,0.0,0.0,0.0,0.0,0.0,0.0,0.0,0.0,0.0,0.0,0.0,0.0,0.0,0.0,0.0,0.0,0.0,0.0,0.0,0.0,0.0,0.0,0.0,0.0,0.0,0.0,0.0,0.046191985929180654,0.046258664077407266,0.0,0.0,0.0,0.0,0.0,0.0,0.0,0.0,0.0,0.0,0.04560461490426811,0.0,0.0,0.0,0.0,0.0,0.0,0.05558884664242511,0.0,0.0374145372152631,0.05170643346206723,0.0,0.0,0.0,0.0,0.0441018758993655,0.0,0.4733129551158876
2022-04-14,0.0,0.0,0.0,0.0,0.0,0.0,0.0,0.0,0.0,0.0,0.0,0.0,0.0,0.0,0.0,0.0,0.0,0.04658057260765545,0.0,0.0,0.0,0.0,0.03716722281907967,0.0,0.0555879623028809,0.0,0.0,0.0,0.03277891140694842,0.0,0.0,0.0,0.0,0.0,0.0,0.0,0.0,0.0,0.0,0.0,0.0,0.0,0.0,0.0,0.0,0.0,0.0,0.0,0.02887603558007582,0.0,0.0,0.0,0.0,0.0,0.0,0.0,0.0,0.0,0.0,0.0,0.0,0.0,0.0,0.0,0.0,0.0,0.0,0.0,0.0,0.0,0.0,0.0,0.0,0.0,0.0,0.0,0.0,0.0,0.0,0.0,0.0,0.04551975450872423,0.04729495858701643,0.0,0.0,0.0,0.0,0.0,0.0,0.0,0.0,0.0,0.0,0.04594042062075555,0.0,0.0,0.0,0.0,0.0,0.0,0.05330203885221998,0.0,0.03818041507215374,0.051821562719331186,0.0,0.0,0.0,0.0,0.04371029120236896,0.0,0.4732398537207897
2022-04-18,0.0,0.0,0.0,0.0,0.0,0.0,0.0,0.0,0.0,0.0,0.0,0.0,0.0,0.0,0.0,0.0,0.0,0.04685211689195401,0.0,0.0,0.0,0.0,0.037349190797272766,0.0,0.05601127997237789,0.0,0.0,0.0,0.03292132628571501,0.0,0.0,0.0,0.0,0.0,0.0,0.0,0.0,0.0,0.0,0.0,0.0,0.0,0.0,0.0,0.0,0.0,0.0,0.0,0.027299723400998427,0.0,0.0,0.0,0.0,0.0,0.0,0.0,0.0,0.0,0.0,0.0,0.0,0.0,0.0,0.0,0.0,0.0,0.0,0.0,0.0,0.0,0.0,0.0,0.0,0.0,0.0,0.0,0.0,0.0,0.0,0.0,0.0,0.04653407574001246,0.04717412203147381,0.0,0.0,0.0,0.0,0.0,0.0,0.0,0.0,0.0,0.0,0.047651953838829454,0.0,0.0,0.0,0.0,0.0,0.0,0.05195430294331579,0.0,0.037844440098384044,0.051840022312897784,0.0,0.0,0.0,0.0,0.043189598383838464,0.0,0.47337784730293014
2022-04-19,0.0,0.0,0.0,0.0,0.0,0.0,0.0,0.0,0.0,0.0,0.0,0.0,0.0,0.0,0.0,0.0,0.0,0.048052137978290194,0.0,0.0,0.0,0.0,0.037287497887595715,0.0,0.05271275143622553,0.0,0.0,0.0,0.03261024114266429,0.0,0.0,0.0,0.0,0.0,0.0,0.0,0.0,0.0,0.0,0.0,0.0,0.0,0.0,0.0,0.0,0.0,0.0,0.0,0.02617168974486501,0.0,0.0,0.0,0.0,0.0,0.0,0.0,0.0,0.0,0.0,0.0,0.0,0.0,0.0,0.0,0.0,0.0,0.0,0.0,0.0,0.0,0.0,0.0,0.0,0.0,0.0,0.0,0.0,0.0,0.0,0.0,0.0,0.04699360477545707,0.046808296868973545,0.0,0.0,0.0,0.0,0.0,0.0,0.0,0.0,0.0,0.0,0.0477420322972321,0.0,0.0,0.0,0.0,0.0,0.0,0.05480410830224882,0.0,0.036910548802008815,0.05412773673482802,0.0,0.0,0.0,0.0,0.042436969723111485,0.0,0.47334238430649933
2022-04-20,0.0,0.0,0.0,0.0,0.0,0.0,0.0,0.0,0.0,0.0,0.0,0.0,0.0,0.0,0.0,0.0,0.0,0.04843749397269567,0.0,0.0,0.0,0.0,0.0364708569829667,0.0,0.052661753808947255,0.0,0.0,0.0,0.03288510908669648,0.0,0.0,0.0,0.0,0.0,0.0,0.0,0.0,0.0,0.0,0.0,0.0,0.0,0.0,0.0,0.0,0.0,0.0,0.0,0.027290581349092985,0.0,0.0,0.0,0.0,0.0,0.0,0.0,0.0,0.0,0.0,0.0,0.0,0.0,0.0,0.0,0.0,0.0,0.0,0.0,0.0,0.0,0.0,0.0,0.0,0.0,0.0,0.0,0.0,0.0,0.0,0.0,0.0,0.047665336514941106,0.04853666845388756,0.0,0.0,0.0,0.0,0.0,0.0,0.0,0.0,0.0,0.0,0.048147076650892996,0.0,0.0,0.0,0.0,0.0,0.0,0.05349839926443884,0.0,0.03652244360816179,0.05442947002824573,0.0,0.0,0.0,0.0,0.04229053576947465,0.0,0.4711642745095581
2022-04-22,0.0,0.0,0.0,0.0,0.0,0.0,0.0,0.0,0.0,0.0,0.0,0.0,0.0,0.0,0.0,0.0,0.0,0.04733241139218742,0.0,0.0,0.0,0.0,0.03586147834032163,0.0,0.05282135608724048,0.0,0.0,0.0,0.03252040596921494,0.0,0.0,0.0,0.0,0.0,0.0,0.0,0.0,0.0,0.0,0.0,0.0,0.0,0.0,0.0,0.0,0.0,0.0,0.0,0.027282517081068502,0.0,0.0,0.0,0.0,0.0,0.0,0.0,0.0,0.0,0.0,0.0,0.0,0.0,0.0,0.0,0.0,0.0,0.0,0.0,0.0,0.0,0.0,0.0,0.0,0.0,0.0,0.0,0.0,0.0,0.0,0.0,0.0,0.04694935730734244,0.0466896707059374,0.0,0.0,0.0,0.0,0.0,0.0,0.0,0.0,0.0,0.0,0.047990370345376926,0.0,0.0,0.0,0.0,0.0,0.0,0.053232131313884934,0.0,0.036219878104612135,0.05451070124934286,0.0,0.0,0.0,0.0,0.04255912274169206,0.0,0.4760305993617782
2022-04-25,0.0,0.0,0.0,0.0,0.0,0.0,0.0,0.0,0.0,0.0,0.0,0.0,0.0,0.0,0.0,0.0,0.0,0.04655424270296016,0.0,0.0,0.0,0.0,0.036532334420804266,0.0,0.054040114307554316,0.0,0.0,0.0,0.03307732046737969,0.0,0.0,0.0,0.0,0.0,0.0,0.0,0.0,0.0,0.0,0.0,0.0,0.0,0.0,0.0,0.0,0.0,0.0,0.0,0.027811401142490564,0.0,0.0,0.0,0.0,0.0,0.0,0.0,0.0,0.0,0.0,0.0,0.0,0.0,0.0,0.0,0.0,0.0,0.0,0.0,0.0,0.0,0.0,0.0,0.0,0.0,0.0,0.0,0.0,0.0,0.0,0.0,0.0,0.04722887961481017,0.04685122699379234,0.0,0.0,0.0,0.0,0.0,0.0,0.0,0.0,0.0,0.0,0.04742242353277591,0.0,0.0,0.0,0.0,0.0,0.0,0.052666792053419086,0.0,0.0357930161401441,0.05620124395638457,0.0,0.0,0.0,0.0,0.04219080882551169,0.0,0.4736301958419731
2022-04-26,0.0,0.0,0.0,0.0,0.0,0.0,0.0,0.0,0.0,0.0,0.0,0.0,0.0,0.0,0.0,0.0,0.0,0.044542657215285046,0.0,0.0,0.0,0.0,0.03613727239827748,0.0,0.05463927194878341,0.0,0.0,0.0,0.032987636780674734,0.0,0.0,0.0,0.0,0.0,0.0,0.0,0.0,0.0,0.0,0.0,0.0,0.0,0.0,0.0,0.0,0.0,0.0,0.0,0.028102593596388687,0.0,0.0,0.0,0.0,0.0,0.0,0.0,0.0,0.0,0.0,0.0,0.0,0.0,0.0,0.0,0.0,0.0,0.0,0.0,0.0,0.0,0.0,0.0,0.0,0.0,0.0,0.0,0.0,0.0,0.0,0.0,0.0,0.04526875984534521,0.04837983088861359,0.0,0.0,0.0,0.0,0.0,0.0,0.0,0.0,0.0,0.0,0.05116178314040626,0.0,0.0,0.0,0.0,0.0,0.0,0.04962601161478198,0.0,0.0340235001646581,0.056784456430276416,0.0,0.0,0.0,0.0,0.040841717802053,0.0,0.4775045081744561
2022-04-27,0.0,0.0,0.0,0.0,0.0,0.0,0.0,0.0,0.0,0.0,0.0,0.0,0.0,0.0,0.0,0.0,0.0,0.044216470604722516,0.0,0.0,0.0,0.0,0.03631280744887932,0.0,0.0552321457773554,0.0,0.0,0.0,0.033103090563831455,0.0,0.0,0.0,0.0,0.0,0.0,0.0,0.0,0.0,0.0,0.0,0.0,0.0,0.0,0.0,0.0,0.0,0.0,0.0,0.028687922966532643,0.0,0.0,0.0,0.0,0.0,0.0,0.0,0.0,0.0,0.0,0.0,0.0,0.0,0.0,0.0,0.0,0.0,0.0,0.0,0.0,0.0,0.0,0.0,0.0,0.0,0.0,0.0,0.0,0.0,0.0,0.0,0.0,0.043774461212497943,0.04857720481985639,0.0,0.0,0.0,0.0,0.0,0.0,0.0,0.0,0.0,0.0,0.052020195131218305,0.0,0.0,0.0,0.0,0.0,0.0,0.04958766326523798,0.0,0.03419498843591284,0.05708721655988842,0.0,0.0,0.0,0.0,0.04279190274661964,0.0,0.47441393046744706
2022-04-28,0.0,0.0,0.0,0.0,0.0,0.0,0.0,0.0,0.0,0.0,0.0,0.0,0.0,0.0,0.0,0.0,0.0,0.044612054003229124,0.0,0.0,0.0,0.0,0.03597664574134553,0.0,0.05494909146626706,0.0,0.0,0.0,0.03334005383060168,0.0,0.0,0.0,0.0,0.0,0.0,0.0,0.0,0.0,0.0,0.0,0.0,0.0,0.0,0.0,0.0,0.0,0.0,0.0,0.028747091992844906,0.0,0.0,0.0,0.0,0.0,0.0,0.0,0.0,0.0,0.0,0.0,0.0,0.0,0.0,0.0,0.0,0.0,0.0,0.0,0.0,0.0,0.0,0.0,0.0,0.0,0.0,0.0,0.0,0.0,0.0,0.0,0.0,0.0433140511361141,0.04972842399840384,0.0,0.0,0.0,0.0,0.0,0.0,0.0,0.0,0.0,0.0,0.0522733044871903,0.0,0.0,0.0,0.0,0.0,0.0,0.050264465216341966,0.0,0.03487132356665773,0.05682941986111236,0.0,0.0,0.0,0.0,0.0419815621731725,0.0,0.47311251252671893
2022-04-29,0.0,0.0,0.0,0.0,0.0,0.0,0.0,0.0,0.0,0.0,0.0,0.0,0.0,0.0,0.0,0.0,0.0,0.0433445410201345,0.0,0.0,0.0,0.0,0.03605377497129751,0.0,0.05335570295760322,0.0,0.0,0.0,0.032362726870539066,0.0,0.0,0.0,0.0,0.0,0.0,0.0,0.0,0.0,0.0,0.0,0.0,0.0,0.0,0.0,0.0,0.0,0.0,0.0,0.028145003445841806,0.0,0.0,0.0,0.0,0.0,0.0,0.0,0.0,0.0,0.0,0.0,0.0,0.0,0.0,0.0,0.0,0.0,0.0,0.0,0.0,0.0,0.0,0.0,0.0,0.0,0.0,0.0,0.0,0.0,0.0,0.0,0.0,0.042456765562061176,0.05129868217322084,0.0,0.0,0.0,0.0,0.0,0.0,0.0,0.0,0.0,0.0,0.051095956184134914,0.0,0.0,0.0,0.0,0.0,0.0,0.04924904473743254,0.0,0.033606683419195024,0.057230801173833654,0.0,0.0,0.0,0.0,0.04121559989154853,0.0,0.48058471759315724
2022-05-02,0.0,0.0,0.0,0.0,0.0,0.0,0.0,0.0,0.0,0.0,0.0,0.0,0.0,0.0,0.0,0.0,0.0,0.04338826571352529,0.0,0.0,0.0,0.0,0.03694064956595918,0.0,0.053846640153739626,0.0,0.0,0.0,0.031772725891713455,0.0,0.0,0.0,0.0,0.0,0.0,0.0,0.0,0.0,0.0,0.0,0.0,0.0,0.0,0.0,0.0,0.0,0.0,0.0,0.027930755327501885,0.0,0.0,0.0,0.0,0.0,0.0,0.0,0.0,0.0,0.0,0.0,0.0,0.0,0.0,0.0,0.0,0.0,0.0,0.0,0.0,0.0,0.0,0.0,0.0,0.0,0.0,0.0,0.0,0.0,0.0,0.0,0.0,0.04484671072584722,0.04839036746723179,0.0,0.0,0.0,0.0,0.0,0.0,0.0,0.0,0.0,0.0,0.051804317604052956,0.0,0.0,0.0,0.0,0.0,0.0,0.04893441467629638,0.0,0.032393412690553784,0.058578902997265606,0.0,0.0,0.0,0.0,0.03968438165250477,0.0,0.4814884555338081
2022-05-03,0.0,0.0,0.0,0.0,0.0,0.0,0.0,0.0,0.0,0.0,0.0,0.0,0.0,0.0,0.0,0.0,0.0,0.042548279960544104,0.0,0.0,0.0,0.0,0.03718977275464768,0.0,0.05198110009695672,0.0,0.0,0.0,0.03128107948076514,0.0,0.0,0.0,0.0,0.0,0.0,0.0,0.0,0.0,0.0,0.0,0.0,0.0,0.0,0.0,0.0,0.0,0.0,0.0,0.027947820462336223,0.0,0.0,0.0,0.0,0.0,0.0,0.0,0.0,0.0,0.0,0.0,0.0,0.0,0.0,0.0,0.0,0.0,0.0,0.0,0.0,0.0,0.0,0.0,0.0,0.0,0.0,0.0,0.0,0.0,0.0,0.0,0.0,0.044535105752543484,0.04968375975543277,0.0,0.0,0.0,0.0,0.0,0.0,0.0,0.0,0.0,0.0,0.05525412607106197,0.0,0.0,0.0,0.0,0.0,0.0,0.04824109115161496,0.0,0.03181732716770293,0.05902075382385487,0.0,0.0,0.0,0.0,0.038945873694356,0.0,0.4815539098281831
2022-05-04,0.0,0.0,0.0,0.0,0.0,0.0,0.0,0.0,0.0,0.0,0.0,0.0,0.0,0.0,0.0,0.0,0.0,0.04279339972827129,0.0,0.0,0.0,0.0,0.03694637069936647,0.0,0.05235690206649757,0.0,0.0,0.0,0.031153877769380407,0.0,0.0,0.0,0.0,0.0,0.0,0.0,0.0,0.0,0.0,0.0,0.0,0.0,0.0,0.0,0.0,0.0,0.0,0.0,0.028199232738797417,0.0,0.0,0.0,0.0,0.0,0.0,0.0,0.0,0.0,0.0,0.0,0.0,0.0,0.0,0.0,0.0,0.0,0.0,0.0,0.0,0.0,0.0,0.0,0.0,0.0,0.0,0.0,0.0,0.0,0.0,0.0,0.0,0.045408643320659824,0.0519990739775214,0.0,0.0,0.0,0.0,0.0,0.0,0.0,0.0,0.0,0.0,0.05402364163112136,0.0,0.0,0.0,0.0,0.0,0.0,0.049091051994881243,0.0,0.03277099481043951,0.05947296291334317,0.0,0.0,0.0,0.0,0.03924231903082084,0.0,0.4765415293188996
2022-05-05,0.0,0.0,0.0,0.0,0.0,0.0,0.0,0.0,0.0,0.0,0.0,0.0,0.0,0.0,0.0,0.0,0.0,0.04193805803459676,0.0,0.0,0.0,0.0,0.03631399083058389,0.0,0.05163326531448133,0.0,0.0,0.0,0.03166532756013038,0.0,0.0,0.0,0.0,0.0,0.0,0.0,0.0,0.0,0.0,0.0,0.0,0.0,0.0,0.0,0.0,0.0,0.0,0.0,0.027500627283899855,0.0,0.0,0.0,0.0,0.0,0.0,0.0,0.0,0.0,0.0,0.0,0.0,0.0,0.0,0.0,0.0,0.0,0.0,0.0,0.0,0.0,0.0,0.0,0.0,0.0,0.0,0.0,0.0,0.0,0.0,0.0,0.0,0.04396598122946017,0.051519553536297724,0.0,0.0,0.0,0.0,0.0,0.0,0.0,0.0,0.0,0.0,0.0541779544394714,0.0,0.0,0.0,0.0,0.0,0.0,0.04449731861512971,0.0,0.03248778063826172,0.05910838104309778,0.0,0.0,0.0,0.0,0.038943985300183885,0.0,0.4862477761744053
2022-05-06,0.0,0.0,0.0,0.0,0.0,0.0,0.0,0.0,0.0,0.0,0.0,0.0,0.0,0.0,0.0,0.0,0.0,0.04189432081070169,0.0,0.0,0.0,0.0,0.03608330465279227,0.0,0.05179231296424489,0.0,0.0,0.0,0.03167746347924244,0.0,0.0,0.0,0.0,0.0,0.0,0.0,0.0,0.0,0.0,0.0,0.0,0.0,0.0,0.0,0.0,0.0,0.0,0.0,0.026710619572075166,0.0,0.0,0.0,0.0,0.0,0.0,0.0,0.0,0.0,0.0,0.0,0.0,0.0,0.0,0.0,0.0,0.0,0.0,0.0,0.0,0.0,0.0,0.0,0.0,0.0,0.0,0.0,0.0,0.0,0.0,0.0,0.0,0.043268999870810516,0.05188494361966244,0.0,0.0,0.0,0.0,0.0,0.0,0.0,0.0,0.0,0.0,0.05453105929651171,0.0,0.0,0.0,0.0,0.0,0.0,0.04277817641474618,0.0,0.03196763143261826,0.058674050334392186,0.0,0.0,0.0,0.0,0.03788484257850455,0.0,0.4908522749736976
2022-05-09,0.0,0.0,0.0,0.0,0.0,0.0,0.0,0.0,0.0,0.0,0.0,0.0,0.0,0.0,0.0,0.0,0.0,0.043881864061628174,0.0,0.0,0.0,0.0,0.03739353716658421,0.0,0.0531321464727331,0.0,0.0,0.0,0.03191481748753908,0.0,0.0,0.0,0.0,0.0,0.0,0.0,0.0,0.0,0.0,0.0,0.0,0.0,0.0,0.0,0.0,0.0,0.0,0.0,0.026269630150927845,0.0,0.0,0.0,0.0,0.0,0.0,0.0,0.0,0.0,0.0,0.0,0.0,0.0,0.0,0.0,0.0,0.0,0.0,0.0,0.0,0.0,0.0,0.0,0.0,0.0,0.0,0.0,0.0,0.0,0.0,0.0,0.0,0.04319162368289084,0.04794122737032411,0.0,0.0,0.0,0.0,0.0,0.0,0.0,0.0,0.0,0.0,0.05355489491663246,0.0,0.0,0.0,0.0,0.0,0.0,0.03967667858728096,0.0,0.03176210905907609,0.057199168050662726,0.0,0.0,0.0,0.0,0.037609304328209386,0.0,0.496472998665511
2022-05-10,0.0,0.0,0.0,0.0,0.0,0.0,0.0,0.0,0.0,0.0,0.0,0.0,0.0,0.0,0.0,0.0,0.0,0.0450688565667548,0.0,0.0,0.0,0.0,0.03610877681464005,0.0,0.05318670927475311,0.0,0.0,0.0,0.03209917601563503,0.0,0.0,0.0,0.0,0.0,0.0,0.0,0.0,0.0,0.0,0.0,0.0,0.0,0.0,0.0,0.0,0.0,0.0,0.0,0.025933741381467038,0.0,0.0,0.0,0.0,0.0,0.0,0.0,0.0,0.0,0.0,0.0,0.0,0.0,0.0,0.0,0.0,0.0,0.0,0.0,0.0,0.0,0.0,0.0,0.0,0.0,0.0,0.0,0.0,0.0,0.0,0.0,0.0,0.04319154621670276,0.04790402430903012,0.0,0.0,0.0,0.0,0.0,0.0,0.0,0.0,0.0,0.0,0.053205525417859514,0.0,0.0,0.0,0.0,0.0,0.0,0.04114678093905234,0.0,0.03243812298428349,0.0576739105602258,0.0,0.0,0.0,0.0,0.0367430819912764,0.0,0.4952997475283196
2022-05-11,0.0,0.0,0.0,0.0,0.0,0.0,0.0,0.0,0.0,0.0,0.0,0.0,0.0,0.0,0.0,0.0,0.0,0.04339716634802835,0.0,0.0,0.0,0.0,0.03738075074611531,0.0,0.053143602482647476,0.0,0.0,0.0,0.031919270831769785,0.0,0.0,0.0,0.0,0.0,0.0,0.0,0.0,0.0,0.0,0.0,0.0,0.0,0.0,0.0,0.0,0.0,0.0,0.0,0.025528423820423193,0.0,0.0,0.0,0.0,0.0,0.0,0.0,0.0,0.0,0.0,0.0,0.0,0.0,0.0,0.0,0.0,0.0,0.0,0.0,0.0,0.0,0.0,0.0,0.0,0.0,0.0,0.0,0.0,0.0,0.0,0.0,0.0,0.04349698649498531,0.05003007043116158,0.0,0.0,0.0,0.0,0.0,0.0,0.0,0.0,0.0,0.0,0.054282482848236654,0.0,0.0,0.0,0.0,0.0,0.0,0.04071158858402231,0.0,0.03209871782763609,0.05874514824358948,0.0,0.0,0.0,0.0,0.03650917352194574,0.0,0.49275661781943875
2022-05-12,0.0,0.0,0.0,0.0,0.0,0.0,0.0,0.0,0.0,0.0,0.0,0.0,0.0,0.0,0.0,0.0,0.0,0.045130945155289,0.0,0.0,0.0,0.0,0.03668996579595023,0.0,0.05306373256613616,0.0,0.0,0.0,0.0327823618403214,0.0,0.0,0.0,0.0,0.0,0.0,0.0,0.0,0.0,0.0,0.0,0.0,0.0,0.0,0.0,0.0,0.0,0.0,0.0,0.025315009409353953,0.0,0.0,0.0,0.0,0.0,0.0,0.0,0.0,0.0,0.0,0.0,0.0,0.0,0.0,0.0,0.0,0.0,0.0,0.0,0.0,0.0,0.0,0.0,0.0,0.0,0.0,0.0,0.0,0.0,0.0,0.0,0.0,0.04453626704690184,0.051032836441710354,0.0,0.0,0.0,0.0,0.0,0.0,0.0,0.0,0.0,0.0,0.0531091804520247,0.0,0.0,0.0,0.0,0.0,0.0,0.0398688106902828,0.0,0.033573949083850724,0.05778445603449746,0.0,0.0,0.0,0.0,0.03674622263603343,0.0,0.49036626284764795
2022-05-13,0.0,0.0,0.0,0.0,0.0,0.0,0.0,0.0,0.0,0.0,0.0,0.0,0.0,0.0,0.0,0.0,0.0,0.045628275829570505,0.0,0.0,0.0,0.0,0.03761142434431746,0.0,0.05289368706020571,0.0,0.0,0.0,0.03394605681817984,0.0,0.0,0.0,0.0,0.0,0.0,0.0,0.0,0.0,0.0,0.0,0.0,0.0,0.0,0.0,0.0,0.0,0.0,0.0,0.025302869811756133,0.0,0.0,0.0,0.0,0.0,0.0,0.0,0.0,0.0,0.0,0.0,0.0,0.0,0.0,0.0,0.0,0.0,0.0,0.0,0.0,0.0,0.0,0.0,0.0,0.0,0.0,0.0,0.0,0.0,0.0,0.0,0.0,0.046199747781888095,0.052169397932910366,0.0,0.0,0.0,0.0,0.0,0.0,0.0,0.0,0.0,0.0,0.052743115158293136,0.0,0.0,0.0,0.0,0.0,0.0,0.0408561025386673,0.0,0.03371084789780221,0.05863097446809051,0.0,0.0,0.0,0.0,0.0363708026189139,0.0,0.48393669773940484
2022-05-16,0.0,0.0,0.0,0.0,0.0,0.0,0.0,0.0,0.0,0.0,0.0,0.0,0.0,0.0,0.0,0.0,0.0,0.045761232456368386,0.0,0.0,0.0,0.0,0.0377869015537899,0.0,0.05330746217796743,0.0,0.0,0.0,0.034308373469261945,0.0,0.0,0.0,0.0,0.0,0.0,0.0,0.0,0.0,0.0,0.0,0.0,0.0,0.0,0.0,0.0,0.0,0.0,0.0,0.024995961013249537,0.0,0.0,0.0,0.0,0.0,0.0,0.0,0.0,0.0,0.0,0.0,0.0,0.0,0.0,0.0,0.0,0.0,0.0,0.0,0.0,0.0,0.0,0.0,0.0,0.0,0.0,0.0,0.0,0.0,0.0,0.0,0.0,0.046416199408775664,0.05168796737265798,0.0,0.0,0.0,0.0,0.0,0.0,0.0,0.0,0.0,0.0,0.05515192099596576,0.0,0.0,0.0,0.0,0.0,0.0,0.04000324013913029,0.0,0.03514953490497593,0.059535140797633605,0.0,0.0,0.0,0.0,0.03566671697449217,0.0,0.48022934873573137
2022-05-17,0.0,0.0,0.0,0.0,0.0,0.0,0.0,0.0,0.0,0.0,0.0,0.0,0.0,0.0,0.0,0.0,0.0,0.04598514870171334,0.0,0.0,0.0,0.0,0.03904538789510074,0.0,0.054475657880063595,0.0,0.0,0.0,0.034468091526859194,0.0,0.0,0.0,0.0,0.0,0.0,0.0,0.0,0.0,0.0,0.0,0.0,0.0,0.0,0.0,0.0,0.0,0.0,0.0,0.024905097689987235,0.0,0.0,0.0,0.0,0.0,0.0,0.0,0.0,0.0,0.0,0.0,0.0,0.0,0.0,0.0,0.0,0.0,0.0,0.0,0.0,0.0,0.0,0.0,0.0,0.0,0.0,0.0,0.0,0.0,0.0,0.0,0.0,0.04623723504680175,0.050268833325263974,0.0,0.0,0.0,0.0,0.0,0.0,0.0,0.0,0.0,0.0,0.05513924607781392,0.0,0.0,0.0,0.0,0.0,0.0,0.04056338045576725,0.0,0.03652943019690634,0.05925007104880846,0.0,0.0,0.0,0.0,0.03635290419464208,0.0,0.47677951596027196
2022-05-18,0.0,0.0,0.0,0.0,0.0,0.0,0.0,0.0,0.0,0.0,0.0,0.0,0.0,0.0,0.0,0.0,0.0,0.04484826185585436,0.0,0.0,0.0,0.0,0.038211928475192794,0.0,0.055165637707319075,0.0,0.0,0.0,0.034807250269054055,0.0,0.0,0.0,0.0,0.0,0.0,0.0,0.0,0.0,0.0,0.0,0.0,0.0,0.0,0.0,0.0,0.0,0.0,0.0,0.02513887975318573,0.0,0.0,0.0,0.0,0.0,0.0,0.0,0.0,0.0,0.0,0.0,0.0,0.0,0.0,0.0,0.0,0.0,0.0,0.0,0.0,0.0,0.0,0.0,0.0,0.0,0.0,0.0,0.0,0.0,0.0,0.0,0.0,0.04583484417091961,0.048420951354061464,0.0,0.0,0.0,0.0,0.0,0.0,0.0,0.0,0.0,0.0,0.05357846153797536,0.0,0.0,0.0,0.0,0.0,0.0,0.040796950281216805,0.0,0.03420249097687821,0.05885036270126376,0.0,0.0,0.0,0.0,0.036222204498380546,0.0,0.48392177641869816
2022-05-19,0.0,0.0,0.0,0.0,0.0,0.0,0.0,0.0,0.0,0.0,0.0,0.0,0.0,0.0,0.0,0.0,0.0,0.04596112357044737,0.0,0.0,0.0,0.0,0.03809990296609755,0.0,0.055439307018964934,0.0,0.0,0.0,0.03539100472414654,0.0,0.0,0.0,0.0,0.0,0.0,0.0,0.0,0.0,0.0,0.0,0.0,0.0,0.0,0.0,0.0,0.0,0.0,0.0,0.02551631028376376,0.0,0.0,0.0,0.0,0.0,0.0,0.0,0.0,0.0,0.0,0.0,0.0,0.0,0.0,0.0,0.0,0.0,0.0,0.0,0.0,0.0,0.0,0.0,0.0,0.0,0.0,0.0,0.0,0.0,0.0,0.0,0.0,0.04586798810280585,0.0476734268324056,0.0,0.0,0.0,0.0,0.0,0.0,0.0,0.0,0.0,0.0,0.053509834753795386,0.0,0.0,0.0,0.0,0.0,0.0,0.04115963133223537,0.0,0.03381202160920571,0.06007356309509322,0.0,0.0,0.0,0.0,0.03487799321766288,0.0,0.48261789249337594
2022-05-20,0.0,0.0,0.0,0.0,0.0,0.0,0.0,0.0,0.0,0.0,0.0,0.0,0.0,0.0,0.0,0.0,0.0,0.04591748395241067,0.0,0.0,0.0,0.0,0.03831644169252334,0.0,0.05608483507727995,0.0,0.0,0.0,0.035277177851256634,0.0,0.0,0.0,0.0,0.0,0.0,0.0,0.0,0.0,0.0,0.0,0.0,0.0,0.0,0.0,0.0,0.0,0.0,0.0,0.0248783501102871,0.0,0.0,0.0,0.0,0.0,0.0,0.0,0.0,0.0,0.0,0.0,0.0,0.0,0.0,0.0,0.0,0.0,0.0,0.0,0.0,0.0,0.0,0.0,0.0,0.0,0.0,0.0,0.0,0.0,0.0,0.0,0.0,0.04570105191081957,0.04853922495768436,0.0,0.0,0.0,0.0,0.0,0.0,0.0,0.0,0.0,0.0,0.05330777724118459,0.0,0.0,0.0,0.0,0.0,0.0,0.0411024174337981,0.0,0.03474916866268866,0.060994631633942815,0.0,0.0,0.0,0.0,0.03528579590608173,0.0,0.47984564357004256
2022-05-23,0.0,0.0,0.0,0.0,0.0,0.0,0.0,0.0,0.0,0.0,0.0,0.0,0.0,0.0,0.0,0.0,0.0,0.04521913712353048,0.0,0.0,0.0,0.0,0.03880444561229935,0.0,0.05747385804770979,0.0,0.0,0.0,0.036122249834811715,0.0,0.0,0.0,0.0,0.0,0.0,0.0,0.0,0.0,0.0,0.0,0.0,0.0,0.0,0.0,0.0,0.0,0.0,0.0,0.025006438874700474,0.0,0.0,0.0,0.0,0.0,0.0,0.0,0.0,0.0,0.0,0.0,0.0,0.0,0.0,0.0,0.0,0.0,0.0,0.0,0.0,0.0,0.0,0.0,0.0,0.0,0.0,0.0,0.0,0.0,0.0,0.0,0.0,0.046662112060309714,0.049557475729180435,0.0,0.0,0.0,0.0,0.0,0.0,0.0,0.0,0.0,0.0,0.05197353698385387,0.0,0.0,0.0,0.0,0.0,0.0,0.04108596715201314,0.0,0.034694768368892445,0.06032084058389401,0.0,0.0,0.0,0.0,0.03585891761166218,0.0,0.4772202520171424
2022-05-24,0.0,0.0,0.0,0.0,0.0,0.0,0.0,0.0,0.0,0.0,0.0,0.0,0.0,0.0,0.0,0.0,0.0,0.044802833704194196,0.0,0.0,0.0,0.0,0.0387942057260348,0.0,0.05864427274373698,0.0,0.0,0.0,0.03652897586287616,0.0,0.0,0.0,0.0,0.0,0.0,0.0,0.0,0.0,0.0,0.0,0.0,0.0,0.0,0.0,0.0,0.0,0.0,0.0,0.024985088022191577,0.0,0.0,0.0,0.0,0.0,0.0,0.0,0.0,0.0,0.0,0.0,0.0,0.0,0.0,0.0,0.0,0.0,0.0,0.0,0.0,0.0,0.0,0.0,0.0,0.0,0.0,0.0,0.0,0.0,0.0,0.0,0.0,0.04475941075966781,0.051393520888557614,0.0,0.0,0.0,0.0,0.0,0.0,0.0,0.0,0.0,0.0,0.053569862794764195,0.0,0.0,0.0,0.0,0.0,0.0,0.03966095115973475,0.0,0.035393237740373895,0.059775007396904854,0.0,0.0,0.0,0.0,0.03513232994233638,0.0,0.4765603032586268
2022-05-25,0.0,0.0,0.0,0.0,0.0,0.0,0.0,0.0,0.0,0.0,0.0,0.0,0.0,0.0,0.0,0.0,0.0,0.04551860689689623,0.0,0.0,0.0,0.0,0.038117925594198764,0.0,0.05905773040929743,0.0,0.0,0.0,0.03653355306869148,0.0,0.0,0.0,0.0,0.0,0.0,0.0,0.0,0.0,0.0,0.0,0.0,0.0,0.0,0.0,0.0,0.0,0.0,0.0,0.024602238336819682,0.0,0.0,0.0,0.0,0.0,0.0,0.0,0.0,0.0,0.0,0.0,0.0,0.0,0.0,0.0,0.0,0.0,0.0,0.0,0.0,0.0,0.0,0.0,0.0,0.0,0.0,0.0,0.0,0.0,0.0,0.0,0.0,0.045110172724653626,0.05185455939939688,0.0,0.0,0.0,0.0,0.0,0.0,0.0,0.0,0.0,0.0,0.05275368832592132,0.0,0.0,0.0,0.0,0.0,0.0,0.040168858603891064,0.0,0.035919791597113226,0.0601532980342553,0.0,0.0,0.0,0.0,0.034050270334075546,0.0,0.47615930667478934
2022-05-26,0.0,0.0,0.0,0.0,0.0,0.0,0.0,0.0,0.0,0.0,0.0,0.0,0.0,0.0,0.0,0.0,0.0,0.04587607151135206,0.0,0.0,0.0,0.0,0.03758884482797557,0.0,0.05736143589575485,0.0,0.0,0.0,0.036264770034467875,0.0,0.0,0.0,0.0,0.0,0.0,0.0,0.0,0.0,0.0,0.0,0.0,0.0,0.0,0.0,0.0,0.0,0.0,0.0,0.024751445958837184,0.0,0.0,0.0,0.0,0.0,0.0,0.0,0.0,0.0,0.0,0.0,0.0,0.0,0.0,0.0,0.0,0.0,0.0,0.0,0.0,0.0,0.0,0.0,0.0,0.0,0.0,0.0,0.0,0.0,0.0,0.0,0.0,0.04538072597633259,0.052655981901407925,0.0,0.0,0.0,0.0,0.0,0.0,0.0,0.0,0.0,0.0,0.05373267240647624,0.0,0.0,0.0,0.0,0.0,0.0,0.04147964443209729,0.0,0.037342225297640357,0.05815376301362041,0.0,0.0,0.0,0.0,0.03448277470985611,0.0,0.4749296440341817
2022-05-27,0.0,0.0,0.0,0.0,0.0,0.0,0.0,0.0,0.0,0.0,0.0,0.0,0.0,0.0,0.0,0.0,0.0,0.04618634598700133,0.0,0.0,0.0,0.0,0.037511412258733626,0.0,0.05625036961860885,0.0,0.0,0.0,0.03609560814757921,0.0,0.0,0.0,0.0,0.0,0.0,0.0,0.0,0.0,0.0,0.0,0.0,0.0,0.0,0.0,0.0,0.0,0.0,0.0,0.02489524743453651,0.0,0.0,0.0,0.0,0.0,0.0,0.0,0.0,0.0,0.0,0.0,0.0,0.0,0.0,0.0,0.0,0.0,0.0,0.0,0.0,0.0,0.0,0.0,0.0,0.0,0.0,0.0,0.0,0.0,0.0,0.0,0.0,0.045118128742848415,0.05387433802511926,0.0,0.0,0.0,0.0,0.0,0.0,0.0,0.0,0.0,0.0,0.05485394323981979,0.0,0.0,0.0,0.0,0.0,0.0,0.041752003818476414,0.0,0.03693710220662144,0.057849868936503436,0.0,0.0,0.0,0.0,0.03505341676116559,0.0,0.473622214822986
2022-05-30,0.0,0.0,0.0,0.0,0.0,0.0,0.0,0.0,0.0,0.0,0.0,0.0,0.0,0.0,0.0,0.0,0.0,0.045815382556112096,0.0,0.0,0.0,0.0,0.03862493921375188,0.0,0.054904924600406836,0.0,0.0,0.0,0.03534557854917722,0.0,0.0,0.0,0.0,0.0,0.0,0.0,0.0,0.0,0.0,0.0,0.0,0.0,0.0,0.0,0.0,0.0,0.0,0.0,0.024992824474062918,0.0,0.0,0.0,0.0,0.0,0.0,0.0,0.0,0.0,0.0,0.0,0.0,0.0,0.0,0.0,0.0,0.0,0.0,0.0,0.0,0.0,0.0,0.0,0.0,0.0,0.0,0.0,0.0,0.0,0.0,0.0,0.0,0.04447779335781622,0.053219225876250595,0.0,0.0,0.0,0.0,0.0,0.0,0.0,0.0,0.0,0.0,0.055059026415073216,0.0,0.0,0.0,0.0,0.0,0.0,0.04200623358263648,0.0,0.036899977151838355,0.05867256192063248,0.0,0.0,0.0,0.0,0.03427815146092664,0.0,0.475703380841315
2022-05-31,0.0,0.0,0.0,0.0,0.0,0.0,0.0,0.0,0.0,0.0,0.0,0.0,0.0,0.0,0.0,0.0,0.0,0.04613114121677276,0.0,0.0,0.0,0.0,0.03902408167696063,0.0,0.05689929745254783,0.0,0.0,0.0,0.03470174283392885,0.0,0.0,0.0,0.0,0.0,0.0,0.0,0.0,0.0,0.0,0.0,0.0,0.0,0.0,0.0,0.0,0.0,0.0,0.0,0.024994470309071544,0.0,0.0,0.0,0.0,0.0,0.0,0.0,0.0,0.0,0.0,0.0,0.0,0.0,0.0,0.0,0.0,0.0,0.0,0.0,0.0,0.0,0.0,0.0,0.0,0.0,0.0,0.0,0.0,0.0,0.0,0.0,0.0,0.04369301744410723,0.05260921643477555,0.0,0.0,0.0,0.0,0.0,0.0,0.0,0.0,0.0,0.0,0.05430937087992021,0.0,0.0,0.0,0.0,0.0,0.0,0.04275417916508673,0.0,0.0372697961469717,0.058617855928231,0.0,0.0,0.0,0.0,0.0339843936687819,0.0,0.4750114368428442
2022-06-01,0.0,0.0,0.0,0.0,0.0,0.0,0.0,0.0,0.0,0.0,0.0,0.0,0.0,0.0,0.0,0.0,0.0,0.045466938288269525,0.0,0.0,0.0,0.0,0.039839753320364935,0.0,0.055495196688978385,0.0,0.0,0.0,0.034744139802815564,0.0,0.0,0.0,0.0,0.0,0.0,0.0,0.0,0.0,0.0,0.0,0.0,0.0,0.0,0.0,0.0,0.0,0.0,0.0,0.025185225510784618,0.0,0.0,0.0,0.0,0.0,0.0,0.0,0.0,0.0,0.0,0.0,0.0,0.0,0.0,0.0,0.0,0.0,0.0,0.0,0.0,0.0,0.0,0.0,0.0,0.0,0.0,0.0,0.0,0.0,0.0,0.0,0.0,0.04354934822711773,0.052735973646775534,0.0,0.0,0.0,0.0,0.0,0.0,0.0,0.0,0.0,0.0,0.054920297441591645,0.0,0.0,0.0,0.0,0.0,0.0,0.043469770817999326,0.0,0.03650098863874953,0.05942482451088271,0.0,0.0,0.0,0.0,0.03499417315235853,0.0,0.4736733699533121
2022-06-02,0.0,0.0,0.0,0.0,0.0,0.0,0.0,0.0,0.0,0.0,0.0,0.0,0.0,0.0,0.0,0.0,0.0,0.04572626373469063,0.0,0.0,0.0,0.0,0.039524646581675205,0.0,0.05564425863494377,0.0,0.0,0.0,0.03462651730029533,0.0,0.0,0.0,0.0,0.0,0.0,0.0,0.0,0.0,0.0,0.0,0.0,0.0,0.0,0.0,0.0,0.0,0.0,0.0,0.02589118376576724,0.0,0.0,0.0,0.0,0.0,0.0,0.0,0.0,0.0,0.0,0.0,0.0,0.0,0.0,0.0,0.0,0.0,0.0,0.0,0.0,0.0,0.0,0.0,0.0,0.0,0.0,0.0,0.0,0.0,0.0,0.0,0.0,0.04953621862406129,0.05302697268787665,0.0,0.0,0.0,0.0,0.0,0.0,0.0,0.0,0.0,0.0,0.05611169418507956,0.0,0.0,0.0,0.0,0.0,0.0,0.04350900922579044,0.0,0.035744092941215305,0.058607645606080894,0.0,0.0,0.0,0.0,0.034670965178887625,0.0,0.46738053153363596
2022-06-03,0.0,0.0,0.0,0.0,0.0,0.0,0.0,0.0,0.0,0.0,0.0,0.0,0.0,0.0,0.0,0.0,0.0,0.04434526437316966,0.0,0.0,0.0,0.0,0.04009974034984872,0.0,0.05545749928314555,0.0,0.0,0.0,0.03425748620519049,0.0,0.0,0.0,0.0,0.0,0.0,0.0,0.0,0.0,0.0,0.0,0.0,0.0,0.0,0.0,0.0,0.0,0.0,0.0,0.02649010127028631,0.0,0.0,0.0,0.0,0.0,0.0,0.0,0.0,0.0,0.0,0.0,0.0,0.0,0.0,0.0,0.0,0.0,0.0,0.0,0.0,0.0,0.0,0.0,0.0,0.0,0.0,0.0,0.0,0.0,0.0,0.0,0.0,0.04991583015419862,0.05183626368351715,0.0,0.0,0.0,0.0,0.0,0.0,0.0,0.0,0.0,0.0,0.05545829774513343,0.0,0.0,0.0,0.0,0.0,0.0,0.0433103147196208,0.0,0.0350566059954681,0.05760997618676415,0.0,0.0,0.0,0.0,0.03443243955772546,0.0,0.4717301804759315
2022-06-06,0.0,0.0,0.0,0.0,0.0,0.0,0.0,0.0,0.0,0.0,0.0,0.0,0.0,0.0,0.0,0.0,0.0,0.04335915508731271,0.0,0.0,0.0,0.0,0.04039351083341089,0.0,0.05536310071119961,0.0,0.0,0.0,0.034373960697714014,0.0,0.0,0.0,0.0,0.0,0.0,0.0,0.0,0.0,0.0,0.0,0.0,0.0,0.0,0.0,0.0,0.0,0.0,0.0,0.027672054845643217,0.0,0.0,0.0,0.0,0.0,0.0,0.0,0.0,0.0,0.0,0.0,0.0,0.0,0.0,0.0,0.0,0.0,0.0,0.0,0.0,0.0,0.0,0.0,0.0,0.0,0.0,0.0,0.0,0.0,0.0,0.0,0.0,0.04722783884802062,0.050840891593852605,0.0,0.0,0.0,0.0,0.0,0.0,0.0,0.0,0.0,0.0,0.05403032812215364,0.0,0.0,0.0,0.0,0.0,0.0,0.0435354967606434,0.0,0.03453273392336978,0.058163073244449255,0.0,0.0,0.0,0.0,0.034787619259020554,0.0,0.4757202360732097
2022-06-07,0.0,0.0,0.0,0.0,0.0,0.0,0.0,0.0,0.0,0.0,0.0,0.0,0.0,0.0,0.0,0.0,0.0,0.04313419890003238,0.0,0.0,0.0,0.0,0.03980639962143557,0.0,0.05523963616919675,0.0,0.0,0.0,0.03437818822844023,0.0,0.0,0.0,0.0,0.0,0.0,0.0,0.0,0.0,0.0,0.0,0.0,0.0,0.0,0.0,0.0,0.0,0.0,0.0,0.02664954204320374,0.0,0.0,0.0,0.0,0.0,0.0,0.0,0.0,0.0,0.0,0.0,0.0,0.0,0.0,0.0,0.0,0.0,0.0,0.0,0.0,0.0,0.0,0.0,0.0,0.0,0.0,0.0,0.0,0.0,0.0,0.0,0.0,0.04572930394652126,0.05178987311081412,0.0,0.0,0.0,0.0,0.0,0.0,0.0,0.0,0.0,0.0,0.053106442338284474,0.0,0.0,0.0,0.0,0.0,0.0,0.04263452761949617,0.0,0.03469828851341123,0.05737077718157797,0.0,0.0,0.0,0.0,0.03507202148018405,0.0,0.48039080084740204
2022-06-08,0.0,0.0,0.0,0.0,0.0,0.0,0.0,0.0,0.0,0.0,0.0,0.0,0.0,0.0,0.0,0.0,0.0,0.0426564863301395,0.0,0.0,0.0,0.0,0.03973545009830469,0.0,0.055164861899938404,0.0,0.0,0.0,0.034304301109687976,0.0,0.0,0.0,0.0,0.0,0.0,0.0,0.0,0.0,0.0,0.0,0.0,0.0,0.0,0.0,0.0,0.0,0.0,0.0,0.026933199654834938,0.0,0.0,0.0,0.0,0.0,0.0,0.0,0.0,0.0,0.0,0.0,0.0,0.0,0.0,0.0,0.0,0.0,0.0,0.0,0.0,0.0,0.0,0.0,0.0,0.0,0.0,0.0,0.0,0.0,0.0,0.0,0.0,0.0444377792143539,0.05293102355014333,0.0,0.0,0.0,0.0,0.0,0.0,0.0,0.0,0.0,0.0,0.05353056873903198,0.0,0.0,0.0,0.0,0.0,0.0,0.04288225042605338,0.0,0.03410213111149589,0.05764866463362418,0.0,0.0,0.0,0.0,0.033123285691991716,0.0,0.48254999754040007
2022-06-09,0.0,0.0,0.0,0.0,0.0,0.0,0.0,0.0,0.0,0.0,0.0,0.0,0.0,0.0,0.0,0.0,0.0,0.04338003890585606,0.0,0.0,0.0,0.0,0.03970850071784682,0.0,0.05500242411883562,0.0,0.0,0.0,0.03423749325247311,0.0,0.0,0.0,0.0,0.0,0.0,0.0,0.0,0.0,0.0,0.0,0.0,0.0,0.0,0.0,0.0,0.0,0.0,0.0,0.026338846534948463,0.0,0.0,0.0,0.0,0.0,0.0,0.0,0.0,0.0,0.0,0.0,0.0,0.0,0.0,0.0,0.0,0.0,0.0,0.0,0.0,0.0,0.0,0.0,0.0,0.0,0.0,0.0,0.0,0.0,0.0,0.0,0.0,0.04361961880843768,0.0520475508076604,0.0,0.0,0.0,0.0,0.0,0.0,0.0,0.0,0.0,0.0,0.05358743454016237,0.0,0.0,0.0,0.0,0.0,0.0,0.04217577778805543,0.0,0.03422106086181468,0.0574315883022744,0.0,0.0,0.0,0.0,0.03341432579898988,0.0,0.48483533956264524
2022-06-10,0.0,0.0,0.0,0.0,0.0,0.0,0.0,0.0,0.0,0.0,0.0,0.0,0.0,0.0,0.0,0.0,0.0,0.042285291229591696,0.0,0.0,0.0,0.0,0.039691574944413235,0.0,0.054750639792925264,0.0,0.0,0.0,0.03433397987844357,0.0,0.0,0.0,0.0,0.0,0.0,0.0,0.0,0.0,0.0,0.0,0.0,0.0,0.0,0.0,0.0,0.0,0.0,0.0,0.026706196008613195,0.0,0.0,0.0,0.0,0.0,0.0,0.0,0.0,0.0,0.0,0.0,0.0,0.0,0.0,0.0,0.0,0.0,0.0,0.0,0.0,0.0,0.0,0.0,0.0,0.0,0.0,0.0,0.0,0.0,0.0,0.0,0.0,0.04120553638656192,0.05228941801458507,0.0,0.0,0.0,0.0,0.0,0.0,0.0,0.0,0.0,0.0,0.05355645664133019,0.0,0.0,0.0,0.0,0.0,0.0,0.040579157832506416,0.0,0.03394657770106782,0.05817545996674927,0.0,0.0,0.0,0.0,0.03300318524672565,0.0,0.48947652635648675
2022-06-13,0.0,0.0,0.0,0.0,0.0,0.0,0.0,0.0,0.0,0.0,0.0,0.0,0.0,0.0,0.0,0.0,0.0,0.041672555352818254,0.0,0.0,0.0,0.0,0.03856440050250589,0.0,0.054828916355475286,0.0,0.0,0.0,0.034184436719281175,0.0,0.0,0.0,0.0,0.0,0.0,0.0,0.0,0.0,0.0,0.0,0.0,0.0,0.0,0.0,0.0,0.0,0.0,0.0,0.02636286048517018,0.0,0.0,0.0,0.0,0.0,0.0,0.0,0.0,0.0,0.0,0.0,0.0,0.0,0.0,0.0,0.0,0.0,0.0,0.0,0.0,0.0,0.0,0.0,0.0,0.0,0.0,0.0,0.0,0.0,0.0,0.0,0.0,0.039933047355522666,0.0510445559567884,0.0,0.0,0.0,0.0,0.0,0.0,0.0,0.0,0.0,0.0,0.05313924282667406,0.0,0.0,0.0,0.0,0.0,0.0,0.03880437754676774,0.0,0.03312058546086576,0.05735445834510854,0.0,0.0,0.0,0.0,0.033290255474624796,0.0,0.4977003076183972
2022-06-14,0.0,0.0,0.0,0.0,0.0,0.0,0.0,0.0,0.0,0.0,0.0,0.0,0.0,0.0,0.0,0.0,0.0,0.0649999848889119,0.0,0.0,0.0,0.0,0.03007398756519417,0.0,0.03007398756518993,0.0,0.0,0.0,0.05721040101559312,0.0,0.0,0.0,0.0,0.0,0.0,0.0,0.0,0.0,0.0,0.0,0.0,0.0,0.0,0.0,0.0,0.0,0.0,0.0,0.049325564369449675,0.0,0.0,0.0,0.0,0.0,0.0,0.0,0.0,0.0,0.0,0.0,0.0,0.0,0.0,0.0,0.0,0.0,0.0,0.0,0.0,0.0,0.0,0.0,0.0,0.0,0.0,0.0,0.0,0.0,0.0,0.0,0.0,0.032549561169103465,0.06849204083876996,0.0,0.0,0.0,0.0,0.0,0.0,0.032661260041406,0.0,0.0,0.0,0.030070806373703275,0.0,0.0,0.0,0.0,0.0,0.0,0.06469353054657531,0.0,0.0,0.03340813950095537,0.0,0.0,0.0,0.0,0.06066333138566844,0.0,0.3279668644938349
2022-06-15,0.0,0.0,0.0,0.0,0.0,0.0,0.0,0.0,0.0,0.0,0.0,0.0,0.0,0.0,0.0,0.0,0.0,0.06665926151491457,0.0,0.0,0.0,0.0,0.02925514318465076,0.0,0.030155915461552923,0.0,0.0,0.0,0.056945982462429746,0.0,0.0,0.0,0.0,0.0,0.0,0.0,0.0,0.0,0.0,0.0,0.0,0.0,0.0,0.0,0.0,0.0,0.0,0.0,0.04977347522125548,0.0,0.0,0.0,0.0,0.0,0.0,0.0,0.0,0.0,0.0,0.0,0.0,0.0,0.0,0.0,0.0,0.0,0.0,0.0,0.0,0.0,0.0,0.0,0.0,0.0,0.0,0.0,0.0,0.0,0.0,0.0,0.0,0.03376219349218101,0.06716508389116908,0.0,0.0,0.0,0.0,0.0,0.0,0.03277831055112877,0.0,0.0,0.0,0.03079040469987312,0.0,0.0,0.0,0.0,0.0,0.0,0.06532181422150381,0.0,0.0,0.033760539111190896,0.0,0.0,0.0,0.0,0.059760450108460636,0.0,0.32660538984111603
2022-06-17,0.0,0.0,0.0,0.0,0.0,0.0,0.0,0.0,0.0,0.0,0.0,0.0,0.0,0.0,0.0,0.0,0.0,0.06522873293017548,0.0,0.0,0.0,0.0,0.027493678440147076,0.0,0.030178415112656322,0.0,0.0,0.0,0.058127529770440396,0.0,0.0,0.0,0.0,0.0,0.0,0.0,0.0,0.0,0.0,0.0,0.0,0.0,0.0,0.0,0.0,0.0,0.0,0.0,0.04863139357525756,0.0,0.0,0.0,0.0,0.0,0.0,0.0,0.0,0.0,0.0,0.0,0.0,0.0,0.0,0.0,0.0,0.0,0.0,0.0,0.0,0.0,0.0,0.0,0.0,0.0,0.0,0.0,0.0,0.0,0.0,0.0,0.0,0.03446034113174347,0.06233543121970017,0.0,0.0,0.0,0.0,0.0,0.0,0.03387069310903324,0.0,0.0,0.0,0.03168527512723201,0.0,0.0,0.0,0.0,0.0,0.0,0.06397627494757904,0.0,0.0,0.03430040210489614,0.0,0.0,0.0,0.0,0.05784300559529283,0.0,0.45186882693584624
2022-06-20,0.0,0.0,0.0,0.0,0.0,0.0,0.0,0.0,0.0,0.0,0.0,0.0,0.0,0.0,0.0,0.0,0.0,0.06489416094266445,0.0,0.0,0.0,0.0,0.02696027791720748,0.0,0.030346599234064492,0.0,0.0,0.0,0.05889670225840308,0.0,0.0,0.0,0.0,0.0,0.0,0.0,0.0,0.0,0.0,0.0,0.0,0.0,0.0,0.0,0.0,0.0,0.0,0.0,0.04930455218113228,0.0,0.0,0.0,0.0,0.0,0.0,0.0,0.0,0.0,0.0,0.0,0.0,0.0,0.0,0.0,0.0,0.0,0.0,0.0,0.0,0.0,0.0,0.0,0.0,0.0,0.0,0.0,0.0,0.0,0.0,0.0,0.0,0.033356512749244234,0.06202318997871331,0.0,0.0,0.0,0.0,0.0,0.0,0.03284650927542331,0.0,0.0,0.0,0.031161615621401705,0.0,0.0,0.0,0.0,0.0,0.0,0.0610301986068849,0.0,0.0,0.03412797928019875,0.0,0.0,0.0,0.0,0.06128688391316801,0.0,0.453764818041494
2022-06-21,0.0,0.0,0.0,0.0,0.0,0.0,0.0,0.0,0.0,0.0,0.0,0.0,0.0,0.0,0.0,0.0,0.0,0.06530523505496835,0.0,0.0,0.0,0.0,0.027349999817390565,0.0,0.029905215701810116,0.0,0.0,0.0,0.0578123459630296,0.0,0.0,0.0,0.0,0.0,0.0,0.0,0.0,0.0,0.0,0.0,0.0,0.0,0.0,0.0,0.0,0.0,0.0,0.0,0.04771478798106927,0.0,0.0,0.0,0.0,0.0,0.0,0.0,0.0,0.0,0.0,0.0,0.0,0.0,0.0,0.0,0.0,0.0,0.0,0.0,0.0,0.0,0.0,0.0,0.0,0.0,0.0,0.0,0.0,0.0,0.0,0.0,0.0,0.032677793250611195,0.061454983667470334,0.0,0.0,0.0,0.0,0.0,0.0,0.03319364386682843,0.0,0.0,0.0,0.03144100225923358,0.0,0.0,0.0,0.0,0.0,0.0,0.06293759903071276,0.0,0.0,0.034144618671716365,0.0,0.0,0.0,0.0,0.06405760873499085,0.0,0.45200516600016843
2022-06-22,0.0,0.0,0.0,0.0,0.0,0.0,0.0,0.0,0.0,0.0,0.0,0.0,0.0,0.0,0.0,0.0,0.0,0.06911090618119126,0.0,0.0,0.0,0.0,0.027134898008343216,0.0,0.03006890950702786,0.0,0.0,0.0,0.05824199957360119,0.0,0.0,0.0,0.0,0.0,0.0,0.0,0.0,0.0,0.0,0.0,0.0,0.0,0.0,0.0,0.0,0.0,0.0,0.0,0.04769355911364248,0.0,0.0,0.0,0.0,0.0,0.0,0.0,0.0,0.0,0.0,0.0,0.0,0.0,0.0,0.0,0.0,0.0,0.0,0.0,0.0,0.0,0.0,0.0,0.0,0.0,0.0,0.0,0.0,0.0,0.0,0.0,0.0,0.03206953783124162,0.05765996568918403,0.0,0.0,0.0,0.0,0.0,0.0,0.03380076859434248,0.0,0.0,0.0,0.029489898583338427,0.0,0.0,0.0,0.0,0.0,0.0,0.0623953295506364,0.0,0.0,0.033437891268360095,0.0,0.0,0.0,0.0,0.06547126514499171,0.0,0.45342507095409923
2022-06-23,0.0,0.0,0.0,0.0,0.0,0.0,0.0,0.0,0.0,0.0,0.0,0.0,0.0,0.0,0.0,0.0,0.0,0.06854409670778568,0.0,0.0,0.0,0.0,0.027431083373296097,0.0,0.030091277293761664,0.0,0.0,0.0,0.05735492371180862,0.0,0.0,0.0,0.0,0.0,0.0,0.0,0.0,0.0,0.0,0.0,0.0,0.0,0.0,0.0,0.0,0.0,0.0,0.0,0.047953530278307566,0.0,0.0,0.0,0.0,0.0,0.0,0.0,0.0,0.0,0.0,0.0,0.0,0.0,0.0,0.0,0.0,0.0,0.0,0.0,0.0,0.0,0.0,0.0,0.0,0.0,0.0,0.0,0.0,0.0,0.0,0.0,0.0,0.03235182780855428,0.05579375312683176,0.0,0.0,0.0,0.0,0.0,0.0,0.03354543246396359,0.0,0.0,0.0,0.027671912714684846,0.0,0.0,0.0,0.0,0.0,0.0,0.06358035002738567,0.0,0.0,0.03342719521627893,0.0,0.0,0.0,0.0,0.06613442932396435,0.0,0.45612018795337683
2022-06-24,0.0,0.0,0.0,0.0,0.0,0.0,0.0,0.0,0.0,0.0,0.0,0.0,0.0,0.0,0.0,0.0,0.0,0.06767574756757957,0.0,0.0,0.0,0.0,0.027866631908568938,0.0,0.02985446224657117,0.0,0.0,0.0,0.05787727058559038,0.0,0.0,0.0,0.0,0.0,0.0,0.0,0.0,0.0,0.0,0.0,0.0,0.0,0.0,0.0,0.0,0.0,0.0,0.0,0.04771923031088616,0.0,0.0,0.0,0.0,0.0,0.0,0.0,0.0,0.0,0.0,0.0,0.0,0.0,0.0,0.0,0.0,0.0,0.0,0.0,0.0,0.0,0.0,0.0,0.0,0.0,0.0,0.0,0.0,0.0,0.0,0.0,0.0,0.032554384512753456,0.05827592529850575,0.0,0.0,0.0,0.0,0.0,0.0,0.034158549290016806,0.0,0.0,0.0,0.02700380424163805,0.0,0.0,0.0,0.0,0.0,0.0,0.06287718710808536,0.0,0.0,0.033888151021005834,0.0,0.0,0.0,0.0,0.06706985492515546,0.0,0.45317880098364294
2022-06-27,0.0,0.0,0.0,0.0,0.0,0.0,0.0,0.0,0.0,0.0,0.0,0.0,0.0,0.0,0.0,0.0,0.0,0.0693776452475809,0.0,0.0,0.0,0.0,0.028334843131828758,0.0,0.030074408037121848,0.0,0.0,0.0,0.058080543596829605,0.0,0.0,0.0,0.0,0.0,0.0,0.0,0.0,0.0,0.0,0.0,0.0,0.0,0.0,0.0,0.0,0.0,0.0,0.0,0.048280980383392326,0.0,0.0,0.0,0.0,0.0,0.0,0.0,0.0,0.0,0.0,0.0,0.0,0.0,0.0,0.0,0.0,0.0,0.0,0.0,0.0,0.0,0.0,0.0,0.0,0.0,0.0,0.0,0.0,0.0,0.0,0.0,0.0,0.03336947440955828,0.060708459800164566,0.0,0.0,0.0,0.0,0.0,0.0,0.033525039933952394,0.0,0.0,0.0,0.027115932150209455,0.0,0.0,0.0,0.0,0.0,0.0,0.06293427975614817,0.0,0.0,0.03448995660378936,0.0,0.0,0.0,0.0,0.06513342394912204,0.0,0.4485750130003024
2022-06-28,0.0,0.0,0.0,0.0,0.0,0.0,0.0,0.0,0.0,0.0,0.0,0.0,0.0,0.0,0.0,0.0,0.0,0.06782929633253794,0.0,0.0,0.0,0.0,0.028902143593830636,0.0,0.03009709755728911,0.0,0.0,0.0,0.058434939753300524,0.0,0.0,0.0,0.0,0.0,0.0,0.0,0.0,0.0,0.0,0.0,0.0,0.0,0.0,0.0,0.0,0.0,0.0,0.0,0.048108822271541854,0.0,0.0,0.0,0.0,0.0,0.0,0.0,0.0,0.0,0.0,0.0,0.0,0.0,0.0,0.0,0.0,0.0,0.0,0.0,0.0,0.0,0.0,0.0,0.0,0.0,0.0,0.0,0.0,0.0,0.0,0.0,0.0,0.0317172279785207,0.06095641006544588,0.0,0.0,0.0,0.0,0.0,0.0,0.03294471253438867,0.0,0.0,0.0,0.0272147279892576,0.0,0.0,0.0,0.0,0.0,0.0,0.061968372910786974,0.0,0.0,0.035016004956696524,0.0,0.0,0.0,0.0,0.06598341257880001,0.0,0.4508268314776036
2022-06-29,0.0,0.0,0.0,0.0,0.0,0.0,0.0,0.0,0.0,0.0,0.0,0.0,0.0,0.0,0.0,0.0,0.0,0.06742442386996686,0.0,0.0,0.0,0.0,0.0280749860315824,0.0,0.029704927088655207,0.0,0.0,0.0,0.05806521943905206,0.0,0.0,0.0,0.0,0.0,0.0,0.0,0.0,0.0,0.0,0.0,0.0,0.0,0.0,0.0,0.0,0.0,0.0,0.0,0.048044318802183954,0.0,0.0,0.0,0.0,0.0,0.0,0.0,0.0,0.0,0.0,0.0,0.0,0.0,0.0,0.0,0.0,0.0,0.0,0.0,0.0,0.0,0.0,0.0,0.0,0.0,0.0,0.0,0.0,0.0,0.0,0.0,0.0,0.03020273034785832,0.06092088839994143,0.0,0.0,0.0,0.0,0.0,0.0,0.032766673001630005,0.0,0.0,0.0,0.02821374949028314,0.0,0.0,0.0,0.0,0.0,0.0,0.06111648605682302,0.0,0.0,0.034671389373138614,0.0,0.0,0.0,0.0,0.06619739668569302,0.0,0.45459681141319197
2022-06-30,0.0,0.0,0.0,0.0,0.0,0.0,0.0,0.0,0.0,0.0,0.0,0.0,0.0,0.0,0.0,0.0,0.0,0.06773760496170753,0.0,0.0,0.0,0.0,0.02754099727638971,0.0,0.029760729854372392,0.0,0.0,0.0,0.05887733961954502,0.0,0.0,0.0,0.0,0.0,0.0,0.0,0.0,0.0,0.0,0.0,0.0,0.0,0.0,0.0,0.0,0.0,0.0,0.0,0.04837840254816581,0.0,0.0,0.0,0.0,0.0,0.0,0.0,0.0,0.0,0.0,0.0,0.0,0.0,0.0,0.0,0.0,0.0,0.0,0.0,0.0,0.0,0.0,0.0,0.0,0.0,0.0,0.0,0.0,0.0,0.0,0.0,0.0,0.029752538128042957,0.05978905715504974,0.0,0.0,0.0,0.0,0.0,0.0,0.032887260039137826,0.0,0.0,0.0,0.026719738714394765,0.0,0.0,0.0,0.0,0.0,0.0,0.06126395165346988,0.0,0.0,0.033722415617752695,0.0,0.0,0.0,0.0,0.06745681496310638,0.0,0.4561131494688653
2022-07-01,0.0,0.0,0.0,0.0,0.0,0.0,0.0,0.0,0.0,0.0,0.0,0.0,0.0,0.0,0.0,0.0,0.0,0.06847455997493501,0.0,0.0,0.0,0.0,0.02753761308602677,0.0,0.029971317147785358,0.0,0.0,0.0,0.05835939636691719,0.0,0.0,0.0,0.0,0.0,0.0,0.0,0.0,0.0,0.0,0.0,0.0,0.0,0.0,0.0,0.0,0.0,0.0,0.0,0.04825583511327886,0.0,0.0,0.0,0.0,0.0,0.0,0.0,0.0,0.0,0.0,0.0,0.0,0.0,0.0,0.0,0.0,0.0,0.0,0.0,0.0,0.0,0.0,0.0,0.0,0.0,0.0,0.0,0.0,0.0,0.0,0.0,0.0,0.02903549129430298,0.05993590313162578,0.0,0.0,0.0,0.0,0.0,0.0,0.03283128390356608,0.0,0.0,0.0,0.02667016284291576,0.0,0.0,0.0,0.0,0.0,0.0,0.06187061016388183,0.0,0.0,0.034464053079106195,0.0,0.0,0.0,0.0,0.06741309663278203,0.0,0.4551806772628762
2022-07-04,0.0,0.0,0.0,0.0,0.0,0.0,0.0,0.0,0.0,0.0,0.0,0.0,0.0,0.0,0.0,0.0,0.0,0.06758584618634013,0.0,0.0,0.0,0.0,0.02688206246600206,0.0,0.02971478379687395,0.0,0.0,0.0,0.05821640691523018,0.0,0.0,0.0,0.0,0.0,0.0,0.0,0.0,0.0,0.0,0.0,0.0,0.0,0.0,0.0,0.0,0.0,0.0,0.0,0.04745508834771118,0.0,0.0,0.0,0.0,0.0,0.0,0.0,0.0,0.0,0.0,0.0,0.0,0.0,0.0,0.0,0.0,0.0,0.0,0.0,0.0,0.0,0.0,0.0,0.0,0.0,0.0,0.0,0.0,0.0,0.0,0.0,0.0,0.03006111563750439,0.06204786001919312,0.0,0.0,0.0,0.0,0.0,0.0,0.031147864148892514,0.0,0.0,0.0,0.026986205704440783,0.0,0.0,0.0,0.0,0.0,0.0,0.061689522979825155,0.0,0.0,0.03338615619926604,0.0,0.0,0.0,0.0,0.06765004063650222,0.0,0.4571770469622183
2022-07-05,0.0,0.0,0.0,0.0,0.0,0.0,0.0,0.0,0.0,0.0,0.0,0.0,0.0,0.0,0.0,0.0,0.0,0.06830907969840273,0.0,0.0,0.0,0.0,0.02627077125818702,0.0,0.029210421639838235,0.0,0.0,0.0,0.058006345194325966,0.0,0.0,0.0,0.0,0.0,0.0,0.0,0.0,0.0,0.0,0.0,0.0,0.0,0.0,0.0,0.0,0.0,0.0,0.0,0.046967652376017605,0.0,0.0,0.0,0.0,0.0,0.0,0.0,0.0,0.0,0.0,0.0,0.0,0.0,0.0,0.0,0.0,0.0,0.0,0.0,0.0,0.0,0.0,0.0,0.0,0.0,0.0,0.0,0.0,0.0,0.0,0.0,0.0,0.03035439480876022,0.05788945820173021,0.0,0.0,0.0,0.0,0.0,0.0,0.030595085807314806,0.0,0.0,0.0,0.02625175987336503,0.0,0.0,0.0,0.0,0.0,0.0,0.06437001545337687,0.0,0.0,0.03306687676483073,0.0,0.0,0.0,0.0,0.06930549245934177,0.0,0.45940264646450873
2022-07-06,0.0,0.0,0.0,0.0,0.0,0.0,0.0,0.0,0.0,0.0,0.0,0.0,0.0,0.0,0.0,0.0,0.0,0.06930455275445206,0.0,0.0,0.0,0.0,0.025017321623195875,0.0,0.029067559407362,0.0,0.0,0.0,0.057151858841230925,0.0,0.0,0.0,0.0,0.0,0.0,0.0,0.0,0.0,0.0,0.0,0.0,0.0,0.0,0.0,0.0,0.0,0.0,0.0,0.04707497190400153,0.0,0.0,0.0,0.0,0.0,0.0,0.0,0.0,0.0,0.0,0.0,0.0,0.0,0.0,0.0,0.0,0.0,0.0,0.0,0.0,0.0,0.0,0.0,0.0,0.0,0.0,0.0,0.0,0.0,0.0,0.0,0.0,0.030726142942885063,0.05701325615241754,0.0,0.0,0.0,0.0,0.0,0.0,0.03133365393530662,0.0,0.0,0.0,0.026413680403108965,0.0,0.0,0.0,0.0,0.0,0.0,0.06673067706775623,0.0,0.0,0.03205166865822862,0.0,0.0,0.0,0.0,0.06937617253968406,0.0,0.45873848377037063
2022-07-07,0.0,0.0,0.0,0.0,0.0,0.0,0.0,0.0,0.0,0.0,0.0,0.0,0.0,0.0,0.0,0.0,0.0,0.06839376513338281,0.0,0.0,0.0,0.0,0.025763511101573534,0.0,0.02926112909005689,0.0,0.0,0.0,0.056892127374812695,0.0,0.0,0.0,0.0,0.0,0.0,0.0,0.0,0.0,0.0,0.0,0.0,0.0,0.0,0.0,0.0,0.0,0.0,0.0,0.04753888240829427,0.0,0.0,0.0,0.0,0.0,0.0,0.0,0.0,0.0,0.0,0.0,0.0,0.0,0.0,0.0,0.0,0.0,0.0,0.0,0.0,0.0,0.0,0.0,0.0,0.0,0.0,0.0,0.0,0.0,0.0,0.0,0.0,0.031560034405541726,0.05727875103602967,0.0,0.0,0.0,0.0,0.0,0.0,0.03194230610043994,0.0,0.0,0.0,0.027290143758139575,0.0,0.0,0.0,0.0,0.0,0.0,0.06717552086369077,0.0,0.0,0.033067247269153215,0.0,0.0,0.0,0.0,0.06990660284574442,0.0,0.45392997861314044
2022-07-08,0.0,0.0,0.0,0.0,0.0,0.0,0.0,0.0,0.0,0.0,0.0,0.0,0.0,0.0,0.0,0.0,0.0,0.06791495870718799,0.0,0.0,0.0,0.0,0.025373247848474584,0.0,0.029327713922821443,0.0,0.0,0.0,0.05729750287497427,0.0,0.0,0.0,0.0,0.0,0.0,0.0,0.0,0.0,0.0,0.0,0.0,0.0,0.0,0.0,0.0,0.0,0.0,0.0,0.047401443797334006,0.0,0.0,0.0,0.0,0.0,0.0,0.0,0.0,0.0,0.0,0.0,0.0,0.0,0.0,0.0,0.0,0.0,0.0,0.0,0.0,0.0,0.0,0.0,0.0,0.0,0.0,0.0,0.0,0.0,0.0,0.0,0.0,0.032005242903517375,0.05887002244595987,0.0,0.0,0.0,0.0,0.0,0.0,0.03141505346328315,0.0,0.0,0.0,0.027508885915675654,0.0,0.0,0.0,0.0,0.0,0.0,0.06531036124699983,0.0,0.0,0.03318669207509229,0.0,0.0,0.0,0.0,0.06920286077075506,0.0,0.45518601402792447
2022-07-11,0.0,0.0,0.0,0.0,0.0,0.0,0.0,0.0,0.0,0.0,0.0,0.0,0.0,0.0,0.0,0.0,0.0,0.066200668316353,0.0,0.0,0.0,0.0,0.025329883988196824,0.0,0.029502991153372786,0.0,0.0,0.0,0.05840121325128336,0.0,0.0,0.0,0.0,0.0,0.0,0.0,0.0,0.0,0.0,0.0,0.0,0.0,0.0,0.0,0.0,0.0,0.0,0.0,0.04738161935254324,0.0,0.0,0.0,0.0,0.0,0.0,0.0,0.0,0.0,0.0,0.0,0.0,0.0,0.0,0.0,0.0,0.0,0.0,0.0,0.0,0.0,0.0,0.0,0.0,0.0,0.0,0.0,0.0,0.0,0.0,0.0,0.0,0.031345273663872006,0.05977361745937103,0.0,0.0,0.0,0.0,0.0,0.0,0.031581953948093225,0.0,0.0,0.0,0.026476301649152094,0.0,0.0,0.0,0.0,0.0,0.0,0.06350417442363232,0.0,0.0,0.03349094569695576,0.0,0.0,0.0,0.0,0.0679872597314907,0.0,0.4590240973656836
2022-07-12,0.0,0.0,0.0,0.0,0.0,0.0,0.0,0.0,0.0,0.0,0.0,0.0,0.0,0.0,0.0,0.0,0.0,0.06697368432467249,0.0,0.0,0.0,0.0,0.025328658703476867,0.0,0.029642085991508277,0.0,0.0,0.0,0.059481504436239556,0.0,0.0,0.0,0.0,0.0,0.0,0.0,0.0,0.0,0.0,0.0,0.0,0.0,0.0,0.0,0.0,0.0,0.0,0.0,0.04728240922934937,0.0,0.0,0.0,0.0,0.0,0.0,0.0,0.0,0.0,0.0,0.0,0.0,0.0,0.0,0.0,0.0,0.0,0.0,0.0,0.0,0.0,0.0,0.0,0.0,0.0,0.0,0.0,0.0,0.0,0.0,0.0,0.0,0.0317625205682626,0.060519240117226696,0.0,0.0,0.0,0.0,0.0,0.0,0.0320644002982022,0.0,0.0,0.0,0.024784705593741813,0.0,0.0,0.0,0.0,0.0,0.0,0.062448561410317134,0.0,0.0,0.03355420239611382,0.0,0.0,0.0,0.0,0.06787043799137617,0.0,0.4582875889395129
2022-07-13,0.0,0.0,0.0,0.0,0.0,0.0,0.0,0.0,0.0,0.0,0.0,0.0,0.0,0.0,0.0,0.0,0.0,0.06756503277230333,0.0,0.0,0.0,0.0,0.02512350600432955,0.0,0.029918217096777767,0.0,0.0,0.0,0.05855507982461135,0.0,0.0,0.0,0.0,0.0,0.0,0.0,0.0,0.0,0.0,0.0,0.0,0.0,0.0,0.0,0.0,0.0,0.0,0.0,0.047554069345100286,0.0,0.0,0.0,0.0,0.0,0.0,0.0,0.0,0.0,0.0,0.0,0.0,0.0,0.0,0.0,0.0,0.0,0.0,0.0,0.0,0.0,0.0,0.0,0.0,0.0,0.0,0.0,0.0,0.0,0.0,0.0,0.0,0.031704564477157464,0.05884205450665335,0.0,0.0,0.0,0.0,0.0,0.0,0.03324072736687862,0.0,0.0,0.0,0.024647332485385583,0.0,0.0,0.0,0.0,0.0,0.0,0.06233470972819483,0.0,0.0,0.03295344523471649,0.0,0.0,0.0,0.0,0.06833414726103869,0.0,0.45922711389685283
2022-07-14,0.0,0.0,0.0,0.0,0.0,0.0,0.0,0.0,0.0,0.0,0.0,0.0,0.0,0.0,0.0,0.0,0.0,0.06491454464935374,0.0,0.0,0.0,0.0,0.024720928241065886,0.0,0.03056274519333228,0.0,0.0,0.0,0.059602696298372816,0.0,0.0,0.0,0.0,0.0,0.0,0.0,0.0,0.0,0.0,0.0,0.0,0.0,0.0,0.0,0.0,0.0,0.0,0.0,0.04772508309204896,0.0,0.0,0.0,0.0,0.0,0.0,0.0,0.0,0.0,0.0,0.0,0.0,0.0,0.0,0.0,0.0,0.0,0.0,0.0,0.0,0.0,0.0,0.0,0.0,0.0,0.0,0.0,0.0,0.0,0.0,0.0,0.0,0.03163860245841476,0.0571401739195033,0.0,0.0,0.0,0.0,0.0,0.0,0.03301499055136939,0.0,0.0,0.0,0.02444393501460707,0.0,0.0,0.0,0.0,0.0,0.0,0.061965375846936795,0.0,0.0,0.03211058125135729,0.0,0.0,0.0,0.0,0.0681587742177297,0.0,0.4640015692659082
2022-07-15,0.0,0.0,0.0,0.0,0.0,0.0,0.0,0.0,0.0,0.0,0.0,0.0,0.0,0.0,0.0,0.0,0.0,0.06622262385241996,0.0,0.0,0.0,0.0,0.025972982912784943,0.0,0.030254134840110213,0.0,0.0,0.0,0.05991920902078516,0.0,0.0,0.0,0.0,0.0,0.0,0.0,0.0,0.0,0.0,0.0,0.0,0.0,0.0,0.0,0.0,0.0,0.0,0.0,0.048452266839279425,0.0,0.0,0.0,0.0,0.0,0.0,0.0,0.0,0.0,0.0,0.0,0.0,0.0,0.0,0.0,0.0,0.0,0.0,0.0,0.0,0.0,0.0,0.0,0.0,0.0,0.0,0.0,0.0,0.0,0.0,0.0,0.0,0.0310717130236696,0.05683149961936101,0.0,0.0,0.0,0.0,0.0,0.0,0.03257205675125877,0.0,0.0,0.0,0.024107233916609277,0.0,0.0,0.0,0.0,0.0,0.0,0.06186247670341467,0.0,0.0,0.03130080784391346,0.0,0.0,0.0,0.0,0.06837335391553512,0.0,0.4630596407608584
2022-07-18,0.0,0.0,0.0,0.0,0.0,0.0,0.0,0.0,0.0,0.0,0.0,0.0,0.0,0.0,0.0,0.0,0.0,0.06587356509174669,0.0,0.0,0.0,0.0,0.02523863540655625,0.0,0.02982049201826574,0.0,0.0,0.0,0.059073696417379806,0.0,0.0,0.0,0.0,0.0,0.0,0.0,0.0,0.0,0.0,0.0,0.0,0.0,0.0,0.0,0.0,0.0,0.0,0.0,0.04906254839419291,0.0,0.0,0.0,0.0,0.0,0.0,0.0,0.0,0.0,0.0,0.0,0.0,0.0,0.0,0.0,0.0,0.0,0.0,0.0,0.0,0.0,0.0,0.0,0.0,0.0,0.0,0.0,0.0,0.0,0.0,0.0,0.0,0.030976128779479535,0.0603559974302513,0.0,0.0,0.0,0.0,0.0,0.0,0.03315899130334264,0.0,0.0,0.0,0.025037812579161284,0.0,0.0,0.0,0.0,0.0,0.0,0.06190897905250878,0.0,0.0,0.031492476414587973,0.0,0.0,0.0,0.0,0.06694244998618767,0.0,0.46105822712633954
2022-07-19,0.0,0.0,0.0,0.0,0.0,0.0,0.0,0.0,0.0,0.0,0.0,0.0,0.0,0.0,0.0,0.0,0.0,0.06845593983927165,0.0,0.0,0.0,0.0,0.025326933964542123,0.0,0.02953602782538822,0.0,0.0,0.0,0.05782670720036135,0.0,0.0,0.0,0.0,0.0,0.0,0.0,0.0,0.0,0.0,0.0,0.0,0.0,0.0,0.0,0.0,0.0,0.0,0.0,0.04928846411745786,0.0,0.0,0.0,0.0,0.0,0.0,0.0,0.0,0.0,0.0,0.0,0.0,0.0,0.0,0.0,0.0,0.0,0.0,0.0,0.0,0.0,0.0,0.0,0.0,0.0,0.0,0.0,0.0,0.0,0.0,0.0,0.0,0.03157241683882728,0.06027796705759812,0.0,0.0,0.0,0.0,0.0,0.0,0.03266188949327695,0.0,0.0,0.0,0.024937626353233534,0.0,0.0,0.0,0.0,0.0,0.0,0.06442504161253121,0.0,0.0,0.03239325157081543,0.0,0.0,0.0,0.0,0.06817266072721297,0.0,0.4551250733994832
2022-07-20,0.0,0.0,0.0,0.0,0.0,0.0,0.0,0.0,0.0,0.0,0.0,0.0,0.0,0.0,0.0,0.0,0.0,0.06782517980827188,0.0,0.0,0.0,0.0,0.025349343386793798,0.0,0.02948249477669759,0.0,0.0,0.0,0.05744545451055362,0.0,0.0,0.0,0.0,0.0,0.0,0.0,0.0,0.0,0.0,0.0,0.0,0.0,0.0,0.0,0.0,0.0,0.0,0.0,0.051950340701230294,0.0,0.0,0.0,0.0,0.0,0.0,0.0,0.0,0.0,0.0,0.0,0.0,0.0,0.0,0.0,0.0,0.0,0.0,0.0,0.0,0.0,0.0,0.0,0.0,0.0,0.0,0.0,0.0,0.0,0.0,0.0,0.0,0.033317926052104284,0.059612749648468376,0.0,0.0,0.0,0.0,0.0,0.0,0.03274347886730288,0.0,0.0,0.0,0.025095250312508206,0.0,0.0,0.0,0.0,0.0,0.0,0.06713933102588039,0.0,0.0,0.032405733849257226,0.0,0.0,0.0,0.0,0.0652865845337295,0.0,0.45234613252720185
2022-07-21,0.0,0.0,0.0,0.0,0.0,0.0,0.0,0.0,0.0,0.0,0.0,0.0,0.0,0.0,0.0,0.0,0.0,0.06302057001041617,0.0,0.0,0.0,0.0,0.0,0.0,0.0,0.0,0.0,0.0,0.04415437890284364,0.0,0.0,0.0,0.0,0.0,0.0,0.0,0.0,0.0,0.0,0.0,0.0,0.0,0.0,0.0,0.037375394007995645,0.0,0.0,0.0,0.03495540501548317,0.0,0.0,0.0,0.0,0.0,0.0,0.0,0.0,0.0,0.0,0.0,0.0,0.0,0.0,0.0,0.0,0.0,0.0,0.0,0.0,0.0,0.0,0.0,0.0,0.0,0.0,0.0,0.0,0.0,0.0,0.0,0.0,0.03613565204489649,0.05734820003429017,0.0,0.0,0.0,0.0,0.0,0.0,0.0,0.0,0.0,0.0,0.0,0.0,0.0,0.0,0.0,0.0,0.0,0.06288625474726657,0.0,0.0,0.03404141453435558,0.0,0.0,0.0,0.0,0.06021838630888281,0.0,0.40817351930904766
2022-07-22,0.0,0.0,0.0,0.0,0.0,0.0,0.0,0.0,0.0,0.0,0.0,0.0,0.0,0.0,0.0,0.0,0.0,0.06258103012393056,0.0,0.0,0.0,0.0,0.0,0.0,0.0,0.0,0.0,0.0,0.04429814817255156,0.0,0.0,0.0,0.0,0.0,0.0,0.0,0.0,0.0,0.0,0.0,0.0,0.0,0.0,0.0,0.03691593339372366,0.0,0.0,0.0,0.03604922311365718,0.0,0.0,0.0,0.0,0.0,0.0,0.0,0.0,0.0,0.0,0.0,0.0,0.0,0.0,0.0,0.0,0.0,0.0,0.0,0.0,0.0,0.0,0.0,0.0,0.0,0.0,0.0,0.0,0.0,0.0,0.0,0.0,0.03586903045970486,0.0569268274205095,0.0,0.0,0.0,0.0,0.0,0.0,0.0,0.0,0.0,0.0,0.0,0.0,0.0,0.0,0.0,0.0,0.0,0.06174750188900193,0.0,0.0,0.03405623160250853,0.0,0.0,0.0,0.0,0.06143674543301275,0.0,0.4084129521256838
2022-07-25,0.0,0.0,0.0,0.0,0.0,0.0,0.0,0.0,0.0,0.0,0.0,0.0,0.0,0.0,0.0,0.0,0.0,0.06277152058141446,0.0,0.0,0.0,0.0,0.0,0.0,0.0,0.0,0.0,0.0,0.04422740339330999,0.0,0.0,0.0,0.0,0.0,0.0,0.0,0.0,0.0,0.0,0.0,0.0,0.0,0.0,0.0,0.037158038156186894,0.0,0.0,0.0,0.03535958809204156,0.0,0.0,0.0,0.0,0.0,0.0,0.0,0.0,0.0,0.0,0.0,0.0,0.0,0.0,0.0,0.0,0.0,0.0,0.0,0.0,0.0,0.0,0.0,0.0,0.0,0.0,0.0,0.0,0.0,0.0,0.0,0.0,0.034193830483463104,0.05909951614296066,0.0,0.0,0.0,0.0,0.0,0.0,0.0,0.0,0.0,0.0,0.0,0.0,0.0,0.0,0.0,0.0,0.0,0.061456861085233114,0.0,0.0,0.03405961773578495,0.0,0.0,0.0,0.0,0.06308111460303366,0.0,0.5685925097265716
2022-07-26,0.0,0.0,0.0,0.0,0.0,0.0,0.0,0.0,0.0,0.0,0.0,0.0,0.0,0.0,0.0,0.0,0.0,0.0609269696550955,0.0,0.0,0.0,0.0,0.0,0.0,0.0,0.0,0.0,0.0,0.044112073623183104,0.0,0.0,0.0,0.0,0.0,0.0,0.0,0.0,0.0,0.0,0.0,0.0,0.0,0.0,0.0,0.037148575236679054,0.0,0.0,0.0,0.03532186125178475,0.0,0.0,0.0,0.0,0.0,0.0,0.0,0.0,0.0,0.0,0.0,0.0,0.0,0.0,0.0,0.0,0.0,0.0,0.0,0.0,0.0,0.0,0.0,0.0,0.0,0.0,0.0,0.0,0.0,0.0,0.0,0.0,0.034862111209718064,0.05973961723428211,0.0,0.0,0.0,0.0,0.0,0.0,0.0,0.0,0.0,0.0,0.0,0.0,0.0,0.0,0.0,0.0,0.0,0.05994198081401578,0.0,0.0,0.03331833585194769,0.0,0.0,0.0,0.0,0.06274462152549391,0.0,0.5718838535977999
2022-07-27,0.0,0.0,0.0,0.0,0.0,0.0,0.0,0.0,0.0,0.0,0.0,0.0,0.0,0.0,0.0,0.0,0.0,0.061533654906819425,0.0,0.0,0.0,0.0,0.0,0.0,0.0,0.0,0.0,0.0,0.04382920182754344,0.0,0.0,0.0,0.0,0.0,0.0,0.0,0.0,0.0,0.0,0.0,0.0,0.0,0.0,0.0,0.038044879446434365,0.0,0.0,0.0,0.03625779187513343,0.0,0.0,0.0,0.0,0.0,0.0,0.0,0.0,0.0,0.0,0.0,0.0,0.0,0.0,0.0,0.0,0.0,0.0,0.0,0.0,0.0,0.0,0.0,0.0,0.0,0.0,0.0,0.0,0.0,0.0,0.0,0.0,0.0354405972359199,0.05904437961666902,0.0,0.0,0.0,0.0,0.0,0.0,0.0,0.0,0.0,0.0,0.0,0.0,0.0,0.0,0.0,0.0,0.0,0.061878668803052685,0.0,0.0,0.0335372180448715,0.0,0.0,0.0,0.0,0.06373451584754539,0.0,0.5666990923960108
2022-07-28,0.0,0.0,0.0,0.0,0.0,0.0,0.0,0.0,0.0,0.0,0.0,0.0,0.0,0.0,0.0,0.0,0.0,0.06246023353266616,0.0,0.0,0.0,0.0,0.0,0.0,0.0,0.0,0.0,0.0,0.043855525936306906,0.0,0.0,0.0,0.0,0.0,0.0,0.0,0.0,0.0,0.0,0.0,0.0,0.0,0.0,0.0,0.03868194361708343,0.0,0.0,0.0,0.036880113136446846,0.0,0.0,0.0,0.0,0.0,0.0,0.0,0.0,0.0,0.0,0.0,0.0,0.0,0.0,0.0,0.0,0.0,0.0,0.0,0.0,0.0,0.0,0.0,0.0,0.0,0.0,0.0,0.0,0.0,0.0,0.0,0.0,0.03630176795742406,0.058864267903684375,0.0,0.0,0.0,0.0,0.0,0.0,0.0,0.0,0.0,0.0,0.0,0.0,0.0,0.0,0.0,0.0,0.0,0.061994609024294225,0.0,0.0,0.03232100998572402,0.0,0.0,0.0,0.0,0.06576907707013542,0.0,0.5628714518362345
2022-07-29,0.0,0.0,0.0,0.0,0.0,0.0,0.0,0.0,0.0,0.0,0.0,0.0,0.0,0.0,0.0,0.0,0.0,0.06193637567475292,0.0,0.0,0.0,0.0,0.0,0.0,0.0,0.0,0.0,0.0,0.0443741102108662,0.0,0.0,0.0,0.0,0.0,0.0,0.0,0.0,0.0,0.0,0.0,0.0,0.0,0.0,0.0,0.03846845259143239,0.0,0.0,0.0,0.037427766208503604,0.0,0.0,0.0,0.0,0.0,0.0,0.0,0.0,0.0,0.0,0.0,0.0,0.0,0.0,0.0,0.0,0.0,0.0,0.0,0.0,0.0,0.0,0.0,0.0,0.0,0.0,0.0,0.0,0.0,0.0,0.0,0.0,0.03643252292705716,0.05979338669522898,0.0,0.0,0.0,0.0,0.0,0.0,0.0,0.0,0.0,0.0,0.0,0.0,0.0,0.0,0.0,0.0,0.0,0.06183168178073989,0.0,0.0,0.03197575275374214,0.0,0.0,0.0,0.0,0.06587954261133178,0.0,0.561880408546345
2022-08-01,0.0,0.0,0.0,0.0,0.0,0.0,0.0,0.0,0.0,0.0,0.0,0.0,0.0,0.0,0.0,0.0,0.0,0.06119611654363773,0.0,0.0,0.0,0.0,0.0,0.0,0.0,0.0,0.0,0.0,0.04448396753737459,0.0,0.0,0.0,0.0,0.0,0.0,0.0,0.0,0.0,0.0,0.0,0.0,0.0,0.0,0.0,0.0382424837135795,0.0,0.0,0.0,0.03859156861620908,0.0,0.0,0.0,0.0,0.0,0.0,0.0,0.0,0.0,0.0,0.0,0.0,0.0,0.0,0.0,0.0,0.0,0.0,0.0,0.0,0.0,0.0,0.0,0.0,0.0,0.0,0.0,0.0,0.0,0.0,0.0,0.0,0.035832737171797115,0.0579273113445696,0.0,0.0,0.0,0.0,0.0,0.0,0.0,0.0,0.0,0.0,0.0,0.0,0.0,0.0,0.0,0.0,0.0,0.061680494402789054,0.0,0.0,0.03185786576505319,0.0,0.0,0.0,0.0,0.06576743866650493,0.0,0.5644200162384854
2022-08-02,0.0,0.0,0.0,0.0,0.0,0.0,0.0,0.0,0.0,0.0,0.0,0.0,0.0,0.0,0.0,0.0,0.0,0.06152582394427209,0.0,0.0,0.0,0.0,0.0,0.0,0.0,0.0,0.0,0.0,0.04451139576872518,0.0,0.0,0.0,0.0,0.0,0.0,0.0,0.0,0.0,0.0,0.0,0.0,0.0,0.0,0.0,0.03831680544126295,0.0,0.0,0.0,0.03849993992303453,0.0,0.0,0.0,0.0,0.0,0.0,0.0,0.0,0.0,0.0,0.0,0.0,0.0,0.0,0.0,0.0,0.0,0.0,0.0,0.0,0.0,0.0,0.0,0.0,0.0,0.0,0.0,0.0,0.0,0.0,0.0,0.0,0.03627329475923635,0.05774447176045918,0.0,0.0,0.0,0.0,0.0,0.0,0.0,0.0,0.0,0.0,0.0,0.0,0.0,0.0,0.0,0.0,0.0,0.061925630703074566,0.0,0.0,0.03209099169455713,0.0,0.0,0.0,0.0,0.06667852848559966,0.0,0.5624331175197783
2022-08-03,0.0,0.0,0.0,0.0,0.0,0.0,0.0,0.0,0.0,0.0,0.0,0.0,0.0,0.0,0.0,0.0,0.0,0.06293931508874442,0.0,0.0,0.0,0.0,0.0,0.0,0.0,0.0,0.0,0.0,0.043670573879949354,0.0,0.0,0.0,0.0,0.0,0.0,0.0,0.0,0.0,0.0,0.0,0.0,0.0,0.0,0.0,0.037911438488669576,0.0,0.0,0.0,0.038432026072701714,0.0,0.0,0.0,0.0,0.0,0.0,0.0,0.0,0.0,0.0,0.0,0.0,0.0,0.0,0.0,0.0,0.0,0.0,0.0,0.0,0.0,0.0,0.0,0.0,0.0,0.0,0.0,0.0,0.0,0.0,0.0,0.0,0.0385645252316465,0.05826811823089107,0.0,0.0,0.0,0.0,0.0,0.0,0.0,0.0,0.0,0.0,0.0,0.0,0.0,0.0,0.0,0.0,0.0,0.06328431988871612,0.0,0.0,0.03233150435433552,0.0,0.0,0.0,0.0,0.06562863522527332,0.0,0.5589695435390725
2022-08-04,0.0,0.0,0.0,0.0,0.0,0.0,0.0,0.0,0.0,0.0,0.0,0.0,0.0,0.0,0.0,0.0,0.0,0.06603313469172223,0.0,0.0,0.0,0.0,0.0,0.0,0.0,0.0,0.0,0.0,0.04433109964780027,0.0,0.0,0.0,0.0,0.0,0.0,0.0,0.0,0.0,0.0,0.0,0.0,0.0,0.0,0.0,0.03898124278776198,0.0,0.0,0.0,0.0394921345641696,0.0,0.0,0.0,0.0,0.0,0.0,0.0,0.0,0.0,0.0,0.0,0.0,0.0,0.0,0.0,0.0,0.0,0.0,0.0,0.0,0.0,0.0,0.0,0.0,0.0,0.0,0.0,0.0,0.0,0.0,0.0,0.0,0.03933631841582305,0.05662694720598103,0.0,0.0,0.0,0.0,0.0,0.0,0.0,0.0,0.0,0.0,0.0,0.0,0.0,0.0,0.0,0.0,0.0,0.06357220649940513,0.0,0.0,0.03208946741941373,0.0,0.0,0.0,0.0,0.06649255279439541,0.0,0.5530448959735277
2022-08-05,0.0,0.0,0.0,0.0,0.0,0.0,0.0,0.0,0.0,0.0,0.0,0.0,0.0,0.0,0.0,0.0,0.0,0.0669187749078047,0.0,0.0,0.0,0.0,0.0,0.0,0.0,0.0,0.0,0.0,0.04439191888550372,0.0,0.0,0.0,0.0,0.0,0.0,0.0,0.0,0.0,0.0,0.0,0.0,0.0,0.0,0.0,0.0387337302909576,0.0,0.0,0.0,0.04013872660136135,0.0,0.0,0.0,0.0,0.0,0.0,0.0,0.0,0.0,0.0,0.0,0.0,0.0,0.0,0.0,0.0,0.0,0.0,0.0,0.0,0.0,0.0,0.0,0.0,0.0,0.0,0.0,0.0,0.0,0.0,0.0,0.0,0.039835562241963815,0.05818783129410782,0.0,0.0,0.0,0.0,0.0,0.0,0.0,0.0,0.0,0.0,0.0,0.0,0.0,0.0,0.0,0.0,0.0,0.06212611682084941,0.0,0.0,0.03176964350754347,0.0,0.0,0.0,0.0,0.06632759112807915,0.0,0.5515701043218291
2022-08-08,0.0,0.0,0.0,0.0,0.0,0.0,0.0,0.0,0.0,0.0,0.0,0.0,0.0,0.0,0.0,0.0,0.0,0.06696145395351796,0.0,0.0,0.0,0.0,0.0,0.0,0.0,0.0,0.0,0.0,0.044027129752561456,0.0,0.0,0.0,0.0,0.0,0.0,0.0,0.0,0.0,0.0,0.0,0.0,0.0,0.0,0.0,0.03775225392791489,0.0,0.0,0.0,0.04011511535494528,0.0,0.0,0.0,0.0,0.0,0.0,0.0,0.0,0.0,0.0,0.0,0.0,0.0,0.0,0.0,0.0,0.0,0.0,0.0,0.0,0.0,0.0,0.0,0.0,0.0,0.0,0.0,0.0,0.0,0.0,0.0,0.0,0.041003955588778444,0.059100272035288906,0.0,0.0,0.0,0.0,0.0,0.0,0.0,0.0,0.0,0.0,0.0,0.0,0.0,0.0,0.0,0.0,0.0,0.06449527220214096,0.0,0.0,0.03139300347002195,0.0,0.0,0.0,0.0,0.06783611912472645,0.0,0.5473154245901036
2022-08-09,0.0,0.0,0.0,0.0,0.0,0.0,0.0,0.0,0.0,0.0,0.0,0.0,0.0,0.0,0.0,0.0,0.0,0.06564456786743818,0.0,0.0,0.0,0.0,0.0,0.0,0.0,0.0,0.0,0.0,0.04448352475033653,0.0,0.0,0.0,0.0,0.0,0.0,0.0,0.0,0.0,0.0,0.0,0.0,0.0,0.0,0.0,0.03735779561236225,0.0,0.0,0.0,0.039583795757629624,0.0,0.0,0.0,0.0,0.0,0.0,0.0,0.0,0.0,0.0,0.0,0.0,0.0,0.0,0.0,0.0,0.0,0.0,0.0,0.0,0.0,0.0,0.0,0.0,0.0,0.0,0.0,0.0,0.0,0.0,0.0,0.0,0.0409014117323505,0.06013602463883029,0.0,0.0,0.0,0.0,0.0,0.0,0.0,0.0,0.0,0.0,0.0,0.0,0.0,0.0,0.0,0.0,0.0,0.06430305339270227,0.0,0.0,0.031716792408252585,0.0,0.0,0.0,0.0,0.06758008621842479,0.0,0.5482929476216731
2022-08-10,0.0,0.0,0.0,0.0,0.0,0.0,0.0,0.0,0.0,0.0,0.0,0.0,0.0,0.0,0.0,0.0,0.0,0.06918685864995129,0.0,0.0,0.0,0.0,0.0,0.0,0.0,0.0,0.0,0.0,0.0423289434386452,0.0,0.0,0.0,0.0,0.0,0.0,0.0,0.0,0.0,0.0,0.0,0.0,0.0,0.0,0.0,0.037849891973539156,0.0,0.0,0.0,0.040429685907017704,0.0,0.0,0.0,0.0,0.0,0.0,0.0,0.0,0.0,0.0,0.0,0.0,0.0,0.0,0.0,0.0,0.0,0.0,0.0,0.0,0.0,0.0,0.0,0.0,0.0,0.0,0.0,0.0,0.0,0.0,0.0,0.0,0.04309365524451648,0.058584545572975155,0.0,0.0,0.0,0.0,0.0,0.0,0.0,0.0,0.0,0.0,0.0,0.0,0.0,0.0,0.0,0.0,0.0,0.06802685212529362,0.0,0.0,0.03172054739823466,0.0,0.0,0.0,0.0,0.0689731786919239,0.0,0.5398058409979029
2022-08-11,0.0,0.0,0.0,0.0,0.0,0.0,0.0,0.0,0.0,0.0,0.0,0.0,0.0,0.0,0.0,0.0,0.0,0.06894133769489591,0.0,0.0,0.0,0.0,0.0,0.0,0.0,0.0,0.0,0.0,0.0419332388147074,0.0,0.0,0.0,0.0,0.0,0.0,0.0,0.0,0.0,0.0,0.0,0.0,0.0,0.0,0.0,0.03736817936987449,0.0,0.0,0.0,0.04012121312318887,0.0,0.0,0.0,0.0,0.0,0.0,0.0,0.0,0.0,0.0,0.0,0.0,0.0,0.0,0.0,0.0,0.0,0.0,0.0,0.0,0.0,0.0,0.0,0.0,0.0,0.0,0.0,0.0,0.0,0.0,0.0,0.0,0.04736436957731101,0.05971773488494773,0.0,0.0,0.0,0.0,0.0,0.0,0.0,0.0,0.0,0.0,0.0,0.0,0.0,0.0,0.0,0.0,0.0,0.06691358908830763,0.0,0.0,0.031748261180004,0.0,0.0,0.0,0.0,0.06752222107226162,0.0,0.5383698551945013
2022-08-12,0.0,0.0,0.0,0.0,0.0,0.0,0.0,0.0,0.0,0.0,0.0,0.0,0.0,0.0,0.0,0.0,0.0,0.06849431824489212,0.0,0.0,0.0,0.0,0.0,0.0,0.0,0.0,0.0,0.0,0.041841817328847196,0.0,0.0,0.0,0.0,0.0,0.0,0.0,0.0,0.0,0.0,0.0,0.0,0.0,0.0,0.0,0.03702199591700743,0.0,0.0,0.0,0.039277205115333495,0.0,0.0,0.0,0.0,0.0,0.0,0.0,0.0,0.0,0.0,0.0,0.0,0.0,0.0,0.0,0.0,0.0,0.0,0.0,0.0,0.0,0.0,0.0,0.0,0.0,0.0,0.0,0.0,0.0,0.0,0.0,0.0,0.049152298107041935,0.06031538511510913,0.0,0.0,0.0,0.0,0.0,0.0,0.0,0.0,0.0,0.0,0.0,0.0,0.0,0.0,0.0,0.0,0.0,0.0678733040001154,0.0,0.0,0.034152726713574465,0.0,0.0,0.0,0.0,0.06856202550482839,0.0,0.5333089239532505
2022-08-15,0.0,0.0,0.0,0.0,0.0,0.0,0.0,0.0,0.0,0.0,0.0,0.0,0.0,0.0,0.0,0.0,0.0,0.0691548010490482,0.0,0.0,0.0,0.0,0.0,0.0,0.0,0.0,0.0,0.0,0.04174883534762376,0.0,0.0,0.0,0.0,0.0,0.0,0.0,0.0,0.0,0.0,0.0,0.0,0.0,0.0,0.0,0.03723569217595814,0.0,0.0,0.0,0.038625771631178696,0.0,0.0,0.0,0.0,0.0,0.0,0.0,0.0,0.0,0.0,0.0,0.0,0.0,0.0,0.0,0.0,0.0,0.0,0.0,0.0,0.0,0.0,0.0,0.0,0.0,0.0,0.0,0.0,0.0,0.0,0.0,0.0,0.05177555132194457,0.05901651261942391,0.0,0.0,0.0,0.0,0.0,0.0,0.0,0.0,0.0,0.0,0.0,0.0,0.0,0.0,0.0,0.0,0.0,0.06711677863012629,0.0,0.0,0.03483248108621507,0.0,0.0,0.0,0.0,0.06727403557987388,0.0,0.5332195405586075
2022-08-16,0.0,0.0,0.0,0.0,0.0,0.0,0.0,0.0,0.0,0.0,0.0,0.0,0.0,0.0,0.0,0.0,0.0,0.06891569450945342,0.0,0.0,0.0,0.0,0.0,0.0,0.0,0.0,0.0,0.0,0.04206950290970594,0.0,0.0,0.0,0.0,0.0,0.0,0.0,0.0,0.0,0.0,0.0,0.0,0.0,0.0,0.0,0.037314337297241894,0.0,0.0,0.0,0.03799712158339509,0.0,0.0,0.0,0.0,0.0,0.0,0.0,0.0,0.0,0.0,0.0,0.0,0.0,0.0,0.0,0.0,0.0,0.0,0.0,0.0,0.0,0.0,0.0,0.0,0.0,0.0,0.0,0.0,0.0,0.0,0.0,0.0,0.054411632674469426,0.05674661119568722,0.0,0.0,0.0,0.0,0.0,0.0,0.0,0.0,0.0,0.0,0.0,0.0,0.0,0.0,0.0,0.0,0.0,0.06581420085306422,0.0,0.0,0.03452813808714188,0.0,0.0,0.0,0.0,0.06792808825550203,0.0,0.5342746726343388
2022-08-17,0.0,0.0,0.0,0.0,0.0,0.0,0.0,0.0,0.0,0.0,0.0,0.0,0.0,0.0,0.0,0.0,0.0,0.0690284742826941,0.0,0.0,0.0,0.0,0.0,0.0,0.0,0.0,0.0,0.0,0.043127290808924315,0.0,0.0,0.0,0.0,0.0,0.0,0.0,0.0,0.0,0.0,0.0,0.0,0.0,0.0,0.0,0.0374433036162102,0.0,0.0,0.0,0.03819639937433832,0.0,0.0,0.0,0.0,0.0,0.0,0.0,0.0,0.0,0.0,0.0,0.0,0.0,0.0,0.0,0.0,0.0,0.0,0.0,0.0,0.0,0.0,0.0,0.0,0.0,0.0,0.0,0.0,0.0,0.0,0.0,0.0,0.05224989821937206,0.0567351476954805,0.0,0.0,0.0,0.0,0.0,0.0,0.0,0.0,0.0,0.0,0.0,0.0,0.0,0.0,0.0,0.0,0.0,0.06681336618357347,0.0,0.0,0.03490361729864449,0.0,0.0,0.0,0.0,0.06750361334652616,0.0,0.5339988891742363
2022-08-18,0.0,0.0,0.0,0.0,0.0,0.0,0.0,0.0,0.0,0.0,0.0,0.0,0.0,0.0,0.0,0.0,0.0,0.06830838261003004,0.0,0.0,0.0,0.0,0.0,0.0,0.0,0.0,0.0,0.0,0.04266386223631524,0.0,0.0,0.0,0.0,0.0,0.0,0.0,0.0,0.0,0.0,0.0,0.0,0.0,0.0,0.0,0.03731229049984159,0.0,0.0,0.0,0.03709576122980656,0.0,0.0,0.0,0.0,0.0,0.0,0.0,0.0,0.0,0.0,0.0,0.0,0.0,0.0,0.0,0.0,0.0,0.0,0.0,0.0,0.0,0.0,0.0,0.0,0.0,0.0,0.0,0.0,0.0,0.0,0.0,0.0,0.05364760806815912,0.05716056115802591,0.0,0.0,0.0,0.0,0.0,0.0,0.0,0.0,0.0,0.0,0.0,0.0,0.0,0.0,0.0,0.0,0.0,0.06872821922365936,0.0,0.0,0.03527388450202345,0.0,0.0,0.0,0.0,0.06808693134188411,0.0,0.5317224991302547
2022-08-19,0.0,0.0,0.0,0.0,0.0,0.0,0.0,0.0,0.0,0.0,0.0,0.0,0.0,0.0,0.0,0.0,0.0,0.06797387308077428,0.0,0.0,0.0,0.0,0.0,0.0,0.0,0.0,0.0,0.0,0.042672543162326736,0.0,0.0,0.0,0.0,0.0,0.0,0.0,0.0,0.0,0.0,0.0,0.0,0.0,0.0,0.0,0.036989557162473576,0.0,0.0,0.0,0.0366351931355056,0.0,0.0,0.0,0.0,0.0,0.0,0.0,0.0,0.0,0.0,0.0,0.0,0.0,0.0,0.0,0.0,0.0,0.0,0.0,0.0,0.0,0.0,0.0,0.0,0.0,0.0,0.0,0.0,0.0,0.0,0.0,0.0,0.052386292969703714,0.05612628476760888,0.0,0.0,0.0,0.0,0.0,0.0,0.0,0.0,0.0,0.0,0.0,0.0,0.0,0.0,0.0,0.0,0.0,0.0687459714236528,0.0,0.0,0.034985188613909673,0.0,0.0,0.0,0.0,0.06651754221748098,0.0,0.5369675534665638
2022-08-22,0.0,0.0,0.0,0.0,0.0,0.0,0.0,0.0,0.0,0.0,0.0,0.0,0.0,0.0,0.0,0.0,0.0,0.06717622876135385,0.0,0.0,0.0,0.0,0.0,0.0,0.0,0.0,0.0,0.0,0.04316394229809423,0.0,0.0,0.0,0.0,0.0,0.0,0.0,0.0,0.0,0.0,0.0,0.0,0.0,0.0,0.0,0.036007008215639784,0.0,0.0,0.0,0.03686255207660893,0.0,0.0,0.0,0.0,0.0,0.0,0.0,0.0,0.0,0.0,0.0,0.0,0.0,0.0,0.0,0.0,0.0,0.0,0.0,0.0,0.0,0.0,0.0,0.0,0.0,0.0,0.0,0.0,0.0,0.0,0.0,0.0,0.05378254416609463,0.055133765114429745,0.0,0.0,0.0,0.0,0.0,0.0,0.0,0.0,0.0,0.0,0.0,0.0,0.0,0.0,0.0,0.0,0.0,0.06754535948147898,0.0,0.0,0.03533582070438311,0.0,0.0,0.0,0.0,0.0648593926194156,0.0,0.5401333865625011
2022-08-23,0.0,0.0,0.0,0.0,0.0,0.0,0.0,0.0,0.0,0.0,0.0,0.0,0.0,0.0,0.0,0.0,0.0,0.06794477522330783,0.0,0.0,0.0,0.0,0.0,0.0,0.0,0.0,0.0,0.0,0.04317263565086063,0.0,0.0,0.0,0.0,0.0,0.0,0.0,0.0,0.0,0.0,0.0,0.0,0.0,0.0,0.0,0.0362222962548367,0.0,0.0,0.0,0.0365032157079425,0.0,0.0,0.0,0.0,0.0,0.0,0.0,0.0,0.0,0.0,0.0,0.0,0.0,0.0,0.0,0.0,0.0,0.0,0.0,0.0,0.0,0.0,0.0,0.0,0.0,0.0,0.0,0.0,0.0,0.0,0.0,0.0,0.05343919999705759,0.05867962142888952,0.0,0.0,0.0,0.0,0.0,0.0,0.0,0.0,0.0,0.0,0.0,0.0,0.0,0.0,0.0,0.0,0.0,0.06789751355108108,0.0,0.0,0.03563703837189729,0.0,0.0,0.0,0.0,0.06405109476551486,0.0,0.5364526090486118
2022-08-24,0.0,0.0,0.0,0.0,0.0,0.0,0.0,0.0,0.0,0.0,0.0,0.0,0.0,0.0,0.0,0.0,0.0,0.06787202975558163,0.0,0.0,0.0,0.0,0.0,0.0,0.0,0.0,0.0,0.0,0.04268223649676998,0.0,0.0,0.0,0.0,0.0,0.0,0.0,0.0,0.0,0.0,0.0,0.0,0.0,0.0,0.0,0.03671813499505537,0.0,0.0,0.0,0.0364680074163043,0.0,0.0,0.0,0.0,0.0,0.0,0.0,0.0,0.0,0.0,0.0,0.0,0.0,0.0,0.0,0.0,0.0,0.0,0.0,0.0,0.0,0.0,0.0,0.0,0.0,0.0,0.0,0.0,0.0,0.0,0.0,0.0,0.05719246777314897,0.060113478208543375,0.0,0.0,0.0,0.0,0.0,0.0,0.0,0.0,0.0,0.0,0.0,0.0,0.0,0.0,0.0,0.0,0.0,0.06817576786323107,0.0,0.0,0.03595348489012868,0.0,0.0,0.0,0.0,0.06339688409159146,0.0,0.5314275085096453
2022-08-25,0.0,0.0,0.0,0.0,0.0,0.0,0.0,0.0,0.0,0.0,0.0,0.0,0.0,0.0,0.0,0.0,0.0,0.06722267769891406,0.0,0.0,0.0,0.0,0.0,0.0,0.0,0.0,0.0,0.0,0.04219996333159078,0.0,0.0,0.0,0.0,0.0,0.0,0.0,0.0,0.0,0.0,0.0,0.0,0.0,0.0,0.0,0.036429493015004824,0.0,0.0,0.0,0.0368239954570966,0.0,0.0,0.0,0.0,0.0,0.0,0.0,0.0,0.0,0.0,0.0,0.0,0.0,0.0,0.0,0.0,0.0,0.0,0.0,0.0,0.0,0.0,0.0,0.0,0.0,0.0,0.0,0.0,0.0,0.0,0.0,0.0,0.05704923703582285,0.061015434244389766,0.0,0.0,0.0,0.0,0.0,0.0,0.0,0.0,0.0,0.0,0.0,0.0,0.0,0.0,0.0,0.0,0.0,0.06816767476098747,0.0,0.0,0.03610048467333526,0.0,0.0,0.0,0.0,0.06370044184458949,0.0,0.5312905979382689
2022-08-26,0.0,0.0,0.0,0.0,0.0,0.0,0.0,0.0,0.0,0.0,0.0,0.0,0.0,0.0,0.0,0.0,0.0,0.03368393018872899,0.0,0.0,0.0,0.0,0.0,0.0,0.0,0.0,0.0,0.0,0.0,0.0,0.0,0.0,0.0,0.0,0.0,0.0,0.0,0.0,0.0,0.0,0.0,0.0,0.0,0.0,0.030187559863289883,0.0,0.0,0.0,0.0,0.0,0.0,0.0,0.0,0.0,0.0,0.0,0.0,0.0,0.0,0.0,0.0,0.0,0.0,0.0,0.0,0.0,0.0,0.0,0.0,0.0,0.0,0.0,0.0,0.0,0.0,0.0,0.0,0.0,0.0,0.0,0.0,0.0,0.0,0.0,0.0,0.0,0.0,0.0,0.0,0.0,0.0,0.0,0.0,0.0,0.0,0.0,0.0,0.0,0.0,0.0,0.0336653302190929,0.0,0.0,0.0,0.0,0.0,0.0,0.0,0.033295883956709446,0.0,0.5326962609699101
2022-08-29,0.0,0.0,0.0,0.0,0.0,0.0,0.0,0.0,0.0,0.0,0.0,0.0,0.0,0.0,0.0,0.0,0.0,0.03423108090545107,0.0,0.0,0.0,0.0,0.0,0.0,0.0,0.0,0.0,0.0,0.0,0.0,0.0,0.0,0.0,0.0,0.0,0.0,0.0,0.0,0.0,0.0,0.0,0.0,0.0,0.0,0.030845683061984285,0.0,0.0,0.0,0.0,0.0,0.0,0.0,0.0,0.0,0.0,0.0,0.0,0.0,0.0,0.0,0.0,0.0,0.0,0.0,0.0,0.0,0.0,0.0,0.0,0.0,0.0,0.0,0.0,0.0,0.0,0.0,0.0,0.0,0.0,0.0,0.0,0.0,0.0,0.0,0.0,0.0,0.0,0.0,0.0,0.0,0.0,0.0,0.0,0.0,0.0,0.0,0.0,0.0,0.0,0.0,0.033685500139811614,0.0,0.0,0.0,0.0,0.0,0.0,0.0,0.032751490183183324,0.0,0.5323834769541337
2022-08-30,0.0,0.0,0.0,0.0,0.0,0.0,0.0,0.0,0.0,0.0,0.0,0.0,0.0,0.0,0.0,0.0,0.0,0.034216525592548105,0.0,0.0,0.0,0.0,0.0,0.0,0.0,0.0,0.0,0.0,0.0,0.0,0.0,0.0,0.0,0.0,0.0,0.0,0.0,0.0,0.0,0.0,0.0,0.0,0.0,0.0,0.030718220482137223,0.0,0.0,0.0,0.0,0.0,0.0,0.0,0.0,0.0,0.0,0.0,0.0,0.0,0.0,0.0,0.0,0.0,0.0,0.0,0.0,0.0,0.0,0.0,0.0,0.0,0.0,0.0,0.0,0.0,0.0,0.0,0.0,0.0,0.0,0.0,0.0,0.0,0.0,0.0,0.0,0.0,0.0,0.0,0.0,0.0,0.0,0.0,0.0,0.0,0.0,0.0,0.0,0.0,0.0,0.0,0.03304709390039443,0.0,0.0,0.0,0.0,0.0,0.0,0.0,0.03278607743920774,0.0,0.8692320825857124
2022-08-31,0.0,0.0,0.0,0.0,0.0,0.0,0.0,0.0,0.0,0.0,0.0,0.0,0.0,0.0,0.0,0.0,0.0,0.03381452754555629,0.0,0.0,0.0,0.0,0.0,0.0,0.0,0.0,0.0,0.0,0.0,0.0,0.0,0.0,0.0,0.0,0.0,0.0,0.0,0.0,0.0,0.0,0.0,0.0,0.0,0.0,0.030640184220205556,0.0,0.0,0.0,0.0,0.0,0.0,0.0,0.0,0.0,0.0,0.0,0.0,0.0,0.0,0.0,0.0,0.0,0.0,0.0,0.0,0.0,0.0,0.0,0.0,0.0,0.0,0.0,0.0,0.0,0.0,0.0,0.0,0.0,0.0,0.0,0.0,0.0,0.0,0.0,0.0,0.0,0.0,0.0,0.0,0.0,0.0,0.0,0.0,0.0,0.0,0.0,0.0,0.0,0.0,0.0,0.032590043685433556,0.0,0.0,0.0,0.0,0.0,0.0,0.0,0.03269272399853492,0.0,0.8702625205502698
2022-09-01,0.0,0.0,0.0,0.0,0.0,0.0,0.0,0.0,0.0,0.0,0.0,0.0,0.0,0.0,0.0,0.0,0.0,0.03412802756759078,0.0,0.0,0.0,0.0,0.0,0.0,0.0,0.0,0.0,0.0,0.0,0.0,0.0,0.0,0.0,0.0,0.0,0.0,0.0,0.0,0.0,0.0,0.0,0.0,0.0,0.0,0.03133762398151906,0.0,0.0,0.0,0.0,0.0,0.0,0.0,0.0,0.0,0.0,0.0,0.0,0.0,0.0,0.0,0.0,0.0,0.0,0.0,0.0,0.0,0.0,0.0,0.0,0.0,0.0,0.0,0.0,0.0,0.0,0.0,0.0,0.0,0.0,0.0,0.0,0.0,0.0,0.0,0.0,0.0,0.0,0.0,0.0,0.0,0.0,0.0,0.0,0.0,0.0,0.0,0.0,0.0,0.0,0.0,0.03257983670871931,0.0,0.0,0.0,0.0,0.0,0.0,0.0,0.03274056964049443,0.0,0.8692139421016764
2022-09-02,0.0,0.0,0.0,0.0,0.0,0.0,0.0,0.0,0.0,0.0,0.0,0.0,0.0,0.0,0.0,0.0,0.0,0.034353731021967544,0.0,0.0,0.0,0.0,0.0,0.0,0.0,0.0,0.0,0.0,0.0,0.0,0.0,0.0,0.0,0.0,0.0,0.0,0.0,0.0,0.0,0.0,0.0,0.0,0.0,0.0,0.031366959707043895,0.0,0.0,0.0,0.0,0.0,0.0,0.0,0.0,0.0,0.0,0.0,0.0,0.0,0.0,0.0,0.0,0.0,0.0,0.0,0.0,0.0,0.0,0.0,0.0,0.0,0.0,0.0,0.0,0.0,0.0,0.0,0.0,0.0,0.0,0.0,0.0,0.0,0.0,0.0,0.0,0.0,0.0,0.0,0.0,0.0,0.0,0.0,0.0,0.0,0.0,0.0,0.0,0.0,0.0,0.0,0.03289874747438014,0.0,0.0,0.0,0.0,0.0,0.0,0.0,0.034731288628278324,0.0,0.8666492731683301
2022-09-05,0.0,0.0,0.0,0.0,0.0,0.0,0.0,0.0,0.0,0.0,0.0,0.0,0.0,0.0,0.0,0.0,0.0,0.0348879598179336,0.0,0.0,0.0,0.0,0.0,0.0,0.0,0.0,0.0,0.0,0.0,0.0,0.0,0.0,0.0,0.0,0.0,0.0,0.0,0.0,0.0,0.0,0.0,0.0,0.0,0.0,0.03143811789808623,0.0,0.0,0.0,0.0,0.0,0.0,0.0,0.0,0.0,0.0,0.0,0.0,0.0,0.0,0.0,0.0,0.0,0.0,0.0,0.0,0.0,0.0,0.0,0.0,0.0,0.0,0.0,0.0,0.0,0.0,0.0,0.0,0.0,0.0,0.0,0.0,0.0,0.0,0.0,0.0,0.0,0.0,0.0,0.0,0.0,0.0,0.0,0.0,0.0,0.0,0.0,0.0,0.0,0.0,0.0,0.03296529086263604,0.0,0.0,0.0,0.0,0.0,0.0,0.0,0.035449560510463635,0.0,0.8652590709108805
2022-09-06,0.0,0.0,0.0,0.0,0.0,0.0,0.0,0.0,0.0,0.0,0.0,0.0,0.0,0.0,0.0,0.0,0.0,0.03412200497415544,0.0,0.0,0.0,0.0,0.0,0.0,0.0,0.0,0.0,0.0,0.0,0.0,0.0,0.0,0.0,0.0,0.0,0.0,0.0,0.0,0.0,0.0,0.0,0.0,0.0,0.0,0.030991280838923427,0.0,0.0,0.0,0.0,0.0,0.0,0.0,0.0,0.0,0.0,0.0,0.0,0.0,0.0,0.0,0.0,0.0,0.0,0.0,0.0,0.0,0.0,0.0,0.0,0.0,0.0,0.0,0.0,0.0,0.0,0.0,0.0,0.0,0.0,0.0,0.0,0.0,0.0,0.0,0.0,0.0,0.0,0.0,0.0,0.0,0.0,0.0,0.0,0.0,0.0,0.0,0.0,0.0,0.0,0.0,0.03201983645687956,0.0,0.0,0.0,0.0,0.0,0.0,0.0,0.03484308849777293,0.0,0.8680237892322687
2022-09-08,0.0,0.0,0.0,0.0,0.0,0.0,0.0,0.0,0.0,0.0,0.0,0.0,0.0,0.0,0.0,0.0,0.0,0.034462226572625675,0.0,0.0,0.0,0.0,0.0,0.0,0.0,0.0,0.0,0.0,0.0,0.0,0.0,0.0,0.0,0.0,0.0,0.0,0.0,0.0,0.0,0.0,0.0,0.0,0.0,0.0,0.031176252275923234,0.0,0.0,0.0,0.0,0.0,0.0,0.0,0.0,0.0,0.0,0.0,0.0,0.0,0.0,0.0,0.0,0.0,0.0,0.0,0.0,0.0,0.0,0.0,0.0,0.0,0.0,0.0,0.0,0.0,0.0,0.0,0.0,0.0,0.0,0.0,0.0,0.0,0.0,0.0,0.0,0.0,0.0,0.0,0.0,0.0,0.0,0.0,0.0,0.0,0.0,0.0,0.0,0.0,0.0,0.0,0.032625336930695574,0.0,0.0,0.0,0.0,0.0,0.0,0.0,0.03469414080791858,0.0,0.867042043412837
2022-09-09,0.0,0.0,0.0,0.0,0.0,0.0,0.0,0.0,0.0,0.0,0.0,0.0,0.0,0.0,0.0,0.0,0.0,0.034667219050668024,0.0,0.0,0.0,0.0,0.0,0.0,0.0,0.0,0.0,0.0,0.0,0.0,0.0,0.0,0.0,0.0,0.0,0.0,0.0,0.0,0.0,0.0,0.0,0.0,0.0,0.0,0.03128009602295662,0.0,0.0,0.0,0.0,0.0,0.0,0.0,0.0,0.0,0.0,0.0,0.0,0.0,0.0,0.0,0.0,0.0,0.0,0.0,0.0,0.0,0.0,0.0,0.0,0.0,0.0,0.0,0.0,0.0,0.0,0.0,0.0,0.0,0.0,0.0,0.0,0.0,0.0,0.0,0.0,0.0,0.0,0.0,0.0,0.0,0.0,0.0,0.0,0.0,0.0,0.0,0.0,0.0,0.0,0.0,0.03313606330736845,0.0,0.0,0.0,0.0,0.0,0.0,0.0,0.03491025942826174,0.0,0.8660063621907452
2022-09-12,0.0,0.0,0.0,0.0,0.0,0.0,0.0,0.0,0.0,0.0,0.0,0.0,0.0,0.0,0.0,0.0,0.0,0.03547861026118401,0.0,0.0,0.0,0.0,0.0,0.0,0.0,0.0,0.0,0.0,0.0,0.0,0.0,0.0,0.0,0.0,0.0,0.0,0.0,0.0,0.0,0.0,0.0,0.0,0.0,0.0,0.031483402963095354,0.0,0.0,0.0,0.0,0.0,0.0,0.0,0.0,0.0,0.0,0.0,0.0,0.0,0.0,0.0,0.0,0.0,0.0,0.0,0.0,0.0,0.0,0.0,0.0,0.0,0.0,0.0,0.0,0.0,0.0,0.0,0.0,0.0,0.0,0.0,0.0,0.0,0.0,0.0,0.0,0.0,0.0,0.0,0.0,0.0,0.0,0.0,0.0,0.0,0.0,0.0,0.0,0.0,0.0,0.0,0.03329103316318906,0.0,0.0,0.0,0.0,0.0,0.0,0.0,0.036330517100064824,0.0,0.8634164365124667
2022-09-13,0.0,0.0,0.0,0.0,0.0,0.0,0.0,0.0,0.0,0.0,0.0,0.0,0.0,0.0,0.0,0.0,0.0,0.034718527448903594,0.0,0.0,0.0,0.0,0.0,0.0,0.0,0.0,0.0,0.0,0.0,0.0,0.0,0.0,0.0,0.0,0.0,0.0,0.0,0.0,0.0,0.0,0.0,0.0,0.0,0.0,0.03108652667932906,0.0,0.0,0.0,0.0,0.0,0.0,0.0,0.0,0.0,0.0,0.0,0.0,0.0,0.0,0.0,0.0,0.0,0.0,0.0,0.0,0.0,0.0,0.0,0.0,0.0,0.0,0.0,0.0,0.0,0.0,0.0,0.0,0.0,0.0,0.0,0.0,0.0,0.0,0.0,0.0,0.0,0.0,0.0,0.0,0.0,0.0,0.0,0.0,0.0,0.0,0.0,0.0,0.0,0.0,0.0,0.03327799311900072,0.0,0.0,0.0,0.0,0.0,0.0,0.0,0.03505233883114288,0.0,0.8658646139216237
2022-09-14,0.0,0.0,0.0,0.0,0.0,0.0,0.0,0.0,0.0,0.0,0.0,0.0,0.0,0.0,0.0,0.0,0.0,0.034802121857580054,0.0,0.0,0.0,0.0,0.0,0.0,0.0,0.0,0.0,0.0,0.0,0.0,0.0,0.0,0.0,0.0,0.0,0.0,0.0,0.0,0.0,0.0,0.0,0.0,0.0,0.0,0.030295538395220797,0.0,0.0,0.0,0.0,0.0,0.0,0.0,0.0,0.0,0.0,0.0,0.0,0.0,0.0,0.0,0.0,0.0,0.0,0.0,0.0,0.0,0.0,0.0,0.0,0.0,0.0,0.0,0.0,0.0,0.0,0.0,0.0,0.0,0.0,0.0,0.0,0.0,0.0,0.0,0.0,0.0,0.0,0.0,0.0,0.0,0.0,0.0,0.0,0.0,0.0,0.0,0.0,0.0,0.0,0.0,0.03375606696459554,0.0,0.0,0.0,0.0,0.0,0.0,0.0,0.03505516150901446,0.0,0.8660911112735892
2022-09-15,0.0,0.0,0.0,0.0,0.0,0.0,0.0,0.0,0.0,0.0,0.0,0.0,0.0,0.0,0.0,0.0,0.0,0.03482754521536922,0.0,0.0,0.0,0.0,0.0,0.0,0.0,0.0,0.0,0.0,0.0,0.0,0.0,0.0,0.0,0.0,0.0,0.0,0.0,0.0,0.0,0.0,0.0,0.0,0.0,0.0,0.02977186089781865,0.0,0.0,0.0,0.0,0.0,0.0,0.0,0.0,0.0,0.0,0.0,0.0,0.0,0.0,0.0,0.0,0.0,0.0,0.0,0.0,0.0,0.0,0.0,0.0,0.0,0.0,0.0,0.0,0.0,0.0,0.0,0.0,0.0,0.0,0.0,0.0,0.0,0.0,0.0,0.0,0.0,0.0,0.0,0.0,0.0,0.0,0.0,0.0,0.0,0.0,0.0,0.0,0.0,0.0,0.0,0.033172084609375437,0.0,0.0,0.0,0.0,0.0,0.0,0.0,0.034407935160224994,0.0,0.8678205741172117
2022-09-16,0.0,0.0,0.0,0.0,0.0,0.0,0.0,0.0,0.0,0.0,0.0,0.0,0.0,0.0,0.0,0.0,0.0,0.03466491060121347,0.0,0.0,0.0,0.0,0.0,0.0,0.0,0.0,0.0,0.0,0.0,0.0,0.0,0.0,0.0,0.0,0.0,0.0,0.0,0.0,0.0,0.0,0.0,0.0,0.0,0.0,0.029333920692067705,0.0,0.0,0.0,0.0,0.0,0.0,0.0,0.0,0.0,0.0,0.0,0.0,0.0,0.0,0.0,0.0,0.0,0.0,0.0,0.0,0.0,0.0,0.0,0.0,0.0,0.0,0.0,0.0,0.0,0.0,0.0,0.0,0.0,0.0,0.0,0.0,0.0,0.0,0.0,0.0,0.0,0.0,0.0,0.0,0.0,0.0,0.0,0.0,0.0,0.0,0.0,0.0,0.0,0.0,0.0,0.033595231293175556,0.0,0.0,0.0,0.0,0.0,0.0,0.0,0.03491577180252712,0.0,0.8674901656110161
2022-09-19,0.0,0.0,0.0,0.0,0.0,0.0,0.0,0.0,0.0,0.0,0.0,0.0,0.0,0.0,0.0,0.0,0.0,0.03499488099868986,0.0,0.0,0.0,0.0,0.0,0.0,0.0,0.0,0.0,0.0,0.0,0.0,0.0,0.0,0.0,0.0,0.0,0.0,0.0,0.0,0.0,0.0,0.0,0.0,0.0,0.0,0.029497163656353995,0.0,0.0,0.0,0.0,0.0,0.0,0.0,0.0,0.0,0.0,0.0,0.0,0.0,0.0,0.0,0.0,0.0,0.0,0.0,0.0,0.0,0.0,0.0,0.0,0.0,0.0,0.0,0.0,0.0,0.0,0.0,0.0,0.0,0.0,0.0,0.0,0.0,0.0,0.0,0.0,0.0,0.0,0.0,0.0,0.0,0.0,0.0,0.0,0.0,0.0,0.0,0.0,0.0,0.0,0.0,0.033524112974223,0.0,0.0,0.0,0.0,0.0,0.0,0.0,0.03501441594776469,0.0,0.8669694264229685
2022-09-20,0.0,0.0,0.0,0.0,0.0,0.0,0.0,0.0,0.0,0.0,0.0,0.0,0.0,0.0,0.0,0.0,0.0,0.035808874113705265,0.0,0.0,0.0,0.0,0.0,0.0,0.0,0.0,0.0,0.0,0.0,0.0,0.0,0.0,0.0,0.0,0.0,0.0,0.0,0.0,0.0,0.0,0.0,0.0,0.0,0.0,0.02936355398785059,0.0,0.0,0.0,0.0,0.0,0.0,0.0,0.0,0.0,0.0,0.0,0.0,0.0,0.0,0.0,0.0,0.0,0.0,0.0,0.0,0.0,0.0,0.0,0.0,0.0,0.0,0.0,0.0,0.0,0.0,0.0,0.0,0.0,0.0,0.0,0.0,0.0,0.0,0.0,0.0,0.0,0.0,0.0,0.0,0.0,0.0,0.0,0.0,0.0,0.0,0.0,0.0,0.0,0.0,0.0,0.03349492240084971,0.0,0.0,0.0,0.0,0.0,0.0,0.0,0.035553888572153594,0.0,0.8657787609254408
2022-09-21,0.0,0.0,0.0,0.0,0.0,0.0,0.0,0.0,0.0,0.0,0.0,0.0,0.0,0.0,0.0,0.0,0.0,0.033982891605972426,0.0,0.0,0.0,0.0,0.0,0.0,0.0,0.0,0.0,0.0,0.0,0.0,0.0,0.0,0.0,0.0,0.0,0.0,0.0,0.0,0.0,0.0,0.0,0.0,0.0,0.0,0.029639788994524078,0.0,0.0,0.0,0.0,0.0,0.0,0.0,0.0,0.0,0.0,0.0,0.0,0.0,0.0,0.0,0.0,0.0,0.0,0.0,0.0,0.0,0.0,0.0,0.0,0.0,0.0,0.0,0.0,0.0,0.0,0.0,0.0,0.0,0.0,0.0,0.0,0.0,0.0,0.0,0.0,0.0,0.0,0.0,0.0,0.0,0.0,0.0,0.0,0.0,0.0,0.0,0.0,0.0,0.0,0.0,0.03387009104180807,0.0,0.0,0.0,0.0,0.0,0.0,0.0,0.03563776263420526,0.0,0.8668694657234901
2022-09-22,0.0,0.0,0.0,0.0,0.0,0.0,0.0,0.0,0.0,0.0,0.0,0.0,0.0,0.0,0.0,0.0,0.0,0.03389805323781967,0.0,0.0,0.0,0.0,0.0,0.0,0.0,0.0,0.0,0.0,0.0,0.0,0.0,0.0,0.0,0.0,0.0,0.0,0.0,0.0,0.0,0.0,0.0,0.0,0.0,0.0,0.030810693723640956,0.0,0.0,0.0,0.0,0.0,0.0,0.0,0.0,0.0,0.0,0.0,0.0,0.0,0.0,0.0,0.0,0.0,0.0,0.0,0.0,0.0,0.0,0.0,0.0,0.0,0.0,0.0,0.0,0.0,0.0,0.0,0.0,0.0,0.0,0.0,0.0,0.0,0.0,0.0,0.0,0.0,0.0,0.0,0.0,0.0,0.0,0.0,0.0,0.0,0.0,0.0,0.0,0.0,0.0,0.0,0.033745850366965764,0.0,0.0,0.0,0.0,0.0,0.0,0.0,0.03539603239635915,0.0,0.8661493702752144
2022-09-23,0.0,0.0,0.0,0.0,0.0,0.0,0.0,0.0,0.0,0.0,0.0,0.0,0.0,0.0,0.0,0.0,0.0,0.03338420512918778,0.0,0.0,0.0,0.0,0.0,0.0,0.0,0.0,0.0,0.0,0.0,0.0,0.0,0.0,0.0,0.0,0.0,0.0,0.0,0.0,0.0,0.0,0.0,0.0,0.0,0.0,0.030008747626328863,0.0,0.0,0.0,0.0,0.0,0.0,0.0,0.0,0.0,0.0,0.0,0.0,0.0,0.0,0.0,0.0,0.0,0.0,0.0,0.0,0.0,0.0,0.0,0.0,0.0,0.0,0.0,0.0,0.0,0.0,0.0,0.0,0.0,0.0,0.0,0.0,0.0,0.0,0.0,0.0,0.0,0.0,0.0,0.0,0.0,0.0,0.0,0.0,0.0,0.0,0.0,0.0,0.0,0.0,0.0,0.03340357909854261,0.0,0.0,0.0,0.0,0.0,0.0,0.0,0.03496039075605806,0.0,0.8682430773898826
2022-09-26,0.0,0.0,0.0,0.0,0.0,0.0,0.0,0.0,0.0,0.0,0.0,0.0,0.0,0.0,0.0,0.0,0.0,0.031577781658539944,0.0,0.0,0.0,0.0,0.0,0.0,0.0,0.0,0.0,0.0,0.0,0.0,0.0,0.0,0.0,0.0,0.0,0.0,0.0,0.0,0.0,0.0,0.0,0.0,0.0,0.0,0.02908838580205219,0.0,0.0,0.0,0.0,0.0,0.0,0.0,0.0,0.0,0.0,0.0,0.0,0.0,0.0,0.0,0.0,0.0,0.0,0.0,0.0,0.0,0.0,0.0,0.0,0.0,0.0,0.0,0.0,0.0,0.0,0.0,0.0,0.0,0.0,0.0,0.0,0.0,0.0,0.0,0.0,0.0,0.0,0.0,0.0,0.0,0.0,0.0,0.0,0.0,0.0,0.0,0.0,0.0,0.0,0.0,0.03200668839094434,0.0,0.0,0.0,0.0,0.0,0.0,0.0,0.03515163697337163,0.0,0.872175507175092
2022-09-27,0.0,0.0,0.0,0.0,0.0,0.0,0.0,0.0,0.0,0.0,0.0,0.0,0.0,0.0,0.0,0.0,0.0,0.032230782722072575,0.0,0.0,0.0,0.0,0.0,0.0,0.0,0.0,0.0,0.0,0.0,0.0,0.0,0.0,0.0,0.0,0.0,0.0,0.0,0.0,0.0,0.0,0.0,0.0,0.0,0.0,0.028217989984259065,0.0,0.0,0.0,0.0,0.0,0.0,0.0,0.0,0.0,0.0,0.0,0.0,0.0,0.0,0.0,0.0,0.0,0.0,0.0,0.0,0.0,0.0,0.0,0.0,0.0,0.0,0.0,0.0,0.0,0.0,0.0,0.0,0.0,0.0,0.0,0.0,0.0,0.0,0.0,0.0,0.0,0.0,0.0,0.0,0.0,0.0,0.0,0.0,0.0,0.0,0.0,0.0,0.0,0.0,0.0,0.03257797679134946,0.0,0.0,0.0,0.0,0.0,0.0,0.0,0.03454612659356813,0.0,0.8724271239087509
2022-09-28,0.0,0.0,0.0,0.0,0.0,0.0,0.0,0.0,0.0,0.0,0.0,0.0,0.0,0.0,0.0,0.0,0.0,0.0327188222241267,0.0,0.0,0.0,0.0,0.0,0.0,0.0,0.0,0.0,0.0,0.0,0.0,0.0,0.0,0.0,0.0,0.0,0.0,0.0,0.0,0.0,0.0,0.0,0.0,0.0,0.0,0.027956615452103203,0.0,0.0,0.0,0.0,0.0,0.0,0.0,0.0,0.0,0.0,0.0,0.0,0.0,0.0,0.0,0.0,0.0,0.0,0.0,0.0,0.0,0.0,0.0,0.0,0.0,0.0,0.0,0.0,0.0,0.0,0.0,0.0,0.0,0.0,0.0,0.0,0.0,0.0,0.0,0.0,0.0,0.0,0.0,0.0,0.0,0.0,0.0,0.0,0.0,0.0,0.0,0.0,0.0,0.0,0.0,0.03306859816662344,0.0,0.0,0.0,0.0,0.0,0.0,0.0,0.034800047577332224,0.0,0.8714559165798144
2022-09-29,0.0,0.0,0.0,0.0,0.0,0.0,0.0,0.0,0.0,0.0,0.0,0.0,0.0,0.0,0.0,0.0,0.0,0.03216141038756153,0.0,0.0,0.0,0.0,0.0,0.0,0.0,0.0,0.0,0.0,0.0,0.0,0.0,0.0,0.0,0.0,0.0,0.0,0.0,0.0,0.0,0.0,0.0,0.0,0.0,0.0,0.028348834178312472,0.0,0.0,0.0,0.0,0.0,0.0,0.0,0.0,0.0,0.0,0.0,0.0,0.0,0.0,0.0,0.0,0.0,0.0,0.0,0.0,0.0,0.0,0.0,0.0,0.0,0.0,0.0,0.0,0.0,0.0,0.0,0.0,0.0,0.0,0.0,0.0,0.0,0.0,0.0,0.0,0.0,0.0,0.0,0.0,0.0,0.0,0.0,0.0,0.0,0.0,0.0,0.0,0.0,0.0,0.0,0.032366580503342485,0.0,0.0,0.0,0.0,0.0,0.0,0.0,0.03461754428643621,0.0,0.8725056306443473
2022-09-30,0.0,0.0,0.0,0.0,0.0,0.0,0.0,0.0,0.0,0.0,0.0,0.0,0.0,0.0,0.0,0.0,0.0,0.03259823226122781,0.0,0.0,0.0,0.0,0.0,0.0,0.0,0.0,0.0,0.0,0.0,0.0,0.0,0.0,0.0,0.0,0.0,0.0,0.0,0.0,0.0,0.0,0.0,0.0,0.0,0.0,0.027660996999235687,0.0,0.0,0.0,0.0,0.0,0.0,0.0,0.0,0.0,0.0,0.0,0.0,0.0,0.0,0.0,0.0,0.0,0.0,0.0,0.0,0.0,0.0,0.0,0.0,0.0,0.0,0.0,0.0,0.0,0.0,0.0,0.0,0.0,0.0,0.0,0.0,0.0,0.0,0.0,0.0,0.0,0.0,0.0,0.0,0.0,0.0,0.0,0.0,0.0,0.0,0.0,0.0,0.0,0.0,0.0,0.033131316581308516,0.0,0.0,0.0,0.0,0.0,0.0,0.0,0.03678264113942115,0.0,0.8698268130188067
2022-10-03,0.0,0.0,0.0,0.0,0.0,0.0,0.0,0.0,0.0,0.0,0.0,0.0,0.0,0.0,0.0,0.0,0.0,0.0343985394232985,0.0,0.0,0.0,0.0,0.0,0.0,0.0,0.0,0.0,0.0,0.0,0.0,0.0,0.0,0.0,0.0,0.0,0.0,0.0,0.0,0.0,0.0,0.0,0.0,0.0,0.0,0.028045987896645294,0.0,0.0,0.0,0.0,0.0,0.0,0.0,0.0,0.0,0.0,0.0,0.0,0.0,0.0,0.0,0.0,0.0,0.0,0.0,0.0,0.0,0.0,0.0,0.0,0.0,0.0,0.0,0.0,0.0,0.0,0.0,0.0,0.0,0.0,0.0,0.0,0.0,0.0,0.0,0.0,0.0,0.0,0.0,0.0,0.0,0.0,0.0,0.0,0.0,0.0,0.0,0.0,0.0,0.0,0.0,0.03471229871333668,0.0,0.0,0.0,0.0,0.0,0.0,0.0,0.038182982516067894,0.0,0.8646601914506516
2022-10-04,0.0,0.0,0.0,0.0,0.0,0.0,0.0,0.0,0.0,0.0,0.0,0.0,0.0,0.0,0.0,0.0,0.0,0.07139730465328953,0.0,0.0,0.0,0.0,0.0,0.0,0.0,0.0,0.0,0.0,0.0652128622243242,0.0,0.0,0.0,0.0,0.0,0.0,0.0,0.0,0.0,0.0,0.0,0.0,0.0,0.0,0.0,0.0,0.0,0.0,0.0,0.053994923598388,0.0,0.0,0.0,0.0,0.0,0.0,0.0,0.0,0.0,0.0,0.0,0.0,0.0,0.0,0.0,0.0,0.0,0.0,0.0,0.0,0.0,0.0,0.0,0.0,0.0,0.0,0.0,0.0,0.0,0.0,0.0,0.0,0.0,0.07407038583924995,0.0,0.0,0.0,0.0,0.0,0.0,0.035014174833270025,0.0,0.0,0.0,0.0,0.0,0.0,0.0,0.0,0.0,0.0,0.07099215581956916,0.0,0.0,0.0,0.0,0.0,0.0,0.0,0.0663683032752666,0.0,0.5354285684497186
2022-10-05,0.0,0.0,0.0,0.0,0.0,0.0,0.0,0.0,0.0,0.0,0.0,0.0,0.0,0.0,0.0,0.0,0.0,0.07149066361813863,0.0,0.0,0.0,0.0,0.0,0.0,0.0,0.0,0.0,0.0,0.06446389648683629,0.0,0.0,0.0,0.0,0.0,0.0,0.0,0.0,0.0,0.0,0.0,0.0,0.0,0.0,0.0,0.0,0.0,0.0,0.0,0.05376012072001694,0.0,0.0,0.0,0.0,0.0,0.0,0.0,0.0,0.0,0.0,0.0,0.0,0.0,0.0,0.0,0.0,0.0,0.0,0.0,0.0,0.0,0.0,0.0,0.0,0.0,0.0,0.0,0.0,0.0,0.0,0.0,0.0,0.0,0.07616586916505151,0.0,0.0,0.0,0.0,0.0,0.0,0.03477846395328923,0.0,0.0,0.0,0.0,0.0,0.0,0.0,0.0,0.0,0.0,0.07114725729684623,0.0,0.0,0.0,0.0,0.0,0.0,0.0,0.06698639482163189,0.0,0.5337844488147604
2022-10-06,0.0,0.0,0.0,0.0,0.0,0.0,0.0,0.0,0.0,0.0,0.0,0.0,0.0,0.0,0.0,0.0,0.0,0.07238190554822897,0.0,0.0,0.0,0.0,0.0,0.0,0.0,0.0,0.0,0.0,0.06437378318501205,0.0,0.0,0.0,0.0,0.0,0.0,0.0,0.0,0.0,0.0,0.0,0.0,0.0,0.0,0.0,0.0,0.0,0.0,0.0,0.05243648367189679,0.0,0.0,0.0,0.0,0.0,0.0,0.0,0.0,0.0,0.0,0.0,0.0,0.0,0.0,0.0,0.0,0.0,0.0,0.0,0.0,0.0,0.0,0.0,0.0,0.0,0.0,0.0,0.0,0.0,0.0,0.0,0.0,0.0,0.0768127033900564,0.0,0.0,0.0,0.0,0.0,0.0,0.035568301828951154,0.0,0.0,0.0,0.0,0.0,0.0,0.0,0.0,0.0,0.0,0.07070742716138806,0.0,0.0,0.0,0.0,0.0,0.0,0.0,0.0670119386795638,0.0,0.5607074565349026
2022-10-07,0.0,0.0,0.0,0.0,0.0,0.0,0.0,0.0,0.0,0.0,0.0,0.0,0.0,0.0,0.0,0.0,0.0,0.07065151055371645,0.0,0.0,0.0,0.0,0.0,0.0,0.0,0.0,0.0,0.0,0.0643783069076401,0.0,0.0,0.0,0.0,0.0,0.0,0.0,0.0,0.0,0.0,0.0,0.0,0.0,0.0,0.0,0.0,0.0,0.0,0.0,0.05256589052479621,0.0,0.0,0.0,0.0,0.0,0.0,0.0,0.0,0.0,0.0,0.0,0.0,0.0,0.0,0.0,0.0,0.0,0.0,0.0,0.0,0.0,0.0,0.0,0.0,0.0,0.0,0.0,0.0,0.0,0.0,0.0,0.0,0.0,0.07791483857339611,0.0,0.0,0.0,0.0,0.0,0.0,0.03527418758180227,0.0,0.0,0.0,0.0,0.0,0.0,0.0,0.0,0.0,0.0,0.0709166440573854,0.0,0.0,0.0,0.0,0.0,0.0,0.0,0.06636784976302132,0.0,0.561930772038242
2022-10-10,0.0,0.0,0.0,0.0,0.0,0.0,0.0,0.0,0.0,0.0,0.0,0.0,0.0,0.0,0.0,0.0,0.0,0.07037494574102866,0.0,0.0,0.0,0.0,0.0,0.0,0.0,0.0,0.0,0.0,0.06447393086620182,0.0,0.0,0.0,0.0,0.0,0.0,0.0,0.0,0.0,0.0,0.0,0.0,0.0,0.0,0.0,0.0,0.0,0.0,0.0,0.0522262963820594,0.0,0.0,0.0,0.0,0.0,0.0,0.0,0.0,0.0,0.0,0.0,0.0,0.0,0.0,0.0,0.0,0.0,0.0,0.0,0.0,0.0,0.0,0.0,0.0,0.0,0.0,0.0,0.0,0.0,0.0,0.0,0.0,0.0,0.07656712935637794,0.0,0.0,0.0,0.0,0.0,0.0,0.034562887258849866,0.0,0.0,0.0,0.0,0.0,0.0,0.0,0.0,0.0,0.0,0.07145377731339156,0.0,0.0,0.0,0.0,0.0,0.0,0.0,0.06819069676544287,0.0,0.5621503363166478
2022-10-11,0.0,0.0,0.0,0.0,0.0,0.0,0.0,0.0,0.0,0.0,0.0,0.0,0.0,0.0,0.0,0.0,0.0,0.07061738685959411,0.0,0.0,0.0,0.0,0.0,0.0,0.0,0.0,0.0,0.0,0.06430650212815243,0.0,0.0,0.0,0.0,0.0,0.0,0.0,0.0,0.0,0.0,0.0,0.0,0.0,0.0,0.0,0.0,0.0,0.0,0.0,0.0522169963060624,0.0,0.0,0.0,0.0,0.0,0.0,0.0,0.0,0.0,0.0,0.0,0.0,0.0,0.0,0.0,0.0,0.0,0.0,0.0,0.0,0.0,0.0,0.0,0.0,0.0,0.0,0.0,0.0,0.0,0.0,0.0,0.0,0.0,0.07695792961716508,0.0,0.0,0.0,0.0,0.0,0.0,0.0344733471919609,0.0,0.0,0.0,0.0,0.0,0.0,0.0,0.0,0.0,0.0,0.06912649001236308,0.0,0.0,0.0,0.0,0.0,0.0,0.0,0.06771267547360206,0.0,0.5645886724111
2022-10-13,0.0,0.0,0.0,0.0,0.0,0.0,0.0,0.0,0.0,0.0,0.0,0.0,0.0,0.0,0.0,0.0,0.0,0.07115691686895556,0.0,0.0,0.0,0.0,0.0,0.0,0.0,0.0,0.0,0.0,0.06360649009132714,0.0,0.0,0.0,0.0,0.0,0.0,0.0,0.0,0.0,0.0,0.0,0.0,0.0,0.0,0.0,0.0,0.0,0.0,0.0,0.05236298584333847,0.0,0.0,0.0,0.0,0.0,0.0,0.0,0.0,0.0,0.0,0.0,0.0,0.0,0.0,0.0,0.0,0.0,0.0,0.0,0.0,0.0,0.0,0.0,0.0,0.0,0.0,0.0,0.0,0.0,0.0,0.0,0.0,0.0,0.07762348132416104,0.0,0.0,0.0,0.0,0.0,0.0,0.034531212603105606,0.0,0.0,0.0,0.0,0.0,0.0,0.0,0.0,0.0,0.0,0.06874270852985308,0.0,0.0,0.0,0.0,0.0,0.0,0.0,0.06687991452508316,0.0,0.565096290214176
2022-10-14,0.0,0.0,0.0,0.0,0.0,0.0,0.0,0.0,0.0,0.0,0.0,0.0,0.0,0.0,0.0,0.0,0.0,0.07098006245976328,0.0,0.0,0.0,0.0,0.0,0.0,0.0,0.0,0.0,0.0,0.06393910238212167,0.0,0.0,0.0,0.0,0.0,0.0,0.0,0.0,0.0,0.0,0.0,0.0,0.0,0.0,0.0,0.0,0.0,0.0,0.0,0.05238317795898876,0.0,0.0,0.0,0.0,0.0,0.0,0.0,0.0,0.0,0.0,0.0,0.0,0.0,0.0,0.0,0.0,0.0,0.0,0.0,0.0,0.0,0.0,0.0,0.0,0.0,0.0,0.0,0.0,0.0,0.0,0.0,0.0,0.0,0.0761609845532797,0.0,0.0,0.0,0.0,0.0,0.0,0.03496714822719053,0.0,0.0,0.0,0.0,0.0,0.0,0.0,0.0,0.0,0.0,0.06825685349714654,0.0,0.0,0.0,0.0,0.0,0.0,0.0,0.06589702868725097,0.0,0.5674156422342587
2022-10-17,0.0,0.0,0.0,0.0,0.0,0.0,0.0,0.0,0.0,0.0,0.0,0.0,0.0,0.0,0.0,0.0,0.0,0.0719635739972361,0.0,0.0,0.0,0.0,0.0,0.0,0.0,0.0,0.0,0.0,0.06416950179711312,0.0,0.0,0.0,0.0,0.0,0.0,0.0,0.0,0.0,0.0,0.0,0.0,0.0,0.0,0.0,0.0,0.0,0.0,0.0,0.05227208605331352,0.0,0.0,0.0,0.0,0.0,0.0,0.0,0.0,0.0,0.0,0.0,0.0,0.0,0.0,0.0,0.0,0.0,0.0,0.0,0.0,0.0,0.0,0.0,0.0,0.0,0.0,0.0,0.0,0.0,0.0,0.0,0.0,0.0,0.07630541891094716,0.0,0.0,0.0,0.0,0.0,0.0,0.03460981375930449,0.0,0.0,0.0,0.0,0.0,0.0,0.0,0.0,0.0,0.0,0.07045934328319736,0.0,0.0,0.0,0.0,0.0,0.0,0.0,0.06688269650794491,0.0,0.5633375656909433
2022-10-18,0.0,0.0,0.0,0.0,0.0,0.0,0.0,0.0,0.0,0.0,0.0,0.0,0.0,0.0,0.0,0.0,0.0,0.07253106685710767,0.0,0.0,0.0,0.0,0.0,0.0,0.0,0.0,0.0,0.0,0.06422992180957868,0.0,0.0,0.0,0.0,0.0,0.0,0.0,0.0,0.0,0.0,0.0,0.0,0.0,0.0,0.0,0.0,0.0,0.0,0.0,0.053636952954210296,0.0,0.0,0.0,0.0,0.0,0.0,0.0,0.0,0.0,0.0,0.0,0.0,0.0,0.0,0.0,0.0,0.0,0.0,0.0,0.0,0.0,0.0,0.0,0.0,0.0,0.0,0.0,0.0,0.0,0.0,0.0,0.0,0.0,0.07764733996184765,0.0,0.0,0.0,0.0,0.0,0.0,0.034803751602214904,0.0,0.0,0.0,0.0,0.0,0.0,0.0,0.0,0.0,0.0,0.07120312435999411,0.0,0.0,0.0,0.0,0.0,0.0,0.0,0.06807183776941046,0.0,0.5578760046856361
2022-10-19,0.0,0.0,0.0,0.0,0.0,0.0,0.0,0.0,0.0,0.0,0.0,0.0,0.0,0.0,0.0,0.0,0.0,0.07239829705442537,0.0,0.0,0.0,0.0,0.0,0.0,0.0,0.0,0.0,0.0,0.06420654321919725,0.0,0.0,0.0,0.0,0.0,0.0,0.0,0.0,0.0,0.0,0.0,0.0,0.0,0.0,0.0,0.0,0.0,0.0,0.0,0.054512273319720306,0.0,0.0,0.0,0.0,0.0,0.0,0.0,0.0,0.0,0.0,0.0,0.0,0.0,0.0,0.0,0.0,0.0,0.0,0.0,0.0,0.0,0.0,0.0,0.0,0.0,0.0,0.0,0.0,0.0,0.0,0.0,0.0,0.0,0.08012685860451102,0.0,0.0,0.0,0.0,0.0,0.0,0.03486533703543494,0.0,0.0,0.0,0.0,0.0,0.0,0.0,0.0,0.0,0.0,0.07068266648076543,0.0,0.0,0.0,0.0,0.0,0.0,0.0,0.067900413851381,0.0,0.5553076104345647
2022-10-20,0.0,0.0,0.0,0.0,0.0,0.0,0.0,0.0,0.0,0.0,0.0,0.0,0.0,0.0,0.0,0.0,0.0,0.07287931583957885,0.0,0.0,0.0,0.0,0.0,0.0,0.0,0.0,0.0,0.0,0.06575914125493519,0.0,0.0,0.0,0.0,0.0,0.0,0.0,0.0,0.0,0.0,0.0,0.0,0.0,0.0,0.0,0.0,0.0,0.0,0.0,0.05359155510625715,0.0,0.0,0.0,0.0,0.0,0.0,0.0,0.0,0.0,0.0,0.0,0.0,0.0,0.0,0.0,0.0,0.0,0.0,0.0,0.0,0.0,0.0,0.0,0.0,0.0,0.0,0.0,0.0,0.0,0.0,0.0,0.0,0.0,0.07963431614399055,0.0,0.0,0.0,0.0,0.0,0.0,0.033617721341252085,0.0,0.0,0.0,0.0,0.0,0.0,0.0,0.0,0.0,0.0,0.07073593586813712,0.0,0.0,0.0,0.0,0.0,0.0,0.0,0.06794966582508685,0.0,0.5558323486207623
2022-10-21,0.0,0.0,0.0,0.0,0.0,0.0,0.0,0.0,0.0,0.0,0.0,0.0,0.0,0.0,0.0,0.0,0.0,0.07500540775807521,0.0,0.0,0.0,0.0,0.0,0.0,0.0,0.0,0.0,0.0,0.0663725673649235,0.0,0.0,0.0,0.0,0.0,0.0,0.0,0.0,0.0,0.0,0.0,0.0,0.0,0.0,0.0,0.0,0.0,0.0,0.0,0.05436915661040491,0.0,0.0,0.0,0.0,0.0,0.0,0.0,0.0,0.0,0.0,0.0,0.0,0.0,0.0,0.0,0.0,0.0,0.0,0.0,0.0,0.0,0.0,0.0,0.0,0.0,0.0,0.0,0.0,0.0,0.0,0.0,0.0,0.0,0.08055656356007825,0.0,0.0,0.0,0.0,0.0,0.0,0.03370982563867006,0.0,0.0,0.0,0.0,0.0,0.0,0.0,0.0,0.0,0.0,0.06957999497908851,0.0,0.0,0.0,0.0,0.0,0.0,0.0,0.06848764755084547,0.0,0.5519188365379142
2022-10-24,0.0,0.0,0.0,0.0,0.0,0.0,0.0,0.0,0.0,0.0,0.0,0.0,0.0,0.0,0.0,0.0,0.0,0.07321038323402404,0.0,0.0,0.0,0.0,0.0,0.0,0.0,0.0,0.0,0.0,0.07006994846398504,0.0,0.0,0.0,0.0,0.0,0.0,0.0,0.0,0.0,0.0,0.0,0.0,0.0,0.0,0.0,0.0,0.0,0.0,0.0,0.05479550967201861,0.0,0.0,0.0,0.0,0.0,0.0,0.0,0.0,0.0,0.0,0.0,0.0,0.0,0.0,0.0,0.0,0.0,0.0,0.0,0.0,0.0,0.0,0.0,0.0,0.0,0.0,0.0,0.0,0.0,0.0,0.0,0.0,0.0,0.07943168799219208,0.0,0.0,0.0,0.0,0.0,0.0,0.03555619616712227,0.0,0.0,0.0,0.0,0.0,0.0,0.0,0.0,0.0,0.0,0.0688807864962694,0.0,0.0,0.0,0.0,0.0,0.0,0.0,0.06771426892815106,0.0,0.5503412190462375
2022-10-25,0.0,0.0,0.0,0.0,0.0,0.0,0.0,0.0,0.0,0.0,0.0,0.0,0.0,0.0,0.0,0.0,0.0,0.07233808522082881,0.0,0.0,0.0,0.0,0.0,0.0,0.0,0.0,0.0,0.0,0.07099533645529438,0.0,0.0,0.0,0.0,0.0,0.0,0.0,0.0,0.0,0.0,0.0,0.0,0.0,0.0,0.0,0.0,0.0,0.0,0.0,0.05476340331465233,0.0,0.0,0.0,0.0,0.0,0.0,0.0,0.0,0.0,0.0,0.0,0.0,0.0,0.0,0.0,0.0,0.0,0.0,0.0,0.0,0.0,0.0,0.0,0.0,0.0,0.0,0.0,0.0,0.0,0.0,0.0,0.0,0.0,0.08039423913137199,0.0,0.0,0.0,0.0,0.0,0.0,0.03419851543828703,0.0,0.0,0.0,0.0,0.0,0.0,0.0,0.0,0.0,0.0,0.06678588913770823,0.0,0.0,0.0,0.0,0.0,0.0,0.0,0.06817924396068968,0.0,0.5523452873411676
2022-10-26,0.0,0.0,0.0,0.0,0.0,0.0,0.0,0.0,0.0,0.0,0.0,0.0,0.0,0.0,0.0,0.0,0.0,0.06927730892165176,0.0,0.0,0.0,0.0,0.0,0.0,0.0,0.0,0.0,0.0,0.0699306430664236,0.0,0.0,0.0,0.0,0.0,0.0,0.0,0.0,0.0,0.0,0.0,0.0,0.0,0.0,0.0,0.0,0.0,0.0,0.0,0.05377112841043354,0.0,0.0,0.0,0.0,0.0,0.0,0.0,0.0,0.0,0.0,0.0,0.0,0.0,0.0,0.0,0.0,0.0,0.0,0.0,0.0,0.0,0.0,0.0,0.0,0.0,0.0,0.0,0.0,0.0,0.0,0.0,0.0,0.0,0.07958007635297347,0.0,0.0,0.0,0.0,0.0,0.0,0.03312699212716971,0.0,0.0,0.0,0.0,0.0,0.0,0.0,0.0,0.0,0.0,0.06559500317895267,0.0,0.0,0.0,0.0,0.0,0.0,0.0,0.07413978088674718,0.0,0.5545790670556481
2022-10-27,0.0,0.0,0.0,0.0,0.0,0.0,0.0,0.0,0.0,0.0,0.0,0.0,0.0,0.0,0.0,0.0,0.0,0.07106752667971365,0.0,0.0,0.0,0.0,0.0,0.0,0.0,0.0,0.0,0.0,0.06938813820779335,0.0,0.0,0.0,0.0,0.0,0.0,0.0,0.0,0.0,0.0,0.0,0.0,0.0,0.0,0.0,0.0,0.0,0.0,0.0,0.05465644078759672,0.0,0.0,0.0,0.0,0.0,0.0,0.0,0.0,0.0,0.0,0.0,0.0,0.0,0.0,0.0,0.0,0.0,0.0,0.0,0.0,0.0,0.0,0.0,0.0,0.0,0.0,0.0,0.0,0.0,0.0,0.0,0.0,0.0,0.07939626533325106,0.0,0.0,0.0,0.0,0.0,0.0,0.03367602553326067,0.0,0.0,0.0,0.0,0.0,0.0,0.0,0.0,0.0,0.0,0.0678542405854586,0.0,0.0,0.0,0.0,0.0,0.0,0.0,0.07499398048864242,0.0,0.5489673823842837
2022-10-28,0.0,0.0,0.0,0.0,0.0,0.0,0.0,0.0,0.0,0.0,0.0,0.0,0.0,0.0,0.0,0.0,0.0,0.07101437145720457,0.0,0.0,0.0,0.0,0.0,0.0,0.0,0.0,0.0,0.0,0.06960498989279247,0.0,0.0,0.0,0.0,0.0,0.0,0.0,0.0,0.0,0.0,0.0,0.0,0.0,0.0,0.0,0.0,0.0,0.0,0.0,0.05439687627318503,0.0,0.0,0.0,0.0,0.0,0.0,0.0,0.0,0.0,0.0,0.0,0.0,0.0,0.0,0.0,0.0,0.0,0.0,0.0,0.0,0.0,0.0,0.0,0.0,0.0,0.0,0.0,0.0,0.0,0.0,0.0,0.0,0.0,0.0799239726510387,0.0,0.0,0.0,0.0,0.0,0.0,0.03534718507190826,0.0,0.0,0.0,0.0,0.0,0.0,0.0,0.0,0.0,0.0,0.0695881044329751,0.0,0.0,0.0,0.0,0.0,0.0,0.0,0.07389112726105257,0.0,0.5462333729598433
2022-10-31,0.0,0.0,0.0,0.0,0.0,0.0,0.0,0.0,0.0,0.0,0.0,0.0,0.0,0.0,0.0,0.0,0.0,0.07376808532649114,0.0,0.0,0.0,0.0,0.0,0.0,0.0,0.0,0.0,0.0,0.068702482955677,0.0,0.0,0.0,0.0,0.0,0.0,0.0,0.0,0.0,0.0,0.0,0.0,0.0,0.0,0.0,0.0,0.0,0.0,0.0,0.055320341357784866,0.0,0.0,0.0,0.0,0.0,0.0,0.0,0.0,0.0,0.0,0.0,0.0,0.0,0.0,0.0,0.0,0.0,0.0,0.0,0.0,0.0,0.0,0.0,0.0,0.0,0.0,0.0,0.0,0.0,0.0,0.0,0.0,0.0,0.0818303684733248,0.0,0.0,0.0,0.0,0.0,0.0,0.034747339243652996,0.0,0.0,0.0,0.0,0.0,0.0,0.0,0.0,0.0,0.0,0.07159908783170069,0.0,0.0,0.0,0.0,0.0,0.0,0.0,0.07614665167005633,0.0,0.5378856431413122
2022-11-01,0.0,0.0,0.0,0.0,0.0,0.0,0.0,0.0,0.0,0.0,0.0,0.0,0.0,0.0,0.0,0.0,0.0,0.07334925397315593,0.0,0.0,0.0,0.0,0.0,0.0,0.0,0.0,0.0,0.0,0.0756070639621085,0.0,0.0,0.0,0.0,0.0,0.0,0.0,0.0,0.0,0.0,0.0,0.0,0.0,0.0,0.0,0.0,0.0,0.0,0.0,0.05454048577262919,0.0,0.0,0.0,0.0,0.0,0.0,0.0,0.0,0.0,0.0,0.0,0.0,0.0,0.0,0.0,0.0,0.0,0.0,0.0,0.0,0.0,0.0,0.0,0.0,0.0,0.0,0.0,0.0,0.0,0.0,0.0,0.0,0.0,0.0851309020151715,0.0,0.0,0.0,0.0,0.0,0.0,0.035121004196021884,0.0,0.0,0.0,0.0,0.0,0.0,0.0,0.0,0.0,0.0,0.06874825657615904,0.0,0.0,0.0,0.0,0.0,0.0,0.0,0.07387478411179436,0.0,0.5336282493929596
2022-11-03,0.0,0.0,0.0,0.0,0.0,0.0,0.0,0.0,0.0,0.0,0.0,0.0,0.0,0.0,0.0,0.0,0.0,0.0730198251812387,0.0,0.0,0.0,0.0,0.0,0.0,0.0,0.0,0.0,0.0,0.07443999813540329,0.0,0.0,0.0,0.0,0.0,0.0,0.0,0.0,0.0,0.0,0.0,0.0,0.0,0.0,0.0,0.0,0.0,0.0,0.0,0.05469690110464308,0.0,0.0,0.0,0.0,0.0,0.0,0.0,0.0,0.0,0.0,0.0,0.0,0.0,0.0,0.0,0.0,0.0,0.0,0.0,0.0,0.0,0.0,0.0,0.0,0.0,0.0,0.0,0.0,0.0,0.0,0.0,0.0,0.0,0.08423572065040384,0.0,0.0,0.0,0.0,0.0,0.0,0.0351414094759982,0.0,0.0,0.0,0.0,0.0,0.0,0.0,0.0,0.0,0.0,0.06921846257454477,0.0,0.0,0.0,0.0,0.0,0.0,0.0,0.0753547475261441,0.0,0.533892935351624
2022-11-04,0.0,0.0,0.0,0.0,0.0,0.0,0.0,0.0,0.0,0.0,0.0,0.0,0.0,0.0,0.0,0.0,0.0,0.07374456901526041,0.0,0.0,0.0,0.0,0.0,0.0,0.0,0.0,0.0,0.0,0.07548855332163937,0.0,0.0,0.0,0.0,0.0,0.0,0.0,0.0,0.0,0.0,0.0,0.0,0.0,0.0,0.0,0.0,0.0,0.0,0.0,0.05527588507549709,0.0,0.0,0.0,0.0,0.0,0.0,0.0,0.0,0.0,0.0,0.0,0.0,0.0,0.0,0.0,0.0,0.0,0.0,0.0,0.0,0.0,0.0,0.0,0.0,0.0,0.0,0.0,0.0,0.0,0.0,0.0,0.0,0.0,0.08563748292225497,0.0,0.0,0.0,0.0,0.0,0.0,0.03521379589397631,0.0,0.0,0.0,0.0,0.0,0.0,0.0,0.0,0.0,0.0,0.0688393820125345,0.0,0.0,0.0,0.0,0.0,0.0,0.0,0.0758728586863827,0.0,0.5299274730724547
2022-11-07,0.0,0.0,0.0,0.0,0.0,0.0,0.0,0.0,0.0,0.0,0.0,0.0,0.0,0.0,0.0,0.0,0.0,0.07202680616004153,0.0,0.0,0.0,0.0,0.0,0.0,0.0,0.0,0.0,0.0,0.07458950089164666,0.0,0.0,0.0,0.0,0.0,0.0,0.0,0.0,0.0,0.0,0.0,0.0,0.0,0.0,0.0,0.0,0.0,0.0,0.0,0.0541378939467543,0.0,0.0,0.0,0.0,0.0,0.0,0.0,0.0,0.0,0.0,0.0,0.0,0.0,0.0,0.0,0.0,0.0,0.0,0.0,0.0,0.0,0.0,0.0,0.0,0.0,0.0,0.0,0.0,0.0,0.0,0.0,0.0,0.0,0.08366973869571619,0.0,0.0,0.0,0.0,0.0,0.0,0.034961668868228504,0.0,0.0,0.0,0.0,0.0,0.0,0.0,0.0,0.0,0.0,0.06828481331302153,0.0,0.0,0.0,0.0,0.0,0.0,0.0,0.07682085616106539,0.0,0.5355087219635258
2022-11-08,0.0,0.0,0.0,0.0,0.0,0.0,0.0,0.0,0.0,0.0,0.0,0.0,0.0,0.0,0.0,0.0,0.0,0.07219518218669489,0.0,0.0,0.0,0.0,0.0,0.0,0.0,0.0,0.0,0.0,0.07494639567929272,0.0,0.0,0.0,0.0,0.0,0.0,0.0,0.0,0.0,0.0,0.0,0.0,0.0,0.0,0.0,0.0,0.0,0.0,0.0,0.053238360109498756,0.0,0.0,0.0,0.0,0.0,0.0,0.0,0.0,0.0,0.0,0.0,0.0,0.0,0.0,0.0,0.0,0.0,0.0,0.0,0.0,0.0,0.0,0.0,0.0,0.0,0.0,0.0,0.0,0.0,0.0,0.0,0.0,0.0,0.08561908667311104,0.0,0.0,0.0,0.0,0.0,0.0,0.035662407150307975,0.0,0.0,0.0,0.0,0.0,0.0,0.0,0.0,0.0,0.0,0.06856694749966168,0.0,0.0,0.0,0.0,0.0,0.0,0.0,0.07630242367511123,0.0,0.5334691970263218
2022-11-09,0.0,0.0,0.0,0.0,0.0,0.0,0.0,0.0,0.0,0.0,0.0,0.0,0.0,0.0,0.0,0.0,0.0,0.07117529978350728,0.0,0.0,0.0,0.0,0.0,0.0,0.0,0.0,0.0,0.0,0.07320323324720686,0.0,0.0,0.0,0.0,0.0,0.0,0.0,0.0,0.0,0.0,0.0,0.0,0.0,0.0,0.0,0.0,0.0,0.0,0.0,0.052281405791946,0.0,0.0,0.0,0.0,0.0,0.0,0.0,0.0,0.0,0.0,0.0,0.0,0.0,0.0,0.0,0.0,0.0,0.0,0.0,0.0,0.0,0.0,0.0,0.0,0.0,0.0,0.0,0.0,0.0,0.0,0.0,0.0,0.0,0.08536723335282781,0.0,0.0,0.0,0.0,0.0,0.0,0.035154169409164215,0.0,0.0,0.0,0.0,0.0,0.0,0.0,0.0,0.0,0.0,0.07151386187849358,0.0,0.0,0.0,0.0,0.0,0.0,0.0,0.07613216846995494,0.0,0.5351726280668992
2022-11-10,0.0,0.0,0.0,0.0,0.0,0.0,0.0,0.0,0.0,0.0,0.0,0.0,0.0,0.0,0.0,0.0,0.0,0.06739855868686026,0.0,0.0,0.0,0.0,0.0,0.0,0.0,0.0,0.0,0.0,0.07199994393317243,0.0,0.0,0.0,0.0,0.0,0.0,0.0,0.0,0.0,0.0,0.0,0.0,0.0,0.0,0.0,0.0,0.0,0.0,0.0,0.05185179210475117,0.0,0.0,0.0,0.0,0.0,0.0,0.0,0.0,0.0,0.0,0.0,0.0,0.0,0.0,0.0,0.0,0.0,0.0,0.0,0.0,0.0,0.0,0.0,0.0,0.0,0.0,0.0,0.0,0.0,0.0,0.0,0.0,0.0,0.08558916807645707,0.0,0.0,0.0,0.0,0.0,0.0,0.032909106654908725,0.0,0.0,0.0,0.0,0.0,0.0,0.0,0.0,0.0,0.0,0.068977697335043,0.0,0.0,0.0,0.0,0.0,0.0,0.0,0.07504484290598865,0.0,0.5462288903028187
2022-11-11,0.0,0.0,0.0,0.0,0.0,0.0,0.0,0.0,0.0,0.0,0.0,0.0,0.0,0.0,0.0,0.0,0.0,0.04644129628219553,0.0,0.0,0.0,0.0,0.04059084504348387,0.0,0.040571420899580525,0.0,0.0,0.0,0.0,0.0,0.0,0.0,0.0,0.0,0.0,0.0,0.0,0.0,0.0,0.0,0.0,0.0,0.0,0.0,0.036443829917339375,0.0,0.0,0.0,0.0,0.0,0.0,0.0,0.0,0.0,0.0,0.0,0.0,0.0,0.0,0.0,0.0,0.0,0.0,0.0,0.0,0.0,0.0,0.0,0.03239688539118267,0.0,0.0,0.0,0.0,0.0,0.0,0.0,0.0,0.0,0.0,0.0,0.0,0.05191450992747048,0.04236709403027779,0.0,0.0,0.0,0.0,0.0,0.0,0.0,0.0,0.0,0.0,0.04048993700599055,0.0,0.0,0.0,0.0,0.0,0.0,0.04639059418836351,0.0,0.03508038719911336,0.050158778261398425,0.0,0.0,0.0,0.0,0.045383511949705725,0.0,0.21555834931426268
2022-11-14,0.0,0.0,0.0,0.0,0.0,0.0,0.0,0.0,0.0,0.0,0.0,0.0,0.0,0.0,0.0,0.0,0.0,0.047125779091544896,0.0,0.0,0.0,0.0,0.039356698478625024,0.0,0.04007473141482287,0.0,0.0,0.0,0.0,0.0,0.0,0.0,0.0,0.0,0.0,0.0,0.0,0.0,0.0,0.0,0.0,0.0,0.0,0.0,0.03599848245663611,0.0,0.0,0.0,0.0,0.0,0.0,0.0,0.0,0.0,0.0,0.0,0.0,0.0,0.0,0.0,0.0,0.0,0.0,0.0,0.0,0.0,0.0,0.0,0.03342119635345041,0.0,0.0,0.0,0.0,0.0,0.0,0.0,0.0,0.0,0.0,0.0,0.0,0.052614111700288076,0.04293375585552881,0.0,0.0,0.0,0.0,0.0,0.0,0.0,0.0,0.0,0.0,0.040088700722853,0.0,0.0,0.0,0.0,0.0,0.0,0.04825024525777743,0.0,0.03421242736432878,0.05203277646199065,0.0,0.0,0.0,0.0,0.045789384982861586,0.0,0.21401104374276417
2022-11-16,0.0,0.0,0.0,0.0,0.0,0.0,0.0,0.0,0.0,0.0,0.0,0.0,0.0,0.0,0.0,0.0,0.0,0.04526374824819757,0.0,0.0,0.0,0.0,0.03908691389730646,0.0,0.03977799142327384,0.0,0.0,0.0,0.0,0.0,0.0,0.0,0.0,0.0,0.0,0.0,0.0,0.0,0.0,0.0,0.0,0.0,0.0,0.0,0.03553985917661332,0.0,0.0,0.0,0.0,0.0,0.0,0.0,0.0,0.0,0.0,0.0,0.0,0.0,0.0,0.0,0.0,0.0,0.0,0.0,0.0,0.0,0.0,0.0,0.03150645012063364,0.0,0.0,0.0,0.0,0.0,0.0,0.0,0.0,0.0,0.0,0.0,0.0,0.05109559752141696,0.041488251138605665,0.0,0.0,0.0,0.0,0.0,0.0,0.0,0.0,0.0,0.0,0.04027894479496197,0.0,0.0,0.0,0.0,0.0,0.0,0.04587067888268196,0.0,0.03294466176448098,0.05150900848539042,0.0,0.0,0.0,0.0,0.04471569863249754,0.0,0.5009221959139396
2022-11-17,0.0,0.0,0.0,0.0,0.0,0.0,0.0,0.0,0.0,0.0,0.0,0.0,0.0,0.0,0.0,0.0,0.0,0.044350778057757,0.0,0.0,0.0,0.0,0.03866736914944654,0.0,0.03908486871294591,0.0,0.0,0.0,0.0,0.0,0.0,0.0,0.0,0.0,0.0,0.0,0.0,0.0,0.0,0.0,0.0,0.0,0.0,0.0,0.0358243256229476,0.0,0.0,0.0,0.0,0.0,0.0,0.0,0.0,0.0,0.0,0.0,0.0,0.0,0.0,0.0,0.0,0.0,0.0,0.0,0.0,0.0,0.0,0.0,0.030985332179980958,0.0,0.0,0.0,0.0,0.0,0.0,0.0,0.0,0.0,0.0,0.0,0.0,0.05217504327752969,0.041180122507071315,0.0,0.0,0.0,0.0,0.0,0.0,0.0,0.0,0.0,0.0,0.04046745688182967,0.0,0.0,0.0,0.0,0.0,0.0,0.04493911821188,0.0,0.033772324657212284,0.04862595988767536,0.0,0.0,0.0,0.0,0.04594205899359484,0.0,0.5039852418601289
2022-11-18,0.0,0.0,0.0,0.0,0.0,0.0,0.0,0.0,0.0,0.0,0.0,0.0,0.0,0.0,0.0,0.0,0.0,0.04648020953139765,0.0,0.0,0.0,0.0,0.03830714579923551,0.0,0.03959262602768843,0.0,0.0,0.0,0.0,0.0,0.0,0.0,0.0,0.0,0.0,0.0,0.0,0.0,0.0,0.0,0.0,0.0,0.0,0.0,0.036366604940497683,0.0,0.0,0.0,0.0,0.0,0.0,0.0,0.0,0.0,0.0,0.0,0.0,0.0,0.0,0.0,0.0,0.0,0.0,0.0,0.0,0.0,0.0,0.0,0.030466744413627286,0.0,0.0,0.0,0.0,0.0,0.0,0.0,0.0,0.0,0.0,0.0,0.0,0.05046628306698967,0.03981152353118226,0.0,0.0,0.0,0.0,0.0,0.0,0.0,0.0,0.0,0.0,0.04027942155958882,0.0,0.0,0.0,0.0,0.0,0.0,0.045113253651286794,0.0,0.033906011618775225,0.047584031024237174,0.0,0.0,0.0,0.0,0.04577418002184592,0.0,0.5058519648136477
2022-11-21,0.0,0.0,0.0,0.0,0.0,0.0,0.0,0.0,0.0,0.0,0.0,0.0,0.0,0.0,0.0,0.0,0.0,0.04653572940460886,0.0,0.0,0.0,0.0,0.03819379465010231,0.0,0.042208420611692374,0.0,0.0,0.0,0.0,0.0,0.0,0.0,0.0,0.0,0.0,0.0,0.0,0.0,0.0,0.0,0.0,0.0,0.0,0.0,0.036332577780945056,0.0,0.0,0.0,0.0,0.0,0.0,0.0,0.0,0.0,0.0,0.0,0.0,0.0,0.0,0.0,0.0,0.0,0.0,0.0,0.0,0.0,0.0,0.0,0.0317114304253613,0.0,0.0,0.0,0.0,0.0,0.0,0.0,0.0,0.0,0.0,0.0,0.0,0.05047738530934364,0.03945330645064138,0.0,0.0,0.0,0.0,0.0,0.0,0.0,0.0,0.0,0.0,0.04037262958368734,0.0,0.0,0.0,0.0,0.0,0.0,0.046038709802966093,0.0,0.03381530301587504,0.04754227355430648,0.0,0.0,0.0,0.0,0.04561803380108639,0.0,0.5017004056093838
2022-11-22,0.0,0.0,0.0,0.0,0.0,0.0,0.0,0.0,0.0,0.0,0.0,0.0,0.0,0.0,0.0,0.0,0.0,0.04476348438593795,0.0,0.0,0.0,0.0,0.03818693239399385,0.0,0.04231672492484752,0.0,0.0,0.0,0.0,0.0,0.0,0.0,0.0,0.0,0.0,0.0,0.0,0.0,0.0,0.0,0.0,0.0,0.0,0.0,0.03641065521049789,0.0,0.0,0.0,0.0,0.0,0.0,0.0,0.0,0.0,0.0,0.0,0.0,0.0,0.0,0.0,0.0,0.0,0.0,0.0,0.0,0.0,0.0,0.0,0.030688992940326894,0.0,0.0,0.0,0.0,0.0,0.0,0.0,0.0,0.0,0.0,0.0,0.0,0.04949787046691626,0.040788494078926,0.0,0.0,0.0,0.0,0.0,0.0,0.0,0.0,0.0,0.0,0.04036252241637282,0.0,0.0,0.0,0.0,0.0,0.0,0.04491062909438095,0.0,0.03484234986353594,0.04745302926474589,0.0,0.0,0.0,0.0,0.04517366947317375,0.0,0.5046046454863442
2022-11-23,0.0,0.0,0.0,0.0,0.0,0.0,0.0,0.0,0.0,0.0,0.0,0.0,0.0,0.0,0.0,0.0,0.0,0.04567331458068307,0.0,0.0,0.0,0.0,0.03795703317215899,0.0,0.04187829899350835,0.0,0.0,0.0,0.0,0.0,0.0,0.0,0.0,0.0,0.0,0.0,0.0,0.0,0.0,0.0,0.0,0.0,0.0,0.0,0.03591572347162173,0.0,0.0,0.0,0.0,0.0,0.0,0.0,0.0,0.0,0.0,0.0,0.0,0.0,0.0,0.0,0.0,0.0,0.0,0.0,0.0,0.0,0.0,0.0,0.030867454962974245,0.0,0.0,0.0,0.0,0.0,0.0,0.0,0.0,0.0,0.0,0.0,0.0,0.04986084895050864,0.04057736523619768,0.0,0.0,0.0,0.0,0.0,0.0,0.0,0.0,0.0,0.0,0.04072556088501461,0.0,0.0,0.0,0.0,0.0,0.0,0.04450475511649663,0.0,0.03403532241666823,0.0476674630260152,0.0,0.0,0.0,0.0,0.045241157959647595,0.0,0.5050957012285049
2022-11-24,0.0,0.0,0.0,0.0,0.0,0.0,0.0,0.0,0.0,0.0,0.0,0.0,0.0,0.0,0.0,0.0,0.0,0.04715875144060478,0.0,0.0,0.0,0.0,0.03755086792826927,0.0,0.04287107881993524,0.0,0.0,0.0,0.0,0.0,0.0,0.0,0.0,0.0,0.0,0.0,0.0,0.0,0.0,0.0,0.0,0.0,0.0,0.0,0.03646884805498448,0.0,0.0,0.0,0.0,0.0,0.0,0.0,0.0,0.0,0.0,0.0,0.0,0.0,0.0,0.0,0.0,0.0,0.0,0.0,0.0,0.0,0.0,0.0,0.031107854390531584,0.0,0.0,0.0,0.0,0.0,0.0,0.0,0.0,0.0,0.0,0.0,0.0,0.05046868476373178,0.04134153314531988,0.0,0.0,0.0,0.0,0.0,0.0,0.0,0.0,0.0,0.0,0.041429476860036105,0.0,0.0,0.0,0.0,0.0,0.0,0.04569301710447094,0.0,0.03542289955076831,0.04763908015468788,0.0,0.0,0.0,0.0,0.04546534031122072,0.0,0.4973825674754392
2022-11-25,0.0,0.0,0.0,0.0,0.0,0.0,0.0,0.0,0.0,0.0,0.0,0.0,0.0,0.0,0.0,0.0,0.0,0.04561891061126821,0.0,0.0,0.0,0.0,0.037764771168542245,0.0,0.04250744445045171,0.0,0.0,0.0,0.0,0.0,0.0,0.0,0.0,0.0,0.0,0.0,0.0,0.0,0.0,0.0,0.0,0.0,0.0,0.0,0.035333796264481146,0.0,0.0,0.0,0.0,0.0,0.0,0.0,0.0,0.0,0.0,0.0,0.0,0.0,0.0,0.0,0.0,0.0,0.0,0.0,0.0,0.0,0.0,0.0,0.030223742674915743,0.0,0.0,0.0,0.0,0.0,0.0,0.0,0.0,0.0,0.0,0.0,0.0,0.04976900515040405,0.039881280267674214,0.0,0.0,0.0,0.0,0.0,0.0,0.0,0.0,0.0,0.0,0.04165536587733517,0.0,0.0,0.0,0.0,0.0,0.0,0.043990288947842335,0.0,0.033972803212748245,0.04800879149112766,0.0,0.0,0.0,0.0,0.045446649200497034,0.0,0.5058271506827122
2022-11-28,0.0,0.0,0.0,0.0,0.0,0.0,0.0,0.0,0.0,0.0,0.0,0.0,0.0,0.0,0.0,0.0,0.0,0.04541948482759497,0.0,0.0,0.0,0.0,0.037561068911524505,0.0,0.042797491001640424,0.0,0.0,0.0,0.0,0.0,0.0,0.0,0.0,0.0,0.0,0.0,0.0,0.0,0.0,0.0,0.0,0.0,0.0,0.0,0.03471049815160339,0.0,0.0,0.0,0.0,0.0,0.0,0.0,0.0,0.0,0.0,0.0,0.0,0.0,0.0,0.0,0.0,0.0,0.0,0.0,0.0,0.0,0.0,0.0,0.030746813866535862,0.0,0.0,0.0,0.0,0.0,0.0,0.0,0.0,0.0,0.0,0.0,0.0,0.04842356678611613,0.04037055587376448,0.0,0.0,0.0,0.0,0.0,0.0,0.0,0.0,0.0,0.0,0.04151820932482602,0.0,0.0,0.0,0.0,0.0,0.0,0.04424164387911114,0.0,0.03447951038869125,0.047302416667836994,0.0,0.0,0.0,0.0,0.043805622544747236,0.0,0.5086231177760077
2022-11-29,0.0,0.0,0.0,0.0,0.0,0.0,0.0,0.0,0.0,0.0,0.0,0.0,0.0,0.0,0.0,0.0,0.0,0.046042755437671015,0.0,0.0,0.0,0.0,0.03789282951240573,0.0,0.0433651981525055,0.0,0.0,0.0,0.0,0.0,0.0,0.0,0.0,0.0,0.0,0.0,0.0,0.0,0.0,0.0,0.0,0.0,0.0,0.0,0.0345110562936903,0.0,0.0,0.0,0.0,0.0,0.0,0.0,0.0,0.0,0.0,0.0,0.0,0.0,0.0,0.0,0.0,0.0,0.0,0.0,0.0,0.0,0.0,0.0,0.03191591761786227,0.0,0.0,0.0,0.0,0.0,0.0,0.0,0.0,0.0,0.0,0.0,0.0,0.04896322539212967,0.04040919944052633,0.0,0.0,0.0,0.0,0.0,0.0,0.0,0.0,0.0,0.0,0.04147161156088642,0.0,0.0,0.0,0.0,0.0,0.0,0.04432292852557024,0.0,0.03519087291439,0.04841404030852917,0.0,0.0,0.0,0.0,0.043618157581687834,0.0,0.5038822072621456
2022-11-30,0.0,0.0,0.0,0.0,0.0,0.0,0.0,0.0,0.0,0.0,0.0,0.0,0.0,0.0,0.0,0.0,0.0,0.04585287633233489,0.0,0.0,0.0,0.0,0.03626500333853545,0.0,0.04332983111464259,0.0,0.0,0.0,0.0,0.0,0.0,0.0,0.0,0.0,0.0,0.0,0.0,0.0,0.0,0.0,0.0,0.0,0.0,0.0,0.03469438484277426,0.0,0.0,0.0,0.0,0.0,0.0,0.0,0.0,0.0,0.0,0.0,0.0,0.0,0.0,0.0,0.0,0.0,0.0,0.0,0.0,0.0,0.0,0.0,0.034089844182554466,0.0,0.0,0.0,0.0,0.0,0.0,0.0,0.0,0.0,0.0,0.0,0.0,0.04800876466588354,0.0410059044962982,0.0,0.0,0.0,0.0,0.0,0.0,0.0,0.0,0.0,0.0,0.041286309984338465,0.0,0.0,0.0,0.0,0.0,0.0,0.046503139675825804,0.0,0.03611778896126376,0.04739196873488442,0.0,0.0,0.0,0.0,0.044798672014554126,0.0,0.5006555116561101
2022-12-01,0.0,0.0,0.0,0.0,0.0,0.0,0.0,0.0,0.0,0.0,0.0,0.0,0.0,0.0,0.0,0.0,0.0,0.0457080153224944,0.0,0.0,0.0,0.0,0.03596081985982552,0.0,0.042727037868440815,0.0,0.0,0.0,0.0,0.0,0.0,0.0,0.0,0.0,0.0,0.0,0.0,0.0,0.0,0.0,0.0,0.0,0.0,0.0,0.0346515207856863,0.0,0.0,0.0,0.0,0.0,0.0,0.0,0.0,0.0,0.0,0.0,0.0,0.0,0.0,0.0,0.0,0.0,0.0,0.0,0.0,0.0,0.0,0.0,0.03428273439494169,0.0,0.0,0.0,0.0,0.0,0.0,0.0,0.0,0.0,0.0,0.0,0.0,0.048785699965192914,0.041931549867311284,0.0,0.0,0.0,0.0,0.0,0.0,0.0,0.0,0.0,0.0,0.04083296748433088,0.0,0.0,0.0,0.0,0.0,0.0,0.044561301684124956,0.0,0.03579353418275651,0.04741731638080893,0.0,0.0,0.0,0.0,0.0442024464209159,0.0,0.50314505578317
2022-12-02,0.0,0.0,0.0,0.0,0.0,0.0,0.0,0.0,0.0,0.0,0.0,0.0,0.0,0.0,0.0,0.0,0.0,0.04665518547966266,0.0,0.0,0.0,0.0,0.03596533704255754,0.0,0.04268947901735119,0.0,0.0,0.0,0.0,0.0,0.0,0.0,0.0,0.0,0.0,0.0,0.0,0.0,0.0,0.0,0.0,0.0,0.0,0.0,0.03445874706527419,0.0,0.0,0.0,0.0,0.0,0.0,0.0,0.0,0.0,0.0,0.0,0.0,0.0,0.0,0.0,0.0,0.0,0.0,0.0,0.0,0.0,0.0,0.0,0.03624396030342877,0.0,0.0,0.0,0.0,0.0,0.0,0.0,0.0,0.0,0.0,0.0,0.0,0.050420320832008335,0.04155145363829778,0.0,0.0,0.0,0.0,0.0,0.0,0.0,0.0,0.0,0.0,0.040757788426645604,0.0,0.0,0.0,0.0,0.0,0.0,0.045309646487658735,0.0,0.035478747178008356,0.04728191924205502,0.0,0.0,0.0,0.0,0.04421398951539074,0.0,0.49897342577166126
2022-12-05,0.0,0.0,0.0,0.0,0.0,0.0,0.0,0.0,0.0,0.0,0.0,0.0,0.0,0.0,0.0,0.0,0.0,0.045529118282352524,0.0,0.0,0.0,0.0,0.03515181103349863,0.0,0.042233217314683234,0.0,0.0,0.0,0.0,0.0,0.0,0.0,0.0,0.0,0.0,0.0,0.0,0.0,0.0,0.0,0.0,0.0,0.0,0.0,0.03457978561090597,0.0,0.0,0.0,0.0,0.0,0.0,0.0,0.0,0.0,0.0,0.0,0.0,0.0,0.0,0.0,0.0,0.0,0.0,0.0,0.0,0.0,0.0,0.0,0.03487382152529656,0.0,0.0,0.0,0.0,0.0,0.0,0.0,0.0,0.0,0.0,0.0,0.0,0.04562901517241585,0.041715380214996524,0.0,0.0,0.0,0.0,0.0,0.0,0.0,0.0,0.0,0.0,0.04066815306211101,0.0,0.0,0.0,0.0,0.0,0.0,0.04262162305774403,0.0,0.03501231593669951,0.04749240664912312,0.0,0.0,0.0,0.0,0.043974386698344824,0.0,0.5105189654418282
2022-12-06,0.0,0.0,0.0,0.0,0.0,0.0,0.0,0.0,0.0,0.0,0.0,0.0,0.0,0.0,0.0,0.0,0.0,0.04530067988906636,0.0,0.0,0.0,0.0,0.03487141136398125,0.0,0.042864415922692495,0.0,0.0,0.0,0.0,0.0,0.0,0.0,0.0,0.0,0.0,0.0,0.0,0.0,0.0,0.0,0.0,0.0,0.0,0.0,0.03439030740281934,0.0,0.0,0.0,0.0,0.0,0.0,0.0,0.0,0.0,0.0,0.0,0.0,0.0,0.0,0.0,0.0,0.0,0.0,0.0,0.0,0.0,0.0,0.0,0.03386469050807224,0.0,0.0,0.0,0.0,0.0,0.0,0.0,0.0,0.0,0.0,0.0,0.0,0.0471446978577273,0.040096509787784756,0.0,0.0,0.0,0.0,0.0,0.0,0.0,0.0,0.0,0.0,0.04103101346670352,0.0,0.0,0.0,0.0,0.0,0.0,0.04328971859132687,0.0,0.03486486078057843,0.047686303517099946,0.0,0.0,0.0,0.0,0.04408027846059007,0.0,0.5105151124515575
2022-12-07,0.0,0.0,0.0,0.0,0.0,0.0,0.0,0.0,0.0,0.0,0.0,0.0,0.0,0.0,0.0,0.0,0.0,0.04483027745140645,0.0,0.0,0.0,0.0,0.0344004702309726,0.0,0.04374730838062271,0.0,0.0,0.0,0.0,0.0,0.0,0.0,0.0,0.0,0.0,0.0,0.0,0.0,0.0,0.0,0.0,0.0,0.0,0.0,0.034544983330087056,0.0,0.0,0.0,0.0,0.0,0.0,0.0,0.0,0.0,0.0,0.0,0.0,0.0,0.0,0.0,0.0,0.0,0.0,0.0,0.0,0.0,0.0,0.0,0.032910211933382234,0.0,0.0,0.0,0.0,0.0,0.0,0.0,0.0,0.0,0.0,0.0,0.0,0.04709150935667631,0.038049588604381936,0.0,0.0,0.0,0.0,0.0,0.0,0.0,0.0,0.0,0.0,0.04157624768570493,0.0,0.0,0.0,0.0,0.0,0.0,0.042538562129728855,0.0,0.03494982510877749,0.04761110304454948,0.0,0.0,0.0,0.0,0.043823091021192126,0.0,0.5139268217225179
2022-12-08,0.0,0.0,0.0,0.0,0.0,0.0,0.0,0.0,0.0,0.0,0.0,0.0,0.0,0.0,0.0,0.0,0.0,0.04349948524987215,0.0,0.0,0.0,0.0,0.03314925017766213,0.0,0.04295377182117197,0.0,0.0,0.0,0.0,0.0,0.0,0.0,0.0,0.0,0.0,0.0,0.0,0.0,0.0,0.0,0.0,0.0,0.0,0.0,0.03499507976022568,0.0,0.0,0.0,0.0,0.0,0.0,0.0,0.0,0.0,0.0,0.0,0.0,0.0,0.0,0.0,0.0,0.0,0.0,0.0,0.0,0.0,0.0,0.0,0.03185469411524382,0.0,0.0,0.0,0.0,0.0,0.0,0.0,0.0,0.0,0.0,0.0,0.0,0.04611745731148388,0.03907014964441884,0.0,0.0,0.0,0.0,0.0,0.0,0.0,0.0,0.0,0.0,0.040942857358795645,0.0,0.0,0.0,0.0,0.0,0.0,0.042194080907338,0.0,0.0337923142644757,0.04716140450654126,0.0,0.0,0.0,0.0,0.04424884106662878,0.0,0.5200206138161421
2022-12-09,0.0,0.0,0.0,0.0,0.0,0.0,0.0,0.0,0.0,0.0,0.0,0.0,0.0,0.0,0.0,0.0,0.0,0.043435282347096496,0.0,0.0,0.0,0.0,0.03344929551748637,0.0,0.04327934723644145,0.0,0.0,0.0,0.0,0.0,0.0,0.0,0.0,0.0,0.0,0.0,0.0,0.0,0.0,0.0,0.0,0.0,0.0,0.0,0.03546855729405303,0.0,0.0,0.0,0.0,0.0,0.0,0.0,0.0,0.0,0.0,0.0,0.0,0.0,0.0,0.0,0.0,0.0,0.0,0.0,0.0,0.0,0.0,0.0,0.031205445908301925,0.0,0.0,0.0,0.0,0.0,0.0,0.0,0.0,0.0,0.0,0.0,0.0,0.04556780417767585,0.03961156801219434,0.0,0.0,0.0,0.0,0.0,0.0,0.0,0.0,0.0,0.0,0.042079572318520456,0.0,0.0,0.0,0.0,0.0,0.0,0.041731910999167156,0.0,0.03329807074093668,0.046799797184229115,0.0,0.0,0.0,0.0,0.04410321047854677,0.0,0.5199701377853504
2022-12-12,0.0,0.0,0.0,0.0,0.0,0.0,0.0,0.0,0.0,0.0,0.0,0.0,0.0,0.0,0.0,0.0,0.0,0.041586087013891486,0.0,0.0,0.0,0.0,0.03354023342439746,0.0,0.04167724500654101,0.0,0.0,0.0,0.0,0.0,0.0,0.0,0.0,0.0,0.0,0.0,0.0,0.0,0.0,0.0,0.0,0.0,0.0,0.0,0.034944446205992984,0.0,0.0,0.0,0.0,0.0,0.0,0.0,0.0,0.0,0.0,0.0,0.0,0.0,0.0,0.0,0.0,0.0,0.0,0.0,0.0,0.0,0.0,0.0,0.03152534697981393,0.0,0.0,0.0,0.0,0.0,0.0,0.0,0.0,0.0,0.0,0.0,0.0,0.045911361546391416,0.041084395507128446,0.0,0.0,0.0,0.0,0.0,0.0,0.0,0.0,0.0,0.0,0.04176375632881511,0.0,0.0,0.0,0.0,0.0,0.0,0.04097809611342992,0.0,0.03272697490268007,0.04690347797788834,0.0,0.0,0.0,0.0,0.043202065325039764,0.0,0.5241565136679901
2022-12-13,0.0,0.0,0.0,0.0,0.0,0.0,0.0,0.0,0.0,0.0,0.0,0.0,0.0,0.0,0.0,0.0,0.0,0.04007108410346587,0.0,0.0,0.0,0.0,0.03426033328242429,0.0,0.04107870140258779,0.0,0.0,0.0,0.0,0.0,0.0,0.0,0.0,0.0,0.0,0.0,0.0,0.0,0.0,0.0,0.0,0.0,0.0,0.0,0.033992983202796326,0.0,0.0,0.0,0.0,0.0,0.0,0.0,0.0,0.0,0.0,0.0,0.0,0.0,0.0,0.0,0.0,0.0,0.0,0.0,0.0,0.0,0.0,0.0,0.030922539441855402,0.0,0.0,0.0,0.0,0.0,0.0,0.0,0.0,0.0,0.0,0.0,0.0,0.04580047530977164,0.04165190520822679,0.0,0.0,0.0,0.0,0.0,0.0,0.0,0.0,0.0,0.0,0.04075316349227976,0.0,0.0,0.0,0.0,0.0,0.0,0.0411357603128818,0.0,0.032460793627918316,0.046867720895602906,0.0,0.0,0.0,0.0,0.04314742461657741,0.0,0.5278571151036116
2022-12-14,0.0,0.0,0.0,0.0,0.0,0.0,0.0,0.0,0.0,0.0,0.0,0.0,0.0,0.0,0.0,0.0,0.0,0.04101671894724506,0.0,0.0,0.0,0.0,0.033834085515158555,0.0,0.0415633317053691,0.0,0.0,0.0,0.0,0.0,0.0,0.0,0.0,0.0,0.0,0.0,0.0,0.0,0.0,0.0,0.0,0.0,0.0,0.0,0.03368465606949124,0.0,0.0,0.0,0.0,0.0,0.0,0.0,0.0,0.0,0.0,0.0,0.0,0.0,0.0,0.0,0.0,0.0,0.0,0.0,0.0,0.0,0.0,0.0,0.029934311764381816,0.0,0.0,0.0,0.0,0.0,0.0,0.0,0.0,0.0,0.0,0.0,0.0,0.04528889687655279,0.04287459026282169,0.0,0.0,0.0,0.0,0.0,0.0,0.0,0.0,0.0,0.0,0.04301266182995047,0.0,0.0,0.0,0.0,0.0,0.0,0.04110041402620854,0.0,0.03280527600421384,0.04628967864659452,0.0,0.0,0.0,0.0,0.04435026962974674,0.0,0.5242451087222657
2022-12-15,0.0,0.0,0.0,0.0,0.0,0.0,0.0,0.0,0.0,0.0,0.0,0.0,0.0,0.0,0.0,0.0,0.0,0.04170500717409199,0.0,0.0,0.0,0.0,0.03224016025989778,0.0,0.04187840823963697,0.0,0.0,0.0,0.0,0.0,0.0,0.0,0.0,0.0,0.0,0.0,0.0,0.0,0.0,0.0,0.0,0.0,0.0,0.0,0.03315965149562472,0.0,0.0,0.0,0.0,0.0,0.0,0.0,0.0,0.0,0.0,0.0,0.0,0.0,0.0,0.0,0.0,0.0,0.0,0.0,0.0,0.0,0.0,0.0,0.030089756277950866,0.0,0.0,0.0,0.0,0.0,0.0,0.0,0.0,0.0,0.0,0.0,0.0,0.04544882572039433,0.04242905951427164,0.0,0.0,0.0,0.0,0.0,0.0,0.0,0.0,0.0,0.0,0.04341812196110783,0.0,0.0,0.0,0.0,0.0,0.0,0.04107667049622408,0.0,0.03180206153220328,0.047325392246028386,0.0,0.0,0.0,0.0,0.04441642037479404,0.0,0.5250104647077741
2022-12-16,0.0,0.0,0.0,0.0,0.0,0.0,0.0,0.0,0.0,0.0,0.0,0.0,0.0,0.0,0.0,0.0,0.0,0.04039034919057153,0.0,0.0,0.0,0.0,0.030595446019058753,0.0,0.04349238903770532,0.0,0.0,0.0,0.0,0.0,0.0,0.0,0.0,0.0,0.0,0.0,0.0,0.0,0.0,0.0,0.0,0.0,0.0,0.0,0.03298928816652156,0.0,0.0,0.0,0.0,0.0,0.0,0.0,0.0,0.0,0.0,0.0,0.0,0.0,0.0,0.0,0.0,0.0,0.0,0.0,0.0,0.0,0.0,0.0,0.02882727690201404,0.0,0.0,0.0,0.0,0.0,0.0,0.0,0.0,0.0,0.0,0.0,0.0,0.04450827763395868,0.04231405392068676,0.0,0.0,0.0,0.0,0.0,0.0,0.0,0.0,0.0,0.0,0.044511914575219406,0.0,0.0,0.0,0.0,0.0,0.0,0.04032614966886519,0.0,0.03155735964653236,0.04514059117559304,0.0,0.0,0.0,0.0,0.0452695764259948,0.0,0.5300773276372787
2022-12-19,0.0,0.0,0.0,0.0,0.0,0.0,0.0,0.0,0.0,0.0,0.0,0.0,0.0,0.0,0.0,0.0,0.0,0.042320974694236985,0.0,0.0,0.0,0.0,0.03014972730784386,0.0,0.042126620173885215,0.0,0.0,0.0,0.0,0.0,0.0,0.0,0.0,0.0,0.0,0.0,0.0,0.0,0.0,0.0,0.0,0.0,0.0,0.0,0.033692718226360226,0.0,0.0,0.0,0.0,0.0,0.0,0.0,0.0,0.0,0.0,0.0,0.0,0.0,0.0,0.0,0.0,0.0,0.0,0.0,0.0,0.0,0.0,0.0,0.02999996577224661,0.0,0.0,0.0,0.0,0.0,0.0,0.0,0.0,0.0,0.0,0.0,0.0,0.047535059112875894,0.04237387407260478,0.0,0.0,0.0,0.0,0.0,0.0,0.0,0.0,0.0,0.0,0.042640779109201526,0.0,0.0,0.0,0.0,0.0,0.0,0.0417962397911215,0.0,0.03217553429441555,0.04481854321648825,0.0,0.0,0.0,0.0,0.0456563069264392,0.0,0.5247136573022804
2022-12-20,0.0,0.0,0.0,0.0,0.0,0.0,0.0,0.0,0.0,0.0,0.0,0.0,0.0,0.0,0.0,0.0,0.0,0.07115734283518377,0.0,0.0,0.0,0.0,0.0,0.0,0.0,0.0,0.0,0.0,0.06494875583842157,0.0,0.0,0.0,0.0,0.0,0.0,0.0,0.0,0.0,0.0,0.0,0.0,0.0,0.0,0.0,0.0,0.0,0.0,0.0,0.05396738836554988,0.0,0.0,0.0,0.0,0.0,0.0,0.0,0.0,0.0,0.0,0.0,0.0,0.0,0.0,0.0,0.0,0.0,0.0,0.0,0.0,0.0,0.0,0.0,0.0,0.0,0.0,0.0,0.0,0.0,0.0,0.0,0.0,0.0,0.07431197229016712,0.0,0.0,0.0,0.0,0.0,0.0,0.03507013581075378,0.0,0.0,0.0,0.0,0.0,0.0,0.0,0.0,0.0,0.0,0.07079694750975664,0.0,0.0,0.0,0.0,0.0,0.0,0.0,0.06619535071149422,0.0,0.25307530067154965
2022-12-21,0.0,0.0,0.0,0.0,0.0,0.0,0.0,0.0,0.0,0.0,0.0,0.0,0.0,0.0,0.0,0.0,0.0,0.07259843698385003,0.0,0.0,0.0,0.0,0.0,0.0,0.0,0.0,0.0,0.0,0.0640178945429962,0.0,0.0,0.0,0.0,0.0,0.0,0.0,0.0,0.0,0.0,0.0,0.0,0.0,0.0,0.0,0.0,0.0,0.0,0.0,0.05325194264306888,0.0,0.0,0.0,0.0,0.0,0.0,0.0,0.0,0.0,0.0,0.0,0.0,0.0,0.0,0.0,0.0,0.0,0.0,0.0,0.0,0.0,0.0,0.0,0.0,0.0,0.0,0.0,0.0,0.0,0.0,0.0,0.0,0.0,0.07364224150581554,0.0,0.0,0.0,0.0,0.0,0.0,0.03488342819467325,0.0,0.0,0.0,0.0,0.0,0.0,0.0,0.0,0.0,0.0,0.0734290096760839,0.0,0.0,0.0,0.0,0.0,0.0,0.0,0.06597066405685013,0.0,0.25254160065355613
2022-12-22,0.0,0.0,0.0,0.0,0.0,0.0,0.0,0.0,0.0,0.0,0.0,0.0,0.0,0.0,0.0,0.0,0.0,0.07220435658421438,0.0,0.0,0.0,0.0,0.0,0.0,0.0,0.0,0.0,0.0,0.06424732368949253,0.0,0.0,0.0,0.0,0.0,0.0,0.0,0.0,0.0,0.0,0.0,0.0,0.0,0.0,0.0,0.0,0.0,0.0,0.0,0.05352031124312704,0.0,0.0,0.0,0.0,0.0,0.0,0.0,0.0,0.0,0.0,0.0,0.0,0.0,0.0,0.0,0.0,0.0,0.0,0.0,0.0,0.0,0.0,0.0,0.0,0.0,0.0,0.0,0.0,0.0,0.0,0.0,0.0,0.0,0.07292196290294495,0.0,0.0,0.0,0.0,0.0,0.0,0.035073449583023476,0.0,0.0,0.0,0.0,0.0,0.0,0.0,0.0,0.0,0.0,0.07225829175923142,0.0,0.0,0.0,0.0,0.0,0.0,0.0,0.06693921784250284,0.0,0.5628350863954633
2022-12-23,0.0,0.0,0.0,0.0,0.0,0.0,0.0,0.0,0.0,0.0,0.0,0.0,0.0,0.0,0.0,0.0,0.0,0.07621817747825027,0.0,0.0,0.0,0.0,0.0,0.0,0.0,0.0,0.0,0.0,0.06458924285770759,0.0,0.0,0.0,0.0,0.0,0.0,0.0,0.0,0.0,0.0,0.0,0.0,0.0,0.0,0.0,0.0,0.0,0.0,0.0,0.053333343527459776,0.0,0.0,0.0,0.0,0.0,0.0,0.0,0.0,0.0,0.0,0.0,0.0,0.0,0.0,0.0,0.0,0.0,0.0,0.0,0.0,0.0,0.0,0.0,0.0,0.0,0.0,0.0,0.0,0.0,0.0,0.0,0.0,0.0,0.07292397643496108,0.0,0.0,0.0,0.0,0.0,0.0,0.034847109173047064,0.0,0.0,0.0,0.0,0.0,0.0,0.0,0.0,0.0,0.0,0.07284548272632009,0.0,0.0,0.0,0.0,0.0,0.0,0.0,0.06575573181470368,0.0,0.5594869359875506
2022-12-26,0.0,0.0,0.0,0.0,0.0,0.0,0.0,0.0,0.0,0.0,0.0,0.0,0.0,0.0,0.0,0.0,0.0,0.07491047957691344,0.0,0.0,0.0,0.0,0.0,0.0,0.0,0.0,0.0,0.0,0.06424412721394551,0.0,0.0,0.0,0.0,0.0,0.0,0.0,0.0,0.0,0.0,0.0,0.0,0.0,0.0,0.0,0.0,0.0,0.0,0.0,0.05295835791604326,0.0,0.0,0.0,0.0,0.0,0.0,0.0,0.0,0.0,0.0,0.0,0.0,0.0,0.0,0.0,0.0,0.0,0.0,0.0,0.0,0.0,0.0,0.0,0.0,0.0,0.0,0.0,0.0,0.0,0.0,0.0,0.0,0.0,0.07339931860920045,0.0,0.0,0.0,0.0,0.0,0.0,0.034471960282233684,0.0,0.0,0.0,0.0,0.0,0.0,0.0,0.0,0.0,0.0,0.0700568889962122,0.0,0.0,0.0,0.0,0.0,0.0,0.0,0.06574406701582972,0.0,0.5642148003896217
2022-12-27,0.0,0.0,0.0,0.0,0.0,0.0,0.0,0.0,0.0,0.0,0.0,0.0,0.0,0.0,0.0,0.0,0.0,0.07357595503586764,0.0,0.0,0.0,0.0,0.0,0.0,0.0,0.0,0.0,0.0,0.06394316485725629,0.0,0.0,0.0,0.0,0.0,0.0,0.0,0.0,0.0,0.0,0.0,0.0,0.0,0.0,0.0,0.0,0.0,0.0,0.0,0.05069395846035982,0.0,0.0,0.0,0.0,0.0,0.0,0.0,0.0,0.0,0.0,0.0,0.0,0.0,0.0,0.0,0.0,0.0,0.0,0.0,0.0,0.0,0.0,0.0,0.0,0.0,0.0,0.0,0.0,0.0,0.0,0.0,0.0,0.0,0.07411379494777619,0.0,0.0,0.0,0.0,0.0,0.0,0.03440348185347798,0.0,0.0,0.0,0.0,0.0,0.0,0.0,0.0,0.0,0.0,0.06970508662871086,0.0,0.0,0.0,0.0,0.0,0.0,0.0,0.06581115219395392,0.0,0.5677534060225972
2022-12-28,0.0,0.0,0.0,0.0,0.0,0.0,0.0,0.0,0.0,0.0,0.0,0.0,0.0,0.0,0.0,0.0,0.0,0.07594375398391968,0.0,0.0,0.0,0.0,0.0,0.0,0.0,0.0,0.0,0.0,0.06523136143739507,0.0,0.0,0.0,0.0,0.0,0.0,0.0,0.0,0.0,0.0,0.0,0.0,0.0,0.0,0.0,0.0,0.0,0.0,0.0,0.05032064851759876,0.0,0.0,0.0,0.0,0.0,0.0,0.0,0.0,0.0,0.0,0.0,0.0,0.0,0.0,0.0,0.0,0.0,0.0,0.0,0.0,0.0,0.0,0.0,0.0,0.0,0.0,0.0,0.0,0.0,0.0,0.0,0.0,0.0,0.07629593791473047,0.0,0.0,0.0,0.0,0.0,0.0,0.036311464118446934,0.0,0.0,0.0,0.0,0.0,0.0,0.0,0.0,0.0,0.0,0.0714602600219906,0.0,0.0,0.0,0.0,0.0,0.0,0.0,0.06588624217499661,0.0,0.5585503318309217
2022-12-29,0.0,0.0,0.0,0.0,0.0,0.0,0.0,0.0,0.0,0.0,0.0,0.0,0.0,0.0,0.0,0.0,0.0,0.07440720048247203,0.0,0.0,0.0,0.0,0.0,0.0,0.0,0.0,0.0,0.0,0.06493459276455206,0.0,0.0,0.0,0.0,0.0,0.0,0.0,0.0,0.0,0.0,0.0,0.0,0.0,0.0,0.0,0.0,0.0,0.0,0.0,0.050720167006735616,0.0,0.0,0.0,0.0,0.0,0.0,0.0,0.0,0.0,0.0,0.0,0.0,0.0,0.0,0.0,0.0,0.0,0.0,0.0,0.0,0.0,0.0,0.0,0.0,0.0,0.0,0.0,0.0,0.0,0.0,0.0,0.0,0.0,0.07641943362722897,0.0,0.0,0.0,0.0,0.0,0.0,0.03650508898090388,0.0,0.0,0.0,0.0,0.0,0.0,0.0,0.0,0.0,0.0,0.07093378346475562,0.0,0.0,0.0,0.0,0.0,0.0,0.0,0.06573946297738006,0.0,0.5603402706959718
2023-01-03,0.0,0.0,0.0,0.0,0.0,0.0,0.0,0.0,0.0,0.0,0.0,0.0,0.0,0.0,0.0,0.0,0.0,0.07187453800918783,0.0,0.0,0.0,0.0,0.0,0.0,0.0,0.0,0.0,0.0,0.06528036973539807,0.0,0.0,0.0,0.0,0.0,0.0,0.0,0.0,0.0,0.0,0.0,0.0,0.0,0.0,0.0,0.0,0.0,0.0,0.0,0.05100879484073777,0.0,0.0,0.0,0.0,0.0,0.0,0.0,0.0,0.0,0.0,0.0,0.0,0.0,0.0,0.0,0.0,0.0,0.0,0.0,0.0,0.0,0.0,0.0,0.0,0.0,0.0,0.0,0.0,0.0,0.0,0.0,0.0,0.0,0.07233677871987411,0.0,0.0,0.0,0.0,0.0,0.0,0.03625213473035837,0.0,0.0,0.0,0.0,0.0,0.0,0.0,0.0,0.0,0.0,0.06948608143139029,0.0,0.0,0.0,0.0,0.0,0.0,0.0,0.06502745195850322,0.0,0.5687338505745504
2023-01-04,0.0,0.0,0.0,0.0,0.0,0.0,0.0,0.0,0.0,0.0,0.0,0.0,0.0,0.0,0.0,0.0,0.0,0.07387639908498062,0.0,0.0,0.0,0.0,0.0,0.0,0.0,0.0,0.0,0.0,0.06581182777487088,0.0,0.0,0.0,0.0,0.0,0.0,0.0,0.0,0.0,0.0,0.0,0.0,0.0,0.0,0.0,0.0,0.0,0.0,0.0,0.04986629114443844,0.0,0.0,0.0,0.0,0.0,0.0,0.0,0.0,0.0,0.0,0.0,0.0,0.0,0.0,0.0,0.0,0.0,0.0,0.0,0.0,0.0,0.0,0.0,0.0,0.0,0.0,0.0,0.0,0.0,0.0,0.0,0.0,0.0,0.07161118840713682,0.0,0.0,0.0,0.0,0.0,0.0,0.03560771295023138,0.0,0.0,0.0,0.0,0.0,0.0,0.0,0.0,0.0,0.0,0.07123385151916006,0.0,0.0,0.0,0.0,0.0,0.0,0.0,0.06520762457532908,0.0,0.5667851045438527
2023-01-05,0.0,0.0,0.0,0.0,0.0,0.0,0.0,0.0,0.0,0.0,0.0,0.0,0.0,0.0,0.0,0.0,0.0,0.07601168723053989,0.0,0.0,0.0,0.0,0.0,0.0,0.0,0.0,0.0,0.0,0.06575138981864048,0.0,0.0,0.0,0.0,0.0,0.0,0.0,0.0,0.0,0.0,0.0,0.0,0.0,0.0,0.0,0.0,0.0,0.0,0.0,0.05001599974822375,0.0,0.0,0.0,0.0,0.0,0.0,0.0,0.0,0.0,0.0,0.0,0.0,0.0,0.0,0.0,0.0,0.0,0.0,0.0,0.0,0.0,0.0,0.0,0.0,0.0,0.0,0.0,0.0,0.0,0.0,0.0,0.0,0.0,0.07263118955549532,0.0,0.0,0.0,0.0,0.0,0.0,0.036669897606525684,0.0,0.0,0.0,0.0,0.0,0.0,0.0,0.0,0.0,0.0,0.07363301275398151,0.0,0.0,0.0,0.0,0.0,0.0,0.0,0.06461003583266023,0.0,0.5606767874539331
2023-01-06,0.0,0.0,0.0,0.0,0.0,0.0,0.0,0.0,0.0,0.0,0.0,0.0,0.0,0.0,0.0,0.0,0.0,0.07628657825168614,0.0,0.0,0.0,0.0,0.0,0.0,0.0,0.0,0.0,0.0,0.06464184236881848,0.0,0.0,0.0,0.0,0.0,0.0,0.0,0.0,0.0,0.0,0.0,0.0,0.0,0.0,0.0,0.0,0.0,0.0,0.0,0.04974742822373398,0.0,0.0,0.0,0.0,0.0,0.0,0.0,0.0,0.0,0.0,0.0,0.0,0.0,0.0,0.0,0.0,0.0,0.0,0.0,0.0,0.0,0.0,0.0,0.0,0.0,0.0,0.0,0.0,0.0,0.0,0.0,0.0,0.0,0.07291457181268922,0.0,0.0,0.0,0.0,0.0,0.0,0.036518947423348116,0.0,0.0,0.0,0.0,0.0,0.0,0.0,0.0,0.0,0.0,0.07468093715096503,0.0,0.0,0.0,0.0,0.0,0.0,0.0,0.06542108465736148,0.0,0.5597886101113975
2023-01-09,0.0,0.0,0.0,0.0,0.0,0.0,0.0,0.0,0.0,0.0,0.0,0.0,0.0,0.0,0.0,0.0,0.0,0.0,0.0,0.0,0.0,0.0,0.0,0.0,0.0,0.0,0.0,0.0,0.0,0.0,0.0,0.0,0.0,0.0,0.0,0.0,0.0,0.0,0.06684872535889974,0.0,0.0,0.0,0.0,0.0,0.0,0.0,0.0,0.0,0.06707659854875558,0.0,0.0,0.0,0.0,0.0,0.0,0.0,0.0,0.0,0.0,0.0,0.0,0.0,0.06682141132698433,0.0,0.0,0.0,0.0,0.0,0.0,0.0,0.0,0.0,0.0,0.0,0.0,0.0,0.0,0.0,0.0,0.0,0.0,0.0,0.09517813080279888,0.0,0.0,0.0,0.0,0.0667927028762915,0.0,0.0,0.0,0.0,0.0,0.0,0.0,0.0,0.0,0.0,0.0,0.0,0.0,0.0,0.0,0.04135400264022739,0.0,0.0,0.0,0.0,0.0670777140683772,0.0,0.27640847405576285
2023-01-10,0.0,0.0,0.0,0.0,0.0,0.0,0.0,0.0,0.0,0.0,0.0,0.0,0.0,0.0,0.0,0.0,0.0,0.0,0.0,0.0,0.0,0.0,0.0,0.0,0.0,0.0,0.0,0.0,0.0,0.0,0.0,0.0,0.0,0.0,0.0,0.0,0.0,0.0,0.0688568248161013,0.0,0.0,0.0,0.0,0.0,0.0,0.0,0.0,0.0,0.06685542299181857,0.0,0.0,0.0,0.0,0.0,0.0,0.0,0.0,0.0,0.0,0.0,0.0,0.0,0.06730213410206169,0.0,0.0,0.0,0.0,0.0,0.0,0.0,0.0,0.0,0.0,0.0,0.0,0.0,0.0,0.0,0.0,0.0,0.0,0.0,0.09539117474675614,0.0,0.0,0.0,0.0,0.06692580117963479,0.0,0.0,0.0,0.0,0.0,0.0,0.0,0.0,0.0,0.0,0.0,0.0,0.0,0.0,0.0,0.041217643689961316,0.0,0.0,0.0,0.0,0.06620417476988612,0.0,0.27563697581538826
2023-01-11,0.0,0.0,0.0,0.0,0.0,0.0,0.0,0.0,0.0,0.0,0.0,0.0,0.0,0.0,0.0,0.0,0.0,0.0,0.0,0.0,0.0,0.0,0.0,0.0,0.0,0.0,0.0,0.0,0.0,0.0,0.0,0.0,0.0,0.0,0.0,0.0,0.0,0.0,0.06806995789330507,0.0,0.0,0.0,0.0,0.0,0.0,0.0,0.0,0.0,0.06613511862091968,0.0,0.0,0.0,0.0,0.0,0.0,0.0,0.0,0.0,0.0,0.0,0.0,0.0,0.06761728102748388,0.0,0.0,0.0,0.0,0.0,0.0,0.0,0.0,0.0,0.0,0.0,0.0,0.0,0.0,0.0,0.0,0.0,0.0,0.0,0.1016863036907138,0.0,0.0,0.0,0.0,0.06655425752243276,0.0,0.0,0.0,0.0,0.0,0.0,0.0,0.0,0.0,0.0,0.0,0.0,0.0,0.0,0.0,0.040783764079709454,0.0,0.0,0.0,0.0,0.06732218957026496,0.0,0.5218311275951704
2023-01-12,0.0,0.0,0.0,0.0,0.0,0.0,0.0,0.0,0.0,0.0,0.0,0.0,0.0,0.0,0.0,0.0,0.0,0.0,0.0,0.0,0.0,0.0,0.0,0.0,0.0,0.0,0.0,0.0,0.0,0.0,0.0,0.0,0.0,0.0,0.0,0.0,0.0,0.0,0.06767396010823552,0.0,0.0,0.0,0.0,0.0,0.0,0.0,0.0,0.0,0.06565236554756664,0.0,0.0,0.0,0.0,0.0,0.0,0.0,0.0,0.0,0.0,0.0,0.0,0.0,0.06857924064818184,0.0,0.0,0.0,0.0,0.0,0.0,0.0,0.0,0.0,0.0,0.0,0.0,0.0,0.0,0.0,0.0,0.0,0.0,0.0,0.10305416967173049,0.0,0.0,0.0,0.0,0.06825628978694177,0.0,0.0,0.0,0.0,0.0,0.0,0.0,0.0,0.0,0.0,0.0,0.0,0.0,0.0,0.0,0.04056317176059022,0.0,0.0,0.0,0.0,0.0668186501556141,0.0,0.5194021523211395
2023-01-13,0.0,0.0,0.0,0.0,0.0,0.0,0.0,0.0,0.0,0.0,0.0,0.0,0.0,0.0,0.0,0.0,0.0,0.0,0.0,0.0,0.0,0.0,0.0,0.0,0.0,0.0,0.0,0.0,0.0,0.0,0.0,0.0,0.0,0.0,0.0,0.0,0.0,0.0,0.06639029902267223,0.0,0.0,0.0,0.0,0.0,0.0,0.0,0.0,0.0,0.06554262552370052,0.0,0.0,0.0,0.0,0.0,0.0,0.0,0.0,0.0,0.0,0.0,0.0,0.0,0.06958498651968308,0.0,0.0,0.0,0.0,0.0,0.0,0.0,0.0,0.0,0.0,0.0,0.0,0.0,0.0,0.0,0.0,0.0,0.0,0.0,0.10139795739985638,0.0,0.0,0.0,0.0,0.06754375503018109,0.0,0.0,0.0,0.0,0.0,0.0,0.0,0.0,0.0,0.0,0.0,0.0,0.0,0.0,0.0,0.04133768485535119,0.0,0.0,0.0,0.0,0.06772273354706526,0.0,0.5204799581014903
2023-01-16,0.0,0.0,0.0,0.0,0.0,0.0,0.0,0.0,0.0,0.0,0.0,0.0,0.0,0.0,0.0,0.0,0.0,0.0,0.0,0.0,0.0,0.0,0.0,0.0,0.0,0.0,0.0,0.0,0.0,0.0,0.0,0.0,0.0,0.0,0.0,0.0,0.0,0.0,0.06568624139135769,0.0,0.0,0.0,0.0,0.0,0.0,0.0,0.0,0.0,0.06497143709184687,0.0,0.0,0.0,0.0,0.0,0.0,0.0,0.0,0.0,0.0,0.0,0.0,0.0,0.07019747759289906,0.0,0.0,0.0,0.0,0.0,0.0,0.0,0.0,0.0,0.0,0.0,0.0,0.0,0.0,0.0,0.0,0.0,0.0,0.0,0.10188755986859466,0.0,0.0,0.0,0.0,0.06740306270928458,0.0,0.0,0.0,0.0,0.0,0.0,0.0,0.0,0.0,0.0,0.0,0.0,0.0,0.0,0.0,0.041082499231712755,0.0,0.0,0.0,0.0,0.06578088034765303,0.0,0.5229908417666513
2023-01-17,0.0,0.0,0.0,0.0,0.0,0.0,0.0,0.0,0.0,0.0,0.0,0.0,0.0,0.0,0.0,0.0,0.0,0.0,0.0,0.0,0.0,0.0,0.0,0.0,0.0,0.0,0.0,0.0,0.0,0.0,0.0,0.0,0.0,0.0,0.0,0.0,0.0,0.0,0.0666060203133534,0.0,0.0,0.0,0.0,0.0,0.0,0.0,0.0,0.0,0.0638921423389534,0.0,0.0,0.0,0.0,0.0,0.0,0.0,0.0,0.0,0.0,0.0,0.0,0.0,0.07054773818712268,0.0,0.0,0.0,0.0,0.0,0.0,0.0,0.0,0.0,0.0,0.0,0.0,0.0,0.0,0.0,0.0,0.0,0.0,0.0,0.10078377684365787,0.0,0.0,0.0,0.0,0.06851337449025564,0.0,0.0,0.0,0.0,0.0,0.0,0.0,0.0,0.0,0.0,0.0,0.0,0.0,0.0,0.0,0.04095815816463278,0.0,0.0,0.0,0.0,0.06670200706344535,0.0,0.5219967825985788
2023-01-18,0.0,0.0,0.0,0.0,0.0,0.0,0.0,0.0,0.0,0.0,0.0,0.0,0.0,0.0,0.0,0.0,0.0,0.0,0.0,0.0,0.0,0.0,0.0,0.0,0.0,0.0,0.0,0.0,0.0,0.0,0.0,0.0,0.0,0.0,0.0,0.0,0.0,0.0,0.06773931055752291,0.0,0.0,0.0,0.0,0.0,0.0,0.0,0.0,0.0,0.06473753531067272,0.0,0.0,0.0,0.0,0.0,0.0,0.0,0.0,0.0,0.0,0.0,0.0,0.0,0.07081846327309113,0.0,0.0,0.0,0.0,0.0,0.0,0.0,0.0,0.0,0.0,0.0,0.0,0.0,0.0,0.0,0.0,0.0,0.0,0.0,0.10092927630849087,0.0,0.0,0.0,0.0,0.06896338997514284,0.0,0.0,0.0,0.0,0.0,0.0,0.0,0.0,0.0,0.0,0.0,0.0,0.0,0.0,0.0,0.04103353730633818,0.0,0.0,0.0,0.0,0.06584941891758316,0.0,0.5199290683511582
2023-01-19,0.0,0.0,0.0,0.0,0.0,0.0,0.0,0.0,0.0,0.0,0.0,0.0,0.0,0.0,0.0,0.0,0.0,0.0,0.0,0.0,0.0,0.0,0.0,0.0,0.0,0.0,0.0,0.0,0.0,0.0,0.0,0.0,0.0,0.0,0.0,0.0,0.0,0.0,0.06678117159820267,0.0,0.0,0.0,0.0,0.0,0.0,0.0,0.0,0.0,0.0641056650455139,0.0,0.0,0.0,0.0,0.0,0.0,0.0,0.0,0.0,0.0,0.0,0.0,0.0,0.0721616643040806,0.0,0.0,0.0,0.0,0.0,0.0,0.0,0.0,0.0,0.0,0.0,0.0,0.0,0.0,0.0,0.0,0.0,0.0,0.0,0.1041467271875205,0.0,0.0,0.0,0.0,0.06866274092120117,0.0,0.0,0.0,0.0,0.0,0.0,0.0,0.0,0.0,0.0,0.0,0.0,0.0,0.0,0.0,0.042687406808302006,0.0,0.0,0.0,0.0,0.06521174430377001,0.0,0.516242879831409
2023-01-20,0.0,0.0,0.0,0.0,0.0,0.0,0.0,0.0,0.0,0.0,0.0,0.0,0.0,0.0,0.0,0.0,0.0,0.0,0.0,0.0,0.0,0.0,0.0,0.0,0.0,0.0,0.0,0.0,0.0,0.0,0.0,0.0,0.0,0.0,0.0,0.0,0.0,0.0,0.06601318240470186,0.0,0.0,0.0,0.0,0.0,0.0,0.0,0.0,0.0,0.06532778118160322,0.0,0.0,0.0,0.0,0.0,0.0,0.0,0.0,0.0,0.0,0.0,0.0,0.0,0.07613108599337483,0.0,0.0,0.0,0.0,0.0,0.0,0.0,0.0,0.0,0.0,0.0,0.0,0.0,0.0,0.0,0.0,0.0,0.0,0.0,0.10512110672306073,0.0,0.0,0.0,0.0,0.06786299678769013,0.0,0.0,0.0,0.0,0.0,0.0,0.0,0.0,0.0,0.0,0.0,0.0,0.0,0.0,0.0,0.04166337692033946,0.0,0.0,0.0,0.0,0.06390015209699855,0.0,0.5139803178922312
2023-01-23,0.0,0.0,0.0,0.0,0.0,0.0,0.0,0.0,0.0,0.0,0.0,0.0,0.0,0.0,0.0,0.0,0.0,0.0,0.0,0.0,0.0,0.0,0.0,0.0,0.0,0.0,0.0,0.0,0.0,0.0,0.0,0.0,0.0,0.0,0.0,0.0,0.0,0.0,0.06755676321676223,0.0,0.0,0.0,0.0,0.0,0.0,0.0,0.0,0.0,0.06534884532879429,0.0,0.0,0.0,0.0,0.0,0.0,0.0,0.0,0.0,0.0,0.0,0.0,0.0,0.07688244004144823,0.0,0.0,0.0,0.0,0.0,0.0,0.0,0.0,0.0,0.0,0.0,0.0,0.0,0.0,0.0,0.0,0.0,0.0,0.0,0.10587945080531087,0.0,0.0,0.0,0.0,0.06693271060814988,0.0,0.0,0.0,0.0,0.0,0.0,0.0,0.0,0.0,0.0,0.0,0.0,0.0,0.0,0.0,0.04146459088363938,0.0,0.0,0.0,0.0,0.06371696415553574,0.0,0.5122182349603593
2023-01-24,0.0,0.0,0.0,0.0,0.0,0.0,0.0,0.0,0.0,0.0,0.0,0.0,0.0,0.0,0.0,0.0,0.0,0.0,0.0,0.0,0.0,0.0,0.0,0.0,0.0,0.0,0.0,0.0,0.0,0.0,0.0,0.0,0.0,0.0,0.0,0.0,0.0,0.0,0.06899066901476987,0.0,0.0,0.0,0.0,0.0,0.0,0.0,0.0,0.0,0.06783598505514497,0.0,0.0,0.0,0.0,0.0,0.0,0.0,0.0,0.0,0.0,0.0,0.0,0.0,0.07721481213413586,0.0,0.0,0.0,0.0,0.0,0.0,0.0,0.0,0.0,0.0,0.0,0.0,0.0,0.0,0.0,0.0,0.0,0.0,0.0,0.10397255457439701,0.0,0.0,0.0,0.0,0.06739597991839226,0.0,0.0,0.0,0.0,0.0,0.0,0.0,0.0,0.0,0.0,0.0,0.0,0.0,0.0,0.0,0.04173442481332292,0.0,0.0,0.0,0.0,0.06310629028705333,0.0,0.5097492842027839
2023-01-25,0.0,0.0,0.0,0.0,0.0,0.0,0.0,0.0,0.0,0.0,0.0,0.0,0.0,0.0,0.0,0.0,0.0,0.0,0.0,0.0,0.0,0.0,0.0,0.0,0.0,0.0,0.0,0.0,0.0,0.0,0.0,0.0,0.0,0.0,0.0,0.0,0.0,0.0,0.06968024759786585,0.0,0.0,0.0,0.0,0.0,0.0,0.0,0.0,0.0,0.06811607750988063,0.0,0.0,0.0,0.0,0.0,0.0,0.0,0.0,0.0,0.0,0.0,0.0,0.0,0.07684127611332048,0.0,0.0,0.0,0.0,0.0,0.0,0.0,0.0,0.0,0.0,0.0,0.0,0.0,0.0,0.0,0.0,0.0,0.0,0.0,0.10548366490486137,0.0,0.0,0.0,0.0,0.06674514948516058,0.0,0.0,0.0,0.0,0.0,0.0,0.0,0.0,0.0,0.0,0.0,0.0,0.0,0.0,0.0,0.04149125743259607,0.0,0.0,0.0,0.0,0.06520713418969265,0.0,0.5064351927666224
2023-01-26,0.0,0.0,0.0,0.0,0.0,0.0,0.0,0.0,0.0,0.0,0.0,0.0,0.0,0.0,0.0,0.0,0.0,0.0,0.0,0.0,0.0,0.0,0.0,0.0,0.0,0.0,0.0,0.0,0.0,0.0,0.0,0.0,0.0,0.0,0.0,0.0,0.0,0.0,0.06877987275755355,0.0,0.0,0.0,0.0,0.0,0.0,0.0,0.0,0.0,0.0681187204417193,0.0,0.0,0.0,0.0,0.0,0.0,0.0,0.0,0.0,0.0,0.0,0.0,0.0,0.07844860968880592,0.0,0.0,0.0,0.0,0.0,0.0,0.0,0.0,0.0,0.0,0.0,0.0,0.0,0.0,0.0,0.0,0.0,0.0,0.0,0.10622343083260698,0.0,0.0,0.0,0.0,0.0672788715397227,0.0,0.0,0.0,0.0,0.0,0.0,0.0,0.0,0.0,0.0,0.0,0.0,0.0,0.0,0.0,0.04180937336145542,0.0,0.0,0.0,0.0,0.06415673188678866,0.0,0.5051843894913475
2023-01-27,0.0,0.0,0.0,0.0,0.0,0.0,0.0,0.0,0.0,0.0,0.0,0.0,0.0,0.0,0.0,0.0,0.0,0.0,0.0,0.0,0.0,0.0,0.0,0.0,0.0,0.0,0.0,0.0,0.0,0.0,0.0,0.0,0.0,0.0,0.0,0.0,0.0,0.0,0.06863247619097634,0.0,0.0,0.0,0.0,0.0,0.0,0.0,0.0,0.0,0.06855912003095779,0.0,0.0,0.0,0.0,0.0,0.0,0.0,0.0,0.0,0.0,0.0,0.0,0.0,0.07813813283828444,0.0,0.0,0.0,0.0,0.0,0.0,0.0,0.0,0.0,0.0,0.0,0.0,0.0,0.0,0.0,0.0,0.0,0.0,0.0,0.10541548377144262,0.0,0.0,0.0,0.0,0.06563578117516809,0.0,0.0,0.0,0.0,0.0,0.0,0.0,0.0,0.0,0.0,0.0,0.0,0.0,0.0,0.0,0.041420752406055854,0.0,0.0,0.0,0.0,0.06400024286207098,0.0,0.508198010725044
2023-01-30,0.0,0.0,0.0,0.0,0.0,0.0,0.0,0.0,0.0,0.0,0.0,0.0,0.0,0.0,0.0,0.0,0.0,0.0,0.0,0.0,0.0,0.0,0.0,0.0,0.0,0.0,0.0,0.0,0.0,0.0,0.0,0.0,0.0,0.0,0.0,0.0,0.0,0.0,0.06787258226312488,0.0,0.0,0.0,0.0,0.0,0.0,0.0,0.0,0.0,0.0690558858259509,0.0,0.0,0.0,0.0,0.0,0.0,0.0,0.0,0.0,0.0,0.0,0.0,0.0,0.07779379784994173,0.0,0.0,0.0,0.0,0.0,0.0,0.0,0.0,0.0,0.0,0.0,0.0,0.0,0.0,0.0,0.0,0.0,0.0,0.0,0.10512580933114088,0.0,0.0,0.0,0.0,0.06455379836953716,0.0,0.0,0.0,0.0,0.0,0.0,0.0,0.0,0.0,0.0,0.0,0.0,0.0,0.0,0.0,0.04167485240717312,0.0,0.0,0.0,0.0,0.06332100475755059,0.0,0.5106022691955807
2023-01-31,0.0,0.0,0.0,0.0,0.0,0.0,0.0,0.0,0.0,0.0,0.0,0.0,0.0,0.0,0.0,0.0,0.0,0.0,0.0,0.0,0.0,0.0,0.0,0.0,0.0,0.0,0.0,0.0,0.0,0.0,0.0,0.0,0.0,0.0,0.0,0.0,0.0,0.0,0.06937821523562124,0.0,0.0,0.0,0.0,0.0,0.0,0.0,0.0,0.0,0.07065878837609457,0.0,0.0,0.0,0.0,0.0,0.0,0.0,0.0,0.0,0.0,0.0,0.0,0.0,0.07744625394017216,0.0,0.0,0.0,0.0,0.0,0.0,0.0,0.0,0.0,0.0,0.0,0.0,0.0,0.0,0.0,0.0,0.0,0.0,0.0,0.10593974147994896,0.0,0.0,0.0,0.0,0.0626970278928365,0.0,0.0,0.0,0.0,0.0,0.0,0.0,0.0,0.0,0.0,0.0,0.0,0.0,0.0,0.0,0.04199939526018759,0.0,0.0,0.0,0.0,0.06440071002446236,0.0,0.5074798677906767
2023-02-01,0.0,0.0,0.0,0.0,0.0,0.0,0.0,0.0,0.0,0.0,0.0,0.0,0.0,0.0,0.0,0.0,0.0,0.0,0.0,0.0,0.0,0.0,0.0,0.0,0.0,0.0,0.0,0.0,0.0,0.0,0.0,0.0,0.0,0.0,0.0,0.0,0.0,0.0,0.06852401421645422,0.0,0.0,0.0,0.0,0.0,0.0,0.0,0.0,0.0,0.07142492282313134,0.0,0.0,0.0,0.0,0.0,0.0,0.0,0.0,0.0,0.0,0.0,0.0,0.0,0.07750325391217891,0.0,0.0,0.0,0.0,0.0,0.0,0.0,0.0,0.0,0.0,0.0,0.0,0.0,0.0,0.0,0.0,0.0,0.0,0.0,0.10403923325935006,0.0,0.0,0.0,0.0,0.06111316388231887,0.0,0.0,0.0,0.0,0.0,0.0,0.0,0.0,0.0,0.0,0.0,0.0,0.0,0.0,0.0,0.041596001819942136,0.0,0.0,0.0,0.0,0.06503830851854689,0.0,0.5107611015680775
2023-02-02,0.0,0.0,0.0,0.0,0.0,0.0,0.0,0.0,0.0,0.0,0.0,0.0,0.0,0.0,0.0,0.0,0.0,0.0,0.0,0.0,0.0,0.0,0.0,0.0,0.0,0.0,0.0,0.0,0.0,0.0,0.0,0.0,0.0,0.0,0.0,0.0,0.0,0.0,0.06922205560024114,0.0,0.0,0.0,0.0,0.0,0.0,0.0,0.0,0.0,0.07173613843583972,0.0,0.0,0.0,0.0,0.0,0.0,0.0,0.0,0.0,0.0,0.0,0.0,0.0,0.07715838963640101,0.0,0.0,0.0,0.0,0.0,0.0,0.0,0.0,0.0,0.0,0.0,0.0,0.0,0.0,0.0,0.0,0.0,0.0,0.0,0.10221846089697403,0.0,0.0,0.0,0.0,0.0584161112229585,0.0,0.0,0.0,0.0,0.0,0.0,0.0,0.0,0.0,0.0,0.0,0.0,0.0,0.0,0.0,0.041031011028832165,0.0,0.0,0.0,0.0,0.06497752360238233,0.0,0.5152403095763712
2023-02-03,0.0,0.0,0.0,0.0,0.0,0.0,0.0,0.0,0.0,0.0,0.0,0.0,0.0,0.0,0.0,0.0,0.0,0.0,0.0,0.0,0.0,0.0,0.0,0.0,0.0,0.0,0.0,0.0,0.0,0.0,0.0,0.0,0.0,0.0,0.0,0.0,0.0,0.0,0.06704261832725951,0.0,0.0,0.0,0.0,0.0,0.0,0.0,0.0,0.0,0.07148612913683099,0.0,0.0,0.0,0.0,0.0,0.0,0.0,0.0,0.0,0.0,0.0,0.0,0.0,0.07704795297882179,0.0,0.0,0.0,0.0,0.0,0.0,0.0,0.0,0.0,0.0,0.0,0.0,0.0,0.0,0.0,0.0,0.0,0.0,0.0,0.10296716734654722,0.0,0.0,0.0,0.0,0.05765702073366976,0.0,0.0,0.0,0.0,0.0,0.0,0.0,0.0,0.0,0.0,0.0,0.0,0.0,0.0,0.0,0.04103762829854989,0.0,0.0,0.0,0.0,0.06503491089155221,0.0,0.5177265722867688
2023-02-06,0.0,0.0,0.0,0.0,0.0,0.0,0.0,0.0,0.0,0.0,0.0,0.0,0.0,0.0,0.0,0.0,0.0,0.0,0.0,0.0,0.0,0.0,0.0,0.0,0.0,0.0,0.0,0.0,0.0,0.0,0.0,0.0,0.0,0.0,0.0,0.0,0.0,0.0,0.06696132177259412,0.0,0.0,0.0,0.0,0.0,0.0,0.0,0.0,0.0,0.07081692614486623,0.0,0.0,0.0,0.0,0.0,0.0,0.0,0.0,0.0,0.0,0.0,0.0,0.0,0.07630874149119297,0.0,0.0,0.0,0.0,0.0,0.0,0.0,0.0,0.0,0.0,0.0,0.0,0.0,0.0,0.0,0.0,0.0,0.0,0.0,0.10534023883305296,0.0,0.0,0.0,0.0,0.058661003718652724,0.0,0.0,0.0,0.0,0.0,0.0,0.0,0.0,0.0,0.0,0.0,0.0,0.0,0.0,0.0,0.04094382693057483,0.0,0.0,0.0,0.0,0.06428860680409576,0.0,0.5166793343049705
2023-02-07,0.0,0.0,0.0,0.0,0.0,0.0,0.0,0.0,0.0,0.0,0.0,0.0,0.0,0.0,0.0,0.0,0.0,0.0,0.0,0.0,0.0,0.0,0.0,0.0,0.0,0.0,0.0,0.0,0.0,0.0,0.0,0.0,0.0,0.0,0.0,0.0,0.0,0.0,0.06610000504623147,0.0,0.0,0.0,0.0,0.0,0.0,0.0,0.0,0.0,0.07092960814185728,0.0,0.0,0.0,0.0,0.0,0.0,0.0,0.0,0.0,0.0,0.0,0.0,0.0,0.07623195469612612,0.0,0.0,0.0,0.0,0.0,0.0,0.0,0.0,0.0,0.0,0.0,0.0,0.0,0.0,0.0,0.0,0.0,0.0,0.0,0.10619054733084722,0.0,0.0,0.0,0.0,0.05946958345244587,0.0,0.0,0.0,0.0,0.0,0.0,0.0,0.0,0.0,0.0,0.0,0.0,0.0,0.0,0.0,0.04103757537680686,0.0,0.0,0.0,0.0,0.0643088471492065,0.0,0.5157318788064787
2023-02-08,0.0,0.0,0.0,0.0,0.0,0.0,0.0,0.0,0.0,0.0,0.0,0.0,0.0,0.0,0.0,0.0,0.0,0.0,0.0,0.0,0.0,0.0,0.0,0.0,0.0,0.0,0.0,0.0,0.0,0.0,0.0,0.0,0.0,0.0,0.0,0.0,0.0,0.0,0.06820915826475651,0.0,0.0,0.0,0.0,0.0,0.0,0.0,0.0,0.0,0.07118620877615534,0.0,0.0,0.0,0.0,0.0,0.0,0.0,0.0,0.0,0.0,0.0,0.0,0.0,0.07628396471574478,0.0,0.0,0.0,0.0,0.0,0.0,0.0,0.0,0.0,0.0,0.0,0.0,0.0,0.0,0.0,0.0,0.0,0.0,0.0,0.10755776979816117,0.0,0.0,0.0,0.0,0.05989017761239782,0.0,0.0,0.0,0.0,0.0,0.0,0.0,0.0,0.0,0.0,0.0,0.0,0.0,0.0,0.0,0.04182405332324933,0.0,0.0,0.0,0.0,0.06371157753574194,0.0,0.511337089973793
2023-02-09,0.0,0.0,0.0,0.0,0.0,0.0,0.0,0.0,0.0,0.0,0.0,0.0,0.0,0.0,0.0,0.0,0.0,0.0,0.0,0.0,0.0,0.0,0.0,0.0,0.0,0.0,0.0,0.0,0.0,0.0,0.0,0.0,0.0,0.0,0.0,0.0,0.0,0.0,0.0670270312342436,0.0,0.0,0.0,0.0,0.0,0.0,0.0,0.0,0.0,0.06933605736266932,0.0,0.0,0.0,0.0,0.0,0.0,0.0,0.0,0.0,0.0,0.0,0.0,0.0,0.07755800023946084,0.0,0.0,0.0,0.0,0.0,0.0,0.0,0.0,0.0,0.0,0.0,0.0,0.0,0.0,0.0,0.0,0.0,0.0,0.0,0.10661558653621081,0.0,0.0,0.0,0.0,0.059137815541047925,0.0,0.0,0.0,0.0,0.0,0.0,0.0,0.0,0.0,0.0,0.0,0.0,0.0,0.0,0.0,0.04149399888021492,0.0,0.0,0.0,0.0,0.0645856450616496,0.0,0.514245865144503
2023-02-10,0.0,0.0,0.0,0.0,0.0,0.0,0.0,0.0,0.0,0.0,0.0,0.0,0.0,0.0,0.0,0.0,0.0,0.0,0.0,0.0,0.0,0.0,0.0,0.0,0.0,0.0,0.0,0.0,0.0,0.0,0.0,0.0,0.0,0.0,0.0,0.0,0.0,0.0,0.06909729982229727,0.0,0.0,0.0,0.0,0.0,0.0,0.0,0.0,0.0,0.07059787771715233,0.0,0.0,0.0,0.0,0.0,0.0,0.0,0.0,0.0,0.0,0.0,0.0,0.0,0.07846477680179269,0.0,0.0,0.0,0.0,0.0,0.0,0.0,0.0,0.0,0.0,0.0,0.0,0.0,0.0,0.0,0.0,0.0,0.0,0.0,0.10727415307066783,0.0,0.0,0.0,0.0,0.059828957696106196,0.0,0.0,0.0,0.0,0.0,0.0,0.0,0.0,0.0,0.0,0.0,0.0,0.0,0.0,0.0,0.04179344561083928,0.0,0.0,0.0,0.0,0.0648249241351674,0.0,0.508118565145977
2023-02-13,0.0,0.0,0.0,0.0,0.0,0.0,0.0,0.0,0.0,0.0,0.0,0.0,0.0,0.0,0.0,0.0,0.0,0.0,0.0,0.0,0.0,0.0,0.0,0.0,0.0,0.0,0.0,0.0,0.0,0.0,0.0,0.0,0.0,0.0,0.0,0.0,0.0,0.0,0.0685290584390856,0.0,0.0,0.0,0.0,0.0,0.0,0.0,0.0,0.0,0.07180201507477862,0.0,0.0,0.0,0.0,0.0,0.0,0.0,0.0,0.0,0.0,0.0,0.0,0.0,0.0778404252358352,0.0,0.0,0.0,0.0,0.0,0.0,0.0,0.0,0.0,0.0,0.0,0.0,0.0,0.0,0.0,0.0,0.0,0.0,0.0,0.1055514314645122,0.0,0.0,0.0,0.0,0.06045664153213718,0.0,0.0,0.0,0.0,0.0,0.0,0.0,0.0,0.0,0.0,0.0,0.0,0.0,0.0,0.0,0.04233237385735732,0.0,0.0,0.0,0.0,0.0648275352660451,0.0,0.5086605191302488
2023-02-14,0.0,0.0,0.0,0.0,0.0,0.0,0.0,0.0,0.0,0.0,0.0,0.0,0.0,0.0,0.0,0.0,0.0,0.0,0.0,0.0,0.0,0.0,0.0,0.0,0.0,0.0,0.0,0.0,0.0,0.0,0.0,0.0,0.0,0.0,0.0,0.0,0.0,0.0,0.06847378225720159,0.0,0.0,0.0,0.0,0.0,0.0,0.0,0.0,0.0,0.07233892427513879,0.0,0.0,0.0,0.0,0.0,0.0,0.0,0.0,0.0,0.0,0.0,0.0,0.0,0.07727813372238417,0.0,0.0,0.0,0.0,0.0,0.0,0.0,0.0,0.0,0.0,0.0,0.0,0.0,0.0,0.0,0.0,0.0,0.0,0.0,0.10335588043999201,0.0,0.0,0.0,0.0,0.059491762781163596,0.0,0.0,0.0,0.0,0.0,0.0,0.0,0.0,0.0,0.0,0.0,0.0,0.0,0.0,0.0,0.04139730278785261,0.0,0.0,0.0,0.0,0.0649398470693119,0.0,0.5127243666669552
2023-02-15,0.0,0.0,0.0,0.0,0.0,0.0,0.0,0.0,0.0,0.0,0.0,0.0,0.0,0.0,0.0,0.0,0.0,0.0,0.0,0.0,0.0,0.0,0.0,0.0,0.0,0.0,0.0,0.0,0.0,0.0,0.0,0.0,0.0,0.0,0.0,0.0,0.0,0.0,0.0691305179935208,0.0,0.0,0.0,0.0,0.0,0.0,0.0,0.0,0.0,0.07362235771244209,0.0,0.0,0.0,0.0,0.0,0.0,0.0,0.0,0.0,0.0,0.0,0.0,0.0,0.07917155778705894,0.0,0.0,0.0,0.0,0.0,0.0,0.0,0.0,0.0,0.0,0.0,0.0,0.0,0.0,0.0,0.0,0.0,0.0,0.0,0.10255264422666331,0.0,0.0,0.0,0.0,0.06019820208099671,0.0,0.0,0.0,0.0,0.0,0.0,0.0,0.0,0.0,0.0,0.0,0.0,0.0,0.0,0.0,0.04157973968520599,0.0,0.0,0.0,0.0,0.06524475001403252,0.0,0.5085002305000798
2023-02-16,0.0,0.0,0.0,0.0,0.0,0.0,0.0,0.0,0.0,0.0,0.0,0.0,0.0,0.0,0.0,0.0,0.0,0.0,0.0,0.0,0.0,0.0,0.0,0.0,0.0,0.0,0.0,0.0,0.0,0.0,0.0,0.0,0.0,0.0,0.0,0.0,0.0,0.0,0.06875022155203916,0.0,0.0,0.0,0.0,0.0,0.0,0.0,0.0,0.0,0.07470577522023872,0.0,0.0,0.0,0.0,0.0,0.0,0.0,0.0,0.0,0.0,0.0,0.0,0.0,0.07325955265321986,0.0,0.0,0.0,0.0,0.0,0.0,0.0,0.0,0.0,0.0,0.0,0.0,0.0,0.0,0.0,0.0,0.0,0.0,0.0,0.10202869300796047,0.0,0.0,0.0,0.0,0.05959787668170511,0.0,0.0,0.0,0.0,0.0,0.0,0.0,0.0,0.0,0.0,0.0,0.0,0.0,0.0,0.0,0.041534631030790005,0.0,0.0,0.0,0.0,0.06579002755228412,0.0,0.5143332223017626
2023-02-17,0.0,0.0,0.0,0.0,0.0,0.0,0.0,0.0,0.0,0.0,0.0,0.0,0.0,0.0,0.0,0.0,0.0,0.0,0.0,0.0,0.0,0.0,0.0,0.0,0.0,0.0,0.0,0.0,0.0,0.0,0.0,0.0,0.0,0.0,0.0,0.0,0.0,0.0,0.06961928161136201,0.0,0.0,0.0,0.0,0.0,0.0,0.0,0.0,0.0,0.076252932520187,0.0,0.0,0.0,0.0,0.0,0.0,0.0,0.0,0.0,0.0,0.0,0.0,0.0,0.07324715060436753,0.0,0.0,0.0,0.0,0.0,0.0,0.0,0.0,0.0,0.0,0.0,0.0,0.0,0.0,0.0,0.0,0.0,0.0,0.0,0.0971542778748376,0.0,0.0,0.0,0.0,0.059178638133894367,0.0,0.0,0.0,0.0,0.0,0.0,0.0,0.0,0.0,0.0,0.0,0.0,0.0,0.0,0.0,0.040955747079516026,0.0,0.0,0.0,0.0,0.06742099993216176,0.0,0.5161709722436737
2023-02-22,0.0,0.0,0.0,0.0,0.0,0.0,0.0,0.0,0.0,0.0,0.0,0.0,0.0,0.0,0.0,0.0,0.0,0.0,0.0,0.0,0.0,0.0,0.0,0.0,0.0,0.0,0.0,0.0,0.0,0.0,0.0,0.0,0.0,0.0,0.0,0.0,0.0,0.0,0.06939689214787297,0.0,0.0,0.0,0.0,0.0,0.0,0.0,0.0,0.0,0.07539095681897505,0.0,0.0,0.0,0.0,0.0,0.0,0.0,0.0,0.0,0.0,0.0,0.0,0.0,0.0712702017248177,0.0,0.0,0.0,0.0,0.0,0.0,0.0,0.0,0.0,0.0,0.0,0.0,0.0,0.0,0.0,0.0,0.0,0.0,0.0,0.09645337818258731,0.0,0.0,0.0,0.0,0.05932030929024728,0.0,0.0,0.0,0.0,0.0,0.0,0.0,0.0,0.0,0.0,0.0,0.0,0.0,0.0,0.0,0.04083829193530053,0.0,0.0,0.0,0.0,0.06630470740452152,0.0,0.5210252624956777
2023-02-23,0.0,0.0,0.0,0.0,0.0,0.0,0.0,0.0,0.0,0.0,0.0,0.0,0.0,0.0,0.0,0.0,0.0,0.0,0.0,0.0,0.0,0.0,0.0,0.0,0.0,0.0,0.0,0.0,0.0,0.0,0.0,0.0,0.0,0.0,0.0,0.0,0.0,0.0,0.06931675970947955,0.0,0.0,0.0,0.0,0.0,0.0,0.0,0.0,0.0,0.07506439268087765,0.0,0.0,0.0,0.0,0.0,0.0,0.0,0.0,0.0,0.0,0.0,0.0,0.0,0.07255881978627576,0.0,0.0,0.0,0.0,0.0,0.0,0.0,0.0,0.0,0.0,0.0,0.0,0.0,0.0,0.0,0.0,0.0,0.0,0.0,0.0957035524080345,0.0,0.0,0.0,0.0,0.0607560687175092,0.0,0.0,0.0,0.0,0.0,0.0,0.0,0.0,0.0,0.0,0.0,0.0,0.0,0.0,0.0,0.0401069215675919,0.0,0.0,0.0,0.0,0.06746162820146524,0.0,0.5190318569287661
2023-02-24,0.0,0.0,0.030142884342156596,0.0,0.0,0.0,0.0,0.0,0.0,0.0,0.0,0.0,0.0,0.0,0.0,0.0,0.0,0.0,0.0,0.0,0.0,0.0,0.0,0.0,0.0,0.0,0.0,0.0,0.0,0.0,0.0,0.0,0.0,0.0,0.0,0.0,0.0,0.0,0.03790917769056375,0.0,0.0,0.0,0.0,0.0,0.0,0.0,0.0,0.0,0.03790917769056375,0.0,0.0,0.0,0.0,0.0,0.0,0.0,0.0,0.0,0.0,0.0,0.0,0.0,0.03790917769056375,0.0,0.0,0.0,0.0,0.0,0.0,0.0,0.0,0.0,0.0,0.0,0.0,0.0,0.0,0.030009537333405573,0.0,0.0,0.0,0.03179419923462399,0.08346893698627726,0.0,0.0,0.0,0.0,0.03790917769056375,0.0,0.0,0.0,0.0,0.0,0.035474476838483204,0.0,0.0,0.0,0.0,0.0,0.0,0.0,0.0,0.0,0.05302140586592877,0.0,0.0,0.0,0.0,0.03790917769056375,0.0,0.38051088894399754
2023-02-27,0.0,0.0,0.03024811223369349,0.0,0.0,0.0,0.0,0.0,0.0,0.0,0.0,0.0,0.0,0.0,0.0,0.0,0.0,0.0,0.0,0.0,0.0,0.0,0.0,0.0,0.0,0.0,0.0,0.0,0.0,0.0,0.0,0.0,0.0,0.0,0.0,0.0,0.0,0.0,0.038532380251613756,0.0,0.0,0.0,0.0,0.0,0.0,0.0,0.0,0.0,0.038361489987927336,0.0,0.0,0.0,0.0,0.0,0.0,0.0,0.0,0.0,0.0,0.0,0.0,0.0,0.037705852905941695,0.0,0.0,0.0,0.0,0.0,0.0,0.0,0.0,0.0,0.0,0.0,0.0,0.0,0.0,0.03011429971459467,0.0,0.0,0.0,0.030697718214800118,0.08246828288520178,0.0,0.0,0.0,0.0,0.03811747861384948,0.0,0.0,0.0,0.0,0.0,0.034545947101517656,0.0,0.0,0.0,0.0,0.0,0.0,0.0,0.0,0.0,0.05258109305593383,0.0,0.0,0.0,0.0,0.03798278175021054,0.0,0.3820331693862829
2023-02-28,0.0,0.0,0.03028856114271362,0.0,0.0,0.0,0.0,0.0,0.0,0.0,0.0,0.0,0.0,0.0,0.0,0.0,0.0,0.0,0.0,0.0,0.0,0.0,0.0,0.0,0.0,0.0,0.0,0.0,0.0,0.0,0.0,0.0,0.0,0.0,0.0,0.0,0.0,0.0,0.03827405696739516,0.0,0.0,0.0,0.0,0.0,0.0,0.0,0.0,0.0,0.03851158394919814,0.0,0.0,0.0,0.0,0.0,0.0,0.0,0.0,0.0,0.0,0.0,0.0,0.0,0.03737607252191087,0.0,0.0,0.0,0.0,0.0,0.0,0.0,0.0,0.0,0.0,0.0,0.0,0.0,0.0,0.02832748469992872,0.0,0.0,0.0,0.03129435272412265,0.07607116930585872,0.0,0.0,0.0,0.0,0.036302747142084035,0.0,0.0,0.0,0.0,0.0,0.03502686202574452,0.0,0.0,0.0,0.0,0.0,0.0,0.0,0.0,0.0,0.053455908388725264,0.0,0.0,0.0,0.0,0.038845217116378505,0.0,0.5562259840159398
2023-03-01,0.0,0.0,0.030184282877360327,0.0,0.0,0.0,0.0,0.0,0.0,0.0,0.0,0.0,0.0,0.0,0.0,0.0,0.0,0.0,0.0,0.0,0.0,0.0,0.0,0.0,0.0,0.0,0.0,0.0,0.0,0.0,0.0,0.0,0.0,0.0,0.0,0.0,0.0,0.0,0.03711876064211304,0.0,0.0,0.0,0.0,0.0,0.0,0.0,0.0,0.0,0.037439971986877096,0.0,0.0,0.0,0.0,0.0,0.0,0.0,0.0,0.0,0.0,0.0,0.0,0.0,0.03800280916733424,0.0,0.0,0.0,0.0,0.0,0.0,0.0,0.0,0.0,0.0,0.0,0.0,0.0,0.0,0.026162933623549628,0.0,0.0,0.0,0.033108811739848684,0.07573171484941191,0.0,0.0,0.0,0.0,0.034785342045772175,0.0,0.0,0.0,0.0,0.0,0.034990492426287045,0.0,0.0,0.0,0.0,0.0,0.0,0.0,0.0,0.0,0.05387660954577386,0.0,0.0,0.0,0.0,0.03926194395184302,0.0,0.559336327143829
2023-03-02,0.0,0.0,0.03051421944311095,0.0,0.0,0.0,0.0,0.0,0.0,0.0,0.0,0.0,0.0,0.0,0.0,0.0,0.0,0.0,0.0,0.0,0.0,0.0,0.0,0.0,0.0,0.0,0.0,0.0,0.0,0.0,0.0,0.0,0.0,0.0,0.0,0.0,0.0,0.0,0.03719148748947304,0.0,0.0,0.0,0.0,0.0,0.0,0.0,0.0,0.0,0.03598898247560791,0.0,0.0,0.0,0.0,0.0,0.0,0.0,0.0,0.0,0.0,0.0,0.0,0.0,0.04033924577681845,0.0,0.0,0.0,0.0,0.0,0.0,0.0,0.0,0.0,0.0,0.0,0.0,0.0,0.0,0.02594942306820513,0.0,0.0,0.0,0.03337786218222267,0.07657970830869042,0.0,0.0,0.0,0.0,0.036265638885197814,0.0,0.0,0.0,0.0,0.0,0.034792209756670224,0.0,0.0,0.0,0.0,0.0,0.0,0.0,0.0,0.0,0.05397373861800385,0.0,0.0,0.0,0.0,0.038805509975486,0.0,0.5562219740205134
2023-03-03,0.0,0.0,0.030631735943082987,0.0,0.0,0.0,0.0,0.0,0.0,0.0,0.0,0.0,0.0,0.0,0.0,0.0,0.0,0.0,0.0,0.0,0.0,0.0,0.0,0.0,0.0,0.0,0.0,0.0,0.0,0.0,0.0,0.0,0.0,0.0,0.0,0.0,0.0,0.0,0.03669720291163687,0.0,0.0,0.0,0.0,0.0,0.0,0.0,0.0,0.0,0.03618148133737876,0.0,0.0,0.0,0.0,0.0,0.0,0.0,0.0,0.0,0.0,0.0,0.0,0.0,0.04017666690033835,0.0,0.0,0.0,0.0,0.0,0.0,0.0,0.0,0.0,0.0,0.0,0.0,0.0,0.0,0.026171768352319796,0.0,0.0,0.0,0.03352451065478826,0.07806509684487,0.0,0.0,0.0,0.0,0.03661759240451232,0.0,0.0,0.0,0.0,0.0,0.03470778616646563,0.0,0.0,0.0,0.0,0.0,0.0,0.0,0.0,0.0,0.05379819500377975,0.0,0.0,0.0,0.0,0.03838716830756948,0.0,0.5550407951732579
2023-03-06,0.0,0.0,0.03104981664919167,0.0,0.0,0.0,0.0,0.0,0.0,0.0,0.0,0.0,0.0,0.0,0.0,0.0,0.0,0.0,0.0,0.0,0.0,0.0,0.0,0.0,0.0,0.0,0.0,0.0,0.0,0.0,0.0,0.0,0.0,0.0,0.0,0.0,0.0,0.0,0.03729547303674729,0.0,0.0,0.0,0.0,0.0,0.0,0.0,0.0,0.0,0.03643541298613523,0.0,0.0,0.0,0.0,0.0,0.0,0.0,0.0,0.0,0.0,0.0,0.0,0.0,0.0399126783891168,0.0,0.0,0.0,0.0,0.0,0.0,0.0,0.0,0.0,0.0,0.0,0.0,0.0,0.0,0.026376001954707125,0.0,0.0,0.0,0.033273835885474286,0.0777376935749918,0.0,0.0,0.0,0.0,0.03626760519356402,0.0,0.0,0.0,0.0,0.0,0.03486122389856071,0.0,0.0,0.0,0.0,0.0,0.0,0.0,0.0,0.0,0.053622583507714885,0.0,0.0,0.0,0.0,0.03889649938811697,0.0,0.5542711755356793
2023-03-07,0.0,0.0,0.03090857083930928,0.0,0.0,0.0,0.0,0.0,0.0,0.0,0.0,0.0,0.0,0.0,0.0,0.0,0.0,0.0,0.0,0.0,0.0,0.0,0.0,0.0,0.0,0.0,0.0,0.0,0.0,0.0,0.0,0.0,0.0,0.0,0.0,0.0,0.0,0.0,0.037980874540336496,0.0,0.0,0.0,0.0,0.0,0.0,0.0,0.0,0.0,0.03641494836169712,0.0,0.0,0.0,0.0,0.0,0.0,0.0,0.0,0.0,0.0,0.0,0.0,0.0,0.0381999969937769,0.0,0.0,0.0,0.0,0.0,0.0,0.0,0.0,0.0,0.0,0.0,0.0,0.0,0.0,0.026963483408176225,0.0,0.0,0.0,0.03202563956675456,0.07588305306952076,0.0,0.0,0.0,0.0,0.03613899234568492,0.0,0.0,0.0,0.0,0.0,0.03475584294800116,0.0,0.0,0.0,0.0,0.0,0.0,0.0,0.0,0.0,0.05334315472220973,0.0,0.0,0.0,0.0,0.03930293355035489,0.0,0.5580825096541778
2023-03-08,0.0,0.0,0.030413139774283067,0.0,0.0,0.0,0.0,0.0,0.0,0.0,0.0,0.0,0.0,0.0,0.0,0.0,0.0,0.0,0.0,0.0,0.0,0.0,0.0,0.0,0.0,0.0,0.0,0.0,0.0,0.0,0.0,0.0,0.0,0.0,0.0,0.0,0.0,0.0,0.03836694966172139,0.0,0.0,0.0,0.0,0.0,0.0,0.0,0.0,0.0,0.03721919879835847,0.0,0.0,0.0,0.0,0.0,0.0,0.0,0.0,0.0,0.0,0.0,0.0,0.0,0.03812389123867405,0.0,0.0,0.0,0.0,0.0,0.0,0.0,0.0,0.0,0.0,0.0,0.0,0.0,0.0,0.026782129785701377,0.0,0.0,0.0,0.03361190702783601,0.07729500876255753,0.0,0.0,0.0,0.0,0.036674469169458636,0.0,0.0,0.0,0.0,0.0,0.03376426644271744,0.0,0.0,0.0,0.0,0.0,0.0,0.0,0.0,0.0,0.053939741900315696,0.0,0.0,0.0,0.0,0.03957385964826056,0.0,0.5542354377901157
2023-03-09,0.0,0.0,0.0304660027197153,0.0,0.0,0.0,0.0,0.0,0.0,0.0,0.0,0.0,0.0,0.0,0.0,0.0,0.0,0.0,0.0,0.0,0.0,0.0,0.0,0.0,0.0,0.0,0.0,0.0,0.0,0.0,0.0,0.0,0.0,0.0,0.0,0.0,0.0,0.0,0.0387250205428121,0.0,0.0,0.0,0.0,0.0,0.0,0.0,0.0,0.0,0.03675072368272757,0.0,0.0,0.0,0.0,0.0,0.0,0.0,0.0,0.0,0.0,0.0,0.0,0.0,0.038382476085509806,0.0,0.0,0.0,0.0,0.0,0.0,0.0,0.0,0.0,0.0,0.0,0.0,0.0,0.0,0.026401320662268846,0.0,0.0,0.0,0.03424310188980293,0.07532303639146543,0.0,0.0,0.0,0.0,0.03635127553754668,0.0,0.0,0.0,0.0,0.0,0.03335169229429242,0.0,0.0,0.0,0.0,0.0,0.0,0.0,0.0,0.0,0.053357681018318254,0.0,0.0,0.0,0.0,0.039466924008253704,0.0,0.5571807451672869
2023-03-10,0.0,0.0,0.030543803877489804,0.0,0.0,0.0,0.0,0.0,0.0,0.0,0.0,0.0,0.0,0.0,0.0,0.0,0.0,0.0,0.0,0.0,0.0,0.0,0.0,0.0,0.0,0.0,0.0,0.0,0.0,0.0,0.0,0.0,0.0,0.0,0.0,0.0,0.0,0.0,0.03944688043776067,0.0,0.0,0.0,0.0,0.0,0.0,0.0,0.0,0.0,0.03612052931046793,0.0,0.0,0.0,0.0,0.0,0.0,0.0,0.0,0.0,0.0,0.0,0.0,0.0,0.0378343068982222,0.0,0.0,0.0,0.0,0.0,0.0,0.0,0.0,0.0,0.0,0.0,0.0,0.0,0.0,0.025404588728116524,0.0,0.0,0.0,0.03406605696054301,0.07516218994818345,0.0,0.0,0.0,0.0,0.03630816733791729,0.0,0.0,0.0,0.0,0.0,0.0333013530145672,0.0,0.0,0.0,0.0,0.0,0.0,0.0,0.0,0.0,0.052528455098442166,0.0,0.0,0.0,0.0,0.03932527230854417,0.0,0.5599583960797456
2023-03-13,0.0,0.0,0.03014295446299184,0.0,0.0,0.0,0.0,0.0,0.0,0.0,0.0,0.0,0.0,0.0,0.0,0.0,0.0,0.0,0.0,0.0,0.0,0.0,0.0,0.0,0.0,0.0,0.0,0.0,0.0,0.0,0.0,0.0,0.0,0.0,0.0,0.0,0.0,0.0,0.04058781710141551,0.0,0.0,0.0,0.0,0.0,0.0,0.0,0.0,0.0,0.035554117496232204,0.0,0.0,0.0,0.0,0.0,0.0,0.0,0.0,0.0,0.0,0.0,0.0,0.0,0.037392505565476596,0.0,0.0,0.0,0.0,0.0,0.0,0.0,0.0,0.0,0.0,0.0,0.0,0.0,0.0,0.026063501649305782,0.0,0.0,0.0,0.03245301643085478,0.07251598546298432,0.0,0.0,0.0,0.0,0.035125946868398907,0.0,0.0,0.0,0.0,0.0,0.033642704054635694,0.0,0.0,0.0,0.0,0.0,0.0,0.0,0.0,0.0,0.051592289745935084,0.0,0.0,0.0,0.0,0.03991122142766506,0.0,0.5650179397341042
2023-03-14,0.0,0.0,0.029768003272097658,0.0,0.0,0.0,0.0,0.0,0.0,0.0,0.0,0.0,0.0,0.0,0.0,0.0,0.0,0.0,0.0,0.0,0.0,0.0,0.0,0.0,0.0,0.0,0.0,0.0,0.0,0.0,0.0,0.0,0.0,0.0,0.0,0.0,0.0,0.0,0.03968960732891648,0.0,0.0,0.0,0.0,0.0,0.0,0.0,0.0,0.0,0.035226660327204305,0.0,0.0,0.0,0.0,0.0,0.0,0.0,0.0,0.0,0.0,0.0,0.0,0.0,0.03683857258168315,0.0,0.0,0.0,0.0,0.0,0.0,0.0,0.0,0.0,0.0,0.0,0.0,0.0,0.0,0.025785338271091425,0.0,0.0,0.0,0.030327166217124564,0.07367350627691645,0.0,0.0,0.0,0.0,0.03575807270047439,0.0,0.0,0.0,0.0,0.0,0.033784849232468855,0.0,0.0,0.0,0.0,0.0,0.0,0.0,0.0,0.0,0.05219849468426654,0.0,0.0,0.0,0.0,0.040466807358357726,0.0,0.5664829217493985
2023-03-15,0.0,0.0,0.029758587087051605,0.0,0.0,0.0,0.0,0.0,0.0,0.0,0.0,0.0,0.0,0.0,0.0,0.0,0.0,0.0,0.0,0.0,0.0,0.0,0.0,0.0,0.0,0.0,0.0,0.0,0.0,0.0,0.0,0.0,0.0,0.0,0.0,0.0,0.0,0.0,0.04208558635900102,0.0,0.0,0.0,0.0,0.0,0.0,0.0,0.0,0.0,0.035158016043658875,0.0,0.0,0.0,0.0,0.0,0.0,0.0,0.0,0.0,0.0,0.0,0.0,0.0,0.03674628039376091,0.0,0.0,0.0,0.0,0.0,0.0,0.0,0.0,0.0,0.0,0.0,0.0,0.0,0.0,0.02585554197754733,0.0,0.0,0.0,0.03169107397725176,0.07185474131535476,0.0,0.0,0.0,0.0,0.02911446127556786,0.0,0.0,0.0,0.0,0.0,0.03378149341654343,0.0,0.0,0.0,0.0,0.0,0.0,0.0,0.0,0.0,0.05174664885312526,0.0,0.0,0.0,0.0,0.04061826022797969,0.0,0.5715893090731575
2023-03-16,0.0,0.0,0.02971918343317583,0.0,0.0,0.0,0.0,0.0,0.0,0.0,0.0,0.0,0.0,0.0,0.0,0.0,0.0,0.0,0.0,0.0,0.0,0.0,0.0,0.0,0.0,0.0,0.0,0.0,0.0,0.0,0.0,0.0,0.0,0.0,0.0,0.0,0.0,0.0,0.04250448626668771,0.0,0.0,0.0,0.0,0.0,0.0,0.0,0.0,0.0,0.034804723422318426,0.0,0.0,0.0,0.0,0.0,0.0,0.0,0.0,0.0,0.0,0.0,0.0,0.0,0.03595002335347141,0.0,0.0,0.0,0.0,0.0,0.0,0.0,0.0,0.0,0.0,0.0,0.0,0.0,0.0,0.026434997806333103,0.0,0.0,0.0,0.031690028868769364,0.0732321680576525,0.0,0.0,0.0,0.0,0.027214783575241427,0.0,0.0,0.0,0.0,0.0,0.03331515252053266,0.0,0.0,0.0,0.0,0.0,0.0,0.0,0.0,0.0,0.05149240440065508,0.0,0.0,0.0,0.0,0.04091214274670454,0.0,0.572729905548458
2023-03-17,0.0,0.0,0.029387912642074937,0.0,0.0,0.0,0.0,0.0,0.0,0.0,0.0,0.0,0.0,0.0,0.0,0.0,0.0,0.0,0.0,0.0,0.0,0.0,0.0,0.0,0.0,0.0,0.0,0.0,0.0,0.0,0.0,0.0,0.0,0.0,0.0,0.0,0.0,0.0,0.04123534312963295,0.0,0.0,0.0,0.0,0.0,0.0,0.0,0.0,0.0,0.03400666492350424,0.0,0.0,0.0,0.0,0.0,0.0,0.0,0.0,0.0,0.0,0.0,0.0,0.0,0.03577060010447048,0.0,0.0,0.0,0.0,0.0,0.0,0.0,0.0,0.0,0.0,0.0,0.0,0.0,0.0,0.02633432140305565,0.0,0.0,0.0,0.03128828987791603,0.07265528606633086,0.0,0.0,0.0,0.0,0.02803465318636547,0.0,0.0,0.0,0.0,0.0,0.03311593635618349,0.0,0.0,0.0,0.0,0.0,0.0,0.0,0.0,0.0,0.05310450234869947,0.0,0.0,0.0,0.0,0.04057919652872896,0.0,0.5744872934330375
2023-03-20,0.0,0.0,0.02935373089892182,0.0,0.0,0.0,0.0,0.0,0.0,0.0,0.0,0.0,0.0,0.0,0.0,0.0,0.0,0.0,0.0,0.0,0.0,0.0,0.0,0.0,0.0,0.0,0.0,0.0,0.0,0.0,0.0,0.0,0.0,0.0,0.0,0.0,0.0,0.0,0.03965758329951078,0.0,0.0,0.0,0.0,0.0,0.0,0.0,0.0,0.0,0.033081687360901994,0.0,0.0,0.0,0.0,0.0,0.0,0.0,0.0,0.0,0.0,0.0,0.0,0.0,0.035598149376456806,0.0,0.0,0.0,0.0,0.0,0.0,0.0,0.0,0.0,0.0,0.0,0.0,0.0,0.0,0.025596485848591595,0.0,0.0,0.0,0.03095666474536077,0.07201462960677174,0.0,0.0,0.0,0.0,0.02687363890501081,0.0,0.0,0.0,0.0,0.0,0.03335815143240322,0.0,0.0,0.0,0.0,0.0,0.0,0.0,0.0,0.0,0.05621745954602361,0.0,0.0,0.0,0.0,0.040595173400850164,0.0,0.5766966455791965
2023-03-21,0.0,0.0,0.030150835975576714,0.0,0.0,0.0,0.0,0.0,0.0,0.0,0.0,0.0,0.0,0.0,0.0,0.0,0.0,0.0,0.0,0.0,0.0,0.0,0.0,0.0,0.0,0.0,0.0,0.0,0.0,0.0,0.0,0.0,0.0,0.0,0.0,0.0,0.0,0.0,0.0401586231353589,0.0,0.0,0.0,0.0,0.0,0.0,0.0,0.0,0.0,0.03359170483960389,0.0,0.0,0.0,0.0,0.0,0.0,0.0,0.0,0.0,0.0,0.0,0.0,0.0,0.03426599713392206,0.0,0.0,0.0,0.0,0.0,0.0,0.0,0.0,0.0,0.0,0.0,0.0,0.0,0.0,0.02603973337666681,0.0,0.0,0.0,0.03191683692047445,0.07369082535574338,0.0,0.0,0.0,0.0,0.02726234141518636,0.0,0.0,0.0,0.0,0.0,0.033202691811051226,0.0,0.0,0.0,0.0,0.0,0.0,0.0,0.0,0.0,0.05203896726107471,0.0,0.0,0.0,0.0,0.04084984990339727,0.0,0.5768315928719443
2023-03-22,0.0,0.0,0.029130428676866497,0.0,0.0,0.0,0.0,0.0,0.0,0.0,0.0,0.0,0.0,0.0,0.0,0.0,0.0,0.0,0.0,0.0,0.0,0.0,0.0,0.0,0.0,0.0,0.0,0.0,0.0,0.0,0.0,0.0,0.0,0.0,0.0,0.0,0.0,0.0,0.04074151989198354,0.0,0.0,0.0,0.0,0.0,0.0,0.0,0.0,0.0,0.03356075516378559,0.0,0.0,0.0,0.0,0.0,0.0,0.0,0.0,0.0,0.0,0.0,0.0,0.0,0.03493107461857049,0.0,0.0,0.0,0.0,0.0,0.0,0.0,0.0,0.0,0.0,0.0,0.0,0.0,0.0,0.02516326206368792,0.0,0.0,0.0,0.03615402024295885,0.07268393340875416,0.0,0.0,0.0,0.0,0.02749706117713705,0.0,0.0,0.0,0.0,0.0,0.033500618327378454,0.0,0.0,0.0,0.0,0.0,0.0,0.0,0.0,0.0,0.05036183947645348,0.0,0.0,0.0,0.0,0.04031833695815413,0.0,0.57595714999427
2023-03-23,0.0,0.0,0.028883855669063603,0.0,0.0,0.0,0.0,0.0,0.0,0.0,0.0,0.0,0.0,0.0,0.0,0.0,0.0,0.0,0.0,0.0,0.0,0.0,0.0,0.0,0.0,0.0,0.0,0.0,0.0,0.0,0.0,0.0,0.0,0.0,0.0,0.0,0.0,0.0,0.039677451937600056,0.0,0.0,0.0,0.0,0.0,0.0,0.0,0.0,0.0,0.033924350416743236,0.0,0.0,0.0,0.0,0.0,0.0,0.0,0.0,0.0,0.0,0.0,0.0,0.0,0.03340648685816282,0.0,0.0,0.0,0.0,0.0,0.0,0.0,0.0,0.0,0.0,0.0,0.0,0.0,0.0,0.025729202546680745,0.0,0.0,0.0,0.035216513433596094,0.07022091249607539,0.0,0.0,0.0,0.0,0.026532350691718335,0.0,0.0,0.0,0.0,0.0,0.03325070006982726,0.0,0.0,0.0,0.0,0.0,0.0,0.0,0.0,0.0,0.04884044889965,0.0,0.0,0.0,0.0,0.041182120498494436,0.0,0.5831356064823879
2023-03-24,0.0,0.0,0.028815081720276192,0.0,0.0,0.0,0.0,0.0,0.0,0.0,0.0,0.0,0.0,0.0,0.0,0.0,0.0,0.0,0.0,0.0,0.0,0.0,0.0,0.0,0.0,0.0,0.0,0.0,0.0,0.0,0.0,0.0,0.0,0.0,0.0,0.0,0.0,0.0,0.04066821328996121,0.0,0.0,0.0,0.0,0.0,0.0,0.0,0.0,0.0,0.033547565078538906,0.0,0.0,0.0,0.0,0.0,0.0,0.0,0.0,0.0,0.0,0.0,0.0,0.0,0.036406420492678886,0.0,0.0,0.0,0.0,0.0,0.0,0.0,0.0,0.0,0.0,0.0,0.0,0.0,0.0,0.025668269057604734,0.0,0.0,0.0,0.03661501769644643,0.07025303628881086,0.0,0.0,0.0,0.0,0.02697601300292817,0.0,0.0,0.0,0.0,0.0,0.03319559613981566,0.0,0.0,0.0,0.0,0.0,0.0,0.0,0.0,0.0,0.049545284586165625,0.0,0.0,0.0,0.0,0.041357696283540246,0.0,0.576951806363233
2023-03-27,0.0,0.0,0.02940740629454432,0.0,0.0,0.0,0.0,0.0,0.0,0.0,0.0,0.0,0.0,0.0,0.0,0.0,0.0,0.0,0.0,0.0,0.0,0.0,0.0,0.0,0.0,0.0,0.0,0.0,0.0,0.0,0.0,0.0,0.0,0.0,0.0,0.0,0.0,0.0,0.04081119184871301,0.0,0.0,0.0,0.0,0.0,0.0,0.0,0.0,0.0,0.033410311608724735,0.0,0.0,0.0,0.0,0.0,0.0,0.0,0.0,0.0,0.0,0.0,0.0,0.0,0.037353497088691436,0.0,0.0,0.0,0.0,0.0,0.0,0.0,0.0,0.0,0.0,0.0,0.0,0.0,0.0,0.025979656872648388,0.0,0.0,0.0,0.037462732570846924,0.07266084403597597,0.0,0.0,0.0,0.0,0.02754089387121333,0.0,0.0,0.0,0.0,0.0,0.03282767595389536,0.0,0.0,0.0,0.0,0.0,0.0,0.0,0.0,0.0,0.049167852709976284,0.0,0.0,0.0,0.0,0.041650013288037586,0.0,0.5717279238567327
2023-03-28,0.0,0.0,0.030291245240815775,0.0,0.0,0.0,0.0,0.0,0.0,0.0,0.0,0.0,0.0,0.0,0.0,0.0,0.0,0.0,0.0,0.0,0.0,0.0,0.0,0.0,0.0,0.0,0.0,0.0,0.0,0.0,0.0,0.0,0.0,0.0,0.0,0.0,0.0,0.0,0.04066283309034866,0.0,0.0,0.0,0.0,0.0,0.0,0.0,0.0,0.0,0.033680325402599506,0.0,0.0,0.0,0.0,0.0,0.0,0.0,0.0,0.0,0.0,0.0,0.0,0.0,0.0374272654365042,0.0,0.0,0.0,0.0,0.0,0.0,0.0,0.0,0.0,0.0,0.0,0.0,0.0,0.0,0.026632668347270353,0.0,0.0,0.0,0.03766268755758241,0.07281133656124225,0.0,0.0,0.0,0.0,0.027256047448569066,0.0,0.0,0.0,0.0,0.0,0.03323159878719262,0.0,0.0,0.0,0.0,0.0,0.0,0.0,0.0,0.0,0.05023894966225004,0.0,0.0,0.0,0.0,0.041576801223923744,0.0,0.5685282412417014
2023-03-29,0.0,0.0,0.029090564729449108,0.0,0.0,0.0,0.0,0.0,0.0,0.0,0.0,0.0,0.0,0.0,0.0,0.0,0.0,0.0,0.0,0.0,0.0,0.0,0.0,0.0,0.0,0.0,0.0,0.0,0.0,0.0,0.0,0.0,0.0,0.0,0.0,0.0,0.0,0.0,0.039766312436610635,0.0,0.0,0.0,0.0,0.0,0.0,0.0,0.0,0.0,0.033648870816004636,0.0,0.0,0.0,0.0,0.0,0.0,0.0,0.0,0.0,0.0,0.0,0.0,0.0,0.03594049982581562,0.0,0.0,0.0,0.0,0.0,0.0,0.0,0.0,0.0,0.0,0.0,0.0,0.0,0.0,0.02716764517449665,0.0,0.0,0.0,0.03841220896592896,0.0731971274926936,0.0,0.0,0.0,0.0,0.027674570446548603,0.0,0.0,0.0,0.0,0.0,0.03322943347822766,0.0,0.0,0.0,0.0,0.0,0.0,0.0,0.0,0.0,0.04903450535530946,0.0,0.0,0.0,0.0,0.042081601252680165,0.0,0.570756660026235
2023-03-30,0.0,0.0,0.028572370247496887,0.0,0.0,0.0,0.0,0.0,0.0,0.0,0.0,0.0,0.0,0.0,0.0,0.0,0.0,0.0,0.0,0.0,0.0,0.0,0.0,0.0,0.0,0.0,0.0,0.0,0.0,0.0,0.0,0.0,0.0,0.0,0.0,0.0,0.0,0.0,0.040410804328806366,0.0,0.0,0.0,0.0,0.0,0.0,0.0,0.0,0.0,0.033785174708787745,0.0,0.0,0.0,0.0,0.0,0.0,0.0,0.0,0.0,0.0,0.0,0.0,0.0,0.036535083312817976,0.0,0.0,0.0,0.0,0.0,0.0,0.0,0.0,0.0,0.0,0.0,0.0,0.0,0.0,0.027788642811723524,0.0,0.0,0.0,0.03639483020011239,0.07411478628427942,0.0,0.0,0.0,0.0,0.027731483266740267,0.0,0.0,0.0,0.0,0.0,0.032945418169517834,0.0,0.0,0.0,0.0,0.0,0.0,0.0,0.0,0.0,0.04864365634412619,0.0,0.0,0.0,0.0,0.0422002061452171,0.0,0.5708775441803742
2023-03-31,0.0,0.0,0.028763718672803563,0.0,0.0,0.0,0.0,0.0,0.0,0.0,0.0,0.0,0.0,0.0,0.0,0.0,0.0,0.0,0.0,0.0,0.0,0.0,0.0,0.0,0.0,0.0,0.0,0.0,0.0,0.0,0.0,0.0,0.0,0.0,0.0,0.0,0.0,0.0,0.040622064860888485,0.0,0.0,0.0,0.0,0.0,0.0,0.0,0.0,0.0,0.0342096646249859,0.0,0.0,0.0,0.0,0.0,0.0,0.0,0.0,0.0,0.0,0.0,0.0,0.0,0.03602295766206801,0.0,0.0,0.0,0.0,0.0,0.0,0.0,0.0,0.0,0.0,0.0,0.0,0.0,0.0,0.027446001866603446,0.0,0.0,0.0,0.036509462001465195,0.07196559758429243,0.0,0.0,0.0,0.0,0.02665691074691466,0.0,0.0,0.0,0.0,0.0,0.033128954586920285,0.0,0.0,0.0,0.0,0.0,0.0,0.0,0.0,0.0,0.04827305059832319,0.0,0.0,0.0,0.0,0.04117041089123875,0.0,0.5752312059034962
2023-04-03,0.0,0.0,0.03332655206016003,0.0,0.0,0.0,0.0,0.0,0.0,0.0,0.0,0.0,0.0,0.0,0.0,0.0,0.0,0.0,0.0,0.0,0.0,0.0,0.0,0.0,0.0,0.0,0.0,0.0,0.0,0.0,0.0,0.0,0.0,0.0,0.0,0.0,0.0,0.0,0.0,0.0,0.0,0.0,0.0,0.0,0.0,0.0,0.0,0.0,0.0,0.0,0.0,0.0,0.0,0.0,0.0,0.0,0.0,0.0,0.0,0.0,0.0,0.0,0.0,0.0,0.0,0.0,0.0,0.0,0.0,0.0,0.0,0.0,0.0,0.0,0.0,0.0,0.0,0.03651245471946183,0.0,0.0,0.0,0.0,0.06976589429016561,0.0,0.0,0.0,0.0,0.0,0.0,0.0,0.0,0.0,0.0,0.03983046220755333,0.0,0.0,0.0,0.0,0.0,0.0,0.0,0.0,0.0,0.05307647213347836,0.0,0.0,0.0,0.0,0.0,0.0,0.5492324929794732
2023-04-04,0.0,0.0,0.033500433263029074,0.0,0.0,0.0,0.0,0.0,0.0,0.0,0.0,0.0,0.0,0.0,0.0,0.0,0.0,0.0,0.0,0.0,0.0,0.0,0.0,0.0,0.0,0.0,0.0,0.0,0.0,0.0,0.0,0.0,0.0,0.0,0.0,0.0,0.0,0.0,0.0,0.0,0.0,0.0,0.0,0.0,0.0,0.0,0.0,0.0,0.0,0.0,0.0,0.0,0.0,0.0,0.0,0.0,0.0,0.0,0.0,0.0,0.0,0.0,0.0,0.0,0.0,0.0,0.0,0.0,0.0,0.0,0.0,0.0,0.0,0.0,0.0,0.0,0.0,0.03621268938744401,0.0,0.0,0.0,0.0,0.07253694498833198,0.0,0.0,0.0,0.0,0.0,0.0,0.0,0.0,0.0,0.0,0.04031202740382324,0.0,0.0,0.0,0.0,0.0,0.0,0.0,0.0,0.0,0.05336992848121995,0.0,0.0,0.0,0.0,0.0,0.0,0.5468638693288869
2023-04-05,0.0,0.0,0.03238707387221462,0.0,0.0,0.0,0.0,0.0,0.0,0.0,0.0,0.0,0.0,0.0,0.0,0.0,0.0,0.0,0.0,0.0,0.0,0.0,0.0,0.0,0.0,0.0,0.0,0.0,0.0,0.0,0.0,0.0,0.0,0.0,0.0,0.0,0.0,0.0,0.0,0.0,0.0,0.0,0.0,0.0,0.0,0.0,0.0,0.0,0.0,0.0,0.0,0.0,0.0,0.0,0.0,0.0,0.0,0.0,0.0,0.0,0.0,0.0,0.0,0.0,0.0,0.0,0.0,0.0,0.0,0.0,0.0,0.0,0.0,0.0,0.0,0.0,0.0,0.03599143529875928,0.0,0.0,0.0,0.0,0.07203816063021258,0.0,0.0,0.0,0.0,0.0,0.0,0.0,0.0,0.0,0.0,0.03892590989425413,0.0,0.0,0.0,0.0,0.0,0.0,0.0,0.0,0.0,0.053526091514567276,0.0,0.0,0.0,0.0,0.0,0.0,0.7671313287899921
2023-04-06,0.0,0.0,0.032811730926662515,0.0,0.0,0.0,0.0,0.0,0.0,0.0,0.0,0.0,0.0,0.0,0.0,0.0,0.0,0.0,0.0,0.0,0.0,0.0,0.0,0.0,0.0,0.0,0.0,0.0,0.0,0.0,0.0,0.0,0.0,0.0,0.0,0.0,0.0,0.0,0.0,0.0,0.0,0.0,0.0,0.0,0.0,0.0,0.0,0.0,0.0,0.0,0.0,0.0,0.0,0.0,0.0,0.0,0.0,0.0,0.0,0.0,0.0,0.0,0.0,0.0,0.0,0.0,0.0,0.0,0.0,0.0,0.0,0.0,0.0,0.0,0.0,0.0,0.0,0.0353792240641527,0.0,0.0,0.0,0.0,0.0747196312102171,0.0,0.0,0.0,0.0,0.0,0.0,0.0,0.0,0.0,0.0,0.03907089140565576,0.0,0.0,0.0,0.0,0.0,0.0,0.0,0.0,0.0,0.05298631499355541,0.0,0.0,0.0,0.0,0.0,0.0,0.7650322073997565
2023-04-10,0.0,0.0,0.033360838407441744,0.0,0.0,0.0,0.0,0.0,0.0,0.0,0.0,0.0,0.0,0.0,0.0,0.0,0.0,0.0,0.0,0.0,0.0,0.0,0.0,0.0,0.0,0.0,0.0,0.0,0.0,0.0,0.0,0.0,0.0,0.0,0.0,0.0,0.0,0.0,0.0,0.0,0.0,0.0,0.0,0.0,0.0,0.0,0.0,0.0,0.0,0.0,0.0,0.0,0.0,0.0,0.0,0.0,0.0,0.0,0.0,0.0,0.0,0.0,0.0,0.0,0.0,0.0,0.0,0.0,0.0,0.0,0.0,0.0,0.0,0.0,0.0,0.0,0.0,0.035785792580167106,0.0,0.0,0.0,0.0,0.07461114578866242,0.0,0.0,0.0,0.0,0.0,0.0,0.0,0.0,0.0,0.0,0.039461657541041834,0.0,0.0,0.0,0.0,0.0,0.0,0.0,0.0,0.0,0.05378433954214735,0.0,0.0,0.0,0.0,0.0,0.0,0.7629962261405395
2023-04-11,0.0,0.0,0.03361250461049798,0.0,0.0,0.0,0.0,0.0,0.0,0.0,0.0,0.0,0.0,0.0,0.0,0.0,0.0,0.0,0.0,0.0,0.0,0.0,0.0,0.0,0.0,0.0,0.0,0.0,0.0,0.0,0.0,0.0,0.0,0.0,0.0,0.0,0.0,0.0,0.0,0.0,0.0,0.0,0.0,0.0,0.0,0.0,0.0,0.0,0.0,0.0,0.0,0.0,0.0,0.0,0.0,0.0,0.0,0.0,0.0,0.0,0.0,0.0,0.0,0.0,0.0,0.0,0.0,0.0,0.0,0.0,0.0,0.0,0.0,0.0,0.0,0.0,0.0,0.03741702276311116,0.0,0.0,0.0,0.0,0.07584371663212515,0.0,0.0,0.0,0.0,0.0,0.0,0.0,0.0,0.0,0.0,0.0400965726908763,0.0,0.0,0.0,0.0,0.0,0.0,0.0,0.0,0.0,0.054627211557375016,0.0,0.0,0.0,0.0,0.0,0.0,0.7584029717460143
2023-04-12,0.0,0.0,0.03431993971761644,0.0,0.0,0.0,0.0,0.0,0.0,0.0,0.0,0.0,0.0,0.0,0.0,0.0,0.0,0.0,0.0,0.0,0.0,0.0,0.0,0.0,0.0,0.0,0.0,0.0,0.0,0.0,0.0,0.0,0.0,0.0,0.0,0.0,0.0,0.0,0.0,0.0,0.0,0.0,0.0,0.0,0.0,0.0,0.0,0.0,0.0,0.0,0.0,0.0,0.0,0.0,0.0,0.0,0.0,0.0,0.0,0.0,0.0,0.0,0.0,0.0,0.0,0.0,0.0,0.0,0.0,0.0,0.0,0.0,0.0,0.0,0.0,0.0,0.0,0.03698352982399322,0.0,0.0,0.0,0.0,0.07724413492231302,0.0,0.0,0.0,0.0,0.0,0.0,0.0,0.0,0.0,0.0,0.03964550384284945,0.0,0.0,0.0,0.0,0.0,0.0,0.0,0.0,0.0,0.053857392783048165,0.0,0.0,0.0,0.0,0.0,0.0,0.7579494989101797
2023-04-13,0.0,0.0,0.034112980661238204,0.0,0.0,0.0,0.0,0.0,0.0,0.0,0.0,0.0,0.0,0.0,0.0,0.0,0.0,0.0,0.0,0.0,0.0,0.0,0.0,0.0,0.0,0.0,0.0,0.0,0.0,0.0,0.0,0.0,0.0,0.0,0.0,0.0,0.0,0.0,0.0,0.0,0.0,0.0,0.0,0.0,0.0,0.0,0.0,0.0,0.0,0.0,0.0,0.0,0.0,0.0,0.0,0.0,0.0,0.0,0.0,0.0,0.0,0.0,0.0,0.0,0.0,0.0,0.0,0.0,0.0,0.0,0.0,0.0,0.0,0.0,0.0,0.0,0.0,0.0372095395612164,0.0,0.0,0.0,0.0,0.07747609677411198,0.0,0.0,0.0,0.0,0.0,0.0,0.0,0.0,0.0,0.0,0.03932231485817342,0.0,0.0,0.0,0.0,0.0,0.0,0.0,0.0,0.0,0.05293393271898231,0.0,0.0,0.0,0.0,0.0,0.0,0.7589451354262776
2023-04-14,0.0,0.0,0.034411518339041894,0.0,0.0,0.0,0.0,0.0,0.0,0.0,0.0,0.0,0.0,0.0,0.0,0.0,0.0,0.0,0.0,0.0,0.0,0.0,0.0,0.0,0.0,0.0,0.0,0.0,0.0,0.0,0.0,0.0,0.0,0.0,0.0,0.0,0.0,0.0,0.0,0.0,0.0,0.0,0.0,0.0,0.0,0.0,0.0,0.0,0.0,0.0,0.0,0.0,0.0,0.0,0.0,0.0,0.0,0.0,0.0,0.0,0.0,0.0,0.0,0.0,0.0,0.0,0.0,0.0,0.0,0.0,0.0,0.0,0.0,0.0,0.0,0.0,0.0,0.03635032577683036,0.0,0.0,0.0,0.0,0.0778878642318165,0.0,0.0,0.0,0.0,0.0,0.0,0.0,0.0,0.0,0.0,0.03904474206776064,0.0,0.0,0.0,0.0,0.0,0.0,0.0,0.0,0.0,0.05247733048427581,0.0,0.0,0.0,0.0,0.0,0.0,0.7598282191002749
2023-04-17,0.0,0.0,0.03494147267527013,0.0,0.0,0.0,0.0,0.0,0.0,0.0,0.0,0.0,0.0,0.0,0.0,0.0,0.0,0.0,0.0,0.0,0.0,0.0,0.0,0.0,0.0,0.0,0.0,0.0,0.0,0.0,0.0,0.0,0.0,0.0,0.0,0.0,0.0,0.0,0.0,0.0,0.0,0.0,0.0,0.0,0.0,0.0,0.0,0.0,0.0,0.0,0.0,0.0,0.0,0.0,0.0,0.0,0.0,0.0,0.0,0.0,0.0,0.0,0.0,0.0,0.0,0.0,0.0,0.0,0.0,0.0,0.0,0.0,0.0,0.0,0.0,0.0,0.0,0.0363904730534266,0.0,0.0,0.0,0.0,0.07674358163399543,0.0,0.0,0.0,0.0,0.0,0.0,0.0,0.0,0.0,0.0,0.039425071536974575,0.0,0.0,0.0,0.0,0.0,0.0,0.0,0.0,0.0,0.05247200370565214,0.0,0.0,0.0,0.0,0.0,0.0,0.7600273973946812
2023-04-18,0.0,0.0,0.0345663785955142,0.0,0.0,0.0,0.0,0.0,0.0,0.0,0.0,0.0,0.0,0.0,0.0,0.0,0.0,0.0,0.0,0.0,0.0,0.0,0.0,0.0,0.0,0.0,0.0,0.0,0.0,0.0,0.0,0.0,0.0,0.0,0.0,0.0,0.0,0.0,0.0,0.0,0.0,0.0,0.0,0.0,0.0,0.0,0.0,0.0,0.0,0.0,0.0,0.0,0.0,0.0,0.0,0.0,0.0,0.0,0.0,0.0,0.0,0.0,0.0,0.0,0.0,0.0,0.0,0.0,0.0,0.0,0.0,0.0,0.0,0.0,0.0,0.0,0.0,0.036544523788248795,0.0,0.0,0.0,0.0,0.0750538994103964,0.0,0.0,0.0,0.0,0.0,0.0,0.0,0.0,0.0,0.0,0.039363971410142896,0.0,0.0,0.0,0.0,0.0,0.0,0.0,0.0,0.0,0.05289294458364356,0.0,0.0,0.0,0.0,0.0,0.0,0.7615782822120543
2023-04-19,0.0,0.0,0.03342428895693523,0.0,0.0,0.0,0.0,0.0,0.0,0.0,0.0,0.0,0.0,0.0,0.0,0.0,0.0,0.0,0.0,0.0,0.0,0.0,0.0,0.0,0.0,0.0,0.0,0.0,0.0,0.0,0.0,0.0,0.0,0.0,0.0,0.0,0.0,0.0,0.0,0.0,0.0,0.0,0.0,0.0,0.0,0.0,0.0,0.0,0.0,0.0,0.0,0.0,0.0,0.0,0.0,0.0,0.0,0.0,0.0,0.0,0.0,0.0,0.0,0.0,0.0,0.0,0.0,0.0,0.0,0.0,0.0,0.0,0.0,0.0,0.0,0.0,0.0,0.03674235588386688,0.0,0.0,0.0,0.0,0.07327323744520989,0.0,0.0,0.0,0.0,0.0,0.0,0.0,0.0,0.0,0.0,0.038495435807571,0.0,0.0,0.0,0.0,0.0,0.0,0.0,0.0,0.0,0.05248960367259347,0.0,0.0,0.0,0.0,0.0,0.0,0.7655750782338236
2023-04-20,0.0,0.0,0.03332683263533521,0.0,0.0,0.0,0.0,0.0,0.0,0.0,0.0,0.0,0.0,0.0,0.0,0.0,0.0,0.0,0.0,0.0,0.0,0.0,0.0,0.0,0.0,0.0,0.0,0.0,0.0,0.0,0.0,0.0,0.0,0.0,0.0,0.0,0.0,0.0,0.0,0.0,0.0,0.0,0.0,0.0,0.0,0.0,0.0,0.0,0.0,0.0,0.0,0.0,0.0,0.0,0.0,0.0,0.0,0.0,0.0,0.0,0.0,0.0,0.0,0.0,0.0,0.0,0.0,0.0,0.0,0.0,0.0,0.0,0.0,0.0,0.0,0.0,0.0,0.038010270914502625,0.0,0.0,0.0,0.0,0.07260163006715917,0.0,0.0,0.0,0.0,0.0,0.0,0.0,0.0,0.0,0.0,0.03829612333746461,0.0,0.0,0.0,0.0,0.0,0.0,0.0,0.0,0.0,0.052125360965415174,0.0,0.0,0.0,0.0,0.0,0.0,0.7656397820801233
2023-04-24,0.0,0.0,0.03291680194219767,0.0,0.0,0.0,0.0,0.0,0.0,0.0,0.0,0.0,0.0,0.0,0.0,0.0,0.0,0.0,0.0,0.0,0.0,0.0,0.0,0.0,0.0,0.0,0.0,0.0,0.0,0.0,0.0,0.0,0.0,0.0,0.0,0.0,0.0,0.0,0.0,0.0,0.0,0.0,0.0,0.0,0.0,0.0,0.0,0.0,0.0,0.0,0.0,0.0,0.0,0.0,0.0,0.0,0.0,0.0,0.0,0.0,0.0,0.0,0.0,0.0,0.0,0.0,0.0,0.0,0.0,0.0,0.0,0.0,0.0,0.0,0.0,0.0,0.0,0.03967018322082691,0.0,0.0,0.0,0.0,0.07462699787844018,0.0,0.0,0.0,0.0,0.0,0.0,0.0,0.0,0.0,0.0,0.03805921150745046,0.0,0.0,0.0,0.0,0.0,0.0,0.0,0.0,0.0,0.05048041015054901,0.0,0.0,0.0,0.0,0.0,0.0,0.7642463953005358
2023-04-25,0.0,0.0,0.03279359505445734,0.0,0.0,0.0,0.0,0.0,0.0,0.0,0.0,0.0,0.0,0.0,0.0,0.0,0.0,0.0,0.0,0.0,0.0,0.0,0.0,0.0,0.0,0.0,0.0,0.0,0.0,0.0,0.0,0.0,0.0,0.0,0.0,0.0,0.0,0.0,0.0,0.0,0.0,0.0,0.0,0.0,0.0,0.0,0.0,0.0,0.0,0.0,0.0,0.0,0.0,0.0,0.0,0.0,0.0,0.0,0.0,0.0,0.0,0.0,0.0,0.0,0.0,0.0,0.0,0.0,0.0,0.0,0.0,0.0,0.0,0.0,0.0,0.0,0.0,0.039319779617433395,0.0,0.0,0.0,0.0,0.0739457535630814,0.0,0.0,0.0,0.0,0.0,0.0,0.0,0.0,0.0,0.0,0.03739367467798598,0.0,0.0,0.0,0.0,0.0,0.0,0.0,0.0,0.0,0.05058377213387544,0.0,0.0,0.0,0.0,0.0,0.0,0.7659634249531665
2023-04-26,0.0,0.0,0.03269841933646634,0.0,0.0,0.0,0.0,0.0,0.0,0.0,0.0,0.0,0.0,0.0,0.0,0.0,0.0,0.0,0.0,0.0,0.0,0.0,0.0,0.0,0.0,0.0,0.0,0.0,0.0,0.0,0.0,0.0,0.0,0.0,0.0,0.0,0.0,0.0,0.0,0.0,0.0,0.0,0.0,0.0,0.0,0.0,0.0,0.0,0.0,0.0,0.0,0.0,0.0,0.0,0.0,0.0,0.0,0.0,0.0,0.0,0.0,0.0,0.0,0.0,0.0,0.0,0.0,0.0,0.0,0.0,0.0,0.0,0.0,0.0,0.0,0.0,0.0,0.03744066635065401,0.0,0.0,0.0,0.0,0.07186188559043453,0.0,0.0,0.0,0.0,0.0,0.0,0.0,0.0,0.0,0.0,0.03771870717637876,0.0,0.0,0.0,0.0,0.0,0.0,0.0,0.0,0.0,0.04995816814938253,0.0,0.0,0.0,0.0,0.0,0.0,0.7703221533966838
2023-04-27,0.0,0.0,0.032701459883811096,0.0,0.0,0.0,0.0,0.0,0.0,0.0,0.0,0.0,0.0,0.0,0.0,0.0,0.0,0.0,0.0,0.0,0.0,0.0,0.0,0.0,0.0,0.0,0.0,0.0,0.0,0.0,0.0,0.0,0.0,0.0,0.0,0.0,0.0,0.0,0.0,0.0,0.0,0.0,0.0,0.0,0.0,0.0,0.0,0.0,0.0,0.0,0.0,0.0,0.0,0.0,0.0,0.0,0.0,0.0,0.0,0.0,0.0,0.0,0.0,0.0,0.0,0.0,0.0,0.0,0.0,0.0,0.0,0.0,0.0,0.0,0.0,0.0,0.0,0.036070877548042134,0.0,0.0,0.0,0.0,0.07219972017693747,0.0,0.0,0.0,0.0,0.0,0.0,0.0,0.0,0.0,0.0,0.037536836250982746,0.0,0.0,0.0,0.0,0.0,0.0,0.0,0.0,0.0,0.0503770977551476,0.0,0.0,0.0,0.0,0.0,0.0,0.7711140083850789
2023-04-28,0.0,0.0,0.033505648256263384,0.0,0.0,0.0,0.0,0.0,0.0,0.0,0.0,0.0,0.0,0.0,0.0,0.0,0.0,0.0,0.0,0.0,0.0,0.0,0.0,0.0,0.0,0.0,0.0,0.0,0.0,0.0,0.0,0.0,0.0,0.0,0.0,0.0,0.0,0.0,0.0,0.0,0.0,0.0,0.0,0.0,0.0,0.0,0.0,0.0,0.0,0.0,0.0,0.0,0.0,0.0,0.0,0.0,0.0,0.0,0.0,0.0,0.0,0.0,0.0,0.0,0.0,0.0,0.0,0.0,0.0,0.0,0.0,0.0,0.0,0.0,0.0,0.0,0.0,0.036975140035636726,0.0,0.0,0.0,0.0,0.07410723176670893,0.0,0.0,0.0,0.0,0.0,0.0,0.0,0.0,0.0,0.0,0.03786363445404494,0.0,0.0,0.0,0.0,0.0,0.0,0.0,0.0,0.0,0.050954422927712864,0.0,0.0,0.0,0.0,0.0,0.0,0.7665939225596332
2023-05-02,0.0,0.0,0.03241194095808769,0.0,0.0,0.0,0.0,0.0,0.0,0.0,0.0,0.0,0.0,0.0,0.0,0.0,0.0,0.0,0.0,0.0,0.0,0.0,0.0,0.0,0.0,0.0,0.0,0.0,0.0,0.0,0.0,0.0,0.0,0.0,0.0,0.0,0.0,0.0,0.0,0.0,0.0,0.0,0.0,0.0,0.0,0.0,0.0,0.0,0.0,0.0,0.0,0.0,0.0,0.0,0.0,0.0,0.0,0.0,0.0,0.0,0.0,0.0,0.0,0.0,0.0,0.0,0.0,0.0,0.0,0.0,0.0,0.0,0.0,0.0,0.0,0.0,0.0,0.035941476221218634,0.0,0.0,0.0,0.0,0.07198111821686555,0.0,0.0,0.0,0.0,0.0,0.0,0.0,0.0,0.0,0.0,0.03788145651652075,0.0,0.0,0.0,0.0,0.0,0.0,0.0,0.0,0.0,0.04946863483636822,0.0,0.0,0.0,0.0,0.0,0.0,0.7723153732509391
2023-05-03,0.0,0.0,0.032449048356875,0.0,0.0,0.0,0.0,0.0,0.0,0.0,0.0,0.0,0.0,0.0,0.0,0.0,0.0,0.0,0.0,0.0,0.0,0.0,0.0,0.0,0.0,0.0,0.0,0.0,0.0,0.0,0.0,0.0,0.0,0.0,0.0,0.0,0.0,0.0,0.0,0.0,0.0,0.0,0.0,0.0,0.0,0.0,0.0,0.0,0.0,0.0,0.0,0.0,0.0,0.0,0.0,0.0,0.0,0.0,0.0,0.0,0.0,0.0,0.0,0.0,0.0,0.0,0.0,0.0,0.0,0.0,0.0,0.0,0.0,0.0,0.0,0.0,0.0,0.03495324191133618,0.0,0.0,0.0,0.0,0.07318431732654351,0.0,0.0,0.0,0.0,0.0,0.0,0.0,0.0,0.0,0.0,0.03841143392218827,0.0,0.0,0.0,0.0,0.0,0.0,0.0,0.0,0.0,0.04874061646369236,0.0,0.0,0.0,0.0,0.0,0.0,0.7722613420193647
2023-05-04,0.0,0.0,0.03255329260667107,0.0,0.0,0.0,0.0,0.0,0.0,0.0,0.0,0.0,0.0,0.0,0.0,0.0,0.0,0.0,0.0,0.0,0.0,0.0,0.0,0.0,0.0,0.0,0.0,0.0,0.0,0.0,0.0,0.0,0.0,0.0,0.0,0.0,0.0,0.0,0.0,0.0,0.0,0.0,0.0,0.0,0.0,0.0,0.0,0.0,0.0,0.0,0.0,0.0,0.0,0.0,0.0,0.0,0.0,0.0,0.0,0.0,0.0,0.0,0.0,0.0,0.0,0.0,0.0,0.0,0.0,0.0,0.0,0.0,0.0,0.0,0.0,0.0,0.0,0.037292614153765107,0.0,0.0,0.0,0.0,0.0701938143879026,0.0,0.0,0.0,0.0,0.0,0.0,0.0,0.0,0.0,0.0,0.03785843215395145,0.0,0.0,0.0,0.0,0.0,0.0,0.0,0.0,0.0,0.049292797360332666,0.0,0.0,0.0,0.0,0.0,0.0,0.772809049337377
2023-05-05,0.0,0.0,0.03274304895421819,0.0,0.0,0.0,0.0,0.0,0.0,0.0,0.0,0.0,0.0,0.0,0.0,0.0,0.0,0.0,0.0,0.0,0.0,0.0,0.0,0.0,0.0,0.0,0.0,0.0,0.0,0.0,0.0,0.0,0.0,0.0,0.0,0.0,0.0,0.0,0.0,0.0,0.0,0.0,0.0,0.0,0.0,0.0,0.0,0.0,0.0,0.0,0.0,0.0,0.0,0.0,0.0,0.0,0.0,0.0,0.0,0.0,0.0,0.0,0.0,0.0,0.0,0.0,0.0,0.0,0.0,0.0,0.0,0.0,0.0,0.0,0.0,0.0,0.0,0.036970973180108044,0.0,0.0,0.0,0.0,0.07297205920740046,0.0,0.0,0.0,0.0,0.0,0.0,0.0,0.0,0.0,0.0,0.03915482119455165,0.0,0.0,0.0,0.0,0.0,0.0,0.0,0.0,0.0,0.05162625497405503,0.0,0.0,0.0,0.0,0.0,0.0,0.7665328424896665
2023-05-08,0.0,0.0,0.03272031282742564,0.0,0.0,0.0,0.0,0.0,0.0,0.0,0.0,0.0,0.0,0.0,0.0,0.0,0.0,0.0,0.0,0.0,0.0,0.0,0.0,0.0,0.0,0.0,0.0,0.0,0.0,0.0,0.0,0.0,0.0,0.0,0.0,0.0,0.0,0.0,0.0,0.0,0.0,0.0,0.0,0.0,0.0,0.0,0.0,0.0,0.0,0.0,0.0,0.0,0.0,0.0,0.0,0.0,0.0,0.0,0.0,0.0,0.0,0.0,0.0,0.0,0.0,0.0,0.0,0.0,0.0,0.0,0.0,0.0,0.0,0.0,0.0,0.0,0.0,0.03937958813640138,0.0,0.0,0.0,0.0,0.07348240194580781,0.0,0.0,0.0,0.0,0.0,0.0,0.0,0.0,0.0,0.0,0.03651431621972779,0.0,0.0,0.0,0.0,0.0,0.0,0.0,0.0,0.0,0.05054090573412432,0.0,0.0,0.0,0.0,0.0,0.0,0.7673624751365131
2023-05-09,0.0,0.0,0.03247784141718809,0.0,0.0,0.0,0.0,0.0,0.0,0.0,0.0,0.0,0.0,0.0,0.0,0.0,0.0,0.0,0.0,0.0,0.0,0.0,0.0,0.0,0.0,0.0,0.0,0.0,0.0,0.0,0.0,0.0,0.0,0.0,0.0,0.0,0.0,0.0,0.0,0.0,0.0,0.0,0.0,0.0,0.0,0.0,0.0,0.0,0.0,0.0,0.0,0.0,0.0,0.0,0.0,0.0,0.0,0.0,0.0,0.0,0.0,0.0,0.0,0.0,0.0,0.0,0.0,0.0,0.0,0.0,0.0,0.0,0.0,0.0,0.0,0.0,0.0,0.03943703926419759,0.0,0.0,0.0,0.0,0.07371071198091632,0.0,0.0,0.0,0.0,0.0,0.0,0.0,0.0,0.0,0.0,0.03654228286857533,0.0,0.0,0.0,0.0,0.0,0.0,0.0,0.0,0.0,0.04991975521221288,0.0,0.0,0.0,0.0,0.0,0.0,0.7679123692569098
2023-05-10,0.0,0.0,0.03139231834126429,0.0,0.0,0.0,0.0,0.0,0.0,0.0,0.0,0.0,0.0,0.0,0.0,0.0,0.0,0.0,0.0,0.0,0.0,0.0,0.0,0.0,0.0,0.0,0.0,0.0,0.0,0.0,0.0,0.0,0.0,0.0,0.0,0.0,0.0,0.0,0.0,0.0,0.0,0.0,0.0,0.0,0.0,0.0,0.0,0.0,0.0,0.0,0.0,0.0,0.0,0.0,0.0,0.0,0.0,0.0,0.0,0.0,0.0,0.0,0.0,0.0,0.0,0.0,0.0,0.0,0.0,0.0,0.0,0.0,0.0,0.0,0.0,0.0,0.0,0.03996496379888476,0.0,0.0,0.0,0.0,0.07381614930819584,0.0,0.0,0.0,0.0,0.0,0.0,0.0,0.0,0.0,0.0,0.0358806920191961,0.0,0.0,0.0,0.0,0.0,0.0,0.0,0.0,0.0,0.05043270678798721,0.0,0.0,0.0,0.0,0.0,0.0,0.7685131697444718
2023-05-11,0.0,0.0,0.031485263887456566,0.0,0.0,0.0,0.0,0.0,0.0,0.0,0.0,0.0,0.0,0.0,0.0,0.0,0.0,0.0,0.0,0.0,0.0,0.0,0.0,0.0,0.0,0.0,0.0,0.0,0.0,0.0,0.0,0.0,0.0,0.0,0.0,0.0,0.0,0.0,0.0,0.0,0.0,0.0,0.0,0.0,0.0,0.0,0.0,0.0,0.0,0.0,0.0,0.0,0.0,0.0,0.0,0.0,0.0,0.0,0.0,0.0,0.0,0.0,0.0,0.0,0.0,0.0,0.0,0.0,0.0,0.0,0.0,0.0,0.0,0.0,0.0,0.0,0.0,0.039949323458136905,0.0,0.0,0.0,0.0,0.07410361706990168,0.0,0.0,0.0,0.0,0.0,0.0,0.0,0.0,0.0,0.0,0.03563107828790948,0.0,0.0,0.0,0.0,0.0,0.0,0.0,0.0,0.0,0.05070143474909103,0.0,0.0,0.0,0.0,0.0,0.0,0.7681292825475042
2023-05-12,0.0,0.0,0.03196199579104167,0.0,0.0,0.0,0.0,0.0,0.0,0.0,0.0,0.0,0.0,0.0,0.0,0.0,0.0,0.0,0.0,0.0,0.0,0.0,0.0,0.0,0.0,0.0,0.0,0.0,0.0,0.0,0.0,0.0,0.0,0.0,0.0,0.0,0.0,0.0,0.0,0.0,0.0,0.0,0.0,0.0,0.0,0.0,0.0,0.0,0.0,0.0,0.0,0.0,0.0,0.0,0.0,0.0,0.0,0.0,0.0,0.0,0.0,0.0,0.0,0.0,0.0,0.0,0.0,0.0,0.0,0.0,0.0,0.0,0.0,0.0,0.0,0.0,0.0,0.04021139731904831,0.0,0.0,0.0,0.0,0.07318323966162574,0.0,0.0,0.0,0.0,0.0,0.0,0.0,0.0,0.0,0.0,0.03577837701379666,0.0,0.0,0.0,0.0,0.0,0.0,0.0,0.0,0.0,0.052850911372443035,0.0,0.0,0.0,0.0,0.0,0.0,0.7660140788420445
2023-05-15,0.0,0.0,0.032154896529513775,0.0,0.0,0.0,0.0,0.0,0.0,0.0,0.0,0.0,0.0,0.0,0.0,0.0,0.0,0.0,0.0,0.0,0.0,0.0,0.0,0.0,0.0,0.0,0.0,0.0,0.0,0.0,0.0,0.0,0.0,0.0,0.0,0.0,0.0,0.0,0.0,0.0,0.0,0.0,0.0,0.0,0.0,0.0,0.0,0.0,0.0,0.0,0.0,0.0,0.0,0.0,0.0,0.0,0.0,0.0,0.0,0.0,0.0,0.0,0.0,0.0,0.0,0.0,0.0,0.0,0.0,0.0,0.0,0.0,0.0,0.0,0.0,0.0,0.0,0.04152632668203105,0.0,0.0,0.0,0.0,0.0729313694354016,0.0,0.0,0.0,0.0,0.0,0.0,0.0,0.0,0.0,0.0,0.0361107464079506,0.0,0.0,0.0,0.0,0.0,0.0,0.0,0.0,0.0,0.05284655923121541,0.0,0.0,0.0,0.0,0.0,0.0,0.7644301017138875
2023-05-16,0.0,0.0,0.031592461497854524,0.0,0.0,0.0,0.0,0.0,0.0,0.0,0.0,0.0,0.0,0.0,0.0,0.0,0.0,0.0,0.0,0.0,0.0,0.0,0.0,0.0,0.0,0.0,0.0,0.0,0.0,0.0,0.0,0.0,0.0,0.0,0.0,0.0,0.0,0.0,0.0,0.0,0.0,0.0,0.0,0.0,0.0,0.0,0.0,0.0,0.0,0.0,0.0,0.0,0.0,0.0,0.0,0.0,0.0,0.0,0.0,0.0,0.0,0.0,0.0,0.0,0.0,0.0,0.0,0.0,0.0,0.0,0.0,0.0,0.0,0.0,0.0,0.0,0.0,0.041111022846987665,0.0,0.0,0.0,0.0,0.07312613366060029,0.0,0.0,0.0,0.0,0.0,0.0,0.0,0.0,0.0,0.0,0.036175698989789375,0.0,0.0,0.0,0.0,0.0,0.0,0.0,0.0,0.0,0.05180065992126841,0.0,0.0,0.0,0.0,0.0,0.0,0.7661940230834998
2023-05-17,0.0,0.0,0.03190781139989428,0.0,0.0,0.0,0.0,0.0,0.0,0.0,0.0,0.0,0.0,0.0,0.0,0.0,0.0,0.0,0.0,0.0,0.0,0.0,0.0,0.0,0.0,0.0,0.0,0.0,0.0,0.0,0.0,0.0,0.0,0.0,0.0,0.0,0.0,0.0,0.0,0.0,0.0,0.0,0.0,0.0,0.0,0.0,0.0,0.0,0.0,0.0,0.0,0.0,0.0,0.0,0.0,0.0,0.0,0.0,0.0,0.0,0.0,0.0,0.0,0.0,0.0,0.0,0.0,0.0,0.0,0.0,0.0,0.0,0.0,0.0,0.0,0.0,0.0,0.04170401726847565,0.0,0.0,0.0,0.0,0.07669863886934943,0.0,0.0,0.0,0.0,0.0,0.0,0.0,0.0,0.0,0.0,0.03616507812346292,0.0,0.0,0.0,0.0,0.0,0.0,0.0,0.0,0.0,0.05354725999130512,0.0,0.0,0.0,0.0,0.0,0.0,0.7599771943475125
2023-05-18,0.0,0.0,0.04949785867891193,0.0,0.0,0.0,0.0,0.0,0.0,0.0,0.0,0.0,0.0,0.0,0.0,0.0,0.0,0.03784025296980921,0.0,0.0,0.0,0.0,0.0,0.0,0.0,0.0,0.0,0.0,0.03040233365542589,0.0,0.0,0.0,0.0,0.0,0.0,0.0,0.0,0.0,0.0,0.0,0.0,0.0,0.0,0.0,0.0,0.0,0.0,0.0,0.0,0.0,0.0,0.0,0.0,0.0,0.0,0.0,0.0,0.0,0.0,0.0,0.0,0.0,0.0,0.03783268163724002,0.0,0.0,0.0,0.0,0.0,0.0,0.0,0.0,0.0,0.0,0.0,0.0,0.0,0.05923977237732015,0.0,0.0,0.0,0.0,0.09403703402212579,0.0,0.0,0.0,0.0,0.0,0.0,0.0,0.0,0.0,0.0,0.059956537393214424,0.0,0.0,0.0,0.0,0.0,0.0,0.0,0.0,0.0,0.07085387654378333,0.0,0.0,0.0,0.0,0.0,0.0,0.5603396527221693
2023-05-19,0.0,0.0,0.048638139653131136,0.0,0.0,0.0,0.0,0.0,0.0,0.0,0.0,0.0,0.0,0.0,0.0,0.0,0.0,0.03819585522151046,0.0,0.0,0.0,0.0,0.0,0.0,0.0,0.0,0.0,0.0,0.030339047645393247,0.0,0.0,0.0,0.0,0.0,0.0,0.0,0.0,0.0,0.0,0.0,0.0,0.0,0.0,0.0,0.0,0.0,0.0,0.0,0.0,0.0,0.0,0.0,0.0,0.0,0.0,0.0,0.0,0.0,0.0,0.0,0.0,0.0,0.0,0.038507250324466294,0.0,0.0,0.0,0.0,0.0,0.0,0.0,0.0,0.0,0.0,0.0,0.0,0.0,0.058980710886877986,0.0,0.0,0.0,0.0,0.09544189254888436,0.0,0.0,0.0,0.0,0.0,0.0,0.0,0.0,0.0,0.0,0.06001754121273919,0.0,0.0,0.0,0.0,0.0,0.0,0.0,0.0,0.0,0.07042232934269334,0.0,0.0,0.0,0.0,0.0,0.0,0.5594572331643041
2023-05-22,0.0,0.0,0.04903546805828015,0.0,0.0,0.0,0.0,0.0,0.0,0.0,0.0,0.0,0.0,0.0,0.0,0.0,0.0,0.037673595442645966,0.0,0.0,0.0,0.0,0.0,0.0,0.0,0.0,0.0,0.0,0.0304102253893193,0.0,0.0,0.0,0.0,0.0,0.0,0.0,0.0,0.0,0.0,0.0,0.0,0.0,0.0,0.0,0.0,0.0,0.0,0.0,0.0,0.0,0.0,0.0,0.0,0.0,0.0,0.0,0.0,0.0,0.0,0.0,0.0,0.0,0.0,0.03849649240983042,0.0,0.0,0.0,0.0,0.0,0.0,0.0,0.0,0.0,0.0,0.0,0.0,0.0,0.057912156202154404,0.0,0.0,0.0,0.0,0.09378615071835866,0.0,0.0,0.0,0.0,0.0,0.0,0.0,0.0,0.0,0.0,0.060196587736382645,0.0,0.0,0.0,0.0,0.0,0.0,0.0,0.0,0.0,0.07060363794231173,0.0,0.0,0.0,0.0,0.0,0.0,0.5618856861007167
2023-05-23,0.0,0.0,0.04910981160268959,0.0,0.0,0.0,0.0,0.0,0.0,0.0,0.0,0.0,0.0,0.0,0.0,0.0,0.0,0.03783009977443473,0.0,0.0,0.0,0.0,0.0,0.0,0.0,0.0,0.0,0.0,0.030865140895930183,0.0,0.0,0.0,0.0,0.0,0.0,0.0,0.0,0.0,0.0,0.0,0.0,0.0,0.0,0.0,0.0,0.0,0.0,0.0,0.0,0.0,0.0,0.0,0.0,0.0,0.0,0.0,0.0,0.0,0.0,0.0,0.0,0.0,0.0,0.03844167700612748,0.0,0.0,0.0,0.0,0.0,0.0,0.0,0.0,0.0,0.0,0.0,0.0,0.0,0.057388112835294165,0.0,0.0,0.0,0.0,0.09413401707614165,0.0,0.0,0.0,0.0,0.0,0.0,0.0,0.0,0.0,0.0,0.059703474876491164,0.0,0.0,0.0,0.0,0.0,0.0,0.0,0.0,0.0,0.0678032854981019,0.0,0.0,0.0,0.0,0.0,0.0,0.5647243804347892
2023-05-24,0.0,0.0,0.04941447079645556,0.0,0.0,0.0,0.0,0.0,0.0,0.0,0.0,0.0,0.0,0.0,0.0,0.0,0.0,0.0378004197595482,0.0,0.0,0.0,0.0,0.0,0.0,0.0,0.0,0.0,0.0,0.030482828772982754,0.0,0.0,0.0,0.0,0.0,0.0,0.0,0.0,0.0,0.0,0.0,0.0,0.0,0.0,0.0,0.0,0.0,0.0,0.0,0.0,0.0,0.0,0.0,0.0,0.0,0.0,0.0,0.0,0.0,0.0,0.0,0.0,0.0,0.0,0.03771596915151587,0.0,0.0,0.0,0.0,0.0,0.0,0.0,0.0,0.0,0.0,0.0,0.0,0.0,0.05676609285083573,0.0,0.0,0.0,0.0,0.09380354802577333,0.0,0.0,0.0,0.0,0.0,0.0,0.0,0.0,0.0,0.0,0.059482871574411844,0.0,0.0,0.0,0.0,0.0,0.0,0.0,0.0,0.0,0.0682173096149546,0.0,0.0,0.0,0.0,0.0,0.0,0.566316489453522
2023-05-25,0.0,0.0,0.04931361507952414,0.0,0.0,0.0,0.0,0.0,0.0,0.0,0.0,0.0,0.0,0.0,0.0,0.0,0.0,0.03924213323875899,0.0,0.0,0.0,0.0,0.0,0.0,0.0,0.0,0.0,0.0,0.031099651152796615,0.0,0.0,0.0,0.0,0.0,0.0,0.0,0.0,0.0,0.0,0.0,0.0,0.0,0.0,0.0,0.0,0.0,0.0,0.0,0.0,0.0,0.0,0.0,0.0,0.0,0.0,0.0,0.0,0.0,0.0,0.0,0.0,0.0,0.0,0.037656657476218484,0.0,0.0,0.0,0.0,0.0,0.0,0.0,0.0,0.0,0.0,0.0,0.0,0.0,0.05565757302437945,0.0,0.0,0.0,0.0,0.0927788243723662,0.0,0.0,0.0,0.0,0.0,0.0,0.0,0.0,0.0,0.0,0.05929331225273926,0.0,0.0,0.0,0.0,0.0,0.0,0.0,0.0,0.0,0.06951057108720143,0.0,0.0,0.0,0.0,0.0,0.0,0.5654476623160155
2023-05-26,0.0,0.0,0.049436487605701046,0.0,0.0,0.0,0.0,0.0,0.0,0.0,0.0,0.0,0.0,0.0,0.0,0.0,0.0,0.03963298331393162,0.0,0.0,0.0,0.0,0.0,0.0,0.0,0.0,0.0,0.0,0.031096929167851835,0.0,0.0,0.0,0.0,0.0,0.0,0.0,0.0,0.0,0.0,0.0,0.0,0.0,0.0,0.0,0.0,0.0,0.0,0.0,0.0,0.0,0.0,0.0,0.0,0.0,0.0,0.0,0.0,0.0,0.0,0.0,0.0,0.0,0.0,0.03807742764764273,0.0,0.0,0.0,0.0,0.0,0.0,0.0,0.0,0.0,0.0,0.0,0.0,0.0,0.054865487858150694,0.0,0.0,0.0,0.0,0.09204165727031394,0.0,0.0,0.0,0.0,0.0,0.0,0.0,0.0,0.0,0.0,0.059748120779841,0.0,0.0,0.0,0.0,0.0,0.0,0.0,0.0,0.0,0.06941558020515032,0.0,0.0,0.0,0.0,0.0,0.0,0.5656853261514169
2023-05-29,0.0,0.0,0.0500091109618112,0.0,0.0,0.0,0.0,0.0,0.0,0.0,0.0,0.0,0.0,0.0,0.0,0.0,0.0,0.03978249825992378,0.0,0.0,0.0,0.0,0.0,0.0,0.0,0.0,0.0,0.0,0.03116681524163031,0.0,0.0,0.0,0.0,0.0,0.0,0.0,0.0,0.0,0.0,0.0,0.0,0.0,0.0,0.0,0.0,0.0,0.0,0.0,0.0,0.0,0.0,0.0,0.0,0.0,0.0,0.0,0.0,0.0,0.0,0.0,0.0,0.0,0.0,0.03752101207189078,0.0,0.0,0.0,0.0,0.0,0.0,0.0,0.0,0.0,0.0,0.0,0.0,0.0,0.05539864316465538,0.0,0.0,0.0,0.0,0.09124983427242495,0.0,0.0,0.0,0.0,0.0,0.0,0.0,0.0,0.0,0.0,0.05962204149825135,0.0,0.0,0.0,0.0,0.0,0.0,0.0,0.0,0.0,0.07047172215635752,0.0,0.0,0.0,0.0,0.0,0.0,0.5647783223730547
2023-05-30,0.0,0.0,0.04899638022659746,0.0,0.0,0.0,0.0,0.0,0.0,0.0,0.0,0.0,0.0,0.0,0.0,0.0,0.0,0.03909758124421112,0.0,0.0,0.0,0.0,0.0,0.0,0.0,0.0,0.0,0.0,0.03082082686490894,0.0,0.0,0.0,0.0,0.0,0.0,0.0,0.0,0.0,0.0,0.0,0.0,0.0,0.0,0.0,0.0,0.0,0.0,0.0,0.0,0.0,0.0,0.0,0.0,0.0,0.0,0.0,0.0,0.0,0.0,0.0,0.0,0.0,0.0,0.03785252469648574,0.0,0.0,0.0,0.0,0.0,0.0,0.0,0.0,0.0,0.0,0.0,0.0,0.0,0.05556024072498104,0.0,0.0,0.0,0.0,0.0893770961098356,0.0,0.0,0.0,0.0,0.0,0.0,0.0,0.0,0.0,0.0,0.05923559705073467,0.0,0.0,0.0,0.0,0.0,0.0,0.0,0.0,0.0,0.06953731284362648,0.0,0.0,0.0,0.0,0.0,0.0,0.5695224402386191
2023-05-31,0.0,0.0,0.0486598033813523,0.0,0.0,0.0,0.0,0.0,0.0,0.0,0.0,0.0,0.0,0.0,0.0,0.0,0.0,0.038733047662542736,0.0,0.0,0.0,0.0,0.0,0.0,0.0,0.0,0.0,0.0,0.03031152615304844,0.0,0.0,0.0,0.0,0.0,0.0,0.0,0.0,0.0,0.0,0.0,0.0,0.0,0.0,0.0,0.0,0.0,0.0,0.0,0.0,0.0,0.0,0.0,0.0,0.0,0.0,0.0,0.0,0.0,0.0,0.0,0.0,0.0,0.0,0.03749255160389651,0.0,0.0,0.0,0.0,0.0,0.0,0.0,0.0,0.0,0.0,0.0,0.0,0.0,0.05619519184036159,0.0,0.0,0.0,0.0,0.0897786598679229,0.0,0.0,0.0,0.0,0.0,0.0,0.0,0.0,0.0,0.0,0.059328599839308445,0.0,0.0,0.0,0.0,0.0,0.0,0.0,0.0,0.0,0.06813317864844656,0.0,0.0,0.0,0.0,0.0,0.0,0.5713674410031206
2023-06-01,0.0,0.0,0.04821967642109948,0.0,0.0,0.0,0.0,0.0,0.0,0.0,0.0,0.0,0.0,0.0,0.0,0.0,0.0,0.04011254817814554,0.0,0.0,0.0,0.0,0.0,0.0,0.0,0.0,0.0,0.0,0.030536867977699864,0.0,0.0,0.0,0.0,0.0,0.0,0.0,0.0,0.0,0.0,0.0,0.0,0.0,0.0,0.0,0.0,0.0,0.0,0.0,0.0,0.0,0.0,0.0,0.0,0.0,0.0,0.0,0.0,0.0,0.0,0.0,0.0,0.0,0.0,0.03705941720539752,0.0,0.0,0.0,0.0,0.0,0.0,0.0,0.0,0.0,0.0,0.0,0.0,0.0,0.0571743281685993,0.0,0.0,0.0,0.0,0.08958369263847174,0.0,0.0,0.0,0.0,0.0,0.0,0.0,0.0,0.0,0.0,0.05904570538551123,0.0,0.0,0.0,0.0,0.0,0.0,0.0,0.0,0.0,0.06751773394870601,0.0,0.0,0.0,0.0,0.0,0.0,0.5707500300763694
2023-06-02,0.0,0.0,0.04790863099505017,0.0,0.0,0.0,0.0,0.0,0.0,0.0,0.0,0.0,0.0,0.0,0.0,0.0,0.0,0.041034366223097266,0.0,0.0,0.0,0.0,0.0,0.0,0.0,0.0,0.0,0.0,0.03035480310521646,0.0,0.0,0.0,0.0,0.0,0.0,0.0,0.0,0.0,0.0,0.0,0.0,0.0,0.0,0.0,0.0,0.0,0.0,0.0,0.0,0.0,0.0,0.0,0.0,0.0,0.0,0.0,0.0,0.0,0.0,0.0,0.0,0.0,0.0,0.03737850176839715,0.0,0.0,0.0,0.0,0.0,0.0,0.0,0.0,0.0,0.0,0.0,0.0,0.0,0.05797840890287538,0.0,0.0,0.0,0.0,0.09163626091138972,0.0,0.0,0.0,0.0,0.0,0.0,0.0,0.0,0.0,0.0,0.05997686442908711,0.0,0.0,0.0,0.0,0.0,0.0,0.0,0.0,0.0,0.06862716621945789,0.0,0.0,0.0,0.0,0.0,0.0,0.5651049974454287
2023-06-05,0.0,0.0,0.047927228067761014,0.0,0.0,0.0,0.0,0.0,0.0,0.0,0.0,0.0,0.0,0.0,0.0,0.0,0.0,0.04131230840939124,0.0,0.0,0.0,0.0,0.0,0.0,0.0,0.0,0.0,0.0,0.030321463819306758,0.0,0.0,0.0,0.0,0.0,0.0,0.0,0.0,0.0,0.0,0.0,0.0,0.0,0.0,0.0,0.0,0.0,0.0,0.0,0.0,0.0,0.0,0.0,0.0,0.0,0.0,0.0,0.0,0.0,0.0,0.0,0.0,0.0,0.0,0.03756914573693491,0.0,0.0,0.0,0.0,0.0,0.0,0.0,0.0,0.0,0.0,0.0,0.0,0.0,0.05680677705749879,0.0,0.0,0.0,0.0,0.09174969893348456,0.0,0.0,0.0,0.0,0.0,0.0,0.0,0.0,0.0,0.0,0.06025489002699263,0.0,0.0,0.0,0.0,0.0,0.0,0.0,0.0,0.0,0.0684470122856232,0.0,0.0,0.0,0.0,0.0,0.0,0.5656114756630068
2023-06-06,0.0,0.0,0.048984434750932386,0.0,0.0,0.0,0.0,0.0,0.0,0.0,0.0,0.0,0.0,0.0,0.0,0.0,0.0,0.041309305950252555,0.0,0.0,0.0,0.0,0.0,0.0,0.0,0.0,0.0,0.0,0.030820591786615142,0.0,0.0,0.0,0.0,0.0,0.0,0.0,0.0,0.0,0.0,0.0,0.0,0.0,0.0,0.0,0.0,0.0,0.0,0.0,0.0,0.0,0.0,0.0,0.0,0.0,0.0,0.0,0.0,0.0,0.0,0.0,0.0,0.0,0.0,0.0378291481278693,0.0,0.0,0.0,0.0,0.0,0.0,0.0,0.0,0.0,0.0,0.0,0.0,0.0,0.058771646636779515,0.0,0.0,0.0,0.0,0.08859147014212802,0.0,0.0,0.0,0.0,0.0,0.0,0.0,0.0,0.0,0.0,0.061231235827611474,0.0,0.0,0.0,0.0,0.0,0.0,0.0,0.0,0.0,0.0689872628213201,0.0,0.0,0.0,0.0,0.0,0.0,0.5634749039564915
2023-06-07,0.0,0.0,0.04894902908457034,0.0,0.0,0.0,0.0,0.0,0.0,0.0,0.0,0.0,0.0,0.0,0.0,0.0,0.0,0.042180974470305305,0.0,0.0,0.0,0.0,0.0,0.0,0.0,0.0,0.0,0.0,0.031198346349796503,0.0,0.0,0.0,0.0,0.0,0.0,0.0,0.0,0.0,0.0,0.0,0.0,0.0,0.0,0.0,0.0,0.0,0.0,0.0,0.0,0.0,0.0,0.0,0.0,0.0,0.0,0.0,0.0,0.0,0.0,0.0,0.0,0.0,0.0,0.03740890370896036,0.0,0.0,0.0,0.0,0.0,0.0,0.0,0.0,0.0,0.0,0.0,0.0,0.0,0.05767311887907485,0.0,0.0,0.0,0.0,0.08957515561172787,0.0,0.0,0.0,0.0,0.0,0.0,0.0,0.0,0.0,0.0,0.06208176447708821,0.0,0.0,0.0,0.0,0.0,0.0,0.0,0.0,0.0,0.06926799265465523,0.0,0.0,0.0,0.0,0.0,0.0,0.5616647147638213
2023-06-09,0.0,0.0,0.04846986188148237,0.0,0.0,0.0,0.0,0.0,0.0,0.0,0.0,0.0,0.0,0.0,0.0,0.0,0.0,0.041901534286337694,0.0,0.0,0.0,0.0,0.0,0.0,0.0,0.0,0.0,0.0,0.03424485781498689,0.0,0.0,0.0,0.0,0.0,0.0,0.0,0.0,0.0,0.0,0.0,0.0,0.0,0.0,0.0,0.0,0.0,0.0,0.0,0.0,0.0,0.0,0.0,0.0,0.0,0.0,0.0,0.0,0.0,0.0,0.0,0.0,0.0,0.0,0.037070391892681465,0.0,0.0,0.0,0.0,0.0,0.0,0.0,0.0,0.0,0.0,0.0,0.0,0.0,0.05779746310135851,0.0,0.0,0.0,0.0,0.08855264497896063,0.0,0.0,0.0,0.0,0.0,0.0,0.0,0.0,0.0,0.0,0.06133672949004221,0.0,0.0,0.0,0.0,0.0,0.0,0.0,0.0,0.0,0.0700965632179445,0.0,0.0,0.0,0.0,0.0,0.0,0.5605299533362057
2023-06-12,0.0,0.0,0.04859501480237507,0.0,0.0,0.0,0.0,0.0,0.0,0.0,0.0,0.0,0.0,0.0,0.0,0.0,0.0,0.042329576397864055,0.0,0.0,0.0,0.0,0.0,0.0,0.0,0.0,0.0,0.0,0.03440842503335644,0.0,0.0,0.0,0.0,0.0,0.0,0.0,0.0,0.0,0.0,0.0,0.0,0.0,0.0,0.0,0.0,0.0,0.0,0.0,0.0,0.0,0.0,0.0,0.0,0.0,0.0,0.0,0.0,0.0,0.0,0.0,0.0,0.0,0.0,0.03827366485560785,0.0,0.0,0.0,0.0,0.0,0.0,0.0,0.0,0.0,0.0,0.0,0.0,0.0,0.05885208818510706,0.0,0.0,0.0,0.0,0.08507406892767763,0.0,0.0,0.0,0.0,0.0,0.0,0.0,0.0,0.0,0.0,0.05963022435485077,0.0,0.0,0.0,0.0,0.0,0.0,0.0,0.0,0.0,0.07226709861384402,0.0,0.0,0.0,0.0,0.0,0.0,0.560569838829317
2023-06-13,0.0,0.0,0.04793778318919404,0.0,0.0,0.0,0.0,0.0,0.0,0.0,0.0,0.0,0.0,0.0,0.0,0.0,0.0,0.04145798845627331,0.0,0.0,0.0,0.0,0.0,0.0,0.0,0.0,0.0,0.0,0.03392547637772073,0.0,0.0,0.0,0.0,0.0,0.0,0.0,0.0,0.0,0.0,0.0,0.0,0.0,0.0,0.0,0.0,0.0,0.0,0.0,0.0,0.0,0.0,0.0,0.0,0.0,0.0,0.0,0.0,0.0,0.0,0.0,0.0,0.0,0.0,0.038769281328013695,0.0,0.0,0.0,0.0,0.0,0.0,0.0,0.0,0.0,0.0,0.0,0.0,0.0,0.05830130218443609,0.0,0.0,0.0,0.0,0.08829146985855292,0.0,0.0,0.0,0.0,0.0,0.0,0.0,0.0,0.0,0.0,0.059319056435506494,0.0,0.0,0.0,0.0,0.0,0.0,0.0,0.0,0.0,0.07027230576609733,0.0,0.0,0.0,0.0,0.0,0.0,0.5617253364042053
2023-06-14,0.0,0.0,0.049047493350716224,0.0,0.0,0.0,0.0,0.0,0.0,0.0,0.0,0.0,0.0,0.0,0.0,0.0,0.0,0.04121538173653621,0.0,0.0,0.0,0.0,0.0,0.0,0.0,0.0,0.0,0.0,0.03387573446037169,0.0,0.0,0.0,0.0,0.0,0.0,0.0,0.0,0.0,0.0,0.0,0.0,0.0,0.0,0.0,0.0,0.0,0.0,0.0,0.0,0.0,0.0,0.0,0.0,0.0,0.0,0.0,0.0,0.0,0.0,0.0,0.0,0.0,0.0,0.03896195762058953,0.0,0.0,0.0,0.0,0.0,0.0,0.0,0.0,0.0,0.0,0.0,0.0,0.0,0.05906508568091613,0.0,0.0,0.0,0.0,0.09017058356254029,0.0,0.0,0.0,0.0,0.0,0.0,0.0,0.0,0.0,0.0,0.05835085003109594,0.0,0.0,0.0,0.0,0.0,0.0,0.0,0.0,0.0,0.07252776393415737,0.0,0.0,0.0,0.0,0.0,0.0,0.5567851496230767
2023-06-15,0.0,0.0,0.048719047388130536,0.0,0.0,0.0,0.0,0.0,0.0,0.0,0.0,0.0,0.0,0.0,0.0,0.0,0.0,0.041256915108213284,0.0,0.0,0.0,0.0,0.0,0.0,0.0,0.0,0.0,0.0,0.0336903742780094,0.0,0.0,0.0,0.0,0.0,0.0,0.0,0.0,0.0,0.0,0.0,0.0,0.0,0.0,0.0,0.0,0.0,0.0,0.0,0.0,0.0,0.0,0.0,0.0,0.0,0.0,0.0,0.0,0.0,0.0,0.0,0.0,0.0,0.0,0.0394363893166287,0.0,0.0,0.0,0.0,0.0,0.0,0.0,0.0,0.0,0.0,0.0,0.0,0.0,0.05931894924029156,0.0,0.0,0.0,0.0,0.09030187933278268,0.0,0.0,0.0,0.0,0.0,0.0,0.0,0.0,0.0,0.0,0.05862203509620262,0.0,0.0,0.0,0.0,0.0,0.0,0.0,0.0,0.0,0.07390945261410985,0.0,0.0,0.0,0.0,0.0,0.0,0.5547449576256313
2023-06-16,0.0,0.0,0.049299947130115394,0.0,0.0,0.0,0.0,0.0,0.0,0.0,0.0,0.0,0.0,0.0,0.0,0.0,0.0,0.04207133880904852,0.0,0.0,0.0,0.0,0.0,0.0,0.0,0.0,0.0,0.0,0.03344777718908378,0.0,0.0,0.0,0.0,0.0,0.0,0.0,0.0,0.0,0.0,0.0,0.0,0.0,0.0,0.0,0.0,0.0,0.0,0.0,0.0,0.0,0.0,0.0,0.0,0.0,0.0,0.0,0.0,0.0,0.0,0.0,0.0,0.0,0.0,0.039255284002890106,0.0,0.0,0.0,0.0,0.0,0.0,0.0,0.0,0.0,0.0,0.0,0.0,0.0,0.05792752162102763,0.0,0.0,0.0,0.0,0.09169896387934776,0.0,0.0,0.0,0.0,0.0,0.0,0.0,0.0,0.0,0.0,0.06014979744145488,0.0,0.0,0.0,0.0,0.0,0.0,0.0,0.0,0.0,0.07294710297041847,0.0,0.0,0.0,0.0,0.0,0.0,0.5532022669566133
2023-06-19,0.0,0.0,0.05102299327703686,0.0,0.0,0.0,0.0,0.0,0.0,0.0,0.0,0.0,0.0,0.0,0.0,0.0,0.0,0.04218257819853604,0.0,0.0,0.0,0.0,0.0,0.0,0.0,0.0,0.0,0.0,0.0335181994091949,0.0,0.0,0.0,0.0,0.0,0.0,0.0,0.0,0.0,0.0,0.0,0.0,0.0,0.0,0.0,0.0,0.0,0.0,0.0,0.0,0.0,0.0,0.0,0.0,0.0,0.0,0.0,0.0,0.0,0.0,0.0,0.0,0.0,0.0,0.03916668046821754,0.0,0.0,0.0,0.0,0.0,0.0,0.0,0.0,0.0,0.0,0.0,0.0,0.0,0.05848757200435741,0.0,0.0,0.0,0.0,0.09064531199227234,0.0,0.0,0.0,0.0,0.0,0.0,0.0,0.0,0.0,0.0,0.06036415829359724,0.0,0.0,0.0,0.0,0.0,0.0,0.0,0.0,0.0,0.07430274149726974,0.0,0.0,0.0,0.0,0.0,0.0,0.5503097648595178
2023-06-20,0.0,0.0,0.0504713920806449,0.0,0.0,0.0,0.0,0.0,0.0,0.0,0.0,0.0,0.0,0.0,0.0,0.0,0.0,0.04305213167450451,0.0,0.0,0.0,0.0,0.0,0.0,0.0,0.0,0.0,0.0,0.03373168213431582,0.0,0.0,0.0,0.0,0.0,0.0,0.0,0.0,0.0,0.0,0.0,0.0,0.0,0.0,0.0,0.0,0.0,0.0,0.0,0.0,0.0,0.0,0.0,0.0,0.0,0.0,0.0,0.0,0.0,0.0,0.0,0.0,0.0,0.0,0.039230130108592214,0.0,0.0,0.0,0.0,0.0,0.0,0.0,0.0,0.0,0.0,0.0,0.0,0.0,0.05854869794380437,0.0,0.0,0.0,0.0,0.09053134945030238,0.0,0.0,0.0,0.0,0.0,0.0,0.0,0.0,0.0,0.0,0.06062938134315389,0.0,0.0,0.0,0.0,0.0,0.0,0.0,0.0,0.0,0.07542891160484623,0.0,0.0,0.0,0.0,0.0,0.0,0.5483763236598357
2023-06-21,0.0,0.0,0.049839665484840284,0.0,0.0,0.0,0.0,0.0,0.0,0.0,0.0,0.0,0.0,0.0,0.0,0.0,0.0,0.04339436353916487,0.0,0.0,0.0,0.0,0.0,0.0,0.0,0.0,0.0,0.0,0.03355105993583992,0.0,0.0,0.0,0.0,0.0,0.0,0.0,0.0,0.0,0.0,0.0,0.0,0.0,0.0,0.0,0.0,0.0,0.0,0.0,0.0,0.0,0.0,0.0,0.0,0.0,0.0,0.0,0.0,0.0,0.0,0.0,0.0,0.0,0.0,0.03819058807224753,0.0,0.0,0.0,0.0,0.0,0.0,0.0,0.0,0.0,0.0,0.0,0.0,0.0,0.05670434735502098,0.0,0.0,0.0,0.0,0.096421466755603,0.0,0.0,0.0,0.0,0.0,0.0,0.0,0.0,0.0,0.0,0.06020317269078646,0.0,0.0,0.0,0.0,0.0,0.0,0.0,0.0,0.0,0.07527329333786174,0.0,0.0,0.0,0.0,0.0,0.0,0.5464220428286352
2023-06-22,0.0,0.0,0.05038013505436675,0.0,0.0,0.0,0.0,0.0,0.0,0.0,0.0,0.0,0.0,0.0,0.0,0.0,0.0,0.04236995495465522,0.0,0.0,0.0,0.0,0.0,0.0,0.0,0.0,0.0,0.0,0.03302891714526469,0.0,0.0,0.0,0.0,0.0,0.0,0.0,0.0,0.0,0.0,0.0,0.0,0.0,0.0,0.0,0.0,0.0,0.0,0.0,0.0,0.0,0.0,0.0,0.0,0.0,0.0,0.0,0.0,0.0,0.0,0.0,0.0,0.0,0.0,0.03794855612545897,0.0,0.0,0.0,0.0,0.0,0.0,0.0,0.0,0.0,0.0,0.0,0.0,0.0,0.057319934975135704,0.0,0.0,0.0,0.0,0.09587064111395834,0.0,0.0,0.0,0.0,0.0,0.0,0.0,0.0,0.0,0.0,0.059618581215947146,0.0,0.0,0.0,0.0,0.0,0.0,0.0,0.0,0.0,0.07463562279421401,0.0,0.0,0.0,0.0,0.0,0.0,0.5488276566209992
2023-06-23,0.0,0.0,0.05104144235766729,0.0,0.0,0.0,0.0,0.0,0.0,0.0,0.0,0.0,0.0,0.0,0.0,0.0,0.0,0.04223396427440177,0.0,0.0,0.0,0.0,0.0,0.0,0.0,0.0,0.0,0.0,0.03422759726714126,0.0,0.0,0.0,0.0,0.0,0.0,0.0,0.0,0.0,0.0,0.0,0.0,0.0,0.0,0.0,0.0,0.0,0.0,0.0,0.0,0.0,0.0,0.0,0.0,0.0,0.0,0.0,0.0,0.0,0.0,0.0,0.0,0.0,0.0,0.038246230801840704,0.0,0.0,0.0,0.0,0.0,0.0,0.0,0.0,0.0,0.0,0.0,0.0,0.0,0.05766930965426794,0.0,0.0,0.0,0.0,0.09486685914114208,0.0,0.0,0.0,0.0,0.0,0.0,0.0,0.0,0.0,0.0,0.06298349638909888,0.0,0.0,0.0,0.0,0.0,0.0,0.0,0.0,0.0,0.0740940691920931,0.0,0.0,0.0,0.0,0.0,0.0,0.5446370309223469
2023-06-26,0.0,0.0,0.0,0.0,0.0,0.0,0.0,0.0,0.0,0.0,0.0,0.0,0.0,0.0,0.0,0.0,0.0,0.0,0.0,0.0,0.0,0.0,0.0,0.0,0.0,0.0,0.0,0.0,0.0,0.0,0.0,0.0,0.0,0.0,0.0,0.0,0.0,0.0,0.06594251454476281,0.0,0.0,0.0,0.0,0.0,0.0,0.0,0.0,0.0,0.06589278301470165,0.0,0.0,0.0,0.0,0.0,0.0,0.0,0.0,0.0,0.0,0.0,0.0,0.0,0.06584308899041504,0.0,0.0,0.0,0.0,0.0,0.0,0.0,0.0,0.0,0.0,0.0,0.0,0.0,0.0,0.0,0.0,0.0,0.0,0.0,0.09546769548734284,0.0,0.0,0.0,0.0,0.06579197672556734,0.0,0.0,0.0,0.0,0.0,0.0,0.0,0.0,0.0,0.0,0.0,0.0,0.0,0.0,0.0,0.04234658936732601,0.0,0.0,0.0,0.0,0.06574235872584595,0.0,0.21565198426416354
2023-06-27,0.0,0.0,0.0,0.0,0.0,0.0,0.0,0.0,0.0,0.0,0.0,0.0,0.0,0.0,0.0,0.0,0.0,0.0,0.0,0.0,0.0,0.0,0.0,0.0,0.0,0.0,0.0,0.0,0.0,0.0,0.0,0.0,0.0,0.0,0.0,0.0,0.0,0.0,0.06533213732059627,0.0,0.0,0.0,0.0,0.0,0.0,0.0,0.0,0.0,0.06522805829797147,0.0,0.0,0.0,0.0,0.0,0.0,0.0,0.0,0.0,0.0,0.0,0.0,0.0,0.06610730333667508,0.0,0.0,0.0,0.0,0.0,0.0,0.0,0.0,0.0,0.0,0.0,0.0,0.0,0.0,0.0,0.0,0.0,0.0,0.0,0.09294974664678901,0.0,0.0,0.0,0.0,0.06418430967513927,0.0,0.0,0.0,0.0,0.0,0.0,0.0,0.0,0.0,0.0,0.0,0.0,0.0,0.0,0.0,0.04279121212041726,0.0,0.0,0.0,0.0,0.06640740064687745,0.0,0.2173470154791932
2023-06-28,0.0,0.0,0.0,0.0,0.0,0.0,0.0,0.0,0.0,0.0,0.0,0.0,0.0,0.0,0.0,0.0,0.0,0.0,0.0,0.0,0.0,0.0,0.0,0.0,0.0,0.0,0.0,0.0,0.0,0.0,0.0,0.0,0.0,0.0,0.0,0.0,0.0,0.0,0.0661462473765517,0.0,0.0,0.0,0.0,0.0,0.0,0.0,0.0,0.0,0.0649747602609682,0.0,0.0,0.0,0.0,0.0,0.0,0.0,0.0,0.0,0.0,0.0,0.0,0.0,0.06652085800091888,0.0,0.0,0.0,0.0,0.0,0.0,0.0,0.0,0.0,0.0,0.0,0.0,0.0,0.0,0.0,0.0,0.0,0.0,0.0,0.09369318471930996,0.0,0.0,0.0,0.0,0.06324706988939355,0.0,0.0,0.0,0.0,0.0,0.0,0.0,0.0,0.0,0.0,0.0,0.0,0.0,0.0,0.0,0.0424889357252589,0.0,0.0,0.0,0.0,0.06645413452942633,0.0,0.5364748094981725
2023-06-29,0.0,0.0,0.0,0.0,0.0,0.0,0.0,0.0,0.0,0.0,0.0,0.0,0.0,0.0,0.0,0.0,0.0,0.0,0.0,0.0,0.0,0.0,0.0,0.0,0.0,0.0,0.0,0.0,0.0,0.0,0.0,0.0,0.0,0.0,0.0,0.0,0.0,0.0,0.06883861686851349,0.0,0.0,0.0,0.0,0.0,0.0,0.0,0.0,0.0,0.06545894489904275,0.0,0.0,0.0,0.0,0.0,0.0,0.0,0.0,0.0,0.0,0.0,0.0,0.0,0.0678423514348658,0.0,0.0,0.0,0.0,0.0,0.0,0.0,0.0,0.0,0.0,0.0,0.0,0.0,0.0,0.0,0.0,0.0,0.0,0.0,0.09328578059331569,0.0,0.0,0.0,0.0,0.06337961061405181,0.0,0.0,0.0,0.0,0.0,0.0,0.0,0.0,0.0,0.0,0.0,0.0,0.0,0.0,0.0,0.042630278629824936,0.0,0.0,0.0,0.0,0.06636002330055853,0.0,0.5322043936598271
2023-06-30,0.0,0.0,0.0,0.0,0.0,0.0,0.0,0.0,0.0,0.0,0.0,0.0,0.0,0.0,0.0,0.0,0.0,0.0,0.0,0.0,0.0,0.0,0.0,0.0,0.0,0.0,0.0,0.0,0.0,0.0,0.0,0.0,0.0,0.0,0.0,0.0,0.0,0.0,0.07036452297907038,0.0,0.0,0.0,0.0,0.0,0.0,0.0,0.0,0.0,0.06558420307822824,0.0,0.0,0.0,0.0,0.0,0.0,0.0,0.0,0.0,0.0,0.0,0.0,0.0,0.06794697574278294,0.0,0.0,0.0,0.0,0.0,0.0,0.0,0.0,0.0,0.0,0.0,0.0,0.0,0.0,0.0,0.0,0.0,0.0,0.0,0.09445439978709899,0.0,0.0,0.0,0.0,0.06343508851251216,0.0,0.0,0.0,0.0,0.0,0.0,0.0,0.0,0.0,0.0,0.0,0.0,0.0,0.0,0.0,0.043172075586523334,0.0,0.0,0.0,0.0,0.06738417809418523,0.0,0.5276585562195987
2023-07-03,0.0,0.0,0.0,0.0,0.0,0.0,0.0,0.0,0.0,0.0,0.0,0.0,0.0,0.0,0.0,0.0,0.0,0.0,0.0,0.0,0.0,0.0,0.0,0.0,0.0,0.0,0.0,0.0,0.0,0.0,0.0,0.0,0.0,0.0,0.0,0.0,0.0,0.0,0.06794609698489804,0.0,0.0,0.0,0.0,0.0,0.0,0.0,0.0,0.0,0.0667758657282597,0.0,0.0,0.0,0.0,0.0,0.0,0.0,0.0,0.0,0.0,0.0,0.0,0.0,0.06799970937113753,0.0,0.0,0.0,0.0,0.0,0.0,0.0,0.0,0.0,0.0,0.0,0.0,0.0,0.0,0.0,0.0,0.0,0.0,0.0,0.09519320585386855,0.0,0.0,0.0,0.0,0.06454006862843745,0.0,0.0,0.0,0.0,0.0,0.0,0.0,0.0,0.0,0.0,0.0,0.0,0.0,0.0,0.0,0.04313621230417117,0.0,0.0,0.0,0.0,0.06718723191693937,0.0,0.5272216092122882
2023-07-04,0.0,0.0,0.0,0.0,0.0,0.0,0.0,0.0,0.0,0.0,0.0,0.0,0.0,0.0,0.0,0.0,0.0,0.0,0.0,0.0,0.0,0.0,0.0,0.0,0.0,0.0,0.0,0.0,0.0,0.0,0.0,0.0,0.0,0.0,0.0,0.0,0.0,0.0,0.06785779967396838,0.0,0.0,0.0,0.0,0.0,0.0,0.0,0.0,0.0,0.06620824542436517,0.0,0.0,0.0,0.0,0.0,0.0,0.0,0.0,0.0,0.0,0.0,0.0,0.0,0.06816179474696094,0.0,0.0,0.0,0.0,0.0,0.0,0.0,0.0,0.0,0.0,0.0,0.0,0.0,0.0,0.0,0.0,0.0,0.0,0.0,0.09639102782939178,0.0,0.0,0.0,0.0,0.06478077151481909,0.0,0.0,0.0,0.0,0.0,0.0,0.0,0.0,0.0,0.0,0.0,0.0,0.0,0.0,0.0,0.04514311804944468,0.0,0.0,0.0,0.0,0.06603599236958271,0.0,0.5254212503914673
2023-07-05,0.0,0.0,0.0,0.0,0.0,0.0,0.0,0.0,0.0,0.0,0.0,0.0,0.0,0.0,0.0,0.0,0.0,0.0,0.0,0.0,0.0,0.0,0.0,0.0,0.0,0.0,0.0,0.0,0.0,0.0,0.0,0.0,0.0,0.0,0.0,0.0,0.0,0.0,0.06827540496792223,0.0,0.0,0.0,0.0,0.0,0.0,0.0,0.0,0.0,0.06720816105191468,0.0,0.0,0.0,0.0,0.0,0.0,0.0,0.0,0.0,0.0,0.0,0.0,0.0,0.0690422794119047,0.0,0.0,0.0,0.0,0.0,0.0,0.0,0.0,0.0,0.0,0.0,0.0,0.0,0.0,0.0,0.0,0.0,0.0,0.0,0.09738937327381451,0.0,0.0,0.0,0.0,0.06473082637316316,0.0,0.0,0.0,0.0,0.0,0.0,0.0,0.0,0.0,0.0,0.0,0.0,0.0,0.0,0.0,0.04393202658563713,0.0,0.0,0.0,0.0,0.06626572887070467,0.0,0.5231561994649389
2023-07-06,0.0,0.0,0.0,0.0,0.0,0.0,0.0,0.0,0.0,0.0,0.0,0.0,0.0,0.0,0.0,0.0,0.0,0.0,0.0,0.0,0.0,0.0,0.0,0.0,0.0,0.0,0.0,0.0,0.0,0.0,0.0,0.0,0.0,0.0,0.0,0.0,0.0,0.0,0.0675220942157829,0.0,0.0,0.0,0.0,0.0,0.0,0.0,0.0,0.0,0.06703681189467701,0.0,0.0,0.0,0.0,0.0,0.0,0.0,0.0,0.0,0.0,0.0,0.0,0.0,0.06714406414880611,0.0,0.0,0.0,0.0,0.0,0.0,0.0,0.0,0.0,0.0,0.0,0.0,0.0,0.0,0.0,0.0,0.0,0.0,0.0,0.09705764688519337,0.0,0.0,0.0,0.0,0.06365264498172796,0.0,0.0,0.0,0.0,0.0,0.0,0.0,0.0,0.0,0.0,0.0,0.0,0.0,0.0,0.0,0.04375514567220447,0.0,0.0,0.0,0.0,0.06576613957275959,0.0,0.5280654526288487
2023-07-07,0.0,0.0,0.0,0.0,0.0,0.0,0.0,0.0,0.0,0.0,0.0,0.0,0.0,0.0,0.0,0.0,0.0,0.0,0.0,0.0,0.0,0.0,0.0,0.0,0.0,0.0,0.0,0.0,0.0,0.0,0.0,0.0,0.0,0.0,0.0,0.0,0.0,0.0,0.0680003465912979,0.0,0.0,0.0,0.0,0.0,0.0,0.0,0.0,0.0,0.06745063005731987,0.0,0.0,0.0,0.0,0.0,0.0,0.0,0.0,0.0,0.0,0.0,0.0,0.0,0.06606638708573583,0.0,0.0,0.0,0.0,0.0,0.0,0.0,0.0,0.0,0.0,0.0,0.0,0.0,0.0,0.0,0.0,0.0,0.0,0.0,0.09913929902761527,0.0,0.0,0.0,0.0,0.06715886993429347,0.0,0.0,0.0,0.0,0.0,0.0,0.0,0.0,0.0,0.0,0.0,0.0,0.0,0.0,0.0,0.04365436711365725,0.0,0.0,0.0,0.0,0.0653222894644964,0.0,0.523207810725584
2023-07-10,0.0,0.0,0.0,0.0,0.0,0.0,0.0,0.0,0.0,0.0,0.0,0.0,0.0,0.0,0.0,0.0,0.0,0.0,0.0,0.0,0.0,0.0,0.0,0.0,0.0,0.0,0.0,0.0,0.0,0.0,0.0,0.0,0.0,0.0,0.0,0.0,0.0,0.0,0.06736527429118831,0.0,0.0,0.0,0.0,0.0,0.0,0.0,0.0,0.0,0.06805229970540677,0.0,0.0,0.0,0.0,0.0,0.0,0.0,0.0,0.0,0.0,0.0,0.0,0.0,0.06442824005972209,0.0,0.0,0.0,0.0,0.0,0.0,0.0,0.0,0.0,0.0,0.0,0.0,0.0,0.0,0.0,0.0,0.0,0.0,0.0,0.09970531599169782,0.0,0.0,0.0,0.0,0.06792602878053064,0.0,0.0,0.0,0.0,0.0,0.0,0.0,0.0,0.0,0.0,0.0,0.0,0.0,0.0,0.0,0.04372091324531639,0.0,0.0,0.0,0.0,0.06420616764483394,0.0,0.5245957602813042
2023-07-11,0.0,0.0,0.0,0.0,0.0,0.0,0.0,0.0,0.0,0.0,0.0,0.0,0.0,0.0,0.0,0.0,0.0,0.0,0.0,0.0,0.0,0.0,0.0,0.0,0.0,0.0,0.0,0.0,0.0,0.0,0.0,0.0,0.0,0.0,0.0,0.0,0.0,0.0,0.06665390799114815,0.0,0.0,0.0,0.0,0.0,0.0,0.0,0.0,0.0,0.06639031867592457,0.0,0.0,0.0,0.0,0.0,0.0,0.0,0.0,0.0,0.0,0.0,0.0,0.0,0.06474826878182831,0.0,0.0,0.0,0.0,0.0,0.0,0.0,0.0,0.0,0.0,0.0,0.0,0.0,0.0,0.0,0.0,0.0,0.0,0.0,0.1027033455610761,0.0,0.0,0.0,0.0,0.0674294177116632,0.0,0.0,0.0,0.0,0.0,0.0,0.0,0.0,0.0,0.0,0.0,0.0,0.0,0.0,0.0,0.04393443538358903,0.0,0.0,0.0,0.0,0.06356931000964575,0.0,0.524570995885125
2023-07-12,0.0,0.0,0.0,0.0,0.0,0.0,0.0,0.0,0.0,0.0,0.0,0.0,0.0,0.0,0.0,0.0,0.0,0.0,0.0,0.0,0.0,0.0,0.0,0.0,0.0,0.0,0.0,0.0,0.0,0.0,0.0,0.0,0.0,0.0,0.0,0.0,0.0,0.0,0.07074483459568287,0.0,0.0,0.0,0.0,0.0,0.0,0.0,0.0,0.0,0.06615130978327637,0.0,0.0,0.0,0.0,0.0,0.0,0.0,0.0,0.0,0.0,0.0,0.0,0.0,0.0653449881584839,0.0,0.0,0.0,0.0,0.0,0.0,0.0,0.0,0.0,0.0,0.0,0.0,0.0,0.0,0.0,0.0,0.0,0.0,0.0,0.10455072886953483,0.0,0.0,0.0,0.0,0.0641000875048764,0.0,0.0,0.0,0.0,0.0,0.0,0.0,0.0,0.0,0.0,0.0,0.0,0.0,0.0,0.0,0.04217700627416862,0.0,0.0,0.0,0.0,0.06358290324512368,0.0,0.5233481415688533
2023-07-13,0.0,0.0,0.0,0.0,0.0,0.0,0.0,0.0,0.0,0.0,0.0,0.0,0.0,0.0,0.0,0.0,0.0,0.0,0.0,0.0,0.0,0.0,0.0,0.0,0.0,0.0,0.0,0.0,0.0,0.0,0.0,0.0,0.0,0.0,0.0,0.0,0.0,0.0,0.07053597036115417,0.0,0.0,0.0,0.0,0.0,0.0,0.0,0.0,0.0,0.06536198181916415,0.0,0.0,0.0,0.0,0.0,0.0,0.0,0.0,0.0,0.0,0.0,0.0,0.0,0.06511506549770507,0.0,0.0,0.0,0.0,0.0,0.0,0.0,0.0,0.0,0.0,0.0,0.0,0.0,0.0,0.0,0.0,0.0,0.0,0.0,0.10696212277886552,0.0,0.0,0.0,0.0,0.06754683538563261,0.0,0.0,0.0,0.0,0.0,0.0,0.0,0.0,0.0,0.0,0.0,0.0,0.0,0.0,0.0,0.042506643199577615,0.0,0.0,0.0,0.0,0.0630170792917361,0.0,0.5189543016661647
2023-07-14,0.0,0.0,0.0,0.0,0.0,0.0,0.0,0.0,0.0,0.0,0.0,0.0,0.0,0.0,0.0,0.0,0.0,0.0,0.0,0.0,0.0,0.0,0.0,0.0,0.0,0.0,0.0,0.0,0.0,0.0,0.0,0.0,0.0,0.0,0.0,0.0,0.0,0.0,0.06925195769124044,0.0,0.0,0.0,0.0,0.0,0.0,0.0,0.0,0.0,0.06631257543052918,0.0,0.0,0.0,0.0,0.0,0.0,0.0,0.0,0.0,0.0,0.0,0.0,0.0,0.0649217413056931,0.0,0.0,0.0,0.0,0.0,0.0,0.0,0.0,0.0,0.0,0.0,0.0,0.0,0.0,0.0,0.0,0.0,0.0,0.0,0.10425134778099845,0.0,0.0,0.0,0.0,0.06657210298115462,0.0,0.0,0.0,0.0,0.0,0.0,0.0,0.0,0.0,0.0,0.0,0.0,0.0,0.0,0.0,0.04259206481260181,0.0,0.0,0.0,0.0,0.06334105978880328,0.0,0.5227571502089791
2023-07-17,0.0,0.0,0.0,0.0,0.0,0.0,0.0,0.0,0.0,0.0,0.0,0.0,0.0,0.0,0.0,0.0,0.0,0.0,0.0,0.0,0.0,0.0,0.0,0.0,0.0,0.0,0.0,0.0,0.0,0.0,0.0,0.0,0.0,0.0,0.0,0.0,0.0,0.0,0.07053224845893154,0.0,0.0,0.0,0.0,0.0,0.0,0.0,0.0,0.0,0.06619072513193937,0.0,0.0,0.0,0.0,0.0,0.0,0.0,0.0,0.0,0.0,0.0,0.0,0.0,0.06562118215185019,0.0,0.0,0.0,0.0,0.0,0.0,0.0,0.0,0.0,0.0,0.0,0.0,0.0,0.0,0.0,0.0,0.0,0.0,0.0,0.10507768609824704,0.0,0.0,0.0,0.0,0.06690136468566618,0.0,0.0,0.0,0.0,0.0,0.0,0.0,0.0,0.0,0.0,0.0,0.0,0.0,0.0,0.0,0.04250810056818835,0.0,0.0,0.0,0.0,0.06190102057401796,0.0,0.5212676723311592
2023-07-18,0.0,0.0,0.0,0.0,0.0,0.0,0.0,0.0,0.0,0.0,0.0,0.0,0.0,0.0,0.0,0.0,0.0,0.0,0.0,0.0,0.0,0.0,0.0,0.0,0.0,0.0,0.0,0.0,0.0,0.0,0.0,0.0,0.0,0.0,0.0,0.0,0.0,0.0,0.07234663856764002,0.0,0.0,0.0,0.0,0.0,0.0,0.0,0.0,0.0,0.06691476079137076,0.0,0.0,0.0,0.0,0.0,0.0,0.0,0.0,0.0,0.0,0.0,0.0,0.0,0.0651713188749294,0.0,0.0,0.0,0.0,0.0,0.0,0.0,0.0,0.0,0.0,0.0,0.0,0.0,0.0,0.0,0.0,0.0,0.0,0.0,0.10719954334285237,0.0,0.0,0.0,0.0,0.06650034888996562,0.0,0.0,0.0,0.0,0.0,0.0,0.0,0.0,0.0,0.0,0.0,0.0,0.0,0.0,0.0,0.04194272062604325,0.0,0.0,0.0,0.0,0.06252400569029196,0.0,0.5174006632169066
2023-07-19,0.0,0.0,0.0,0.0,0.0,0.0,0.0,0.0,0.0,0.0,0.0,0.0,0.0,0.0,0.0,0.0,0.0,0.0,0.0,0.0,0.0,0.0,0.0,0.0,0.0,0.0,0.0,0.0,0.0,0.0,0.0,0.0,0.0,0.0,0.0,0.0,0.0,0.0,0.07165069616797352,0.0,0.0,0.0,0.0,0.0,0.0,0.0,0.0,0.0,0.06476143652325324,0.0,0.0,0.0,0.0,0.0,0.0,0.0,0.0,0.0,0.0,0.0,0.0,0.0,0.06445617164201772,0.0,0.0,0.0,0.0,0.0,0.0,0.0,0.0,0.0,0.0,0.0,0.0,0.0,0.0,0.0,0.0,0.0,0.0,0.0,0.10931975303592883,0.0,0.0,0.0,0.0,0.0662763322782365,0.0,0.0,0.0,0.0,0.0,0.0,0.0,0.0,0.0,0.0,0.0,0.0,0.0,0.0,0.0,0.04132224109424925,0.0,0.0,0.0,0.0,0.06579284030379742,0.0,0.5164205289545435
2023-07-20,0.0,0.0,0.0,0.0,0.0,0.0,0.0,0.0,0.0,0.0,0.0,0.0,0.0,0.0,0.0,0.0,0.0,0.0,0.0,0.0,0.0,0.0,0.0,0.0,0.0,0.0,0.0,0.0,0.0,0.0,0.0,0.0,0.0,0.0,0.0,0.0,0.0,0.0,0.07047505676822932,0.0,0.0,0.0,0.0,0.0,0.0,0.0,0.0,0.0,0.06558344953611432,0.0,0.0,0.0,0.0,0.0,0.0,0.0,0.0,0.0,0.0,0.0,0.0,0.0,0.06506000147862206,0.0,0.0,0.0,0.0,0.0,0.0,0.0,0.0,0.0,0.0,0.0,0.0,0.0,0.0,0.0,0.0,0.0,0.0,0.0,0.10942685616149217,0.0,0.0,0.0,0.0,0.06609039722575184,0.0,0.0,0.0,0.0,0.0,0.0,0.0,0.0,0.0,0.0,0.0,0.0,0.0,0.0,0.0,0.04067566243593995,0.0,0.0,0.0,0.0,0.06620160940155843,0.0,0.5164869669922918
2023-07-21,0.0,0.0,0.0,0.0,0.0,0.0,0.0,0.0,0.0,0.0,0.0,0.0,0.0,0.0,0.0,0.0,0.0,0.0,0.0,0.0,0.0,0.0,0.0,0.0,0.0,0.0,0.0,0.0,0.0,0.0,0.0,0.0,0.0,0.0,0.0,0.0,0.0,0.0,0.06951885690370084,0.0,0.0,0.0,0.0,0.0,0.0,0.0,0.0,0.0,0.0659937888296544,0.0,0.0,0.0,0.0,0.0,0.0,0.0,0.0,0.0,0.0,0.0,0.0,0.0,0.06443705537265827,0.0,0.0,0.0,0.0,0.0,0.0,0.0,0.0,0.0,0.0,0.0,0.0,0.0,0.0,0.0,0.0,0.0,0.0,0.0,0.11063883858111767,0.0,0.0,0.0,0.0,0.07092388258260954,0.0,0.0,0.0,0.0,0.0,0.0,0.0,0.0,0.0,0.0,0.0,0.0,0.0,0.0,0.0,0.040484298836310925,0.0,0.0,0.0,0.0,0.06675042877912135,0.0,0.5112528501148269
2023-07-24,0.0,0.0,0.0,0.0,0.0,0.0,0.0,0.0,0.0,0.0,0.0,0.0,0.0,0.0,0.0,0.0,0.0,0.0,0.0,0.0,0.0,0.0,0.0,0.0,0.0,0.0,0.0,0.0,0.0,0.0,0.0,0.0,0.0,0.0,0.0,0.0,0.0,0.0,0.06908143893237546,0.0,0.0,0.0,0.0,0.0,0.0,0.0,0.0,0.0,0.06553813043586582,0.0,0.0,0.0,0.0,0.0,0.0,0.0,0.0,0.0,0.0,0.0,0.0,0.0,0.06399442825987704,0.0,0.0,0.0,0.0,0.0,0.0,0.0,0.0,0.0,0.0,0.0,0.0,0.0,0.0,0.0,0.0,0.0,0.0,0.0,0.11171271015890497,0.0,0.0,0.0,0.0,0.073047233216553,0.0,0.0,0.0,0.0,0.0,0.0,0.0,0.0,0.0,0.0,0.0,0.0,0.0,0.0,0.0,0.040639589926514896,0.0,0.0,0.0,0.0,0.07069557274827597,0.0,0.5052908963216327
2023-07-25,0.0,0.0,0.0,0.0,0.0,0.0,0.0,0.0,0.0,0.0,0.0,0.0,0.0,0.0,0.0,0.0,0.0,0.0,0.0,0.0,0.0,0.0,0.0,0.0,0.0,0.0,0.0,0.0,0.0,0.0,0.0,0.0,0.0,0.0,0.0,0.0,0.0,0.0,0.06946373771061447,0.0,0.0,0.0,0.0,0.0,0.0,0.0,0.0,0.0,0.06571891089596618,0.0,0.0,0.0,0.0,0.0,0.0,0.0,0.0,0.0,0.0,0.0,0.0,0.0,0.06452261035640217,0.0,0.0,0.0,0.0,0.0,0.0,0.0,0.0,0.0,0.0,0.0,0.0,0.0,0.0,0.0,0.0,0.0,0.0,0.0,0.10933319226948322,0.0,0.0,0.0,0.0,0.07297307574798934,0.0,0.0,0.0,0.0,0.0,0.0,0.0,0.0,0.0,0.0,0.0,0.0,0.0,0.0,0.0,0.0406204412483834,0.0,0.0,0.0,0.0,0.06927296408338869,0.0,0.5080950676877725
2023-07-26,0.0,0.0,0.0,0.0,0.0,0.0,0.0,0.0,0.0,0.0,0.0,0.0,0.0,0.0,0.0,0.0,0.0,0.0,0.0,0.0,0.0,0.0,0.0,0.0,0.0,0.0,0.0,0.0,0.0,0.0,0.0,0.0,0.0,0.0,0.0,0.0,0.0,0.0,0.06963392361946372,0.0,0.0,0.0,0.0,0.0,0.0,0.0,0.0,0.0,0.06537281940477682,0.0,0.0,0.0,0.0,0.0,0.0,0.0,0.0,0.0,0.0,0.0,0.0,0.0,0.06374236709000579,0.0,0.0,0.0,0.0,0.0,0.0,0.0,0.0,0.0,0.0,0.0,0.0,0.0,0.0,0.0,0.0,0.0,0.0,0.0,0.11070100643182659,0.0,0.0,0.0,0.0,0.07270727080103735,0.0,0.0,0.0,0.0,0.0,0.0,0.0,0.0,0.0,0.0,0.0,0.0,0.0,0.0,0.0,0.04110627922163389,0.0,0.0,0.0,0.0,0.06913618646729808,0.0,0.5076001469639578
2023-07-27,0.0,0.0,0.0,0.0,0.0,0.0,0.0,0.0,0.0,0.0,0.0,0.0,0.0,0.0,0.0,0.0,0.0,0.0,0.0,0.0,0.0,0.0,0.0,0.0,0.0,0.0,0.0,0.0,0.0,0.0,0.0,0.0,0.0,0.0,0.0,0.0,0.0,0.0,0.06992337221708403,0.0,0.0,0.0,0.0,0.0,0.0,0.0,0.0,0.0,0.06538064188333546,0.0,0.0,0.0,0.0,0.0,0.0,0.0,0.0,0.0,0.0,0.0,0.0,0.0,0.06298306865789512,0.0,0.0,0.0,0.0,0.0,0.0,0.0,0.0,0.0,0.0,0.0,0.0,0.0,0.0,0.0,0.0,0.0,0.0,0.0,0.1098343571902628,0.0,0.0,0.0,0.0,0.07281142925798637,0.0,0.0,0.0,0.0,0.0,0.0,0.0,0.0,0.0,0.0,0.0,0.0,0.0,0.0,0.0,0.0404646833160569,0.0,0.0,0.0,0.0,0.06913286501141683,0.0,0.5094695824659624
2023-07-28,0.0,0.0,0.0,0.0,0.0,0.0,0.0,0.0,0.0,0.0,0.0,0.0,0.0,0.0,0.0,0.0,0.0,0.0,0.0,0.0,0.0,0.0,0.0,0.0,0.0,0.0,0.0,0.0,0.0,0.0,0.0,0.0,0.0,0.0,0.0,0.0,0.0,0.0,0.0712842334798781,0.0,0.0,0.0,0.0,0.0,0.0,0.0,0.0,0.0,0.06571882880594612,0.0,0.0,0.0,0.0,0.0,0.0,0.0,0.0,0.0,0.0,0.0,0.0,0.0,0.06362355486584016,0.0,0.0,0.0,0.0,0.0,0.0,0.0,0.0,0.0,0.0,0.0,0.0,0.0,0.0,0.0,0.0,0.0,0.0,0.0,0.1095701974967673,0.0,0.0,0.0,0.0,0.07299649422350125,0.0,0.0,0.0,0.0,0.0,0.0,0.0,0.0,0.0,0.0,0.0,0.0,0.0,0.0,0.0,0.04028400803120322,0.0,0.0,0.0,0.0,0.06880850141056959,0.0,0.5077141816862942
2023-07-31,0.0,0.0,0.0,0.0,0.0,0.0,0.0,0.0,0.0,0.0,0.0,0.0,0.0,0.0,0.0,0.0,0.0,0.0,0.0,0.0,0.0,0.0,0.0,0.0,0.0,0.0,0.0,0.0,0.0,0.0,0.0,0.0,0.0,0.0,0.0,0.0,0.0,0.0,0.07165690853995078,0.0,0.0,0.0,0.0,0.0,0.0,0.0,0.0,0.0,0.06652518105191019,0.0,0.0,0.0,0.0,0.0,0.0,0.0,0.0,0.0,0.0,0.0,0.0,0.0,0.06396302868583482,0.0,0.0,0.0,0.0,0.0,0.0,0.0,0.0,0.0,0.0,0.0,0.0,0.0,0.0,0.0,0.0,0.0,0.0,0.0,0.11021029251545036,0.0,0.0,0.0,0.0,0.07214908587343373,0.0,0.0,0.0,0.0,0.0,0.0,0.0,0.0,0.0,0.0,0.0,0.0,0.0,0.0,0.0,0.04187496385970452,0.0,0.0,0.0,0.0,0.06783291081568114,0.0,0.5057876286580344
2023-08-01,0.0,0.0,0.0,0.0,0.0,0.0,0.0,0.0,0.0,0.0,0.0,0.0,0.0,0.0,0.0,0.0,0.0,0.0,0.0,0.0,0.0,0.0,0.0,0.0,0.0,0.0,0.0,0.0,0.0,0.0,0.0,0.0,0.0,0.0,0.0,0.0,0.0,0.0,0.07243928413054838,0.0,0.0,0.0,0.0,0.0,0.0,0.0,0.0,0.0,0.06638909628415826,0.0,0.0,0.0,0.0,0.0,0.0,0.0,0.0,0.0,0.0,0.0,0.0,0.0,0.06534708149763681,0.0,0.0,0.0,0.0,0.0,0.0,0.0,0.0,0.0,0.0,0.0,0.0,0.0,0.0,0.0,0.0,0.0,0.0,0.0,0.11033672875335665,0.0,0.0,0.0,0.0,0.07172890530646105,0.0,0.0,0.0,0.0,0.0,0.0,0.0,0.0,0.0,0.0,0.0,0.0,0.0,0.0,0.0,0.041582825073586245,0.0,0.0,0.0,0.0,0.06754215732271296,0.0,0.5046339216315398
2023-08-02,0.0,0.0,0.0,0.0,0.0,0.0,0.0,0.0,0.0,0.0,0.0,0.0,0.0,0.0,0.0,0.0,0.0,0.0,0.0,0.0,0.0,0.0,0.0,0.0,0.0,0.0,0.0,0.0,0.0,0.0,0.0,0.0,0.0,0.0,0.0,0.0,0.0,0.0,0.07335873534811954,0.0,0.0,0.0,0.0,0.0,0.0,0.0,0.0,0.0,0.06697953951116777,0.0,0.0,0.0,0.0,0.0,0.0,0.0,0.0,0.0,0.0,0.0,0.0,0.0,0.06716663138313254,0.0,0.0,0.0,0.0,0.0,0.0,0.0,0.0,0.0,0.0,0.0,0.0,0.0,0.0,0.0,0.0,0.0,0.0,0.0,0.10876819982297134,0.0,0.0,0.0,0.0,0.0705694462697243,0.0,0.0,0.0,0.0,0.0,0.0,0.0,0.0,0.0,0.0,0.0,0.0,0.0,0.0,0.0,0.04171643383890048,0.0,0.0,0.0,0.0,0.06767868776556203,0.0,0.503762326060422
2023-08-03,0.0,0.0,0.0,0.0,0.0,0.0,0.0,0.0,0.0,0.0,0.0,0.0,0.0,0.0,0.0,0.0,0.0,0.0,0.0,0.0,0.0,0.0,0.0,0.0,0.0,0.0,0.0,0.0,0.0,0.0,0.0,0.0,0.0,0.0,0.0,0.0,0.0,0.0,0.07281580750565046,0.0,0.0,0.0,0.0,0.0,0.0,0.0,0.0,0.0,0.06642263296342722,0.0,0.0,0.0,0.0,0.0,0.0,0.0,0.0,0.0,0.0,0.0,0.0,0.0,0.0682212945693571,0.0,0.0,0.0,0.0,0.0,0.0,0.0,0.0,0.0,0.0,0.0,0.0,0.0,0.0,0.0,0.0,0.0,0.0,0.0,0.11241676377321674,0.0,0.0,0.0,0.0,0.07063298001107884,0.0,0.0,0.0,0.0,0.0,0.0,0.0,0.0,0.0,0.0,0.0,0.0,0.0,0.0,0.0,0.041885164246500586,0.0,0.0,0.0,0.0,0.06778662560573741,0.0,0.4998187313250316
2023-08-04,0.0,0.0,0.0,0.0,0.0,0.0,0.0,0.0,0.0,0.0,0.0,0.0,0.0,0.0,0.0,0.0,0.0,0.0,0.0,0.0,0.0,0.0,0.0,0.0,0.0,0.0,0.0,0.0,0.0,0.0,0.0,0.0,0.0,0.0,0.0,0.0,0.0,0.0,0.07338213276909611,0.0,0.0,0.0,0.0,0.0,0.0,0.0,0.0,0.0,0.06626831484507252,0.0,0.0,0.0,0.0,0.0,0.0,0.0,0.0,0.0,0.0,0.0,0.0,0.0,0.06719104047367586,0.0,0.0,0.0,0.0,0.0,0.0,0.0,0.0,0.0,0.0,0.0,0.0,0.0,0.0,0.0,0.0,0.0,0.0,0.0,0.1131306506396506,0.0,0.0,0.0,0.0,0.07117943571198453,0.0,0.0,0.0,0.0,0.0,0.0,0.0,0.0,0.0,0.0,0.0,0.0,0.0,0.0,0.0,0.04161469329751086,0.0,0.0,0.0,0.0,0.06833169118571987,0.0,0.49890204107728964
2023-08-07,0.0,0.0,0.0,0.0,0.0,0.0,0.0,0.0,0.0,0.0,0.0,0.0,0.0,0.0,0.0,0.0,0.0,0.0,0.0,0.0,0.0,0.0,0.0,0.0,0.0,0.0,0.0,0.0,0.0,0.0,0.0,0.0,0.0,0.0,0.0,0.0,0.0,0.0,0.07405609524266062,0.0,0.0,0.0,0.0,0.0,0.0,0.0,0.0,0.0,0.06581548206374396,0.0,0.0,0.0,0.0,0.0,0.0,0.0,0.0,0.0,0.0,0.0,0.0,0.0,0.06709203785116585,0.0,0.0,0.0,0.0,0.0,0.0,0.0,0.0,0.0,0.0,0.0,0.0,0.0,0.0,0.0,0.0,0.0,0.0,0.0,0.11376095265551661,0.0,0.0,0.0,0.0,0.07035121697945486,0.0,0.0,0.0,0.0,0.0,0.0,0.0,0.0,0.0,0.0,0.0,0.0,0.0,0.0,0.0,0.041014814841328746,0.0,0.0,0.0,0.0,0.06850136566839962,0.0,0.49940803469772976
2023-08-08,0.0,0.0,0.0,0.0,0.0,0.0,0.0,0.0,0.0,0.0,0.0,0.0,0.0,0.0,0.0,0.0,0.0,0.0,0.0,0.0,0.0,0.0,0.0,0.0,0.0,0.0,0.0,0.0,0.0,0.0,0.0,0.0,0.0,0.0,0.0,0.0,0.0,0.0,0.07399331453909878,0.0,0.0,0.0,0.0,0.0,0.0,0.0,0.0,0.0,0.06527258068233993,0.0,0.0,0.0,0.0,0.0,0.0,0.0,0.0,0.0,0.0,0.0,0.0,0.0,0.06669997973338739,0.0,0.0,0.0,0.0,0.0,0.0,0.0,0.0,0.0,0.0,0.0,0.0,0.0,0.0,0.0,0.0,0.0,0.0,0.0,0.11378338176129563,0.0,0.0,0.0,0.0,0.07229902384594263,0.0,0.0,0.0,0.0,0.0,0.0,0.0,0.0,0.0,0.0,0.0,0.0,0.0,0.0,0.0,0.04073057080922035,0.0,0.0,0.0,0.0,0.06799179761452723,0.0,0.49922935101418797
2023-08-09,0.0,0.0,0.0,0.0,0.0,0.0,0.0,0.0,0.0,0.0,0.0,0.0,0.0,0.0,0.0,0.0,0.0,0.0,0.0,0.0,0.0,0.0,0.0,0.0,0.0,0.0,0.0,0.0,0.0,0.0,0.0,0.0,0.0,0.0,0.0,0.0,0.0,0.0,0.07278139707847514,0.0,0.0,0.0,0.0,0.0,0.0,0.0,0.0,0.0,0.06664529787623717,0.0,0.0,0.0,0.0,0.0,0.0,0.0,0.0,0.0,0.0,0.0,0.0,0.0,0.0668180194268016,0.0,0.0,0.0,0.0,0.0,0.0,0.0,0.0,0.0,0.0,0.0,0.0,0.0,0.0,0.0,0.0,0.0,0.0,0.0,0.11391699533549739,0.0,0.0,0.0,0.0,0.07405328466542817,0.0,0.0,0.0,0.0,0.0,0.0,0.0,0.0,0.0,0.0,0.0,0.0,0.0,0.0,0.0,0.04052257714028325,0.0,0.0,0.0,0.0,0.06790364930259675,0.0,0.4973587791746805
2023-08-10,0.0,0.0,0.04492814738539891,0.0,0.0,0.0,0.0,0.0,0.0,0.0,0.0,0.0,0.0,0.0,0.0,0.0,0.0,0.03921672973213964,0.0,0.0,0.0,0.0,0.0,0.0,0.0,0.0,0.0,0.0,0.0,0.0,0.0,0.0,0.0,0.0,0.0,0.0,0.0,0.0,0.043707775095115295,0.0,0.0,0.0,0.0,0.0,0.0,0.0,0.0,0.0,0.043707775095115295,0.0,0.0,0.0,0.0,0.0,0.0,0.0,0.0,0.0,0.0,0.0,0.0,0.0,0.043707775095115295,0.03396122978532326,0.0,0.0,0.0,0.0,0.0,0.0,0.0,0.0,0.0,0.0,0.0,0.0,0.0,0.05285898557657573,0.0,0.0,0.0,0.0,0.1012563862179038,0.0,0.0,0.0,0.0,0.043707775095115295,0.0,0.0,0.0,0.0,0.0,0.054285274989704875,0.0,0.0,0.0,0.0,0.0,0.0,0.0,0.0,0.0,0.06595677357514666,0.0,0.0,0.0,0.0,0.043707775095115295,0.0,0.24631221957496355
2023-08-11,0.0,0.0,0.04432966037817819,0.0,0.0,0.0,0.0,0.0,0.0,0.0,0.0,0.0,0.0,0.0,0.0,0.0,0.0,0.03856104659277006,0.0,0.0,0.0,0.0,0.0,0.0,0.0,0.0,0.0,0.0,0.0,0.0,0.0,0.0,0.0,0.0,0.0,0.0,0.0,0.0,0.0444532083850741,0.0,0.0,0.0,0.0,0.0,0.0,0.0,0.0,0.0,0.04488347880177915,0.0,0.0,0.0,0.0,0.0,0.0,0.0,0.0,0.0,0.0,0.0,0.0,0.0,0.04303681109961618,0.034164000135952874,0.0,0.0,0.0,0.0,0.0,0.0,0.0,0.0,0.0,0.0,0.0,0.0,0.0,0.053232050090230604,0.0,0.0,0.0,0.0,0.10341725009378046,0.0,0.0,0.0,0.0,0.042669167852792726,0.0,0.0,0.0,0.0,0.0,0.054256897061463104,0.0,0.0,0.0,0.0,0.0,0.0,0.0,0.0,0.0,0.06437001988140473,0.0,0.0,0.0,0.0,0.04325767253188546,0.0,0.2465915567567158
2023-08-14,0.0,0.0,0.04285554241657926,0.0,0.0,0.0,0.0,0.0,0.0,0.0,0.0,0.0,0.0,0.0,0.0,0.0,0.0,0.039167445474369886,0.0,0.0,0.0,0.0,0.0,0.0,0.0,0.0,0.0,0.0,0.0,0.0,0.0,0.0,0.0,0.0,0.0,0.0,0.0,0.0,0.04423393301753344,0.0,0.0,0.0,0.0,0.0,0.0,0.0,0.0,0.0,0.04489434623592137,0.0,0.0,0.0,0.0,0.0,0.0,0.0,0.0,0.0,0.0,0.0,0.0,0.0,0.04454815886408651,0.03466684917989002,0.0,0.0,0.0,0.0,0.0,0.0,0.0,0.0,0.0,0.0,0.0,0.0,0.0,0.05229383216817318,0.0,0.0,0.0,0.0,0.10437904967659567,0.0,0.0,0.0,0.0,0.04282519896670845,0.0,0.0,0.0,0.0,0.0,0.05240359765072114,0.0,0.0,0.0,0.0,0.0,0.0,0.0,0.0,0.0,0.06349217354668134,0.0,0.0,0.0,0.0,0.042918334309268266,0.0,0.39132153849347145
2023-08-15,0.0,0.0,0.042311485611574336,0.0,0.0,0.0,0.0,0.0,0.0,0.0,0.0,0.0,0.0,0.0,0.0,0.0,0.0,0.0385375531109343,0.0,0.0,0.0,0.0,0.0,0.0,0.0,0.0,0.0,0.0,0.0,0.0,0.0,0.0,0.0,0.0,0.0,0.0,0.0,0.0,0.04494912236642689,0.0,0.0,0.0,0.0,0.0,0.0,0.0,0.0,0.0,0.04541811904799797,0.0,0.0,0.0,0.0,0.0,0.0,0.0,0.0,0.0,0.0,0.0,0.0,0.0,0.04433861001618416,0.034577648409549924,0.0,0.0,0.0,0.0,0.0,0.0,0.0,0.0,0.0,0.0,0.0,0.0,0.0,0.05155815327600082,0.0,0.0,0.0,0.0,0.10160528575563627,0.0,0.0,0.0,0.0,0.04188198844796891,0.0,0.0,0.0,0.0,0.0,0.05125619492599021,0.0,0.0,0.0,0.0,0.0,0.0,0.0,0.0,0.0,0.06464754193235014,0.0,0.0,0.0,0.0,0.0434013249885574,0.0,0.39551697211082876
2023-08-16,0.0,0.0,0.04251469700603763,0.0,0.0,0.0,0.0,0.0,0.0,0.0,0.0,0.0,0.0,0.0,0.0,0.0,0.0,0.03783744901440392,0.0,0.0,0.0,0.0,0.0,0.0,0.0,0.0,0.0,0.0,0.0,0.0,0.0,0.0,0.0,0.0,0.0,0.0,0.0,0.0,0.04492320879766319,0.0,0.0,0.0,0.0,0.0,0.0,0.0,0.0,0.0,0.04559705102621955,0.0,0.0,0.0,0.0,0.0,0.0,0.0,0.0,0.0,0.0,0.0,0.0,0.0,0.04527001436207162,0.03471387261173744,0.0,0.0,0.0,0.0,0.0,0.0,0.0,0.0,0.0,0.0,0.0,0.0,0.0,0.051654991553192316,0.0,0.0,0.0,0.0,0.10017548757108295,0.0,0.0,0.0,0.0,0.04174718519596122,0.0,0.0,0.0,0.0,0.0,0.05077442992158559,0.0,0.0,0.0,0.0,0.0,0.0,0.0,0.0,0.0,0.06587610714901855,0.0,0.0,0.0,0.0,0.041645617259536985,0.0,0.3972698885314891
2023-08-17,0.0,0.0,0.04281764777357218,0.0,0.0,0.0,0.0,0.0,0.0,0.0,0.0,0.0,0.0,0.0,0.0,0.0,0.0,0.03712532432470884,0.0,0.0,0.0,0.0,0.0,0.0,0.0,0.0,0.0,0.0,0.0,0.0,0.0,0.0,0.0,0.0,0.0,0.0,0.0,0.0,0.043520748363885246,0.0,0.0,0.0,0.0,0.0,0.0,0.0,0.0,0.0,0.04568646911277044,0.0,0.0,0.0,0.0,0.0,0.0,0.0,0.0,0.0,0.0,0.0,0.0,0.0,0.04488832427826247,0.03486694166688688,0.0,0.0,0.0,0.0,0.0,0.0,0.0,0.0,0.0,0.0,0.0,0.0,0.0,0.05144710907528567,0.0,0.0,0.0,0.0,0.09970127296045506,0.0,0.0,0.0,0.0,0.04259019752668647,0.0,0.0,0.0,0.0,0.0,0.050929034918141436,0.0,0.0,0.0,0.0,0.0,0.0,0.0,0.0,0.0,0.06439864838197577,0.0,0.0,0.0,0.0,0.04121484802917449,0.0,0.4008134335881948
2023-08-18,0.0,0.0,0.04328842706714804,0.0,0.0,0.0,0.0,0.0,0.0,0.0,0.0,0.0,0.0,0.0,0.0,0.0,0.0,0.037431784972883665,0.0,0.0,0.0,0.0,0.0,0.0,0.0,0.0,0.0,0.0,0.0,0.0,0.0,0.0,0.0,0.0,0.0,0.0,0.0,0.0,0.043663884958454635,0.0,0.0,0.0,0.0,0.0,0.0,0.0,0.0,0.0,0.04535586642427377,0.0,0.0,0.0,0.0,0.0,0.0,0.0,0.0,0.0,0.0,0.0,0.0,0.0,0.047404982536346646,0.03459329283683237,0.0,0.0,0.0,0.0,0.0,0.0,0.0,0.0,0.0,0.0,0.0,0.0,0.0,0.05265544949449711,0.0,0.0,0.0,0.0,0.09859243508183547,0.0,0.0,0.0,0.0,0.042837956212404917,0.0,0.0,0.0,0.0,0.0,0.05073892066147044,0.0,0.0,0.0,0.0,0.0,0.0,0.0,0.0,0.0,0.06481842121513973,0.0,0.0,0.0,0.0,0.040224867707632034,0.0,0.3983937108310812
2023-08-21,0.0,0.0,0.04313317916822474,0.0,0.0,0.0,0.0,0.0,0.0,0.0,0.0,0.0,0.0,0.0,0.0,0.0,0.0,0.0372140140544699,0.0,0.0,0.0,0.0,0.0,0.0,0.0,0.0,0.0,0.0,0.0,0.0,0.0,0.0,0.0,0.0,0.0,0.0,0.0,0.0,0.04344010303966798,0.0,0.0,0.0,0.0,0.0,0.0,0.0,0.0,0.0,0.04480995413580426,0.0,0.0,0.0,0.0,0.0,0.0,0.0,0.0,0.0,0.0,0.0,0.0,0.0,0.04809722812561162,0.03448930626270278,0.0,0.0,0.0,0.0,0.0,0.0,0.0,0.0,0.0,0.0,0.0,0.0,0.0,0.05269885344252637,0.0,0.0,0.0,0.0,0.09790470962376906,0.0,0.0,0.0,0.0,0.04282548556768911,0.0,0.0,0.0,0.0,0.0,0.05079311385939449,0.0,0.0,0.0,0.0,0.0,0.0,0.0,0.0,0.0,0.0649959019864925,0.0,0.0,0.0,0.0,0.04007455744804535,0.0,0.39952359328560183
2023-08-22,0.0,0.0,0.044281387397530646,0.0,0.0,0.0,0.0,0.0,0.0,0.0,0.0,0.0,0.0,0.0,0.0,0.0,0.0,0.038088087226030964,0.0,0.0,0.0,0.0,0.0,0.0,0.0,0.0,0.0,0.0,0.0,0.0,0.0,0.0,0.0,0.0,0.0,0.0,0.0,0.0,0.0439542186021036,0.0,0.0,0.0,0.0,0.0,0.0,0.0,0.0,0.0,0.04503987508572832,0.0,0.0,0.0,0.0,0.0,0.0,0.0,0.0,0.0,0.0,0.0,0.0,0.0,0.048811089053223525,0.03435820434771809,0.0,0.0,0.0,0.0,0.0,0.0,0.0,0.0,0.0,0.0,0.0,0.0,0.0,0.05190770869256416,0.0,0.0,0.0,0.0,0.09768374966749056,0.0,0.0,0.0,0.0,0.0428443098349852,0.0,0.0,0.0,0.0,0.0,0.050887943153485625,0.0,0.0,0.0,0.0,0.0,0.0,0.0,0.0,0.0,0.06627388964910305,0.0,0.0,0.0,0.0,0.04014717793775555,0.0,0.39572235935228056
2023-08-23,0.0,0.0,0.04632299223055254,0.0,0.0,0.0,0.0,0.0,0.0,0.0,0.0,0.0,0.0,0.0,0.0,0.0,0.0,0.04058488255231929,0.0,0.0,0.0,0.0,0.0,0.0,0.0,0.0,0.0,0.0,0.0,0.0,0.0,0.0,0.0,0.0,0.0,0.0,0.0,0.0,0.04579264197360273,0.0,0.0,0.0,0.0,0.0,0.0,0.0,0.0,0.0,0.04680782197650293,0.0,0.0,0.0,0.0,0.0,0.0,0.0,0.0,0.0,0.0,0.0,0.0,0.0,0.05138855201453182,0.03530832102911578,0.0,0.0,0.0,0.0,0.0,0.0,0.0,0.0,0.0,0.0,0.0,0.0,0.0,0.017792375348210227,0.0,0.0,0.0,0.0,0.1019637769980628,0.0,0.0,0.0,0.0,0.04534794299740282,0.0,0.0,0.0,0.0,0.0,0.05270958723605496,0.0,0.0,0.0,0.0,0.0,0.0,0.0,0.0,0.0,0.06827948427678812,0.0,0.0,0.0,0.0,0.04119812401157004,0.0,0.406503497355286
2023-08-24,0.0,0.0,0.04491534823114725,0.0,0.0,0.0,0.0,0.0,0.0,0.0,0.0,0.0,0.0,0.0,0.0,0.0,0.0,0.04067048790521044,0.0,0.0,0.0,0.0,0.0,0.0,0.0,0.0,0.0,0.0,0.0,0.0,0.0,0.0,0.0,0.0,0.0,0.0,0.0,0.0,0.045203954691671266,0.0,0.0,0.0,0.0,0.0,0.0,0.0,0.0,0.0,0.04692628687484295,0.0,0.0,0.0,0.0,0.0,0.0,0.0,0.0,0.0,0.0,0.0,0.0,0.0,0.05209346020134658,0.035337707423563305,0.0,0.0,0.0,0.0,0.0,0.0,0.0,0.0,0.0,0.0,0.0,0.0,0.0,0.01731811162784298,0.0,0.0,0.0,0.0,0.1028356882804726,0.0,0.0,0.0,0.0,0.04489354945716408,0.0,0.0,0.0,0.0,0.0,0.0516753053839787,0.0,0.0,0.0,0.0,0.0,0.0,0.0,0.0,0.0,0.06899198711702392,0.0,0.0,0.0,0.0,0.04082764615781576,0.0,0.40831046664792
2023-08-25,0.0,0.0,0.04566849606633937,0.0,0.0,0.0,0.0,0.0,0.0,0.0,0.0,0.0,0.0,0.0,0.0,0.0,0.0,0.040196105570431274,0.0,0.0,0.0,0.0,0.0,0.0,0.0,0.0,0.0,0.0,0.0,0.0,0.0,0.0,0.0,0.0,0.0,0.0,0.0,0.0,0.044079545673691586,0.0,0.0,0.0,0.0,0.0,0.0,0.0,0.0,0.0,0.04663636077851878,0.0,0.0,0.0,0.0,0.0,0.0,0.0,0.0,0.0,0.0,0.0,0.0,0.0,0.051821796418463656,0.03571684394493544,0.0,0.0,0.0,0.0,0.0,0.0,0.0,0.0,0.0,0.0,0.0,0.0,0.0,0.016080329873459427,0.0,0.0,0.0,0.0,0.10366777905496992,0.0,0.0,0.0,0.0,0.044704232593842035,0.0,0.0,0.0,0.0,0.0,0.052702016269458855,0.0,0.0,0.0,0.0,0.0,0.0,0.0,0.0,0.0,0.06854299226957664,0.0,0.0,0.0,0.0,0.041296833172323855,0.0,0.40888666831398907
2023-08-28,0.0,0.0,0.04541094969480406,0.0,0.0,0.0,0.0,0.0,0.0,0.0,0.0,0.0,0.0,0.0,0.0,0.0,0.0,0.04049567057425783,0.0,0.0,0.0,0.0,0.0,0.0,0.0,0.0,0.0,0.0,0.0,0.0,0.0,0.0,0.0,0.0,0.0,0.0,0.0,0.0,0.04287945874349533,0.0,0.0,0.0,0.0,0.0,0.0,0.0,0.0,0.0,0.04695496456223704,0.0,0.0,0.0,0.0,0.0,0.0,0.0,0.0,0.0,0.0,0.0,0.0,0.0,0.0523991566882111,0.03602080997854647,0.0,0.0,0.0,0.0,0.0,0.0,0.0,0.0,0.0,0.0,0.0,0.0,0.0,0.014985506460562853,0.0,0.0,0.0,0.0,0.10430595254281903,0.0,0.0,0.0,0.0,0.04376817572693447,0.0,0.0,0.0,0.0,0.0,0.053717476804357275,0.0,0.0,0.0,0.0,0.0,0.0,0.0,0.0,0.0,0.06852181540134875,0.0,0.0,0.0,0.0,0.04157927928374559,0.0,0.4089607835386803
2023-08-29,0.0,0.0,0.04554855642042168,0.0,0.0,0.0,0.0,0.0,0.0,0.0,0.0,0.0,0.0,0.0,0.0,0.0,0.0,0.04119329327776635,0.0,0.0,0.0,0.0,0.0,0.0,0.0,0.0,0.0,0.0,0.0,0.0,0.0,0.0,0.0,0.0,0.0,0.0,0.0,0.0,0.04310390758673183,0.0,0.0,0.0,0.0,0.0,0.0,0.0,0.0,0.0,0.04713424841347874,0.0,0.0,0.0,0.0,0.0,0.0,0.0,0.0,0.0,0.0,0.0,0.0,0.0,0.05336570799090971,0.03625496254192065,0.0,0.0,0.0,0.0,0.0,0.0,0.0,0.0,0.0,0.0,0.0,0.0,0.0,0.014302088115966642,0.0,0.0,0.0,0.0,0.10202454202559953,0.0,0.0,0.0,0.0,0.04451378715172059,0.0,0.0,0.0,0.0,0.0,0.05444062414630734,0.0,0.0,0.0,0.0,0.0,0.0,0.0,0.0,0.0,0.06930619917470675,0.0,0.0,0.0,0.0,0.04126792048497542,0.0,0.40754416266949484
2023-08-30,0.0,0.0,0.045034421419869276,0.0,0.0,0.0,0.0,0.0,0.0,0.0,0.0,0.0,0.0,0.0,0.0,0.0,0.0,0.04098846165795342,0.0,0.0,0.0,0.0,0.0,0.0,0.0,0.0,0.0,0.0,0.0,0.0,0.0,0.0,0.0,0.0,0.0,0.0,0.0,0.0,0.04285973273049897,0.0,0.0,0.0,0.0,0.0,0.0,0.0,0.0,0.0,0.0472662229154396,0.0,0.0,0.0,0.0,0.0,0.0,0.0,0.0,0.0,0.0,0.0,0.0,0.0,0.052708729461668,0.03616167913719692,0.0,0.0,0.0,0.0,0.0,0.0,0.0,0.0,0.0,0.0,0.0,0.0,0.0,0.014379468683382739,0.0,0.0,0.0,0.0,0.10229295009143835,0.0,0.0,0.0,0.0,0.04455463415861617,0.0,0.0,0.0,0.0,0.0,0.05440673573876162,0.0,0.0,0.0,0.0,0.0,0.0,0.0,0.0,0.0,0.0689763410685154,0.0,0.0,0.0,0.0,0.041196977320886514,0.0,0.40917364561577313
2023-08-31,0.0,0.0,0.04482965220290604,0.0,0.0,0.0,0.0,0.0,0.0,0.0,0.0,0.0,0.0,0.0,0.0,0.0,0.0,0.04077540122770981,0.0,0.0,0.0,0.0,0.0,0.0,0.0,0.0,0.0,0.0,0.0,0.0,0.0,0.0,0.0,0.0,0.0,0.0,0.0,0.0,0.04241595011153759,0.0,0.0,0.0,0.0,0.0,0.0,0.0,0.0,0.0,0.0460438065427041,0.0,0.0,0.0,0.0,0.0,0.0,0.0,0.0,0.0,0.0,0.0,0.0,0.0,0.052970124856508045,0.03607294838134976,0.0,0.0,0.0,0.0,0.0,0.0,0.0,0.0,0.0,0.0,0.0,0.0,0.0,0.01354433670537971,0.0,0.0,0.0,0.0,0.10435478925074353,0.0,0.0,0.0,0.0,0.04477806858730999,0.0,0.0,0.0,0.0,0.0,0.05353610544879366,0.0,0.0,0.0,0.0,0.0,0.0,0.0,0.0,0.0,0.0675458066326114,0.0,0.0,0.0,0.0,0.040995204401448895,0.0,0.4121378056509976
2023-09-01,0.0,0.0,0.04558401434339466,0.0,0.0,0.0,0.0,0.0,0.0,0.0,0.0,0.0,0.0,0.0,0.0,0.0,0.0,0.04014753286696152,0.0,0.0,0.0,0.0,0.0,0.0,0.0,0.0,0.0,0.0,0.0,0.0,0.0,0.0,0.0,0.0,0.0,0.0,0.0,0.0,0.04316436426161314,0.0,0.0,0.0,0.0,0.0,0.0,0.0,0.0,0.0,0.04779571034905189,0.0,0.0,0.0,0.0,0.0,0.0,0.0,0.0,0.0,0.0,0.0,0.0,0.0,0.05308318525977436,0.03620642499389786,0.0,0.0,0.0,0.0,0.0,0.0,0.0,0.0,0.0,0.0,0.0,0.0,0.0,0.013351694061357255,0.0,0.0,0.0,0.0,0.1044680139353568,0.0,0.0,0.0,0.0,0.04508609055957643,0.0,0.0,0.0,0.0,0.0,0.05345030635455194,0.0,0.0,0.0,0.0,0.0,0.0,0.0,0.0,0.0,0.06887960657482797,0.0,0.0,0.0,0.0,0.04065557182826591,0.0,0.40812748461137044
2023-09-04,0.0,0.0,0.044916910195844546,0.0,0.0,0.0,0.0,0.0,0.0,0.0,0.0,0.0,0.0,0.0,0.0,0.0,0.0,0.039525426115901,0.0,0.0,0.0,0.0,0.0,0.0,0.0,0.0,0.0,0.0,0.0,0.0,0.0,0.0,0.0,0.0,0.0,0.0,0.0,0.0,0.042436619502036345,0.0,0.0,0.0,0.0,0.0,0.0,0.0,0.0,0.0,0.04916804372509146,0.0,0.0,0.0,0.0,0.0,0.0,0.0,0.0,0.0,0.0,0.0,0.0,0.0,0.05336631256206742,0.036381350707523755,0.0,0.0,0.0,0.0,0.0,0.0,0.0,0.0,0.0,0.0,0.0,0.0,0.0,0.013445574641840652,0.0,0.0,0.0,0.0,0.1038077477693102,0.0,0.0,0.0,0.0,0.045740879306368616,0.0,0.0,0.0,0.0,0.0,0.05346036031877199,0.0,0.0,0.0,0.0,0.0,0.0,0.0,0.0,0.0,0.06814709286388639,0.0,0.0,0.0,0.0,0.04089705667923598,0.0,0.4087066256121215
2023-09-05,0.0,0.0,0.04547536712597986,0.0,0.0,0.0,0.0,0.0,0.0,0.0,0.0,0.0,0.0,0.0,0.0,0.0,0.0,0.039202740035847686,0.0,0.0,0.0,0.0,0.0,0.0,0.0,0.0,0.0,0.0,0.0,0.0,0.0,0.0,0.0,0.0,0.0,0.0,0.0,0.0,0.041569602430686296,0.0,0.0,0.0,0.0,0.0,0.0,0.0,0.0,0.0,0.04898114636536213,0.0,0.0,0.0,0.0,0.0,0.0,0.0,0.0,0.0,0.0,0.0,0.0,0.0,0.05363957057220053,0.036046720368679556,0.0,0.0,0.0,0.0,0.0,0.0,0.0,0.0,0.0,0.0,0.0,0.0,0.0,0.01305911699520543,0.0,0.0,0.0,0.0,0.10593786469918168,0.0,0.0,0.0,0.0,0.04330121299138393,0.0,0.0,0.0,0.0,0.0,0.05315014489990233,0.0,0.0,0.0,0.0,0.0,0.0,0.0,0.0,0.0,0.06935795326966744,0.0,0.0,0.0,0.0,0.04071344049161532,0.0,0.4095651197542877
2023-09-06,0.0,0.0,0.04833973369949637,0.0,0.0,0.0,0.0,0.0,0.0,0.0,0.0,0.0,0.0,0.0,0.0,0.0,0.0,0.03873227513070056,0.0,0.0,0.0,0.0,0.0,0.0,0.0,0.0,0.0,0.0,0.0,0.0,0.0,0.0,0.0,0.0,0.0,0.0,0.0,0.0,0.04119148346728725,0.0,0.0,0.0,0.0,0.0,0.0,0.0,0.0,0.0,0.0488744281818422,0.0,0.0,0.0,0.0,0.0,0.0,0.0,0.0,0.0,0.0,0.0,0.0,0.0,0.05380470523582536,0.03541561559802576,0.0,0.0,0.0,0.0,0.0,0.0,0.0,0.0,0.0,0.0,0.0,0.0,0.0,0.012728370651541893,0.0,0.0,0.0,0.0,0.1047891850087648,0.0,0.0,0.0,0.0,0.041893068824531254,0.0,0.0,0.0,0.0,0.0,0.05284320476226927,0.0,0.0,0.0,0.0,0.0,0.0,0.0,0.0,0.0,0.06953653690605756,0.0,0.0,0.0,0.0,0.04046470954406937,0.0,0.41138668298958847
2023-09-08,0.0,0.0,0.04941222576259199,0.0,0.0,0.0,0.0,0.0,0.0,0.0,0.0,0.0,0.0,0.0,0.0,0.0,0.0,0.03828612804192784,0.0,0.0,0.0,0.0,0.0,0.0,0.0,0.0,0.0,0.0,0.0,0.0,0.0,0.0,0.0,0.0,0.0,0.0,0.0,0.0,0.041511153050583574,0.0,0.0,0.0,0.0,0.0,0.0,0.0,0.0,0.0,0.04925068158812739,0.0,0.0,0.0,0.0,0.0,0.0,0.0,0.0,0.0,0.0,0.0,0.0,0.0,0.05281338163519655,0.0348458825755502,0.0,0.0,0.0,0.0,0.0,0.0,0.0,0.0,0.0,0.0,0.0,0.0,0.0,0.012514020056386181,0.0,0.0,0.0,0.0,0.10616046292110255,0.0,0.0,0.0,0.0,0.04243092303352292,0.0,0.0,0.0,0.0,0.0,0.052414720358569915,0.0,0.0,0.0,0.0,0.0,0.0,0.0,0.0,0.0,0.06931253994198638,0.0,0.0,0.0,0.0,0.040219557342620386,0.0,0.410828323691834
2023-09-11,0.0,0.0,0.05043631280936213,0.0,0.0,0.0,0.0,0.0,0.0,0.0,0.0,0.0,0.0,0.0,0.0,0.0,0.0,0.038452195333502436,0.0,0.0,0.0,0.0,0.0,0.0,0.0,0.0,0.0,0.0,0.0,0.0,0.0,0.0,0.0,0.0,0.0,0.0,0.0,0.0,0.04219219390636458,0.0,0.0,0.0,0.0,0.0,0.0,0.0,0.0,0.0,0.049152101042713246,0.0,0.0,0.0,0.0,0.0,0.0,0.0,0.0,0.0,0.0,0.0,0.0,0.0,0.053381148989156864,0.035136820181334835,0.0,0.0,0.0,0.0,0.0,0.0,0.0,0.0,0.0,0.0,0.0,0.0,0.0,0.013088856184526378,0.0,0.0,0.0,0.0,0.10600844620788287,0.0,0.0,0.0,0.0,0.041983693728438756,0.0,0.0,0.0,0.0,0.0,0.05209831753003216,0.0,0.0,0.0,0.0,0.0,0.0,0.0,0.0,0.0,0.06968007054793558,0.0,0.0,0.0,0.0,0.03984125397457711,0.0,0.40854858956417306
2023-09-12,0.0,0.0,0.05343268430889775,0.0,0.0,0.0,0.0,0.0,0.0,0.0,0.0,0.0,0.0,0.0,0.0,0.0,0.0,0.038835444506181496,0.0,0.0,0.0,0.0,0.0,0.0,0.0,0.0,0.0,0.0,0.0,0.0,0.0,0.0,0.0,0.0,0.0,0.0,0.0,0.0,0.04195624861328858,0.0,0.0,0.0,0.0,0.0,0.0,0.0,0.0,0.0,0.04859112739856742,0.0,0.0,0.0,0.0,0.0,0.0,0.0,0.0,0.0,0.0,0.0,0.0,0.0,0.05558580267971247,0.0352158811340471,0.0,0.0,0.0,0.0,0.0,0.0,0.0,0.0,0.0,0.0,0.0,0.0,0.0,0.012859104195841903,0.0,0.0,0.0,0.0,0.10567720470315535,0.0,0.0,0.0,0.0,0.04167455516312101,0.0,0.0,0.0,0.0,0.0,0.05263523711192333,0.0,0.0,0.0,0.0,0.0,0.0,0.0,0.0,0.0,0.06965323015816005,0.0,0.0,0.0,0.0,0.03979960796934695,0.0,0.4040838720577566
2023-09-13,0.0,0.0,0.05052903538797122,0.0,0.0,0.0,0.0,0.0,0.0,0.0,0.0,0.0,0.0,0.0,0.0,0.0,0.0,0.04041783535473303,0.0,0.0,0.0,0.0,0.0,0.0,0.0,0.0,0.0,0.0,0.0,0.0,0.0,0.0,0.0,0.0,0.0,0.0,0.0,0.0,0.04130342669484651,0.0,0.0,0.0,0.0,0.0,0.0,0.0,0.0,0.0,0.04837724861288851,0.0,0.0,0.0,0.0,0.0,0.0,0.0,0.0,0.0,0.0,0.0,0.0,0.0,0.05496783732241373,0.035291635594749696,0.0,0.0,0.0,0.0,0.0,0.0,0.0,0.0,0.0,0.0,0.0,0.0,0.0,0.01271001081701376,0.0,0.0,0.0,0.0,0.10619603721356903,0.0,0.0,0.0,0.0,0.04089142731160082,0.0,0.0,0.0,0.0,0.0,0.05249484678153496,0.0,0.0,0.0,0.0,0.0,0.0,0.0,0.0,0.0,0.06995870452329536,0.0,0.0,0.0,0.0,0.041353655360836704,0.0,0.40550829902454677
2023-09-14,0.0,0.0,0.05154727669764241,0.0,0.0,0.0,0.0,0.0,0.0,0.0,0.0,0.0,0.0,0.0,0.0,0.0,0.0,0.04106096585496436,0.0,0.0,0.0,0.0,0.0,0.0,0.0,0.0,0.0,0.0,0.0,0.0,0.0,0.0,0.0,0.0,0.0,0.0,0.0,0.0,0.04097077752899259,0.0,0.0,0.0,0.0,0.0,0.0,0.0,0.0,0.0,0.048165822757612387,0.0,0.0,0.0,0.0,0.0,0.0,0.0,0.0,0.0,0.0,0.0,0.0,0.0,0.05549821888568895,0.03518103985712653,0.0,0.0,0.0,0.0,0.0,0.0,0.0,0.0,0.0,0.0,0.0,0.0,0.0,0.01221997310774574,0.0,0.0,0.0,0.0,0.10774261590332031,0.0,0.0,0.0,0.0,0.041844231603175075,0.0,0.0,0.0,0.0,0.0,0.05212387254783538,0.0,0.0,0.0,0.0,0.0,0.0,0.0,0.0,0.0,0.07068879974234646,0.0,0.0,0.0,0.0,0.04011633687146948,0.0,0.4028400686420804
2023-09-15,0.0,0.0,0.051220874124700014,0.0,0.0,0.0,0.0,0.0,0.0,0.0,0.0,0.0,0.0,0.0,0.0,0.0,0.0,0.04015809447604743,0.0,0.0,0.0,0.0,0.0,0.0,0.0,0.0,0.0,0.0,0.0,0.0,0.0,0.0,0.0,0.0,0.0,0.0,0.0,0.0,0.04033244905023956,0.0,0.0,0.0,0.0,0.0,0.0,0.0,0.0,0.0,0.04822298693832103,0.0,0.0,0.0,0.0,0.0,0.0,0.0,0.0,0.0,0.0,0.0,0.0,0.0,0.05509543498280747,0.03571023797153435,0.0,0.0,0.0,0.0,0.0,0.0,0.0,0.0,0.0,0.0,0.0,0.0,0.0,0.01184180291419828,0.0,0.0,0.0,0.0,0.10827234709597129,0.0,0.0,0.0,0.0,0.042318132053549326,0.0,0.0,0.0,0.0,0.0,0.05196155879143804,0.0,0.0,0.0,0.0,0.0,0.0,0.0,0.0,0.0,0.07086325119683379,0.0,0.0,0.0,0.0,0.040213430329468176,0.0,0.4037894000748913
2023-09-18,0.0,0.0,0.0,0.0,0.0,0.0,0.0,0.0,0.0,0.0,0.0,0.0,0.0,0.0,0.0,0.0,0.0,0.0,0.0,0.0,0.0,0.0,0.0,0.0,0.0,0.0,0.0,0.0,0.0,0.0,0.0,0.0,0.0,0.0,0.0,0.0,0.0,0.0,0.05928756831069222,0.0,0.0,0.0,0.0,0.0,0.0,0.0,0.0,0.0,0.059342629436824855,0.0,0.0,0.0,0.0,0.0,0.0,0.0,0.0,0.0,0.0,0.0,0.0,0.0,0.059392348488659825,0.0,0.0,0.0,0.0,0.0,0.0,0.0,0.0,0.0,0.0,0.0,0.0,0.0,0.0,0.0,0.0,0.0,0.0,0.0,0.09115714055988683,0.0,0.0,0.0,0.0,0.0592868386789214,0.0,0.0,0.0,0.0,0.0,0.0,0.0,0.0,0.0,0.0,0.0,0.0,0.0,0.0,0.0,0.043606643304583095,0.0,0.0,0.0,0.0,0.05926000793313464,0.0,0.33406028607052707
2023-09-19,0.0,0.0,0.0,0.0,0.0,0.0,0.0,0.0,0.0,0.0,0.0,0.0,0.0,0.0,0.0,0.0,0.0,0.0,0.0,0.0,0.0,0.0,0.0,0.0,0.0,0.0,0.0,0.0,0.0,0.0,0.0,0.0,0.0,0.0,0.0,0.0,0.0,0.0,0.05800952055774966,0.0,0.0,0.0,0.0,0.0,0.0,0.0,0.0,0.0,0.06066802954915357,0.0,0.0,0.0,0.0,0.0,0.0,0.0,0.0,0.0,0.0,0.0,0.0,0.0,0.0592637297150203,0.0,0.0,0.0,0.0,0.0,0.0,0.0,0.0,0.0,0.0,0.0,0.0,0.0,0.0,0.0,0.0,0.0,0.0,0.0,0.09207552404162946,0.0,0.0,0.0,0.0,0.058969980444492455,0.0,0.0,0.0,0.0,0.0,0.0,0.0,0.0,0.0,0.0,0.0,0.0,0.0,0.0,0.0,0.04344398277830223,0.0,0.0,0.0,0.0,0.05949533705348658,0.0,0.33377946610251985
2023-09-20,0.0,0.0,0.0,0.0,0.0,0.0,0.0,0.0,0.0,0.0,0.0,0.0,0.0,0.0,0.0,0.0,0.0,0.0,0.0,0.0,0.0,0.0,0.0,0.0,0.0,0.0,0.0,0.0,0.0,0.0,0.0,0.0,0.0,0.0,0.0,0.0,0.0,0.0,0.05859381254011709,0.0,0.0,0.0,0.0,0.0,0.0,0.0,0.0,0.0,0.06169515866763278,0.0,0.0,0.0,0.0,0.0,0.0,0.0,0.0,0.0,0.0,0.0,0.0,0.0,0.05909954316326781,0.0,0.0,0.0,0.0,0.0,0.0,0.0,0.0,0.0,0.0,0.0,0.0,0.0,0.0,0.0,0.0,0.0,0.0,0.0,0.09205149922263378,0.0,0.0,0.0,0.0,0.05755343616407207,0.0,0.0,0.0,0.0,0.0,0.0,0.0,0.0,0.0,0.0,0.0,0.0,0.0,0.0,0.0,0.04363665556507005,0.0,0.0,0.0,0.0,0.05916572986647764,0.0,0.5682041648107287
2023-09-21,0.0,0.0,0.0,0.0,0.0,0.0,0.0,0.0,0.0,0.0,0.0,0.0,0.0,0.0,0.0,0.0,0.0,0.0,0.0,0.0,0.0,0.0,0.0,0.0,0.0,0.0,0.0,0.0,0.0,0.0,0.0,0.0,0.0,0.0,0.0,0.0,0.0,0.0,0.056519423806493545,0.0,0.0,0.0,0.0,0.0,0.0,0.0,0.0,0.0,0.06307235755229905,0.0,0.0,0.0,0.0,0.0,0.0,0.0,0.0,0.0,0.0,0.0,0.0,0.0,0.05880574184025605,0.0,0.0,0.0,0.0,0.0,0.0,0.0,0.0,0.0,0.0,0.0,0.0,0.0,0.0,0.0,0.0,0.0,0.0,0.0,0.08873988105056606,0.0,0.0,0.0,0.0,0.05610985680106833,0.0,0.0,0.0,0.0,0.0,0.0,0.0,0.0,0.0,0.0,0.0,0.0,0.0,0.0,0.0,0.043472448742003886,0.0,0.0,0.0,0.0,0.058471234226990576,0.0,0.5748090559803226
2023-09-22,0.0,0.0,0.0,0.0,0.0,0.0,0.0,0.0,0.0,0.0,0.0,0.0,0.0,0.0,0.0,0.0,0.0,0.0,0.0,0.0,0.0,0.0,0.0,0.0,0.0,0.0,0.0,0.0,0.0,0.0,0.0,0.0,0.0,0.0,0.0,0.0,0.0,0.0,0.0551314668688966,0.0,0.0,0.0,0.0,0.0,0.0,0.0,0.0,0.0,0.06381717278696082,0.0,0.0,0.0,0.0,0.0,0.0,0.0,0.0,0.0,0.0,0.0,0.0,0.0,0.05784987186768229,0.0,0.0,0.0,0.0,0.0,0.0,0.0,0.0,0.0,0.0,0.0,0.0,0.0,0.0,0.0,0.0,0.0,0.0,0.0,0.08965694523288564,0.0,0.0,0.0,0.0,0.05485331858981502,0.0,0.0,0.0,0.0,0.0,0.0,0.0,0.0,0.0,0.0,0.0,0.0,0.0,0.0,0.0,0.04362644540828125,0.0,0.0,0.0,0.0,0.05801708891035551,0.0,0.5770476903351229
2023-09-25,0.0,0.0,0.0,0.0,0.0,0.0,0.0,0.0,0.0,0.0,0.0,0.0,0.0,0.0,0.0,0.0,0.0,0.0,0.0,0.0,0.0,0.0,0.0,0.0,0.0,0.0,0.0,0.0,0.0,0.0,0.0,0.0,0.0,0.0,0.0,0.0,0.0,0.0,0.05408718808195615,0.0,0.0,0.0,0.0,0.0,0.0,0.0,0.0,0.0,0.06384562433573417,0.0,0.0,0.0,0.0,0.0,0.0,0.0,0.0,0.0,0.0,0.0,0.0,0.0,0.0577884753867883,0.0,0.0,0.0,0.0,0.0,0.0,0.0,0.0,0.0,0.0,0.0,0.0,0.0,0.0,0.0,0.0,0.0,0.0,0.0,0.0900615011423697,0.0,0.0,0.0,0.0,0.05355552296028827,0.0,0.0,0.0,0.0,0.0,0.0,0.0,0.0,0.0,0.0,0.0,0.0,0.0,0.0,0.0,0.04275845497539615,0.0,0.0,0.0,0.0,0.06069343568182758,0.0,0.5772097974356396
2023-09-26,0.0,0.0,0.0,0.0,0.0,0.0,0.0,0.0,0.0,0.0,0.0,0.0,0.0,0.0,0.0,0.0,0.0,0.0,0.0,0.0,0.0,0.0,0.0,0.0,0.0,0.0,0.0,0.0,0.0,0.0,0.0,0.0,0.0,0.0,0.0,0.0,0.0,0.0,0.05451646960548791,0.0,0.0,0.0,0.0,0.0,0.0,0.0,0.0,0.0,0.06373761240755328,0.0,0.0,0.0,0.0,0.0,0.0,0.0,0.0,0.0,0.0,0.0,0.0,0.0,0.056876112676139394,0.0,0.0,0.0,0.0,0.0,0.0,0.0,0.0,0.0,0.0,0.0,0.0,0.0,0.0,0.0,0.0,0.0,0.0,0.0,0.09027374013087476,0.0,0.0,0.0,0.0,0.0519090632684879,0.0,0.0,0.0,0.0,0.0,0.0,0.0,0.0,0.0,0.0,0.0,0.0,0.0,0.0,0.0,0.04240970042356898,0.0,0.0,0.0,0.0,0.06081700795378554,0.0,0.5794602935341021
2023-09-27,0.0,0.0,0.0,0.0,0.0,0.0,0.0,0.0,0.0,0.0,0.0,0.0,0.0,0.0,0.0,0.0,0.0,0.0,0.0,0.0,0.0,0.0,0.0,0.0,0.0,0.0,0.0,0.0,0.0,0.0,0.0,0.0,0.0,0.0,0.0,0.0,0.0,0.0,0.054582571130892106,0.0,0.0,0.0,0.0,0.0,0.0,0.0,0.0,0.0,0.06396279570570446,0.0,0.0,0.0,0.0,0.0,0.0,0.0,0.0,0.0,0.0,0.0,0.0,0.0,0.05658395088345498,0.0,0.0,0.0,0.0,0.0,0.0,0.0,0.0,0.0,0.0,0.0,0.0,0.0,0.0,0.0,0.0,0.0,0.0,0.0,0.09234987194419104,0.0,0.0,0.0,0.0,0.05397720036493463,0.0,0.0,0.0,0.0,0.0,0.0,0.0,0.0,0.0,0.0,0.0,0.0,0.0,0.0,0.0,0.04194804424355988,0.0,0.0,0.0,0.0,0.06035044452193541,0.0,0.5762451212053274
2023-09-28,0.0,0.0,0.0,0.0,0.0,0.0,0.0,0.0,0.0,0.0,0.0,0.0,0.0,0.0,0.0,0.0,0.0,0.0,0.0,0.0,0.0,0.0,0.0,0.0,0.0,0.0,0.0,0.0,0.0,0.0,0.0,0.0,0.0,0.0,0.0,0.0,0.0,0.0,0.057073499209378736,0.0,0.0,0.0,0.0,0.0,0.0,0.0,0.0,0.0,0.06484083508722961,0.0,0.0,0.0,0.0,0.0,0.0,0.0,0.0,0.0,0.0,0.0,0.0,0.0,0.057836176783286807,0.0,0.0,0.0,0.0,0.0,0.0,0.0,0.0,0.0,0.0,0.0,0.0,0.0,0.0,0.0,0.0,0.0,0.0,0.0,0.08985265779762909,0.0,0.0,0.0,0.0,0.05404195429416815,0.0,0.0,0.0,0.0,0.0,0.0,0.0,0.0,0.0,0.0,0.0,0.0,0.0,0.0,0.0,0.04218759358834397,0.0,0.0,0.0,0.0,0.060652768495730855,0.0,0.5735145147442328
2023-09-29,0.0,0.0,0.0,0.0,0.0,0.0,0.0,0.0,0.0,0.0,0.0,0.0,0.0,0.0,0.0,0.0,0.0,0.0,0.0,0.0,0.0,0.0,0.0,0.0,0.0,0.0,0.0,0.0,0.0,0.0,0.0,0.0,0.0,0.0,0.0,0.0,0.0,0.0,0.05766506332354342,0.0,0.0,0.0,0.0,0.0,0.0,0.0,0.0,0.0,0.06538938995307145,0.0,0.0,0.0,0.0,0.0,0.0,0.0,0.0,0.0,0.0,0.0,0.0,0.0,0.057593763626820754,0.0,0.0,0.0,0.0,0.0,0.0,0.0,0.0,0.0,0.0,0.0,0.0,0.0,0.0,0.0,0.0,0.0,0.0,0.0,0.08917419451681773,0.0,0.0,0.0,0.0,0.05553267770319909,0.0,0.0,0.0,0.0,0.0,0.0,0.0,0.0,0.0,0.0,0.0,0.0,0.0,0.0,0.0,0.04251931380835623,0.0,0.0,0.0,0.0,0.06025138521021912,0.0,0.5718742118579723
2023-10-02,0.0,0.0,0.0,0.0,0.0,0.0,0.0,0.0,0.0,0.0,0.0,0.0,0.0,0.0,0.0,0.0,0.0,0.0,0.0,0.0,0.0,0.0,0.0,0.0,0.0,0.0,0.0,0.0,0.0,0.0,0.0,0.0,0.0,0.0,0.0,0.0,0.0,0.0,0.05728910857317564,0.0,0.0,0.0,0.0,0.0,0.0,0.0,0.0,0.0,0.06520737025586615,0.0,0.0,0.0,0.0,0.0,0.0,0.0,0.0,0.0,0.0,0.0,0.0,0.0,0.056852500232601216,0.0,0.0,0.0,0.0,0.0,0.0,0.0,0.0,0.0,0.0,0.0,0.0,0.0,0.0,0.0,0.0,0.0,0.0,0.0,0.08667911595714893,0.0,0.0,0.0,0.0,0.0553946014913112,0.0,0.0,0.0,0.0,0.0,0.0,0.0,0.0,0.0,0.0,0.0,0.0,0.0,0.0,0.0,0.04187133924836584,0.0,0.0,0.0,0.0,0.06048037429496209,0.0,0.5762255899465688
2023-10-03,0.0,0.0,0.0,0.0,0.0,0.0,0.0,0.0,0.0,0.0,0.0,0.0,0.0,0.0,0.0,0.0,0.0,0.0,0.0,0.0,0.0,0.0,0.0,0.0,0.0,0.0,0.0,0.0,0.0,0.0,0.0,0.0,0.0,0.0,0.0,0.0,0.0,0.0,0.055442307466039516,0.0,0.0,0.0,0.0,0.0,0.0,0.0,0.0,0.0,0.06471429802567376,0.0,0.0,0.0,0.0,0.0,0.0,0.0,0.0,0.0,0.0,0.0,0.0,0.0,0.055868770321599426,0.0,0.0,0.0,0.0,0.0,0.0,0.0,0.0,0.0,0.0,0.0,0.0,0.0,0.0,0.0,0.0,0.0,0.0,0.0,0.08704860484040233,0.0,0.0,0.0,0.0,0.053595482843665214,0.0,0.0,0.0,0.0,0.0,0.0,0.0,0.0,0.0,0.0,0.0,0.0,0.0,0.0,0.0,0.04203455742095449,0.0,0.0,0.0,0.0,0.05939250848778547,0.0,0.5819034705938798
2023-10-04,0.0,0.0,0.0,0.0,0.0,0.0,0.0,0.0,0.0,0.0,0.0,0.0,0.0,0.0,0.0,0.0,0.0,0.0,0.0,0.0,0.0,0.0,0.0,0.0,0.0,0.0,0.0,0.0,0.0,0.0,0.0,0.0,0.0,0.0,0.0,0.0,0.0,0.0,0.05632112506092458,0.0,0.0,0.0,0.0,0.0,0.0,0.0,0.0,0.0,0.06436554913899466,0.0,0.0,0.0,0.0,0.0,0.0,0.0,0.0,0.0,0.0,0.0,0.0,0.0,0.05506860459748735,0.0,0.0,0.0,0.0,0.0,0.0,0.0,0.0,0.0,0.0,0.0,0.0,0.0,0.0,0.0,0.0,0.0,0.0,0.0,0.08500495375571439,0.0,0.0,0.0,0.0,0.052361443231481744,0.0,0.0,0.0,0.0,0.0,0.0,0.0,0.0,0.0,0.0,0.0,0.0,0.0,0.0,0.0,0.0422619891098123,0.0,0.0,0.0,0.0,0.05965901234721036,0.0,0.5849573227583746
2023-10-05,0.0,0.0,0.0,0.0,0.0,0.0,0.0,0.0,0.0,0.0,0.0,0.0,0.0,0.0,0.0,0.0,0.0,0.0,0.0,0.0,0.0,0.0,0.0,0.0,0.0,0.0,0.0,0.0,0.0,0.0,0.0,0.0,0.0,0.0,0.0,0.0,0.0,0.0,0.05384750243603494,0.0,0.0,0.0,0.0,0.0,0.0,0.0,0.0,0.0,0.06401645268508196,0.0,0.0,0.0,0.0,0.0,0.0,0.0,0.0,0.0,0.0,0.0,0.0,0.0,0.05569262173828209,0.0,0.0,0.0,0.0,0.0,0.0,0.0,0.0,0.0,0.0,0.0,0.0,0.0,0.0,0.0,0.0,0.0,0.0,0.0,0.08504692555953881,0.0,0.0,0.0,0.0,0.05166234359322925,0.0,0.0,0.0,0.0,0.0,0.0,0.0,0.0,0.0,0.0,0.0,0.0,0.0,0.0,0.0,0.04202502892491392,0.0,0.0,0.0,0.0,0.05964103032729781,0.0,0.5880680947356212
2023-10-06,0.0,0.0,0.0,0.0,0.0,0.0,0.0,0.0,0.0,0.0,0.0,0.0,0.0,0.0,0.0,0.0,0.0,0.0,0.0,0.0,0.0,0.0,0.0,0.0,0.0,0.0,0.0,0.0,0.0,0.0,0.0,0.0,0.0,0.0,0.0,0.0,0.0,0.0,0.05422069347182634,0.0,0.0,0.0,0.0,0.0,0.0,0.0,0.0,0.0,0.0625856084354525,0.0,0.0,0.0,0.0,0.0,0.0,0.0,0.0,0.0,0.0,0.0,0.0,0.0,0.05542828895752721,0.0,0.0,0.0,0.0,0.0,0.0,0.0,0.0,0.0,0.0,0.0,0.0,0.0,0.0,0.0,0.0,0.0,0.0,0.0,0.0865679375915488,0.0,0.0,0.0,0.0,0.05247643549144188,0.0,0.0,0.0,0.0,0.0,0.0,0.0,0.0,0.0,0.0,0.0,0.0,0.0,0.0,0.0,0.04174276034750929,0.0,0.0,0.0,0.0,0.059269831904947334,0.0,0.5877084437997466
2023-10-09,0.0,0.0,0.0,0.0,0.0,0.0,0.0,0.0,0.0,0.0,0.0,0.0,0.0,0.0,0.0,0.0,0.0,0.0,0.0,0.0,0.0,0.0,0.0,0.0,0.0,0.0,0.0,0.0,0.0,0.0,0.0,0.0,0.0,0.0,0.0,0.0,0.0,0.0,0.0547438342265372,0.0,0.0,0.0,0.0,0.0,0.0,0.0,0.0,0.0,0.06164739533736965,0.0,0.0,0.0,0.0,0.0,0.0,0.0,0.0,0.0,0.0,0.0,0.0,0.0,0.055401019150395456,0.0,0.0,0.0,0.0,0.0,0.0,0.0,0.0,0.0,0.0,0.0,0.0,0.0,0.0,0.0,0.0,0.0,0.0,0.0,0.09275576575930414,0.0,0.0,0.0,0.0,0.05618917632309736,0.0,0.0,0.0,0.0,0.0,0.0,0.0,0.0,0.0,0.0,0.0,0.0,0.0,0.0,0.0,0.04162572676316078,0.0,0.0,0.0,0.0,0.05846520580013315,0.0,0.5791718766400022
2023-10-10,0.0,0.0,0.0,0.0,0.0,0.0,0.0,0.0,0.0,0.0,0.0,0.0,0.0,0.0,0.0,0.0,0.0,0.0,0.0,0.0,0.0,0.0,0.0,0.0,0.0,0.0,0.0,0.0,0.0,0.0,0.0,0.0,0.0,0.0,0.0,0.0,0.0,0.0,0.0559977819509767,0.0,0.0,0.0,0.0,0.0,0.0,0.0,0.0,0.0,0.0628805158050893,0.0,0.0,0.0,0.0,0.0,0.0,0.0,0.0,0.0,0.0,0.0,0.0,0.0,0.055969900295111036,0.0,0.0,0.0,0.0,0.0,0.0,0.0,0.0,0.0,0.0,0.0,0.0,0.0,0.0,0.0,0.0,0.0,0.0,0.0,0.09174109274580927,0.0,0.0,0.0,0.0,0.05716143800925245,0.0,0.0,0.0,0.0,0.0,0.0,0.0,0.0,0.0,0.0,0.0,0.0,0.0,0.0,0.0,0.041951543484360476,0.0,0.0,0.0,0.0,0.0588151057974854,0.0,0.5754826219119152
2023-10-11,0.0,0.0,0.0,0.0,0.0,0.0,0.0,0.0,0.0,0.0,0.0,0.0,0.0,0.0,0.0,0.0,0.0,0.0,0.0,0.0,0.0,0.0,0.0,0.0,0.0,0.0,0.0,0.0,0.0,0.0,0.0,0.0,0.0,0.0,0.0,0.0,0.0,0.0,0.054508769255985315,0.0,0.0,0.0,0.0,0.0,0.0,0.0,0.0,0.0,0.06283377543055352,0.0,0.0,0.0,0.0,0.0,0.0,0.0,0.0,0.0,0.0,0.0,0.0,0.0,0.05554404174483148,0.0,0.0,0.0,0.0,0.0,0.0,0.0,0.0,0.0,0.0,0.0,0.0,0.0,0.0,0.0,0.0,0.0,0.0,0.0,0.09078755046904219,0.0,0.0,0.0,0.0,0.057953451822316926,0.0,0.0,0.0,0.0,0.0,0.0,0.0,0.0,0.0,0.0,0.0,0.0,0.0,0.0,0.0,0.042040185611237284,0.0,0.0,0.0,0.0,0.05878131587407841,0.0,0.577550909791955
2023-10-13,0.0,0.0,0.0,0.0,0.0,0.0,0.0,0.0,0.0,0.0,0.0,0.0,0.0,0.0,0.0,0.0,0.0,0.0,0.0,0.0,0.0,0.0,0.0,0.0,0.0,0.0,0.0,0.0,0.0,0.0,0.0,0.0,0.0,0.0,0.0,0.0,0.0,0.0,0.05288324864695657,0.0,0.0,0.0,0.0,0.0,0.0,0.0,0.0,0.0,0.061247646978441074,0.0,0.0,0.0,0.0,0.0,0.0,0.0,0.0,0.0,0.0,0.0,0.0,0.0,0.05449479244768101,0.0,0.0,0.0,0.0,0.0,0.0,0.0,0.0,0.0,0.0,0.0,0.0,0.0,0.0,0.0,0.0,0.0,0.0,0.0,0.09554333452175276,0.0,0.0,0.0,0.0,0.05803503678353162,0.0,0.0,0.0,0.0,0.0,0.0,0.0,0.0,0.0,0.0,0.0,0.0,0.0,0.0,0.0,0.041055618071547846,0.0,0.0,0.0,0.0,0.05783627353459578,0.0,0.5789040490154932
2023-10-16,0.0,0.0,0.0,0.0,0.0,0.0,0.0,0.0,0.0,0.0,0.0,0.0,0.0,0.0,0.0,0.0,0.0,0.0,0.0,0.0,0.0,0.0,0.0,0.0,0.0,0.0,0.0,0.0,0.0,0.0,0.0,0.0,0.0,0.0,0.0,0.0,0.0,0.0,0.05412213636011209,0.0,0.0,0.0,0.0,0.0,0.0,0.0,0.0,0.0,0.06138994644429815,0.0,0.0,0.0,0.0,0.0,0.0,0.0,0.0,0.0,0.0,0.0,0.0,0.0,0.053819175297508334,0.0,0.0,0.0,0.0,0.0,0.0,0.0,0.0,0.0,0.0,0.0,0.0,0.0,0.0,0.0,0.0,0.0,0.0,0.0,0.09494212960541557,0.0,0.0,0.0,0.0,0.059181644045034704,0.0,0.0,0.0,0.0,0.0,0.0,0.0,0.0,0.0,0.0,0.0,0.0,0.0,0.0,0.0,0.040813356314995414,0.0,0.0,0.0,0.0,0.05788693878714606,0.0,0.5778446731454896
2023-10-17,0.0,0.0,0.0,0.0,0.0,0.0,0.0,0.0,0.0,0.0,0.0,0.0,0.0,0.0,0.0,0.0,0.0,0.0,0.0,0.0,0.0,0.0,0.0,0.0,0.0,0.0,0.0,0.0,0.0,0.0,0.0,0.0,0.0,0.0,0.0,0.0,0.0,0.0,0.053061012043027836,0.0,0.0,0.0,0.0,0.0,0.0,0.0,0.0,0.0,0.06151599427785961,0.0,0.0,0.0,0.0,0.0,0.0,0.0,0.0,0.0,0.0,0.0,0.0,0.0,0.053197888273370054,0.0,0.0,0.0,0.0,0.0,0.0,0.0,0.0,0.0,0.0,0.0,0.0,0.0,0.0,0.0,0.0,0.0,0.0,0.0,0.09602783469332393,0.0,0.0,0.0,0.0,0.05796315550491472,0.0,0.0,0.0,0.0,0.0,0.0,0.0,0.0,0.0,0.0,0.0,0.0,0.0,0.0,0.0,0.04070229336732006,0.0,0.0,0.0,0.0,0.057462135826807426,0.0,0.5800696860133764
2023-10-18,0.0,0.0,0.0,0.0,0.0,0.0,0.0,0.0,0.0,0.0,0.0,0.0,0.0,0.0,0.0,0.0,0.0,0.0,0.0,0.0,0.0,0.0,0.0,0.0,0.0,0.0,0.0,0.0,0.0,0.0,0.0,0.0,0.0,0.0,0.0,0.0,0.0,0.0,0.050952642683907465,0.0,0.0,0.0,0.0,0.0,0.0,0.0,0.0,0.0,0.060395999117127695,0.0,0.0,0.0,0.0,0.0,0.0,0.0,0.0,0.0,0.0,0.0,0.0,0.0,0.05269306806382568,0.0,0.0,0.0,0.0,0.0,0.0,0.0,0.0,0.0,0.0,0.0,0.0,0.0,0.0,0.0,0.0,0.0,0.0,0.0,0.09657431994043258,0.0,0.0,0.0,0.0,0.05864287989068412,0.0,0.0,0.0,0.0,0.0,0.0,0.0,0.0,0.0,0.0,0.0,0.0,0.0,0.0,0.0,0.03928846802519338,0.0,0.0,0.0,0.0,0.05780600313144858,0.0,0.5836466191473804
2023-10-19,0.0,0.0,0.0,0.0,0.0,0.0,0.0,0.0,0.0,0.0,0.0,0.0,0.0,0.0,0.0,0.0,0.0,0.0,0.0,0.0,0.0,0.0,0.0,0.0,0.0,0.0,0.0,0.0,0.0,0.0,0.0,0.0,0.0,0.0,0.0,0.0,0.0,0.0,0.05120008128726068,0.0,0.0,0.0,0.0,0.0,0.0,0.0,0.0,0.0,0.05981263203571951,0.0,0.0,0.0,0.0,0.0,0.0,0.0,0.0,0.0,0.0,0.0,0.0,0.0,0.052689771223465194,0.0,0.0,0.0,0.0,0.0,0.0,0.0,0.0,0.0,0.0,0.0,0.0,0.0,0.0,0.0,0.0,0.0,0.0,0.0,0.09642597415564673,0.0,0.0,0.0,0.0,0.05877872196897388,0.0,0.0,0.0,0.0,0.0,0.0,0.0,0.0,0.0,0.0,0.0,0.0,0.0,0.0,0.0,0.03876389555383501,0.0,0.0,0.0,0.0,0.05732221584080509,0.0,0.585006707934294
2023-10-20,0.0,0.0,0.0,0.0,0.0,0.0,0.0,0.0,0.0,0.0,0.0,0.0,0.0,0.0,0.0,0.0,0.0,0.0,0.0,0.0,0.0,0.0,0.0,0.0,0.0,0.0,0.0,0.0,0.0,0.0,0.0,0.0,0.0,0.0,0.0,0.0,0.0,0.0,0.05115353167156191,0.0,0.0,0.0,0.0,0.0,0.0,0.0,0.0,0.0,0.059655470529688136,0.0,0.0,0.0,0.0,0.0,0.0,0.0,0.0,0.0,0.0,0.0,0.0,0.0,0.0529704523246482,0.0,0.0,0.0,0.0,0.0,0.0,0.0,0.0,0.0,0.0,0.0,0.0,0.0,0.0,0.0,0.0,0.0,0.0,0.0,0.09593194574512068,0.0,0.0,0.0,0.0,0.05840681121824425,0.0,0.0,0.0,0.0,0.0,0.0,0.0,0.0,0.0,0.0,0.0,0.0,0.0,0.0,0.0,0.03854353663466331,0.0,0.0,0.0,0.0,0.057187310909391456,0.0,0.5861509409666821
2023-10-23,0.0,0.0,0.0,0.0,0.0,0.0,0.0,0.0,0.0,0.0,0.0,0.0,0.0,0.0,0.0,0.0,0.0,0.0,0.0,0.0,0.0,0.0,0.0,0.0,0.0,0.0,0.0,0.0,0.0,0.0,0.0,0.0,0.0,0.0,0.0,0.0,0.0,0.0,0.052105155056276053,0.0,0.0,0.0,0.0,0.0,0.0,0.0,0.0,0.0,0.06049426351952588,0.0,0.0,0.0,0.0,0.0,0.0,0.0,0.0,0.0,0.0,0.0,0.0,0.0,0.05358767800891773,0.0,0.0,0.0,0.0,0.0,0.0,0.0,0.0,0.0,0.0,0.0,0.0,0.0,0.0,0.0,0.0,0.0,0.0,0.0,0.09411083460565219,0.0,0.0,0.0,0.0,0.05825307390228319,0.0,0.0,0.0,0.0,0.0,0.0,0.0,0.0,0.0,0.0,0.0,0.0,0.0,0.0,0.0,0.03878168339310476,0.0,0.0,0.0,0.0,0.05724153241891822,0.0,0.5854257790953219
2023-10-24,0.0,0.0,0.0,0.0,0.0,0.0,0.0,0.0,0.0,0.0,0.0,0.0,0.0,0.0,0.0,0.0,0.0,0.0,0.0,0.0,0.0,0.0,0.0,0.0,0.0,0.0,0.0,0.0,0.0,0.0,0.0,0.0,0.0,0.0,0.0,0.0,0.0,0.0,0.05249457379529998,0.0,0.0,0.0,0.0,0.0,0.0,0.0,0.0,0.0,0.06043200967903065,0.0,0.0,0.0,0.0,0.0,0.0,0.0,0.0,0.0,0.0,0.0,0.0,0.0,0.054180167564456476,0.0,0.0,0.0,0.0,0.0,0.0,0.0,0.0,0.0,0.0,0.0,0.0,0.0,0.0,0.0,0.0,0.0,0.0,0.0,0.09384289213058612,0.0,0.0,0.0,0.0,0.05737660124022401,0.0,0.0,0.0,0.0,0.0,0.0,0.0,0.0,0.0,0.0,0.0,0.0,0.0,0.0,0.0,0.03882287418925673,0.0,0.0,0.0,0.0,0.05893541563463566,0.0,0.5839154657665104
2023-10-25,0.0,0.0,0.03355332448036506,0.0,0.0,0.0,0.0,0.0,0.0,0.0,0.0,0.0,0.0,0.0,0.0,0.0,0.0,0.0,0.0,0.0,0.0,0.0,0.0,0.0,0.0,0.0,0.0,0.0,0.0,0.0,0.0,0.0,0.0,0.0,0.0,0.0,0.0,0.0,0.0,0.0,0.0,0.0,0.0,0.0,0.0,0.0,0.0,0.0,0.0,0.0,0.0,0.0,0.0,0.0,0.0,0.0,0.0,0.0,0.0,0.0,0.0,0.0,0.0,0.0,0.0,0.0,0.0,0.0,0.0,0.0,0.0,0.0,0.0,0.0,0.0,0.0,0.0,0.036851471588789354,0.0,0.0,0.0,0.0,0.0727829126545336,0.0,0.0,0.0,0.0,0.0,0.0,0.0,0.0,0.0,0.0,0.04010450158603072,0.0,0.0,0.0,0.0,0.0,0.0,0.0,0.0,0.0,0.05355848797546596,0.0,0.0,0.0,0.0,0.0,0.0,0.46269713224919484
2023-10-26,0.0,0.0,0.03344336137430417,0.0,0.0,0.0,0.0,0.0,0.0,0.0,0.0,0.0,0.0,0.0,0.0,0.0,0.0,0.0,0.0,0.0,0.0,0.0,0.0,0.0,0.0,0.0,0.0,0.0,0.0,0.0,0.0,0.0,0.0,0.0,0.0,0.0,0.0,0.0,0.0,0.0,0.0,0.0,0.0,0.0,0.0,0.0,0.0,0.0,0.0,0.0,0.0,0.0,0.0,0.0,0.0,0.0,0.0,0.0,0.0,0.0,0.0,0.0,0.0,0.0,0.0,0.0,0.0,0.0,0.0,0.0,0.0,0.0,0.0,0.0,0.0,0.0,0.0,0.0388096706241963,0.0,0.0,0.0,0.0,0.07212190967090538,0.0,0.0,0.0,0.0,0.0,0.0,0.0,0.0,0.0,0.0,0.040439581612263124,0.0,0.0,0.0,0.0,0.0,0.0,0.0,0.0,0.0,0.05307691093719694,0.0,0.0,0.0,0.0,0.0,0.0,0.46215211768230274
2023-10-27,0.0,0.0,0.03289958738364802,0.0,0.0,0.0,0.0,0.0,0.0,0.0,0.0,0.0,0.0,0.0,0.0,0.0,0.0,0.0,0.0,0.0,0.0,0.0,0.0,0.0,0.0,0.0,0.0,0.0,0.0,0.0,0.0,0.0,0.0,0.0,0.0,0.0,0.0,0.0,0.0,0.0,0.0,0.0,0.0,0.0,0.0,0.0,0.0,0.0,0.0,0.0,0.0,0.0,0.0,0.0,0.0,0.0,0.0,0.0,0.0,0.0,0.0,0.0,0.0,0.0,0.0,0.0,0.0,0.0,0.0,0.0,0.0,0.0,0.0,0.0,0.0,0.0,0.0,0.037912863104508095,0.0,0.0,0.0,0.0,0.0719903159931409,0.0,0.0,0.0,0.0,0.0,0.0,0.0,0.0,0.0,0.0,0.039733499917158896,0.0,0.0,0.0,0.0,0.0,0.0,0.0,0.0,0.0,0.05272168911400104,0.0,0.0,0.0,0.0,0.0,0.0,0.7647420444875429
2023-10-30,0.0,0.0,0.03287010313332456,0.0,0.0,0.0,0.0,0.0,0.0,0.0,0.0,0.0,0.0,0.0,0.0,0.0,0.0,0.0,0.0,0.0,0.0,0.0,0.0,0.0,0.0,0.0,0.0,0.0,0.0,0.0,0.0,0.0,0.0,0.0,0.0,0.0,0.0,0.0,0.0,0.0,0.0,0.0,0.0,0.0,0.0,0.0,0.0,0.0,0.0,0.0,0.0,0.0,0.0,0.0,0.0,0.0,0.0,0.0,0.0,0.0,0.0,0.0,0.0,0.0,0.0,0.0,0.0,0.0,0.0,0.0,0.0,0.0,0.0,0.0,0.0,0.0,0.0,0.03769856774003598,0.0,0.0,0.0,0.0,0.07009449965508946,0.0,0.0,0.0,0.0,0.0,0.0,0.0,0.0,0.0,0.0,0.038576091919467384,0.0,0.0,0.0,0.0,0.0,0.0,0.0,0.0,0.0,0.05314839765828543,0.0,0.0,0.0,0.0,0.0,0.0,0.7676123398937972
2023-10-31,0.0,0.0,0.03370804781239114,0.0,0.0,0.0,0.0,0.0,0.0,0.0,0.0,0.0,0.0,0.0,0.0,0.0,0.0,0.0,0.0,0.0,0.0,0.0,0.0,0.0,0.0,0.0,0.0,0.0,0.0,0.0,0.0,0.0,0.0,0.0,0.0,0.0,0.0,0.0,0.0,0.0,0.0,0.0,0.0,0.0,0.0,0.0,0.0,0.0,0.0,0.0,0.0,0.0,0.0,0.0,0.0,0.0,0.0,0.0,0.0,0.0,0.0,0.0,0.0,0.0,0.0,0.0,0.0,0.0,0.0,0.0,0.0,0.0,0.0,0.0,0.0,0.0,0.0,0.04052868506277821,0.0,0.0,0.0,0.0,0.07153761641205499,0.0,0.0,0.0,0.0,0.0,0.0,0.0,0.0,0.0,0.0,0.039790541509836,0.0,0.0,0.0,0.0,0.0,0.0,0.0,0.0,0.0,0.0526669936380653,0.0,0.0,0.0,0.0,0.0,0.0,0.7617681155648744
2023-11-01,0.0,0.0,0.03339329594199189,0.0,0.0,0.0,0.0,0.0,0.0,0.0,0.0,0.0,0.0,0.0,0.0,0.0,0.0,0.0,0.0,0.0,0.0,0.0,0.0,0.0,0.0,0.0,0.0,0.0,0.0,0.0,0.0,0.0,0.0,0.0,0.0,0.0,0.0,0.0,0.0,0.0,0.0,0.0,0.0,0.0,0.0,0.0,0.0,0.0,0.0,0.0,0.0,0.0,0.0,0.0,0.0,0.0,0.0,0.0,0.0,0.0,0.0,0.0,0.0,0.0,0.0,0.0,0.0,0.0,0.0,0.0,0.0,0.0,0.0,0.0,0.0,0.0,0.0,0.03977415296472167,0.0,0.0,0.0,0.0,0.07194277898636434,0.0,0.0,0.0,0.0,0.0,0.0,0.0,0.0,0.0,0.0,0.041166150604871894,0.0,0.0,0.0,0.0,0.0,0.0,0.0,0.0,0.0,0.05317836062282465,0.0,0.0,0.0,0.0,0.0,0.0,0.7605452608792255
2023-11-03,0.0,0.0,0.03401527968936003,0.0,0.0,0.0,0.0,0.0,0.0,0.0,0.0,0.0,0.0,0.0,0.0,0.0,0.0,0.0,0.0,0.0,0.0,0.0,0.0,0.0,0.0,0.0,0.0,0.0,0.0,0.0,0.0,0.0,0.0,0.0,0.0,0.0,0.0,0.0,0.0,0.0,0.0,0.0,0.0,0.0,0.0,0.0,0.0,0.0,0.0,0.0,0.0,0.0,0.0,0.0,0.0,0.0,0.0,0.0,0.0,0.0,0.0,0.0,0.0,0.0,0.0,0.0,0.0,0.0,0.0,0.0,0.0,0.0,0.0,0.0,0.0,0.0,0.0,0.04329153306640345,0.0,0.0,0.0,0.0,0.07167166976840757,0.0,0.0,0.0,0.0,0.0,0.0,0.0,0.0,0.0,0.0,0.041479951002569154,0.0,0.0,0.0,0.0,0.0,0.0,0.0,0.0,0.0,0.05356196125325027,0.0,0.0,0.0,0.0,0.0,0.0,0.7559796052200095
2023-11-06,0.0,0.0,0.03425625567048318,0.0,0.0,0.0,0.0,0.0,0.0,0.0,0.0,0.0,0.0,0.0,0.0,0.0,0.0,0.0,0.0,0.0,0.0,0.0,0.0,0.0,0.0,0.0,0.0,0.0,0.0,0.0,0.0,0.0,0.0,0.0,0.0,0.0,0.0,0.0,0.0,0.0,0.0,0.0,0.0,0.0,0.0,0.0,0.0,0.0,0.0,0.0,0.0,0.0,0.0,0.0,0.0,0.0,0.0,0.0,0.0,0.0,0.0,0.0,0.0,0.0,0.0,0.0,0.0,0.0,0.0,0.0,0.0,0.0,0.0,0.0,0.0,0.0,0.0,0.042356609996512216,0.0,0.0,0.0,0.0,0.07149736719128343,0.0,0.0,0.0,0.0,0.0,0.0,0.0,0.0,0.0,0.0,0.041467593231560476,0.0,0.0,0.0,0.0,0.0,0.0,0.0,0.0,0.0,0.05295193886215709,0.0,0.0,0.0,0.0,0.0,0.0,0.7574702350480037
2023-11-07,0.0,0.0,0.03454863050689126,0.0,0.0,0.0,0.0,0.0,0.0,0.0,0.0,0.0,0.0,0.0,0.0,0.0,0.0,0.0,0.0,0.0,0.0,0.0,0.0,0.0,0.0,0.0,0.0,0.0,0.0,0.0,0.0,0.0,0.0,0.0,0.0,0.0,0.0,0.0,0.0,0.0,0.0,0.0,0.0,0.0,0.0,0.0,0.0,0.0,0.0,0.0,0.0,0.0,0.0,0.0,0.0,0.0,0.0,0.0,0.0,0.0,0.0,0.0,0.0,0.0,0.0,0.0,0.0,0.0,0.0,0.0,0.0,0.0,0.0,0.0,0.0,0.0,0.0,0.04301707748949531,0.0,0.0,0.0,0.0,0.06971455853106955,0.0,0.0,0.0,0.0,0.0,0.0,0.0,0.0,0.0,0.0,0.04084870131031103,0.0,0.0,0.0,0.0,0.0,0.0,0.0,0.0,0.0,0.05417168699178536,0.0,0.0,0.0,0.0,0.0,0.0,0.7576993451704476
2023-11-08,0.0,0.0,0.03239992202668527,0.0,0.0,0.0,0.0,0.0,0.0,0.0,0.0,0.0,0.0,0.0,0.0,0.0,0.0,0.0,0.0,0.0,0.0,0.0,0.0,0.0,0.0,0.0,0.0,0.0,0.0,0.0,0.0,0.0,0.0,0.0,0.0,0.0,0.0,0.0,0.0,0.0,0.0,0.0,0.0,0.0,0.0,0.0,0.0,0.0,0.0,0.0,0.0,0.0,0.0,0.0,0.0,0.0,0.0,0.0,0.0,0.0,0.0,0.0,0.0,0.0,0.0,0.0,0.0,0.0,0.0,0.0,0.0,0.0,0.0,0.0,0.0,0.0,0.0,0.042977022935497954,0.0,0.0,0.0,0.0,0.06800771377499927,0.0,0.0,0.0,0.0,0.0,0.0,0.0,0.0,0.0,0.0,0.04148674966558965,0.0,0.0,0.0,0.0,0.0,0.0,0.0,0.0,0.0,0.053856011938343995,0.0,0.0,0.0,0.0,0.0,0.0,0.7612725796588838
2023-11-09,0.0,0.0,0.033055061843745306,0.0,0.0,0.0,0.0,0.0,0.0,0.0,0.0,0.0,0.0,0.0,0.0,0.0,0.0,0.0,0.0,0.0,0.0,0.0,0.0,0.0,0.0,0.0,0.0,0.0,0.0,0.0,0.0,0.0,0.0,0.0,0.0,0.0,0.0,0.0,0.0,0.0,0.0,0.0,0.0,0.0,0.0,0.0,0.0,0.0,0.0,0.0,0.0,0.0,0.0,0.0,0.0,0.0,0.0,0.0,0.0,0.0,0.0,0.0,0.0,0.0,0.0,0.0,0.0,0.0,0.0,0.0,0.0,0.0,0.0,0.0,0.0,0.0,0.0,0.04161522468042746,0.0,0.0,0.0,0.0,0.06703017218449381,0.0,0.0,0.0,0.0,0.0,0.0,0.0,0.0,0.0,0.0,0.04100279683451389,0.0,0.0,0.0,0.0,0.0,0.0,0.0,0.0,0.0,0.054038518147761665,0.0,0.0,0.0,0.0,0.0,0.0,0.7632582263090579
2023-11-10,0.0,0.0,0.03271961188630356,0.0,0.0,0.0,0.0,0.0,0.0,0.0,0.0,0.0,0.0,0.0,0.0,0.0,0.0,0.0,0.0,0.0,0.0,0.0,0.0,0.0,0.0,0.0,0.0,0.0,0.0,0.0,0.0,0.0,0.0,0.0,0.0,0.0,0.0,0.0,0.0,0.0,0.0,0.0,0.0,0.0,0.0,0.0,0.0,0.0,0.0,0.0,0.0,0.0,0.0,0.0,0.0,0.0,0.0,0.0,0.0,0.0,0.0,0.0,0.0,0.0,0.0,0.0,0.0,0.0,0.0,0.0,0.0,0.0,0.0,0.0,0.0,0.0,0.0,0.041929413954339766,0.0,0.0,0.0,0.0,0.06941698598277578,0.0,0.0,0.0,0.0,0.0,0.0,0.0,0.0,0.0,0.0,0.040430824542775495,0.0,0.0,0.0,0.0,0.0,0.0,0.0,0.0,0.0,0.054317224527584536,0.0,0.0,0.0,0.0,0.0,0.0,0.7611859391062209
2023-11-13,0.0,0.0,0.03240015338899008,0.0,0.0,0.0,0.0,0.0,0.0,0.0,0.0,0.0,0.0,0.0,0.0,0.0,0.0,0.0,0.0,0.0,0.0,0.0,0.0,0.0,0.0,0.0,0.0,0.0,0.0,0.0,0.0,0.0,0.0,0.0,0.0,0.0,0.0,0.0,0.0,0.0,0.0,0.0,0.0,0.0,0.0,0.0,0.0,0.0,0.0,0.0,0.0,0.0,0.0,0.0,0.0,0.0,0.0,0.0,0.0,0.0,0.0,0.0,0.0,0.0,0.0,0.0,0.0,0.0,0.0,0.0,0.0,0.0,0.0,0.0,0.0,0.0,0.0,0.041808449621318224,0.0,0.0,0.0,0.0,0.06914741019731979,0.0,0.0,0.0,0.0,0.0,0.0,0.0,0.0,0.0,0.0,0.04055104114815856,0.0,0.0,0.0,0.0,0.0,0.0,0.0,0.0,0.0,0.05473265963835041,0.0,0.0,0.0,0.0,0.0,0.0,0.7613602860058628
2023-11-14,0.0,0.0,0.03308731262136667,0.0,0.0,0.0,0.0,0.0,0.0,0.0,0.0,0.0,0.0,0.0,0.0,0.0,0.0,0.0,0.0,0.0,0.0,0.0,0.0,0.0,0.0,0.0,0.0,0.0,0.0,0.0,0.0,0.0,0.0,0.0,0.0,0.0,0.0,0.0,0.0,0.0,0.0,0.0,0.0,0.0,0.0,0.0,0.0,0.0,0.0,0.0,0.0,0.0,0.0,0.0,0.0,0.0,0.0,0.0,0.0,0.0,0.0,0.0,0.0,0.0,0.0,0.0,0.0,0.0,0.0,0.0,0.0,0.0,0.0,0.0,0.0,0.0,0.0,0.04204142232416861,0.0,0.0,0.0,0.0,0.0698241724488802,0.0,0.0,0.0,0.0,0.0,0.0,0.0,0.0,0.0,0.0,0.04150492258738725,0.0,0.0,0.0,0.0,0.0,0.0,0.0,0.0,0.0,0.055674755278794244,0.0,0.0,0.0,0.0,0.0,0.0,0.7578674147394029
2023-11-16,0.0,0.0,0.033059948166781025,0.0,0.0,0.0,0.0,0.0,0.0,0.0,0.0,0.0,0.0,0.0,0.0,0.0,0.0,0.0,0.0,0.0,0.0,0.0,0.0,0.0,0.0,0.0,0.0,0.0,0.0,0.0,0.0,0.0,0.0,0.0,0.0,0.0,0.0,0.0,0.0,0.0,0.0,0.0,0.0,0.0,0.0,0.0,0.0,0.0,0.0,0.0,0.0,0.0,0.0,0.0,0.0,0.0,0.0,0.0,0.0,0.0,0.0,0.0,0.0,0.0,0.0,0.0,0.0,0.0,0.0,0.0,0.0,0.0,0.0,0.0,0.0,0.0,0.0,0.043465249355585614,0.0,0.0,0.0,0.0,0.06732927667720029,0.0,0.0,0.0,0.0,0.0,0.0,0.0,0.0,0.0,0.0,0.042570266871458824,0.0,0.0,0.0,0.0,0.0,0.0,0.0,0.0,0.0,0.055680759350216213,0.0,0.0,0.0,0.0,0.0,0.0,0.757894499578758
2023-11-17,0.0,0.0,0.03292788929960706,0.0,0.0,0.0,0.0,0.0,0.0,0.0,0.0,0.0,0.0,0.0,0.0,0.0,0.0,0.0,0.0,0.0,0.0,0.0,0.0,0.0,0.0,0.0,0.0,0.0,0.0,0.0,0.0,0.0,0.0,0.0,0.0,0.0,0.0,0.0,0.0,0.0,0.0,0.0,0.0,0.0,0.0,0.0,0.0,0.0,0.0,0.0,0.0,0.0,0.0,0.0,0.0,0.0,0.0,0.0,0.0,0.0,0.0,0.0,0.0,0.0,0.0,0.0,0.0,0.0,0.0,0.0,0.0,0.0,0.0,0.0,0.0,0.0,0.0,0.04256448174955238,0.0,0.0,0.0,0.0,0.06901514080168934,0.0,0.0,0.0,0.0,0.0,0.0,0.0,0.0,0.0,0.0,0.04170991983774562,0.0,0.0,0.0,0.0,0.0,0.0,0.0,0.0,0.0,0.05578745475123635,0.0,0.0,0.0,0.0,0.0,0.0,0.7579951135601692
2023-11-20,0.0,0.0,0.03287922447853814,0.0,0.0,0.0,0.0,0.0,0.0,0.0,0.0,0.0,0.0,0.0,0.0,0.0,0.0,0.0,0.0,0.0,0.0,0.0,0.0,0.0,0.0,0.0,0.0,0.0,0.0,0.0,0.0,0.0,0.0,0.0,0.0,0.0,0.0,0.0,0.0,0.0,0.0,0.0,0.0,0.0,0.0,0.0,0.0,0.0,0.0,0.0,0.0,0.0,0.0,0.0,0.0,0.0,0.0,0.0,0.0,0.0,0.0,0.0,0.0,0.0,0.0,0.0,0.0,0.0,0.0,0.0,0.0,0.0,0.0,0.0,0.0,0.0,0.0,0.04207608817991659,0.0,0.0,0.0,0.0,0.0704987976574224,0.0,0.0,0.0,0.0,0.0,0.0,0.0,0.0,0.0,0.0,0.04109796020688772,0.0,0.0,0.0,0.0,0.0,0.0,0.0,0.0,0.0,0.05591825222713809,0.0,0.0,0.0,0.0,0.0,0.0,0.757529677250097
2023-11-21,0.0,0.0,0.03239484097821107,0.0,0.0,0.0,0.0,0.0,0.0,0.0,0.0,0.0,0.0,0.0,0.0,0.0,0.0,0.0,0.0,0.0,0.0,0.0,0.0,0.0,0.0,0.0,0.0,0.0,0.0,0.0,0.0,0.0,0.0,0.0,0.0,0.0,0.0,0.0,0.0,0.0,0.0,0.0,0.0,0.0,0.0,0.0,0.0,0.0,0.0,0.0,0.0,0.0,0.0,0.0,0.0,0.0,0.0,0.0,0.0,0.0,0.0,0.0,0.0,0.0,0.0,0.0,0.0,0.0,0.0,0.0,0.0,0.0,0.0,0.0,0.0,0.0,0.0,0.041464393909156974,0.0,0.0,0.0,0.0,0.07125675987451861,0.0,0.0,0.0,0.0,0.0,0.0,0.0,0.0,0.0,0.0,0.04049637141688985,0.0,0.0,0.0,0.0,0.0,0.0,0.0,0.0,0.0,0.05554937311629552,0.0,0.0,0.0,0.0,0.0,0.0,0.7588382607049281
2023-11-22,0.0,0.0,0.03264498380735259,0.0,0.0,0.0,0.0,0.0,0.0,0.0,0.0,0.0,0.0,0.0,0.0,0.0,0.0,0.0,0.0,0.0,0.0,0.0,0.0,0.0,0.0,0.0,0.0,0.0,0.0,0.0,0.0,0.0,0.0,0.0,0.0,0.0,0.0,0.0,0.0,0.0,0.0,0.0,0.0,0.0,0.0,0.0,0.0,0.0,0.0,0.0,0.0,0.0,0.0,0.0,0.0,0.0,0.0,0.0,0.0,0.0,0.0,0.0,0.0,0.0,0.0,0.0,0.0,0.0,0.0,0.0,0.0,0.0,0.0,0.0,0.0,0.0,0.0,0.040636907673555385,0.0,0.0,0.0,0.0,0.07026055417333994,0.0,0.0,0.0,0.0,0.0,0.0,0.0,0.0,0.0,0.0,0.04066304717155303,0.0,0.0,0.0,0.0,0.0,0.0,0.0,0.0,0.0,0.05549856293060117,0.0,0.0,0.0,0.0,0.0,0.0,0.7602959442435979
2023-11-23,0.0,0.0,0.03291934217326748,0.0,0.0,0.0,0.0,0.0,0.0,0.0,0.0,0.0,0.0,0.0,0.0,0.0,0.0,0.0,0.0,0.0,0.0,0.0,0.0,0.0,0.0,0.0,0.0,0.0,0.0,0.0,0.0,0.0,0.0,0.0,0.0,0.0,0.0,0.0,0.0,0.0,0.0,0.0,0.0,0.0,0.0,0.0,0.0,0.0,0.0,0.0,0.0,0.0,0.0,0.0,0.0,0.0,0.0,0.0,0.0,0.0,0.0,0.0,0.0,0.0,0.0,0.0,0.0,0.0,0.0,0.0,0.0,0.0,0.0,0.0,0.0,0.0,0.0,0.04073631080229395,0.0,0.0,0.0,0.0,0.07024050680495958,0.0,0.0,0.0,0.0,0.0,0.0,0.0,0.0,0.0,0.0,0.03995388734792494,0.0,0.0,0.0,0.0,0.0,0.0,0.0,0.0,0.0,0.05572500829254219,0.0,0.0,0.0,0.0,0.0,0.0,0.760424944579012
2023-11-24,0.0,0.0,0.033019527805878385,0.0,0.0,0.0,0.0,0.0,0.0,0.0,0.0,0.0,0.0,0.0,0.0,0.0,0.0,0.0,0.0,0.0,0.0,0.0,0.0,0.0,0.0,0.0,0.0,0.0,0.0,0.0,0.0,0.0,0.0,0.0,0.0,0.0,0.0,0.0,0.0,0.0,0.0,0.0,0.0,0.0,0.0,0.0,0.0,0.0,0.0,0.0,0.0,0.0,0.0,0.0,0.0,0.0,0.0,0.0,0.0,0.0,0.0,0.0,0.0,0.0,0.0,0.0,0.0,0.0,0.0,0.0,0.0,0.0,0.0,0.0,0.0,0.0,0.0,0.03966814542354195,0.0,0.0,0.0,0.0,0.07046736322614003,0.0,0.0,0.0,0.0,0.0,0.0,0.0,0.0,0.0,0.0,0.03878330647904345,0.0,0.0,0.0,0.0,0.0,0.0,0.0,0.0,0.0,0.05434853309562558,0.0,0.0,0.0,0.0,0.0,0.0,0.7637131239697706
2023-11-27,0.0,0.0,0.03296242915967156,0.0,0.0,0.0,0.0,0.0,0.0,0.0,0.0,0.0,0.0,0.0,0.0,0.0,0.0,0.0,0.0,0.0,0.0,0.0,0.0,0.0,0.0,0.0,0.0,0.0,0.0,0.0,0.0,0.0,0.0,0.0,0.0,0.0,0.0,0.0,0.0,0.0,0.0,0.0,0.0,0.0,0.0,0.0,0.0,0.0,0.0,0.0,0.0,0.0,0.0,0.0,0.0,0.0,0.0,0.0,0.0,0.0,0.0,0.0,0.0,0.0,0.0,0.0,0.0,0.0,0.0,0.0,0.0,0.0,0.0,0.0,0.0,0.0,0.0,0.03842252834737322,0.0,0.0,0.0,0.0,0.06915435894660514,0.0,0.0,0.0,0.0,0.0,0.0,0.0,0.0,0.0,0.0,0.0394374395015808,0.0,0.0,0.0,0.0,0.0,0.0,0.0,0.0,0.0,0.05413843879300258,0.0,0.0,0.0,0.0,0.0,0.0,0.7658848052517667
2023-11-28,0.0,0.0,0.032855503682140436,0.0,0.0,0.0,0.0,0.0,0.0,0.0,0.0,0.0,0.0,0.0,0.0,0.0,0.0,0.0,0.0,0.0,0.0,0.0,0.0,0.0,0.0,0.0,0.0,0.0,0.0,0.0,0.0,0.0,0.0,0.0,0.0,0.0,0.0,0.0,0.0,0.0,0.0,0.0,0.0,0.0,0.0,0.0,0.0,0.0,0.0,0.0,0.0,0.0,0.0,0.0,0.0,0.0,0.0,0.0,0.0,0.0,0.0,0.0,0.0,0.0,0.0,0.0,0.0,0.0,0.0,0.0,0.0,0.0,0.0,0.0,0.0,0.0,0.0,0.03917238484545162,0.0,0.0,0.0,0.0,0.06870782342894183,0.0,0.0,0.0,0.0,0.0,0.0,0.0,0.0,0.0,0.0,0.040595191143807864,0.0,0.0,0.0,0.0,0.0,0.0,0.0,0.0,0.0,0.05523609390546579,0.0,0.0,0.0,0.0,0.0,0.0,0.7634330029941924
2023-11-29,0.0,0.0,0.03273699503881413,0.0,0.0,0.0,0.0,0.0,0.0,0.0,0.0,0.0,0.0,0.0,0.0,0.0,0.0,0.0,0.0,0.0,0.0,0.0,0.0,0.0,0.0,0.0,0.0,0.0,0.0,0.0,0.0,0.0,0.0,0.0,0.0,0.0,0.0,0.0,0.0,0.0,0.0,0.0,0.0,0.0,0.0,0.0,0.0,0.0,0.0,0.0,0.0,0.0,0.0,0.0,0.0,0.0,0.0,0.0,0.0,0.0,0.0,0.0,0.0,0.0,0.0,0.0,0.0,0.0,0.0,0.0,0.0,0.0,0.0,0.0,0.0,0.0,0.0,0.037999333177307686,0.0,0.0,0.0,0.0,0.06853162328243095,0.0,0.0,0.0,0.0,0.0,0.0,0.0,0.0,0.0,0.0,0.04050977688965348,0.0,0.0,0.0,0.0,0.0,0.0,0.0,0.0,0.0,0.055413641020071264,0.0,0.0,0.0,0.0,0.0,0.0,0.7648086305917224
2023-11-30,0.0,0.0,0.032714605006419324,0.0,0.0,0.0,0.0,0.0,0.0,0.0,0.0,0.0,0.0,0.0,0.0,0.0,0.0,0.0,0.0,0.0,0.0,0.0,0.0,0.0,0.0,0.0,0.0,0.0,0.0,0.0,0.0,0.0,0.0,0.0,0.0,0.0,0.0,0.0,0.0,0.0,0.0,0.0,0.0,0.0,0.0,0.0,0.0,0.0,0.0,0.0,0.0,0.0,0.0,0.0,0.0,0.0,0.0,0.0,0.0,0.0,0.0,0.0,0.0,0.0,0.0,0.0,0.0,0.0,0.0,0.0,0.0,0.0,0.0,0.0,0.0,0.0,0.0,0.037367105084446774,0.0,0.0,0.0,0.0,0.06862829786133463,0.0,0.0,0.0,0.0,0.0,0.0,0.0,0.0,0.0,0.0,0.04063553234526988,0.0,0.0,0.0,0.0,0.0,0.0,0.0,0.0,0.0,0.05475199221702616,0.0,0.0,0.0,0.0,0.0,0.0,0.7659024674855033
2023-12-01,0.0,0.0,0.03336504563214106,0.0,0.0,0.0,0.0,0.0,0.0,0.0,0.0,0.0,0.0,0.0,0.0,0.0,0.0,0.0,0.0,0.0,0.0,0.0,0.0,0.0,0.0,0.0,0.0,0.0,0.0,0.0,0.0,0.0,0.0,0.0,0.0,0.0,0.0,0.0,0.0,0.0,0.0,0.0,0.0,0.0,0.0,0.0,0.0,0.0,0.0,0.0,0.0,0.0,0.0,0.0,0.0,0.0,0.0,0.0,0.0,0.0,0.0,0.0,0.0,0.0,0.0,0.0,0.0,0.0,0.0,0.0,0.0,0.0,0.0,0.0,0.0,0.0,0.0,0.03919821871764423,0.0,0.0,0.0,0.0,0.06648572868097652,0.0,0.0,0.0,0.0,0.0,0.0,0.0,0.0,0.0,0.0,0.040654260471484086,0.0,0.0,0.0,0.0,0.0,0.0,0.0,0.0,0.0,0.055316719552388274,0.0,0.0,0.0,0.0,0.0,0.0,0.7649800269453658
2023-12-04,0.0,0.0,0.05567376242978538,0.0,0.0,0.0,0.0,0.0,0.0,0.0,0.0,0.0,0.0,0.0,0.0,0.0,0.0,0.04322209678023497,0.0,0.0,0.0,0.0,0.0,0.0,0.0,0.0,0.0,0.0,0.03366806288723782,0.0,0.0,0.0,0.0,0.0,0.0,0.0,0.0,0.0,0.03146061227420891,0.0,0.0,0.0,0.0,0.0,0.0,0.0,0.0,0.0,0.03145354873794902,0.0,0.0,0.0,0.0,0.0,0.0,0.0,0.0,0.0,0.0,0.0,0.0,0.0,0.031446486787594194,0.04371754323901283,0.0,0.0,0.0,0.0,0.0,0.0,0.0,0.0,0.0,0.0,0.0,0.0,0.0,0.06831438535688807,0.0,0.0,0.0,0.0,0.10202073112203432,0.0,0.0,0.0,0.0,0.03141493157516394,0.0,0.0,0.0,0.0,0.0,0.06771896508354817,0.0,0.0,0.0,0.0,0.0,0.0,0.0,0.0,0.0,0.07674658622795258,0.0,0.0,0.0,0.0,0.03139699727953778,0.0,0.35174529021885204
2023-12-05,0.0,0.0,0.05470020165100597,0.0,0.0,0.0,0.0,0.0,0.0,0.0,0.0,0.0,0.0,0.0,0.0,0.0,0.0,0.04291067256535615,0.0,0.0,0.0,0.0,0.0,0.0,0.0,0.0,0.0,0.0,0.03403103518655143,0.0,0.0,0.0,0.0,0.0,0.0,0.0,0.0,0.0,0.03148905863479908,0.0,0.0,0.0,0.0,0.0,0.0,0.0,0.0,0.0,0.031220719460622152,0.0,0.0,0.0,0.0,0.0,0.0,0.0,0.0,0.0,0.0,0.0,0.0,0.0,0.031414283462526074,0.04381601266751345,0.0,0.0,0.0,0.0,0.0,0.0,0.0,0.0,0.0,0.0,0.0,0.0,0.0,0.0760642222332856,0.0,0.0,0.0,0.0,0.09871315199209622,0.0,0.0,0.0,0.0,0.03210599990817171,0.0,0.0,0.0,0.0,0.0,0.06637385433711422,0.0,0.0,0.0,0.0,0.0,0.0,0.0,0.0,0.0,0.07669316478362424,0.0,0.0,0.0,0.0,0.03160873295272711,0.0,0.34885889016460675
2023-12-06,0.0,0.0,0.054284078445603255,0.0,0.0,0.0,0.0,0.0,0.0,0.0,0.0,0.0,0.0,0.0,0.0,0.0,0.0,0.0425263333883116,0.0,0.0,0.0,0.0,0.0,0.0,0.0,0.0,0.0,0.0,0.03440278168687091,0.0,0.0,0.0,0.0,0.0,0.0,0.0,0.0,0.0,0.031705958942997464,0.0,0.0,0.0,0.0,0.0,0.0,0.0,0.0,0.0,0.031081964428976684,0.0,0.0,0.0,0.0,0.0,0.0,0.0,0.0,0.0,0.0,0.0,0.0,0.0,0.031795567180662156,0.04392817082624336,0.0,0.0,0.0,0.0,0.0,0.0,0.0,0.0,0.0,0.0,0.0,0.0,0.0,0.07954675002274617,0.0,0.0,0.0,0.0,0.09538300908067202,0.0,0.0,0.0,0.0,0.031035649948484616,0.0,0.0,0.0,0.0,0.0,0.06660128915746004,0.0,0.0,0.0,0.0,0.0,0.0,0.0,0.0,0.0,0.07457633061236292,0.0,0.0,0.0,0.0,0.03189119040596961,0.0,0.3512409258726394
2023-12-07,0.0,0.0,0.054661773832524616,0.0,0.0,0.0,0.0,0.0,0.0,0.0,0.0,0.0,0.0,0.0,0.0,0.0,0.0,0.041931733829166616,0.0,0.0,0.0,0.0,0.0,0.0,0.0,0.0,0.0,0.0,0.03404559472914355,0.0,0.0,0.0,0.0,0.0,0.0,0.0,0.0,0.0,0.03216367697424957,0.0,0.0,0.0,0.0,0.0,0.0,0.0,0.0,0.0,0.03092269133896433,0.0,0.0,0.0,0.0,0.0,0.0,0.0,0.0,0.0,0.0,0.0,0.0,0.0,0.03193191080670319,0.04276985419168536,0.0,0.0,0.0,0.0,0.0,0.0,0.0,0.0,0.0,0.0,0.0,0.0,0.0,0.080972325472127,0.0,0.0,0.0,0.0,0.09695250201281246,0.0,0.0,0.0,0.0,0.03217268138970614,0.0,0.0,0.0,0.0,0.0,0.06789678442251879,0.0,0.0,0.0,0.0,0.0,0.0,0.0,0.0,0.0,0.0730070429232044,0.0,0.0,0.0,0.0,0.031640215773358,0.0,0.34893121230383606
2023-12-08,0.0,0.0,0.05366210814739632,0.0,0.0,0.0,0.0,0.0,0.0,0.0,0.0,0.0,0.0,0.0,0.0,0.0,0.0,0.04176383205584556,0.0,0.0,0.0,0.0,0.0,0.0,0.0,0.0,0.0,0.0,0.0337255687558673,0.0,0.0,0.0,0.0,0.0,0.0,0.0,0.0,0.0,0.03187777434588291,0.0,0.0,0.0,0.0,0.0,0.0,0.0,0.0,0.0,0.03084425680970332,0.0,0.0,0.0,0.0,0.0,0.0,0.0,0.0,0.0,0.0,0.0,0.0,0.0,0.03175553231121832,0.04238153537071986,0.0,0.0,0.0,0.0,0.0,0.0,0.0,0.0,0.0,0.0,0.0,0.0,0.0,0.08474307465510149,0.0,0.0,0.0,0.0,0.10040975906541595,0.0,0.0,0.0,0.0,0.03276450734258874,0.0,0.0,0.0,0.0,0.0,0.06726897834751469,0.0,0.0,0.0,0.0,0.0,0.0,0.0,0.0,0.0,0.0739751349352041,0.0,0.0,0.0,0.0,0.030575276789463503,0.0,0.3442526610680779
2023-12-11,0.0,0.0,0.053712772762493595,0.0,0.0,0.0,0.0,0.0,0.0,0.0,0.0,0.0,0.0,0.0,0.0,0.0,0.0,0.04214133044275486,0.0,0.0,0.0,0.0,0.0,0.0,0.0,0.0,0.0,0.0,0.03388254133203137,0.0,0.0,0.0,0.0,0.0,0.0,0.0,0.0,0.0,0.031865611523618664,0.0,0.0,0.0,0.0,0.0,0.0,0.0,0.0,0.0,0.031065968363996246,0.0,0.0,0.0,0.0,0.0,0.0,0.0,0.0,0.0,0.0,0.0,0.0,0.0,0.031933043272365874,0.042989394640571804,0.0,0.0,0.0,0.0,0.0,0.0,0.0,0.0,0.0,0.0,0.0,0.0,0.0,0.07943545430621216,0.0,0.0,0.0,0.0,0.10117148157407022,0.0,0.0,0.0,0.0,0.03222202608483391,0.0,0.0,0.0,0.0,0.0,0.06814117498022723,0.0,0.0,0.0,0.0,0.0,0.0,0.0,0.0,0.0,0.07451422656507815,0.0,0.0,0.0,0.0,0.030912611583544445,0.0,0.34601236256820145
2023-12-12,0.0,0.0,0.05368872981160097,0.0,0.0,0.0,0.0,0.0,0.0,0.0,0.0,0.0,0.0,0.0,0.0,0.0,0.0,0.041979108086041175,0.0,0.0,0.0,0.0,0.0,0.0,0.0,0.0,0.0,0.0,0.03398556091764772,0.0,0.0,0.0,0.0,0.0,0.0,0.0,0.0,0.0,0.03219600857407361,0.0,0.0,0.0,0.0,0.0,0.0,0.0,0.0,0.0,0.031422893436294425,0.0,0.0,0.0,0.0,0.0,0.0,0.0,0.0,0.0,0.0,0.0,0.0,0.0,0.03302846779627231,0.04283839298614964,0.0,0.0,0.0,0.0,0.0,0.0,0.0,0.0,0.0,0.0,0.0,0.0,0.0,0.07989168139143707,0.0,0.0,0.0,0.0,0.09925709482161907,0.0,0.0,0.0,0.0,0.031520300381850205,0.0,0.0,0.0,0.0,0.0,0.06793266296817749,0.0,0.0,0.0,0.0,0.0,0.0,0.0,0.0,0.0,0.0747371905384742,0.0,0.0,0.0,0.0,0.031078946693125508,0.0,0.3464429615972367
2023-12-13,0.0,0.0,0.054088291220921667,0.0,0.0,0.0,0.0,0.0,0.0,0.0,0.0,0.0,0.0,0.0,0.0,0.0,0.0,0.04302793038023275,0.0,0.0,0.0,0.0,0.0,0.0,0.0,0.0,0.0,0.0,0.03431571118648604,0.0,0.0,0.0,0.0,0.0,0.0,0.0,0.0,0.0,0.033366976186498476,0.0,0.0,0.0,0.0,0.0,0.0,0.0,0.0,0.0,0.03177660313265172,0.0,0.0,0.0,0.0,0.0,0.0,0.0,0.0,0.0,0.0,0.0,0.0,0.0,0.03215896762105265,0.04352107001732693,0.0,0.0,0.0,0.0,0.0,0.0,0.0,0.0,0.0,0.0,0.0,0.0,0.0,0.07979998779563671,0.0,0.0,0.0,0.0,0.1010452079100948,0.0,0.0,0.0,0.0,0.03251932664105009,0.0,0.0,0.0,0.0,0.0,0.06631574081659544,0.0,0.0,0.0,0.0,0.0,0.0,0.0,0.0,0.0,0.07541245387033547,0.0,0.0,0.0,0.0,0.031490681101245255,0.0,0.3411610521198721
2023-12-14,0.0,0.0,0.05497685435398442,0.0,0.0,0.0,0.0,0.0,0.0,0.0,0.0,0.0,0.0,0.0,0.0,0.0,0.0,0.04391574974282637,0.0,0.0,0.0,0.0,0.0,0.0,0.0,0.0,0.0,0.0,0.03409046560268439,0.0,0.0,0.0,0.0,0.0,0.0,0.0,0.0,0.0,0.033828006854336755,0.0,0.0,0.0,0.0,0.0,0.0,0.0,0.0,0.0,0.03205237903640801,0.0,0.0,0.0,0.0,0.0,0.0,0.0,0.0,0.0,0.0,0.0,0.0,0.0,0.032806332384445865,0.04380253763492686,0.0,0.0,0.0,0.0,0.0,0.0,0.0,0.0,0.0,0.0,0.0,0.0,0.0,0.07756710744119391,0.0,0.0,0.0,0.0,0.10470865808465345,0.0,0.0,0.0,0.0,0.03285227387204571,0.0,0.0,0.0,0.0,0.0,0.06333099022282641,0.0,0.0,0.0,0.0,0.0,0.0,0.0,0.0,0.0,0.07631563120563897,0.0,0.0,0.0,0.0,0.03142343007879125,0.0,0.3383295834852377
2023-12-15,0.0,0.0,0.05635480415446257,0.0,0.0,0.0,0.0,0.0,0.0,0.0,0.0,0.0,0.0,0.0,0.0,0.0,0.0,0.04367916434099953,0.0,0.0,0.0,0.0,0.0,0.0,0.0,0.0,0.0,0.0,0.03423202880084436,0.0,0.0,0.0,0.0,0.0,0.0,0.0,0.0,0.0,0.03348052523685035,0.0,0.0,0.0,0.0,0.0,0.0,0.0,0.0,0.0,0.03143831656531603,0.0,0.0,0.0,0.0,0.0,0.0,0.0,0.0,0.0,0.0,0.0,0.0,0.0,0.03189398930539471,0.043400658499486384,0.0,0.0,0.0,0.0,0.0,0.0,0.0,0.0,0.0,0.0,0.0,0.0,0.0,0.07711803105847476,0.0,0.0,0.0,0.0,0.10285290921648271,0.0,0.0,0.0,0.0,0.03139346837546756,0.0,0.0,0.0,0.0,0.0,0.06479321058529396,0.0,0.0,0.0,0.0,0.0,0.0,0.0,0.0,0.0,0.07816055156148877,0.0,0.0,0.0,0.0,0.031319223530470536,0.0,0.3398831187689678
2023-12-18,0.0,0.0,0.05606069260008423,0.0,0.0,0.0,0.0,0.0,0.0,0.0,0.0,0.0,0.0,0.0,0.0,0.0,0.0,0.044194585042874386,0.0,0.0,0.0,0.0,0.0,0.0,0.0,0.0,0.0,0.0,0.03389752441672489,0.0,0.0,0.0,0.0,0.0,0.0,0.0,0.0,0.0,0.03362856192302421,0.0,0.0,0.0,0.0,0.0,0.0,0.0,0.0,0.0,0.03202081963381359,0.0,0.0,0.0,0.0,0.0,0.0,0.0,0.0,0.0,0.0,0.0,0.0,0.0,0.03185460665292991,0.042303164321771315,0.0,0.0,0.0,0.0,0.0,0.0,0.0,0.0,0.0,0.0,0.0,0.0,0.0,0.07829919589211722,0.0,0.0,0.0,0.0,0.10229930594382601,0.0,0.0,0.0,0.0,0.03250063152363836,0.0,0.0,0.0,0.0,0.0,0.0637310117797434,0.0,0.0,0.0,0.0,0.0,0.0,0.0,0.0,0.0,0.07858465527724193,0.0,0.0,0.0,0.0,0.03132322733062397,0.0,0.33930201766158646
2023-12-19,0.0,0.0,0.05759394377741418,0.0,0.0,0.0,0.0,0.0,0.0,0.0,0.0,0.0,0.0,0.0,0.0,0.0,0.0,0.044114316282924934,0.0,0.0,0.0,0.0,0.0,0.0,0.0,0.0,0.0,0.0,0.03392982857663335,0.0,0.0,0.0,0.0,0.0,0.0,0.0,0.0,0.0,0.03366967270007925,0.0,0.0,0.0,0.0,0.0,0.0,0.0,0.0,0.0,0.032558661249690896,0.0,0.0,0.0,0.0,0.0,0.0,0.0,0.0,0.0,0.0,0.0,0.0,0.0,0.03180320398456106,0.042598379428342346,0.0,0.0,0.0,0.0,0.0,0.0,0.0,0.0,0.0,0.0,0.0,0.0,0.0,0.07592151806978413,0.0,0.0,0.0,0.0,0.10329717720277043,0.0,0.0,0.0,0.0,0.03334396761009858,0.0,0.0,0.0,0.0,0.0,0.06429594548303608,0.0,0.0,0.0,0.0,0.0,0.0,0.0,0.0,0.0,0.07704320880429662,0.0,0.0,0.0,0.0,0.03154483842858554,0.0,0.33828533840178276
2023-12-20,0.0,0.0,0.05617751985204298,0.0,0.0,0.0,0.0,0.0,0.0,0.0,0.0,0.0,0.0,0.0,0.0,0.0,0.0,0.04401375146217417,0.0,0.0,0.0,0.0,0.0,0.0,0.0,0.0,0.0,0.0,0.03413733541964951,0.0,0.0,0.0,0.0,0.0,0.0,0.0,0.0,0.0,0.033592246164110905,0.0,0.0,0.0,0.0,0.0,0.0,0.0,0.0,0.0,0.033019618231485484,0.0,0.0,0.0,0.0,0.0,0.0,0.0,0.0,0.0,0.0,0.0,0.0,0.0,0.03204471269875753,0.04297998398325995,0.0,0.0,0.0,0.0,0.0,0.0,0.0,0.0,0.0,0.0,0.0,0.0,0.0,0.07508941975699522,0.0,0.0,0.0,0.0,0.10165972878672132,0.0,0.0,0.0,0.0,0.03277232288222787,0.0,0.0,0.0,0.0,0.0,0.06359543601892714,0.0,0.0,0.0,0.0,0.0,0.0,0.0,0.0,0.0,0.07767726045072007,0.0,0.0,0.0,0.0,0.031615064833621635,0.0,0.34162559945930615
2023-12-21,0.0,0.0,0.05610395532117927,0.0,0.0,0.0,0.0,0.0,0.0,0.0,0.0,0.0,0.0,0.0,0.0,0.0,0.0,0.0438900504784731,0.0,0.0,0.0,0.0,0.0,0.0,0.0,0.0,0.0,0.0,0.034462063086148444,0.0,0.0,0.0,0.0,0.0,0.0,0.0,0.0,0.0,0.03354913785687525,0.0,0.0,0.0,0.0,0.0,0.0,0.0,0.0,0.0,0.03323198668627495,0.0,0.0,0.0,0.0,0.0,0.0,0.0,0.0,0.0,0.0,0.0,0.0,0.0,0.031986763799402754,0.04379051128140547,0.0,0.0,0.0,0.0,0.0,0.0,0.0,0.0,0.0,0.0,0.0,0.0,0.0,0.07539558039322149,0.0,0.0,0.0,0.0,0.10044584007922103,0.0,0.0,0.0,0.0,0.032963276664055734,0.0,0.0,0.0,0.0,0.0,0.06381030568396293,0.0,0.0,0.0,0.0,0.0,0.0,0.0,0.0,0.0,0.07813422054700844,0.0,0.0,0.0,0.0,0.031700776462622114,0.0,0.3405355316601491
2023-12-22,0.0,0.0,0.05581380005376454,0.0,0.0,0.0,0.0,0.0,0.0,0.0,0.0,0.0,0.0,0.0,0.0,0.0,0.0,0.04382979550645873,0.0,0.0,0.0,0.0,0.0,0.0,0.0,0.0,0.0,0.0,0.03476722920322141,0.0,0.0,0.0,0.0,0.0,0.0,0.0,0.0,0.0,0.03390813372278485,0.0,0.0,0.0,0.0,0.0,0.0,0.0,0.0,0.0,0.032654357600235016,0.0,0.0,0.0,0.0,0.0,0.0,0.0,0.0,0.0,0.0,0.0,0.0,0.0,0.03173438869051552,0.04417929986853506,0.0,0.0,0.0,0.0,0.0,0.0,0.0,0.0,0.0,0.0,0.0,0.0,0.0,0.07711578521268735,0.0,0.0,0.0,0.0,0.10039102878248997,0.0,0.0,0.0,0.0,0.0330239519840957,0.0,0.0,0.0,0.0,0.0,0.0645030719133956,0.0,0.0,0.0,0.0,0.0,0.0,0.0,0.0,0.0,0.07751579471552433,0.0,0.0,0.0,0.0,0.031640816994196914,0.0,0.33892254575209496
2023-12-26,0.0,0.0,0.056326004350276786,0.0,0.0,0.0,0.0,0.0,0.0,0.0,0.0,0.0,0.0,0.0,0.0,0.0,0.0,0.044155076327224235,0.0,0.0,0.0,0.0,0.0,0.0,0.0,0.0,0.0,0.0,0.034934680152128486,0.0,0.0,0.0,0.0,0.0,0.0,0.0,0.0,0.0,0.033508491426698934,0.0,0.0,0.0,0.0,0.0,0.0,0.0,0.0,0.0,0.03240679493164074,0.0,0.0,0.0,0.0,0.0,0.0,0.0,0.0,0.0,0.0,0.0,0.0,0.0,0.031549806646454195,0.04386215433194048,0.0,0.0,0.0,0.0,0.0,0.0,0.0,0.0,0.0,0.0,0.0,0.0,0.0,0.07781152987972072,0.0,0.0,0.0,0.0,0.10101702241172714,0.0,0.0,0.0,0.0,0.033843022573745295,0.0,0.0,0.0,0.0,0.0,0.06419567682162314,0.0,0.0,0.0,0.0,0.0,0.0,0.0,0.0,0.0,0.07765343021017725,0.0,0.0,0.0,0.0,0.03163771710411477,0.0,0.33709859283252797
2023-12-27,0.0,0.0,0.05641338263192086,0.0,0.0,0.0,0.0,0.0,0.0,0.0,0.0,0.0,0.0,0.0,0.0,0.0,0.0,0.04435789764038677,0.0,0.0,0.0,0.0,0.0,0.0,0.0,0.0,0.0,0.0,0.03506408709790343,0.0,0.0,0.0,0.0,0.0,0.0,0.0,0.0,0.0,0.03404161309116644,0.0,0.0,0.0,0.0,0.0,0.0,0.0,0.0,0.0,0.03239825707722466,0.0,0.0,0.0,0.0,0.0,0.0,0.0,0.0,0.0,0.0,0.0,0.0,0.0,0.031409416057891056,0.04392690238272697,0.0,0.0,0.0,0.0,0.0,0.0,0.0,0.0,0.0,0.0,0.0,0.0,0.0,0.07855808945804228,0.0,0.0,0.0,0.0,0.10079540373070466,0.0,0.0,0.0,0.0,0.03340262907477126,0.0,0.0,0.0,0.0,0.0,0.06419598399738001,0.0,0.0,0.0,0.0,0.0,0.0,0.0,0.0,0.0,0.07741898764389973,0.0,0.0,0.0,0.0,0.03165769071615138,0.0,0.33635965939983054
2023-12-28,0.0,0.0,0.057119030128502474,0.0,0.0,0.0,0.0,0.0,0.0,0.0,0.0,0.0,0.0,0.0,0.0,0.0,0.0,0.04438322748429391,0.0,0.0,0.0,0.0,0.0,0.0,0.0,0.0,0.0,0.0,0.03496378975298039,0.0,0.0,0.0,0.0,0.0,0.0,0.0,0.0,0.0,0.03474513320358563,0.0,0.0,0.0,0.0,0.0,0.0,0.0,0.0,0.0,0.0325459652368731,0.0,0.0,0.0,0.0,0.0,0.0,0.0,0.0,0.0,0.0,0.0,0.0,0.0,0.03138557693006324,0.044413253218018985,0.0,0.0,0.0,0.0,0.0,0.0,0.0,0.0,0.0,0.0,0.0,0.0,0.0,0.07716797972566099,0.0,0.0,0.0,0.0,0.10096006746106864,0.0,0.0,0.0,0.0,0.03316351297832552,0.0,0.0,0.0,0.0,0.0,0.063756076809819,0.0,0.0,0.0,0.0,0.0,0.0,0.0,0.0,0.0,0.07745124125589459,0.0,0.0,0.0,0.0,0.03169376807822068,0.0,0.33625137773669295
2024-01-03,0.0,0.0,0.05605191475886704,0.0,0.0,0.0,0.0,0.0,0.0,0.0,0.0,0.0,0.0,0.0,0.0,0.0,0.0,0.043044383851144556,0.0,0.0,0.0,0.0,0.0,0.0,0.0,0.0,0.0,0.0,0.034250920705758275,0.0,0.0,0.0,0.0,0.0,0.0,0.0,0.0,0.0,0.033626896350790775,0.0,0.0,0.0,0.0,0.0,0.0,0.0,0.0,0.0,0.0325908685279496,0.0,0.0,0.0,0.0,0.0,0.0,0.0,0.0,0.0,0.0,0.0,0.0,0.0,0.03071962930927285,0.044512960386183874,0.0,0.0,0.0,0.0,0.0,0.0,0.0,0.0,0.0,0.0,0.0,0.0,0.0,0.08426092097916282,0.0,0.0,0.0,0.0,0.1031292992004767,0.0,0.0,0.0,0.0,0.033527797641017786,0.0,0.0,0.0,0.0,0.0,0.06344677571543846,0.0,0.0,0.0,0.0,0.0,0.0,0.0,0.0,0.0,0.07686816734122397,0.0,0.0,0.0,0.0,0.03155793057541495,0.0,0.3324115346572984
2024-01-04,0.0,0.0,0.056149591559189416,0.0,0.0,0.0,0.0,0.0,0.0,0.0,0.0,0.0,0.0,0.0,0.0,0.0,0.0,0.04304055370252452,0.0,0.0,0.0,0.0,0.0,0.0,0.0,0.0,0.0,0.0,0.03420601805545231,0.0,0.0,0.0,0.0,0.0,0.0,0.0,0.0,0.0,0.03336040345193285,0.0,0.0,0.0,0.0,0.0,0.0,0.0,0.0,0.0,0.032087910069809704,0.0,0.0,0.0,0.0,0.0,0.0,0.0,0.0,0.0,0.0,0.0,0.0,0.0,0.030639501820195605,0.04469597532078906,0.0,0.0,0.0,0.0,0.0,0.0,0.0,0.0,0.0,0.0,0.0,0.0,0.0,0.08195017926068734,0.0,0.0,0.0,0.0,0.1033342491774883,0.0,0.0,0.0,0.0,0.03303325664130077,0.0,0.0,0.0,0.0,0.0,0.063403784152335,0.0,0.0,0.0,0.0,0.0,0.0,0.0,0.0,0.0,0.0760693354438104,0.0,0.0,0.0,0.0,0.03150936900884874,0.0,0.3365198723356359
2024-01-05,0.0,0.0,0.05637643178251683,0.0,0.0,0.0,0.0,0.0,0.0,0.0,0.0,0.0,0.0,0.0,0.0,0.0,0.0,0.044105309033955785,0.0,0.0,0.0,0.0,0.0,0.0,0.0,0.0,0.0,0.0,0.034620412410657435,0.0,0.0,0.0,0.0,0.0,0.0,0.0,0.0,0.0,0.03396309376778266,0.0,0.0,0.0,0.0,0.0,0.0,0.0,0.0,0.0,0.03258982074362606,0.0,0.0,0.0,0.0,0.0,0.0,0.0,0.0,0.0,0.0,0.0,0.0,0.0,0.030709418378752153,0.04537460549604086,0.0,0.0,0.0,0.0,0.0,0.0,0.0,0.0,0.0,0.0,0.0,0.0,0.0,0.07575050636619779,0.0,0.0,0.0,0.0,0.10291138784987293,0.0,0.0,0.0,0.0,0.03379753982422588,0.0,0.0,0.0,0.0,0.0,0.06455131035474775,0.0,0.0,0.0,0.0,0.0,0.0,0.0,0.0,0.0,0.07621401434499717,0.0,0.0,0.0,0.0,0.03127288926814702,0.0,0.33776326037847965
2024-01-08,0.0,0.0,0.05645041921729148,0.0,0.0,0.0,0.0,0.0,0.0,0.0,0.0,0.0,0.0,0.0,0.0,0.0,0.0,0.04540477588504699,0.0,0.0,0.0,0.0,0.0,0.0,0.0,0.0,0.0,0.0,0.034644410801618425,0.0,0.0,0.0,0.0,0.0,0.0,0.0,0.0,0.0,0.034415923579316984,0.0,0.0,0.0,0.0,0.0,0.0,0.0,0.0,0.0,0.03270392874265291,0.0,0.0,0.0,0.0,0.0,0.0,0.0,0.0,0.0,0.0,0.0,0.0,0.0,0.03074923823839044,0.04580968356773844,0.0,0.0,0.0,0.0,0.0,0.0,0.0,0.0,0.0,0.0,0.0,0.0,0.0,0.07537074214400877,0.0,0.0,0.0,0.0,0.10191070818219611,0.0,0.0,0.0,0.0,0.0334706736659739,0.0,0.0,0.0,0.0,0.0,0.06382848612846942,0.0,0.0,0.0,0.0,0.0,0.0,0.0,0.0,0.0,0.07693183174393946,0.0,0.0,0.0,0.0,0.031270225554128186,0.0,0.33703895254922844
2024-01-09,0.0,0.0,0.0,0.0,0.0,0.0,0.0,0.0,0.0,0.0,0.0,0.0,0.0,0.0,0.0,0.0,0.0,0.0,0.0,0.0,0.0,0.0,0.0,0.0,0.0,0.0,0.0,0.0,0.0,0.0,0.0,0.05064287375186647,0.0,0.0,0.06223758864606141,0.0,0.0,0.0,0.047164576194443246,0.0,0.0,0.0,0.0,0.0,0.0,0.0,0.0,0.0,0.03199416457414993,0.0,0.0,0.0,0.0,0.0,0.0,0.0,0.0,0.0,0.0,0.0,0.0,0.0,0.08253508842241128,0.0,0.0,0.0,0.0,0.0,0.0,0.050558818261443324,0.0,0.0,0.0,0.0,0.0,0.0,0.0,0.0,0.0,0.0,0.050534697600287136,0.0,0.0,0.0,0.0,0.0,0.0,0.0,0.0,0.0,0.0,0.0,0.0,0.0,0.0,0.0,0.050510588446717956,0.0,0.0,0.0,0.0,0.0,0.0,0.042073027844616875,0.0,0.0,0.0,0.0,0.03188702626604179,0.0,0.005636021193937823
2024-01-10,0.0,0.0,0.0,0.0,0.0,0.0,0.0,0.0,0.0,0.0,0.0,0.0,0.0,0.0,0.0,0.0,0.0,0.0,0.0,0.0,0.0,0.0,0.0,0.0,0.0,0.0,0.0,0.0,0.0,0.0,0.0,0.051032214116991416,0.0,0.0,0.06283133031238355,0.0,0.0,0.0,0.04826912905275303,0.0,0.0,0.0,0.0,0.0,0.0,0.0,0.0,0.0,0.03162074505664982,0.0,0.0,0.0,0.0,0.0,0.0,0.0,0.0,0.0,0.0,0.0,0.0,0.0,0.08161077893457426,0.0,0.0,0.0,0.0,0.0,0.0,0.05056974769287006,0.0,0.0,0.0,0.0,0.0,0.0,0.0,0.0,0.0,0.0,0.050905868274498896,0.0,0.0,0.0,0.0,0.0,0.0,0.0,0.0,0.0,0.0,0.0,0.0,0.0,0.0,0.0,0.04974863752115042,0.0,0.0,0.0,0.0,0.0,0.0,0.04185888846847799,0.0,0.0,0.0,0.0,0.032002899414448824,0.0,0.005634941535671708
2024-01-11,0.0,0.0,0.0,0.0,0.0,0.0,0.0,0.0,0.0,0.0,0.0,0.0,0.0,0.0,0.0,0.0,0.0,0.0,0.0,0.0,0.0,0.0,0.0,0.0,0.0,0.0,0.0,0.0,0.0,0.0,0.0,0.05180025868332494,0.0,0.0,0.06209436667825206,0.0,0.0,0.0,0.047783445908975195,0.0,0.0,0.0,0.0,0.0,0.0,0.0,0.0,0.0,0.03127433395674591,0.0,0.0,0.0,0.0,0.0,0.0,0.0,0.0,0.0,0.0,0.0,0.0,0.0,0.08010594012987068,0.0,0.0,0.0,0.0,0.0,0.0,0.0508578873603607,0.0,0.0,0.0,0.0,0.0,0.0,0.0,0.0,0.0,0.0,0.04969363257533069,0.0,0.0,0.0,0.0,0.0,0.0,0.0,0.0,0.0,0.0,0.0,0.0,0.0,0.0,0.0,0.05077647788321985,0.0,0.0,0.0,0.0,0.0,0.0,0.04216916735537294,0.0,0.0,0.0,0.0,0.03167611696309858,0.0,0.5017683725054485
2024-01-12,0.0,0.0,0.0,0.0,0.0,0.0,0.0,0.0,0.0,0.0,0.0,0.0,0.0,0.0,0.0,0.0,0.0,0.0,0.0,0.0,0.0,0.0,0.0,0.0,0.0,0.0,0.0,0.0,0.0,0.0,0.0,0.05214203342394312,0.0,0.0,0.06273110123288242,0.0,0.0,0.0,0.047621346471105636,0.0,0.0,0.0,0.0,0.0,0.0,0.0,0.0,0.0,0.03177131596496389,0.0,0.0,0.0,0.0,0.0,0.0,0.0,0.0,0.0,0.0,0.0,0.0,0.0,0.08073342942886941,0.0,0.0,0.0,0.0,0.0,0.0,0.050973118509421614,0.0,0.0,0.0,0.0,0.0,0.0,0.0,0.0,0.0,0.0,0.04876322518714869,0.0,0.0,0.0,0.0,0.0,0.0,0.0,0.0,0.0,0.0,0.0,0.0,0.0,0.0,0.0,0.05024286373910549,0.0,0.0,0.0,0.0,0.0,0.0,0.042082709965646226,0.0,0.0,0.0,0.0,0.031504859136569224,0.0,0.5014339969403443
2024-01-15,0.0,0.0,0.0,0.0,0.0,0.0,0.0,0.0,0.0,0.0,0.0,0.0,0.0,0.0,0.0,0.0,0.0,0.0,0.0,0.0,0.0,0.0,0.0,0.0,0.0,0.0,0.0,0.0,0.0,0.0,0.0,0.05264507710873593,0.0,0.0,0.06246298970183869,0.0,0.0,0.0,0.04748101871778433,0.0,0.0,0.0,0.0,0.0,0.0,0.0,0.0,0.0,0.03166753292215689,0.0,0.0,0.0,0.0,0.0,0.0,0.0,0.0,0.0,0.0,0.0,0.0,0.0,0.08001387706961371,0.0,0.0,0.0,0.0,0.0,0.0,0.05163909932137732,0.0,0.0,0.0,0.0,0.0,0.0,0.0,0.0,0.0,0.0,0.04913475223674788,0.0,0.0,0.0,0.0,0.0,0.0,0.0,0.0,0.0,0.0,0.0,0.0,0.0,0.0,0.0,0.05112589037344654,0.0,0.0,0.0,0.0,0.0,0.0,0.042071291261238875,0.0,0.0,0.0,0.0,0.031123506335551675,0.0,0.5006349649515083
2024-01-16,0.0,0.0,0.0,0.0,0.0,0.0,0.0,0.0,0.0,0.0,0.0,0.0,0.0,0.0,0.0,0.0,0.0,0.0,0.0,0.0,0.0,0.0,0.0,0.0,0.0,0.0,0.0,0.0,0.0,0.0,0.0,0.05261076506151672,0.0,0.0,0.06289872775573147,0.0,0.0,0.0,0.04741959746144034,0.0,0.0,0.0,0.0,0.0,0.0,0.0,0.0,0.0,0.03132330624622593,0.0,0.0,0.0,0.0,0.0,0.0,0.0,0.0,0.0,0.0,0.0,0.0,0.0,0.07975286454195213,0.0,0.0,0.0,0.0,0.0,0.0,0.04930546744658736,0.0,0.0,0.0,0.0,0.0,0.0,0.0,0.0,0.0,0.0,0.04970391260741866,0.0,0.0,0.0,0.0,0.0,0.0,0.0,0.0,0.0,0.0,0.0,0.0,0.0,0.0,0.0,0.051239086727468394,0.0,0.0,0.0,0.0,0.0,0.0,0.041909211062543854,0.0,0.0,0.0,0.0,0.03062324766723494,0.0,0.5032138134218803
2024-01-17,0.0,0.0,0.0,0.0,0.0,0.0,0.0,0.0,0.0,0.0,0.0,0.0,0.0,0.0,0.0,0.0,0.0,0.0,0.0,0.0,0.0,0.0,0.0,0.0,0.0,0.0,0.0,0.0,0.0,0.0,0.0,0.052737765454011605,0.0,0.0,0.06475860420141037,0.0,0.0,0.0,0.04754274426013219,0.0,0.0,0.0,0.0,0.0,0.0,0.0,0.0,0.0,0.030975468378554145,0.0,0.0,0.0,0.0,0.0,0.0,0.0,0.0,0.0,0.0,0.0,0.0,0.0,0.0788824528586308,0.0,0.0,0.0,0.0,0.0,0.0,0.05035968568625331,0.0,0.0,0.0,0.0,0.0,0.0,0.0,0.0,0.0,0.0,0.049490589479605926,0.0,0.0,0.0,0.0,0.0,0.0,0.0,0.0,0.0,0.0,0.0,0.0,0.0,0.0,0.0,0.051311399803968226,0.0,0.0,0.0,0.0,0.0,0.0,0.041643557121407986,0.0,0.0,0.0,0.0,0.030342523899260718,0.0,0.5019552088567648
2024-01-18,0.0,0.0,0.0,0.0,0.0,0.0,0.0,0.0,0.0,0.0,0.0,0.0,0.0,0.0,0.0,0.0,0.0,0.0,0.0,0.0,0.0,0.0,0.0,0.0,0.0,0.0,0.0,0.0,0.0,0.0,0.0,0.05291975693315096,0.0,0.0,0.06410567978890191,0.0,0.0,0.0,0.04645086781081648,0.0,0.0,0.0,0.0,0.0,0.0,0.0,0.0,0.0,0.03066298879773144,0.0,0.0,0.0,0.0,0.0,0.0,0.0,0.0,0.0,0.0,0.0,0.0,0.0,0.07873622791585862,0.0,0.0,0.0,0.0,0.0,0.0,0.05002089083888086,0.0,0.0,0.0,0.0,0.0,0.0,0.0,0.0,0.0,0.0,0.04859922826882948,0.0,0.0,0.0,0.0,0.0,0.0,0.0,0.0,0.0,0.0,0.0,0.0,0.0,0.0,0.0,0.05183623815327995,0.0,0.0,0.0,0.0,0.0,0.0,0.0415980819597036,0.0,0.0,0.0,0.0,0.030264066883702544,0.0,0.5048059726491441
2024-01-19,0.0,0.0,0.0,0.0,0.0,0.0,0.0,0.0,0.0,0.0,0.0,0.0,0.0,0.0,0.0,0.0,0.0,0.0,0.0,0.0,0.0,0.0,0.0,0.0,0.0,0.0,0.0,0.0,0.0,0.0,0.0,0.052128854334390025,0.0,0.0,0.064859608783724,0.0,0.0,0.0,0.04704001879924569,0.0,0.0,0.0,0.0,0.0,0.0,0.0,0.0,0.0,0.030517519842963504,0.0,0.0,0.0,0.0,0.0,0.0,0.0,0.0,0.0,0.0,0.0,0.0,0.0,0.0795560374626957,0.0,0.0,0.0,0.0,0.0,0.0,0.05076897729180444,0.0,0.0,0.0,0.0,0.0,0.0,0.0,0.0,0.0,0.0,0.04850339279595294,0.0,0.0,0.0,0.0,0.0,0.0,0.0,0.0,0.0,0.0,0.0,0.0,0.0,0.0,0.0,0.05222723410185895,0.0,0.0,0.0,0.0,0.0,0.0,0.04133797912993824,0.0,0.0,0.0,0.0,0.03042951625087829,0.0,0.5026308612065482
2024-01-22,0.0,0.0,0.0,0.0,0.0,0.0,0.0,0.0,0.0,0.0,0.0,0.0,0.0,0.0,0.0,0.0,0.0,0.0,0.0,0.0,0.0,0.0,0.0,0.0,0.0,0.0,0.0,0.0,0.0,0.0,0.0,0.0524945619809901,0.0,0.0,0.06522177541951192,0.0,0.0,0.0,0.04680484623827055,0.0,0.0,0.0,0.0,0.0,0.0,0.0,0.0,0.0,0.03002864222699539,0.0,0.0,0.0,0.0,0.0,0.0,0.0,0.0,0.0,0.0,0.0,0.0,0.0,0.07854938573057024,0.0,0.0,0.0,0.0,0.0,0.0,0.049780937987190015,0.0,0.0,0.0,0.0,0.0,0.0,0.0,0.0,0.0,0.0,0.04920912353768259,0.0,0.0,0.0,0.0,0.0,0.0,0.0,0.0,0.0,0.0,0.0,0.0,0.0,0.0,0.0,0.05205336606541225,0.0,0.0,0.0,0.0,0.0,0.0,0.04085462059885401,0.0,0.0,0.0,0.0,0.030441806361483574,0.0,0.5045609338530392
2024-01-23,0.0,0.0,0.0,0.0,0.0,0.0,0.0,0.0,0.0,0.0,0.0,0.0,0.0,0.0,0.0,0.0,0.0,0.0,0.0,0.0,0.0,0.0,0.0,0.0,0.0,0.0,0.0,0.0,0.0,0.0,0.0,0.053026672637256474,0.0,0.0,0.06525790321034423,0.0,0.0,0.0,0.046440522478357275,0.0,0.0,0.0,0.0,0.0,0.0,0.0,0.0,0.0,0.030243682470947445,0.0,0.0,0.0,0.0,0.0,0.0,0.0,0.0,0.0,0.0,0.0,0.0,0.0,0.0808618538993696,0.0,0.0,0.0,0.0,0.0,0.0,0.049828175879608916,0.0,0.0,0.0,0.0,0.0,0.0,0.0,0.0,0.0,0.0,0.04972420131429834,0.0,0.0,0.0,0.0,0.0,0.0,0.0,0.0,0.0,0.0,0.0,0.0,0.0,0.0,0.0,0.051395860236948754,0.0,0.0,0.0,0.0,0.0,0.0,0.040811974313448796,0.0,0.0,0.0,0.0,0.030615198575289174,0.0,0.5017939549841309
2024-01-24,0.0,0.0,0.0,0.0,0.0,0.0,0.0,0.0,0.0,0.0,0.0,0.0,0.0,0.0,0.0,0.0,0.0,0.0,0.0,0.0,0.0,0.0,0.0,0.0,0.0,0.0,0.0,0.0,0.0,0.0,0.0,0.052065300537651994,0.0,0.0,0.06422690077232712,0.0,0.0,0.0,0.046760939475566775,0.0,0.0,0.0,0.0,0.0,0.0,0.0,0.0,0.0,0.030318595797584367,0.0,0.0,0.0,0.0,0.0,0.0,0.0,0.0,0.0,0.0,0.0,0.0,0.0,0.08000039087078517,0.0,0.0,0.0,0.0,0.0,0.0,0.04895522488435282,0.0,0.0,0.0,0.0,0.0,0.0,0.0,0.0,0.0,0.0,0.050890824705200746,0.0,0.0,0.0,0.0,0.0,0.0,0.0,0.0,0.0,0.0,0.0,0.0,0.0,0.0,0.0,0.051620373432533645,0.0,0.0,0.0,0.0,0.0,0.0,0.04113943584926233,0.0,0.0,0.0,0.0,0.030438146849752375,0.0,0.5035838668249826
2024-01-25,0.0,0.0,0.0,0.0,0.0,0.0,0.0,0.0,0.0,0.0,0.0,0.0,0.0,0.0,0.0,0.0,0.0,0.0,0.0,0.0,0.0,0.0,0.0,0.0,0.0,0.0,0.0,0.0,0.0,0.0,0.0,0.05189122669349476,0.0,0.0,0.0648097173251488,0.0,0.0,0.0,0.048546162231543455,0.0,0.0,0.0,0.0,0.0,0.0,0.0,0.0,0.0,0.029829636121168734,0.0,0.0,0.0,0.0,0.0,0.0,0.0,0.0,0.0,0.0,0.0,0.0,0.0,0.07855982724910271,0.0,0.0,0.0,0.0,0.0,0.0,0.04998312150186941,0.0,0.0,0.0,0.0,0.0,0.0,0.0,0.0,0.0,0.0,0.052775237057632526,0.0,0.0,0.0,0.0,0.0,0.0,0.0,0.0,0.0,0.0,0.0,0.0,0.0,0.0,0.0,0.05179895431327046,0.0,0.0,0.0,0.0,0.0,0.0,0.04050782045766452,0.0,0.0,0.0,0.0,0.03008271313125722,0.0,0.5012155839178474
2024-01-26,0.0,0.0,0.0,0.0,0.0,0.0,0.0,0.0,0.0,0.0,0.0,0.0,0.0,0.0,0.0,0.0,0.0,0.0,0.0,0.0,0.0,0.0,0.0,0.0,0.0,0.0,0.0,0.0,0.0,0.0,0.0,0.050652270190636055,0.0,0.0,0.06507390936508206,0.0,0.0,0.0,0.04833287747814944,0.0,0.0,0.0,0.0,0.0,0.0,0.0,0.0,0.0,0.02963274406896735,0.0,0.0,0.0,0.0,0.0,0.0,0.0,0.0,0.0,0.0,0.0,0.0,0.0,0.07836591574955495,0.0,0.0,0.0,0.0,0.0,0.0,0.05072822152566398,0.0,0.0,0.0,0.0,0.0,0.0,0.0,0.0,0.0,0.0,0.05234539957516947,0.0,0.0,0.0,0.0,0.0,0.0,0.0,0.0,0.0,0.0,0.0,0.0,0.0,0.0,0.0,0.050318549244237995,0.0,0.0,0.0,0.0,0.0,0.0,0.040649348429605124,0.0,0.0,0.0,0.0,0.03014900034961169,0.0,0.5037517640233219
2024-01-29,0.0,0.0,0.0,0.0,0.0,0.0,0.0,0.0,0.0,0.0,0.0,0.0,0.0,0.0,0.0,0.0,0.0,0.0,0.0,0.0,0.0,0.0,0.0,0.0,0.0,0.0,0.0,0.0,0.0,0.0,0.0,0.050789435227528525,0.0,0.0,0.06554843732435436,0.0,0.0,0.0,0.04804820216142519,0.0,0.0,0.0,0.0,0.0,0.0,0.0,0.0,0.0,0.02960992197822492,0.0,0.0,0.0,0.0,0.0,0.0,0.0,0.0,0.0,0.0,0.0,0.0,0.0,0.0769657248843782,0.0,0.0,0.0,0.0,0.0,0.0,0.05087395416383996,0.0,0.0,0.0,0.0,0.0,0.0,0.0,0.0,0.0,0.0,0.05143411007064563,0.0,0.0,0.0,0.0,0.0,0.0,0.0,0.0,0.0,0.0,0.0,0.0,0.0,0.0,0.0,0.04946074164036419,0.0,0.0,0.0,0.0,0.0,0.0,0.0406345176011354,0.0,0.0,0.0,0.0,0.03035982087395958,0.0,0.506275134074144
2024-01-30,0.0,0.0,0.0,0.0,0.0,0.0,0.0,0.0,0.0,0.0,0.0,0.0,0.0,0.0,0.0,0.0,0.0,0.0,0.0,0.0,0.0,0.0,0.0,0.0,0.0,0.0,0.0,0.0,0.0,0.0,0.0,0.05081875361009604,0.0,0.0,0.06561226352126653,0.0,0.0,0.0,0.04783596215947153,0.0,0.0,0.0,0.0,0.0,0.0,0.0,0.0,0.0,0.029473088541313846,0.0,0.0,0.0,0.0,0.0,0.0,0.0,0.0,0.0,0.0,0.0,0.0,0.0,0.07612869691368171,0.0,0.0,0.0,0.0,0.0,0.0,0.05029521944386954,0.0,0.0,0.0,0.0,0.0,0.0,0.0,0.0,0.0,0.0,0.052223723230687344,0.0,0.0,0.0,0.0,0.0,0.0,0.0,0.0,0.0,0.0,0.0,0.0,0.0,0.0,0.0,0.047832498156758795,0.0,0.0,0.0,0.0,0.0,0.0,0.04059822070864426,0.0,0.0,0.0,0.0,0.030266267694820898,0.0,0.5089153060193895
2024-01-31,0.0,0.0,0.0,0.0,0.0,0.0,0.0,0.0,0.0,0.0,0.0,0.0,0.0,0.0,0.0,0.0,0.0,0.0,0.0,0.0,0.0,0.0,0.0,0.0,0.0,0.0,0.0,0.0,0.0,0.0,0.0,0.050419954535963145,0.0,0.0,0.0655892374885672,0.0,0.0,0.0,0.04792416421578993,0.0,0.0,0.0,0.0,0.0,0.0,0.0,0.0,0.0,0.030914823162208657,0.0,0.0,0.0,0.0,0.0,0.0,0.0,0.0,0.0,0.0,0.0,0.0,0.0,0.07581403904785519,0.0,0.0,0.0,0.0,0.0,0.0,0.05073335162050753,0.0,0.0,0.0,0.0,0.0,0.0,0.0,0.0,0.0,0.0,0.05417487457148404,0.0,0.0,0.0,0.0,0.0,0.0,0.0,0.0,0.0,0.0,0.0,0.0,0.0,0.0,0.0,0.04753875753906336,0.0,0.0,0.0,0.0,0.0,0.0,0.04030998730355116,0.0,0.0,0.0,0.0,0.029547297096464944,0.0,0.5070335134185449
2024-02-01,0.0,0.0,0.0,0.0,0.0,0.0,0.0,0.0,0.0,0.0,0.0,0.0,0.0,0.0,0.0,0.0,0.0,0.0,0.0,0.0,0.0,0.0,0.0,0.0,0.0,0.0,0.0,0.0,0.0,0.0,0.0,0.05028882054755659,0.0,0.0,0.06547993188801521,0.0,0.0,0.0,0.04870061821820046,0.0,0.0,0.0,0.0,0.0,0.0,0.0,0.0,0.0,0.03048788326317813,0.0,0.0,0.0,0.0,0.0,0.0,0.0,0.0,0.0,0.0,0.0,0.0,0.0,0.07512882921597884,0.0,0.0,0.0,0.0,0.0,0.0,0.04948792125026998,0.0,0.0,0.0,0.0,0.0,0.0,0.0,0.0,0.0,0.0,0.0550986624912272,0.0,0.0,0.0,0.0,0.0,0.0,0.0,0.0,0.0,0.0,0.0,0.0,0.0,0.0,0.0,0.04912141693522509,0.0,0.0,0.0,0.0,0.0,0.0,0.04004242766771999,0.0,0.0,0.0,0.0,0.02976257371520617,0.0,0.5064009148074223
2024-02-02,0.0,0.0,0.0,0.0,0.0,0.0,0.0,0.0,0.0,0.0,0.0,0.0,0.0,0.0,0.0,0.0,0.0,0.0,0.0,0.0,0.0,0.0,0.0,0.0,0.0,0.0,0.0,0.0,0.0,0.0,0.0,0.04994603062708137,0.0,0.0,0.06481303747254819,0.0,0.0,0.0,0.047639356579244174,0.0,0.0,0.0,0.0,0.0,0.0,0.0,0.0,0.0,0.030386156102348343,0.0,0.0,0.0,0.0,0.0,0.0,0.0,0.0,0.0,0.0,0.0,0.0,0.0,0.07474327883403606,0.0,0.0,0.0,0.0,0.0,0.0,0.048672874574920415,0.0,0.0,0.0,0.0,0.0,0.0,0.0,0.0,0.0,0.0,0.05575268466284071,0.0,0.0,0.0,0.0,0.0,0.0,0.0,0.0,0.0,0.0,0.0,0.0,0.0,0.0,0.0,0.049533856099232415,0.0,0.0,0.0,0.0,0.0,0.0,0.039773052291239244,0.0,0.0,0.0,0.0,0.029859114536377337,0.0,0.5088805582201318
2024-02-05,0.0,0.0,0.0,0.0,0.0,0.0,0.0,0.0,0.0,0.0,0.0,0.0,0.0,0.0,0.0,0.0,0.0,0.0,0.0,0.0,0.0,0.0,0.0,0.0,0.0,0.0,0.0,0.0,0.0,0.0,0.0,0.05092877857244075,0.0,0.0,0.06538265433971054,0.0,0.0,0.0,0.04809330001735834,0.0,0.0,0.0,0.0,0.0,0.0,0.0,0.0,0.0,0.030217480041101304,0.0,0.0,0.0,0.0,0.0,0.0,0.0,0.0,0.0,0.0,0.0,0.0,0.0,0.07534822698473961,0.0,0.0,0.0,0.0,0.0,0.0,0.046633274422345446,0.0,0.0,0.0,0.0,0.0,0.0,0.0,0.0,0.0,0.0,0.05536829463498229,0.0,0.0,0.0,0.0,0.0,0.0,0.0,0.0,0.0,0.0,0.0,0.0,0.0,0.0,0.0,0.047653907419602,0.0,0.0,0.0,0.0,0.0,0.0,0.03991915048307516,0.0,0.0,0.0,0.0,0.030523118971709638,0.0,0.5099318141129349
2024-02-06,0.0,0.0,0.0,0.0,0.0,0.0,0.0,0.0,0.0,0.0,0.0,0.0,0.0,0.0,0.0,0.0,0.0,0.0,0.0,0.0,0.0,0.0,0.0,0.0,0.0,0.0,0.0,0.0,0.0,0.0,0.0,0.05012487358213564,0.0,0.0,0.06662877233061758,0.0,0.0,0.0,0.04879421058624395,0.0,0.0,0.0,0.0,0.0,0.0,0.0,0.0,0.0,0.0305602541506425,0.0,0.0,0.0,0.0,0.0,0.0,0.0,0.0,0.0,0.0,0.0,0.0,0.0,0.07602742044045396,0.0,0.0,0.0,0.0,0.0,0.0,0.04624377330511529,0.0,0.0,0.0,0.0,0.0,0.0,0.0,0.0,0.0,0.0,0.05509391614804912,0.0,0.0,0.0,0.0,0.0,0.0,0.0,0.0,0.0,0.0,0.0,0.0,0.0,0.0,0.0,0.04818085916332953,0.0,0.0,0.0,0.0,0.0,0.0,0.03971279787206226,0.0,0.0,0.0,0.0,0.030390940812906848,0.0,0.5082421816084433
2024-02-07,0.0,0.0,0.0,0.0,0.0,0.0,0.0,0.0,0.0,0.0,0.0,0.0,0.0,0.0,0.0,0.0,0.0,0.0,0.0,0.0,0.0,0.0,0.0,0.0,0.0,0.0,0.0,0.0,0.0,0.0,0.0,0.05047341275662942,0.0,0.0,0.06714874646470546,0.0,0.0,0.0,0.048877452851377026,0.0,0.0,0.0,0.0,0.0,0.0,0.0,0.0,0.0,0.03037985542999553,0.0,0.0,0.0,0.0,0.0,0.0,0.0,0.0,0.0,0.0,0.0,0.0,0.0,0.07680135466667408,0.0,0.0,0.0,0.0,0.0,0.0,0.04770616140397912,0.0,0.0,0.0,0.0,0.0,0.0,0.0,0.0,0.0,0.0,0.05565665264264003,0.0,0.0,0.0,0.0,0.0,0.0,0.0,0.0,0.0,0.0,0.0,0.0,0.0,0.0,0.0,0.050341570104075556,0.0,0.0,0.0,0.0,0.0,0.0,0.039703190742304745,0.0,0.0,0.0,0.0,0.030388753705591423,0.0,0.5025228492320276
2024-02-08,0.0,0.0,0.0,0.0,0.0,0.0,0.0,0.0,0.0,0.0,0.0,0.0,0.0,0.0,0.0,0.0,0.0,0.0,0.0,0.0,0.0,0.0,0.0,0.0,0.0,0.0,0.0,0.0,0.0,0.0,0.0,0.050072151512693605,0.0,0.0,0.06697968871223695,0.0,0.0,0.0,0.04847229250105566,0.0,0.0,0.0,0.0,0.0,0.0,0.0,0.0,0.0,0.02994045442527294,0.0,0.0,0.0,0.0,0.0,0.0,0.0,0.0,0.0,0.0,0.0,0.0,0.0,0.0768570281525524,0.0,0.0,0.0,0.0,0.0,0.0,0.046665078722614786,0.0,0.0,0.0,0.0,0.0,0.0,0.0,0.0,0.0,0.0,0.05557123578956939,0.0,0.0,0.0,0.0,0.0,0.0,0.0,0.0,0.0,0.0,0.0,0.0,0.0,0.0,0.0,0.04922475541369385,0.0,0.0,0.0,0.0,0.0,0.0,0.0392365430296877,0.0,0.0,0.0,0.0,0.030754542631465986,0.0,0.5062262291091568
2024-02-09,0.0,0.0,0.0,0.0,0.0,0.0,0.0,0.0,0.0,0.0,0.0,0.0,0.0,0.0,0.0,0.0,0.0,0.0,0.0,0.0,0.0,0.0,0.0,0.0,0.0,0.0,0.0,0.0,0.0,0.0,0.0,0.051419707926845165,0.0,0.0,0.06507789048013138,0.0,0.0,0.0,0.048787144995938364,0.0,0.0,0.0,0.0,0.0,0.0,0.0,0.0,0.0,0.030037829754954472,0.0,0.0,0.0,0.0,0.0,0.0,0.0,0.0,0.0,0.0,0.0,0.0,0.0,0.0749121307170012,0.0,0.0,0.0,0.0,0.0,0.0,0.04841057930602976,0.0,0.0,0.0,0.0,0.0,0.0,0.0,0.0,0.0,0.0,0.05628035931522925,0.0,0.0,0.0,0.0,0.0,0.0,0.0,0.0,0.0,0.0,0.0,0.0,0.0,0.0,0.0,0.04960605716065912,0.0,0.0,0.0,0.0,0.0,0.0,0.03833496913535002,0.0,0.0,0.0,0.0,0.03038203741128266,0.0,0.5067512937965788
2024-02-14,0.0,0.0,0.0,0.0,0.0,0.0,0.0,0.0,0.0,0.0,0.0,0.0,0.0,0.0,0.0,0.0,0.0,0.0,0.0,0.0,0.0,0.0,0.0,0.0,0.0,0.0,0.0,0.0,0.0,0.0,0.0,0.05083731963337162,0.0,0.0,0.06392677065919454,0.0,0.0,0.0,0.048427847961306045,0.0,0.0,0.0,0.0,0.0,0.0,0.0,0.0,0.0,0.0301200541026874,0.0,0.0,0.0,0.0,0.0,0.0,0.0,0.0,0.0,0.0,0.0,0.0,0.0,0.07438916746865269,0.0,0.0,0.0,0.0,0.0,0.0,0.047458307695986274,0.0,0.0,0.0,0.0,0.0,0.0,0.0,0.0,0.0,0.0,0.056052184928403956,0.0,0.0,0.0,0.0,0.0,0.0,0.0,0.0,0.0,0.0,0.0,0.0,0.0,0.0,0.0,0.048814684177391585,0.0,0.0,0.0,0.0,0.0,0.0,0.03816474694431887,0.0,0.0,0.0,0.0,0.030772919638261415,0.0,0.5110359967904256
2024-02-15,0.0,0.0,0.0,0.0,0.0,0.0,0.0,0.0,0.0,0.0,0.0,0.0,0.0,0.0,0.0,0.0,0.0,0.0,0.0,0.0,0.0,0.0,0.0,0.0,0.0,0.0,0.0,0.0,0.0,0.0,0.0,0.05130898044962062,0.0,0.0,0.06397157522407405,0.0,0.0,0.0,0.048094015756730404,0.0,0.0,0.0,0.0,0.0,0.0,0.0,0.0,0.0,0.030507977768042448,0.0,0.0,0.0,0.0,0.0,0.0,0.0,0.0,0.0,0.0,0.0,0.0,0.0,0.07455786846300415,0.0,0.0,0.0,0.0,0.0,0.0,0.04659115736776785,0.0,0.0,0.0,0.0,0.0,0.0,0.0,0.0,0.0,0.0,0.055997887417020026,0.0,0.0,0.0,0.0,0.0,0.0,0.0,0.0,0.0,0.0,0.0,0.0,0.0,0.0,0.0,0.0486710230456829,0.0,0.0,0.0,0.0,0.0,0.0,0.03909463939803471,0.0,0.0,0.0,0.0,0.03044970903022858,0.0,0.5107551660797942
2024-02-16,0.0,0.0,0.0,0.0,0.0,0.0,0.0,0.0,0.0,0.0,0.0,0.0,0.0,0.0,0.0,0.0,0.0,0.0,0.0,0.0,0.03975765799455508,0.0,0.0,0.0,0.0,0.0,0.0,0.0,0.0,0.0,0.0,0.0,0.0,0.0,0.08459604079571101,0.0,0.0,0.0,0.07857590764297927,0.0,0.0,0.0,0.0,0.0,0.0,0.0,0.0,0.0,0.07262116038137577,0.0,0.0,0.0,0.0,0.0,0.04004420664717065,0.0,0.0,0.0,0.0,0.0,0.0,0.0,0.09239365514078561,0.0,0.0,0.0,0.0,0.0,0.0,0.0,0.0,0.0,0.0,0.0,0.0,0.0,0.0,0.0,0.0,0.0,0.0,0.0,0.0,0.0,0.0,0.0,0.0,0.0,0.0,0.0,0.0,0.0,0.0,0.0,0.0,0.0,0.0,0.0,0.0,0.0,0.0,0.0,0.0,0.0,0.0,0.0,0.0,0.0,0.0726016944665764,0.0,0.27523299944678187
2024-02-19,0.0,0.0,0.0,0.0,0.0,0.0,0.0,0.0,0.0,0.0,0.0,0.0,0.0,0.0,0.0,0.0,0.0,0.0,0.0,0.0,0.0395067181950355,0.0,0.0,0.0,0.0,0.0,0.0,0.0,0.0,0.0,0.0,0.0,0.0,0.0,0.08531087160449995,0.0,0.0,0.0,0.07809944665950327,0.0,0.0,0.0,0.0,0.0,0.0,0.0,0.0,0.0,0.07417471278754884,0.0,0.0,0.0,0.0,0.0,0.03915184894383854,0.0,0.0,0.0,0.0,0.0,0.0,0.0,0.09234959657710039,0.0,0.0,0.0,0.0,0.0,0.0,0.0,0.0,0.0,0.0,0.0,0.0,0.0,0.0,0.0,0.0,0.0,0.0,0.0,0.0,0.0,0.0,0.0,0.0,0.0,0.0,0.0,0.0,0.0,0.0,0.0,0.0,0.0,0.0,0.0,0.0,0.0,0.0,0.0,0.0,0.0,0.0,0.0,0.0,0.0,0.07268478130061663,0.0,0.27492281850105166
2024-02-20,0.0,0.0,0.0,0.0,0.0,0.0,0.0,0.0,0.0,0.0,0.0,0.0,0.0,0.0,0.0,0.0,0.0,0.0,0.0,0.0,0.03898313096665013,0.0,0.0,0.0,0.0,0.0,0.0,0.0,0.0,0.0,0.0,0.0,0.0,0.0,0.08764050029541007,0.0,0.0,0.0,0.08199657979549994,0.0,0.0,0.0,0.0,0.0,0.0,0.0,0.0,0.0,0.07403888171765724,0.0,0.0,0.0,0.0,0.0,0.03887193235208224,0.0,0.0,0.0,0.0,0.0,0.0,0.0,0.09281431545531385,0.0,0.0,0.0,0.0,0.0,0.0,0.0,0.0,0.0,0.0,0.0,0.0,0.0,0.0,0.0,0.0,0.0,0.0,0.0,0.0,0.0,0.0,0.0,0.0,0.0,0.0,0.0,0.0,0.0,0.0,0.0,0.0,0.0,0.0,0.0,0.0,0.0,0.0,0.0,0.0,0.0,0.0,0.0,0.0,0.0,0.07341706771755521,0.0,0.5122375916998313
2024-02-21,0.0,0.0,0.0,0.0,0.0,0.0,0.0,0.0,0.0,0.0,0.0,0.0,0.0,0.0,0.0,0.0,0.0,0.0,0.0,0.0,0.03897434711373499,0.0,0.0,0.0,0.0,0.0,0.0,0.0,0.0,0.0,0.0,0.0,0.0,0.0,0.0879956946434623,0.0,0.0,0.0,0.08180968597215778,0.0,0.0,0.0,0.0,0.0,0.0,0.0,0.0,0.0,0.07291586778628907,0.0,0.0,0.0,0.0,0.0,0.038920219037301244,0.0,0.0,0.0,0.0,0.0,0.0,0.0,0.09380950305030705,0.0,0.0,0.0,0.0,0.0,0.0,0.0,0.0,0.0,0.0,0.0,0.0,0.0,0.0,0.0,0.0,0.0,0.0,0.0,0.0,0.0,0.0,0.0,0.0,0.0,0.0,0.0,0.0,0.0,0.0,0.0,0.0,0.0,0.0,0.0,0.0,0.0,0.0,0.0,0.0,0.0,0.0,0.0,0.0,0.0,0.07776237674991188,0.0,0.5078123056468357
2024-02-22,0.0,0.0,0.0,0.0,0.0,0.0,0.0,0.0,0.0,0.0,0.0,0.0,0.0,0.0,0.0,0.0,0.0,0.0,0.0,0.0,0.03875315180531004,0.0,0.0,0.0,0.0,0.0,0.0,0.0,0.0,0.0,0.0,0.0,0.0,0.0,0.08845204610805978,0.0,0.0,0.0,0.08072901464079707,0.0,0.0,0.0,0.0,0.0,0.0,0.0,0.0,0.0,0.07421406753609482,0.0,0.0,0.0,0.0,0.0,0.03960469116516826,0.0,0.0,0.0,0.0,0.0,0.0,0.0,0.0964538431093137,0.0,0.0,0.0,0.0,0.0,0.0,0.0,0.0,0.0,0.0,0.0,0.0,0.0,0.0,0.0,0.0,0.0,0.0,0.0,0.0,0.0,0.0,0.0,0.0,0.0,0.0,0.0,0.0,0.0,0.0,0.0,0.0,0.0,0.0,0.0,0.0,0.0,0.0,0.0,0.0,0.0,0.0,0.0,0.0,0.0,0.07510203563969432,0.0,0.5066911499955621
2024-02-23,0.0,0.0,0.0,0.0,0.0,0.0,0.0,0.0,0.0,0.0,0.0,0.0,0.0,0.0,0.0,0.0,0.0,0.0,0.0,0.0,0.037280658571914795,0.0,0.0,0.0,0.0,0.0,0.0,0.0,0.0,0.0,0.0,0.0,0.0,0.0,0.08773679131682602,0.0,0.0,0.0,0.08091470423507907,0.0,0.0,0.0,0.0,0.0,0.0,0.0,0.0,0.0,0.0740680485809188,0.0,0.0,0.0,0.0,0.0,0.039573354264077286,0.0,0.0,0.0,0.0,0.0,0.0,0.0,0.09599963402633573,0.0,0.0,0.0,0.0,0.0,0.0,0.0,0.0,0.0,0.0,0.0,0.0,0.0,0.0,0.0,0.0,0.0,0.0,0.0,0.0,0.0,0.0,0.0,0.0,0.0,0.0,0.0,0.0,0.0,0.0,0.0,0.0,0.0,0.0,0.0,0.0,0.0,0.0,0.0,0.0,0.0,0.0,0.0,0.0,0.0,0.07635710724320363,0.0,0.5080697017616447
2024-02-26,0.0,0.0,0.0,0.0,0.0,0.0,0.0,0.0,0.0,0.0,0.0,0.0,0.0,0.0,0.0,0.0,0.0,0.0,0.0,0.0,0.0371354185614902,0.0,0.0,0.0,0.0,0.0,0.0,0.0,0.0,0.0,0.0,0.0,0.0,0.0,0.08781078681188915,0.0,0.0,0.0,0.0804942908985729,0.0,0.0,0.0,0.0,0.0,0.0,0.0,0.0,0.0,0.07434345604638375,0.0,0.0,0.0,0.0,0.0,0.03917343695758792,0.0,0.0,0.0,0.0,0.0,0.0,0.0,0.09554053307537075,0.0,0.0,0.0,0.0,0.0,0.0,0.0,0.0,0.0,0.0,0.0,0.0,0.0,0.0,0.0,0.0,0.0,0.0,0.0,0.0,0.0,0.0,0.0,0.0,0.0,0.0,0.0,0.0,0.0,0.0,0.0,0.0,0.0,0.0,0.0,0.0,0.0,0.0,0.0,0.0,0.0,0.0,0.0,0.0,0.0,0.07811873936160564,0.0,0.5073833382870997
2024-02-27,0.0,0.0,0.0,0.0,0.0,0.0,0.0,0.0,0.0,0.0,0.0,0.0,0.0,0.0,0.0,0.0,0.0,0.0,0.0,0.0,0.03713797434111115,0.0,0.0,0.0,0.0,0.0,0.0,0.0,0.0,0.0,0.0,0.0,0.0,0.0,0.08714964347995474,0.0,0.0,0.0,0.08263067673116625,0.0,0.0,0.0,0.0,0.0,0.0,0.0,0.0,0.0,0.07441722317297764,0.0,0.0,0.0,0.0,0.0,0.03976975047623851,0.0,0.0,0.0,0.0,0.0,0.0,0.0,0.09706686152749722,0.0,0.0,0.0,0.0,0.0,0.0,0.0,0.0,0.0,0.0,0.0,0.0,0.0,0.0,0.0,0.0,0.0,0.0,0.0,0.0,0.0,0.0,0.0,0.0,0.0,0.0,0.0,0.0,0.0,0.0,0.0,0.0,0.0,0.0,0.0,0.0,0.0,0.0,0.0,0.0,0.0,0.0,0.0,0.0,0.0,0.07831646536482303,0.0,0.5035114049062314
2024-02-28,0.0,0.0,0.0,0.0,0.0,0.0,0.0,0.0,0.0,0.0,0.0,0.0,0.0,0.0,0.0,0.0,0.0,0.0,0.0,0.0,0.037570271968263104,0.0,0.0,0.0,0.0,0.0,0.0,0.0,0.0,0.0,0.0,0.0,0.0,0.0,0.08505102988476668,0.0,0.0,0.0,0.08171821702687411,0.0,0.0,0.0,0.0,0.0,0.0,0.0,0.0,0.0,0.07442654393253884,0.0,0.0,0.0,0.0,0.0,0.03990655157388134,0.0,0.0,0.0,0.0,0.0,0.0,0.0,0.09756398864676936,0.0,0.0,0.0,0.0,0.0,0.0,0.0,0.0,0.0,0.0,0.0,0.0,0.0,0.0,0.0,0.0,0.0,0.0,0.0,0.0,0.0,0.0,0.0,0.0,0.0,0.0,0.0,0.0,0.0,0.0,0.0,0.0,0.0,0.0,0.0,0.0,0.0,0.0,0.0,0.0,0.0,0.0,0.0,0.0,0.0,0.07845651596556497,0.0,0.5053068810013415
2024-02-29,0.0,0.0,0.0,0.0,0.0,0.0,0.0,0.0,0.0,0.0,0.0,0.0,0.0,0.0,0.0,0.0,0.0,0.0,0.0,0.0,0.03693680815148003,0.0,0.0,0.0,0.0,0.0,0.0,0.0,0.0,0.0,0.0,0.0,0.0,0.0,0.08843744110395092,0.0,0.0,0.0,0.08204728796700102,0.0,0.0,0.0,0.0,0.0,0.0,0.0,0.0,0.0,0.07387215276149216,0.0,0.0,0.0,0.0,0.0,0.03875091292327995,0.0,0.0,0.0,0.0,0.0,0.0,0.0,0.09335540457570084,0.0,0.0,0.0,0.0,0.0,0.0,0.0,0.0,0.0,0.0,0.0,0.0,0.0,0.0,0.0,0.0,0.0,0.0,0.0,0.0,0.0,0.0,0.0,0.0,0.0,0.0,0.0,0.0,0.0,0.0,0.0,0.0,0.0,0.0,0.0,0.0,0.0,0.0,0.0,0.0,0.0,0.0,0.0,0.0,0.0,0.07840215867418122,0.0,0.5081978338429138
2024-03-01,0.0,0.0,0.0,0.0,0.0,0.0,0.0,0.0,0.0,0.0,0.0,0.0,0.0,0.0,0.0,0.0,0.0,0.0,0.0,0.0,0.03714578673215111,0.0,0.0,0.0,0.0,0.0,0.0,0.0,0.0,0.0,0.0,0.0,0.0,0.0,0.0873690889906339,0.0,0.0,0.0,0.08205456435188908,0.0,0.0,0.0,0.0,0.0,0.0,0.0,0.0,0.0,0.07468852667087045,0.0,0.0,0.0,0.0,0.0,0.040090002241887294,0.0,0.0,0.0,0.0,0.0,0.0,0.0,0.0937170215463504,0.0,0.0,0.0,0.0,0.0,0.0,0.0,0.0,0.0,0.0,0.0,0.0,0.0,0.0,0.0,0.0,0.0,0.0,0.0,0.0,0.0,0.0,0.0,0.0,0.0,0.0,0.0,0.0,0.0,0.0,0.0,0.0,0.0,0.0,0.0,0.0,0.0,0.0,0.0,0.0,0.0,0.0,0.0,0.0,0.0,0.07925608324781404,0.0,0.5056789262184036
2024-03-04,0.0,0.0,0.0,0.0,0.0,0.0,0.0,0.0,0.0,0.0,0.0,0.0,0.0,0.0,0.0,0.0,0.0,0.0,0.0,0.0,0.03685555046636265,0.0,0.0,0.0,0.0,0.0,0.0,0.0,0.0,0.0,0.0,0.0,0.0,0.0,0.087503452898142,0.0,0.0,0.0,0.08322438198188196,0.0,0.0,0.0,0.0,0.0,0.0,0.0,0.0,0.0,0.07414712873998729,0.0,0.0,0.0,0.0,0.0,0.03945586661458269,0.0,0.0,0.0,0.0,0.0,0.0,0.0,0.09400208746023146,0.0,0.0,0.0,0.0,0.0,0.0,0.0,0.0,0.0,0.0,0.0,0.0,0.0,0.0,0.0,0.0,0.0,0.0,0.0,0.0,0.0,0.0,0.0,0.0,0.0,0.0,0.0,0.0,0.0,0.0,0.0,0.0,0.0,0.0,0.0,0.0,0.0,0.0,0.0,0.0,0.0,0.0,0.0,0.0,0.0,0.07893500497434632,0.0,0.5058765268644657
2024-03-05,0.0,0.0,0.0,0.0,0.0,0.0,0.0,0.0,0.0,0.0,0.0,0.0,0.0,0.0,0.0,0.0,0.0,0.0,0.0,0.0,0.0370058571539747,0.0,0.0,0.0,0.0,0.0,0.0,0.0,0.0,0.0,0.0,0.0,0.0,0.0,0.0877527976544884,0.0,0.0,0.0,0.08400773721713875,0.0,0.0,0.0,0.0,0.0,0.0,0.0,0.0,0.0,0.07456787058854332,0.0,0.0,0.0,0.0,0.0,0.038177422947703286,0.0,0.0,0.0,0.0,0.0,0.0,0.0,0.09483096665890228,0.0,0.0,0.0,0.0,0.0,0.0,0.0,0.0,0.0,0.0,0.0,0.0,0.0,0.0,0.0,0.0,0.0,0.0,0.0,0.0,0.0,0.0,0.0,0.0,0.0,0.0,0.0,0.0,0.0,0.0,0.0,0.0,0.0,0.0,0.0,0.0,0.0,0.0,0.0,0.0,0.0,0.0,0.0,0.0,0.0,0.07928201789340457,0.0,0.5043753298858447
2024-03-06,0.0,0.0,0.0,0.0,0.0,0.0,0.0,0.0,0.0,0.0,0.0,0.0,0.0,0.0,0.0,0.0,0.0,0.0,0.0,0.0,0.035270558776507165,0.0,0.0,0.0,0.0,0.0,0.0,0.0,0.0,0.0,0.0,0.0,0.0,0.0,0.08825548157116533,0.0,0.0,0.0,0.0852089405074453,0.0,0.0,0.0,0.0,0.0,0.0,0.0,0.0,0.0,0.07508706397225078,0.0,0.0,0.0,0.0,0.0,0.03891609765921146,0.0,0.0,0.0,0.0,0.0,0.0,0.0,0.095211083584856,0.0,0.0,0.0,0.0,0.0,0.0,0.0,0.0,0.0,0.0,0.0,0.0,0.0,0.0,0.0,0.0,0.0,0.0,0.0,0.0,0.0,0.0,0.0,0.0,0.0,0.0,0.0,0.0,0.0,0.0,0.0,0.0,0.0,0.0,0.0,0.0,0.0,0.0,0.0,0.0,0.0,0.0,0.0,0.0,0.0,0.07848709400975636,0.0,0.5035636799188077
2024-03-07,0.0,0.0,0.0,0.0,0.0,0.0,0.0,0.0,0.0,0.0,0.0,0.0,0.0,0.0,0.0,0.0,0.0,0.0,0.0,0.0,0.03550328124452224,0.0,0.0,0.0,0.0,0.0,0.0,0.0,0.0,0.0,0.0,0.0,0.0,0.0,0.08735307165197512,0.0,0.0,0.0,0.08515084251540467,0.0,0.0,0.0,0.0,0.0,0.0,0.0,0.0,0.0,0.07488949430391452,0.0,0.0,0.0,0.0,0.0,0.038380191417763894,0.0,0.0,0.0,0.0,0.0,0.0,0.0,0.09570173264902711,0.0,0.0,0.0,0.0,0.0,0.0,0.0,0.0,0.0,0.0,0.0,0.0,0.0,0.0,0.0,0.0,0.0,0.0,0.0,0.0,0.0,0.0,0.0,0.0,0.0,0.0,0.0,0.0,0.0,0.0,0.0,0.0,0.0,0.0,0.0,0.0,0.0,0.0,0.0,0.0,0.0,0.0,0.0,0.0,0.0,0.07816788754656592,0.0,0.5048534986708265
2024-03-08,0.0,0.0,0.0,0.0,0.0,0.0,0.0,0.0,0.0,0.0,0.0,0.0,0.0,0.0,0.0,0.0,0.0,0.0,0.0,0.0,0.036781207839925716,0.0,0.0,0.0,0.0,0.0,0.0,0.0,0.0,0.0,0.0,0.0,0.0,0.0,0.08813791206038632,0.0,0.0,0.0,0.0859603080676302,0.0,0.0,0.0,0.0,0.0,0.0,0.0,0.0,0.0,0.07408896766073618,0.0,0.0,0.0,0.0,0.0,0.038303664896009636,0.0,0.0,0.0,0.0,0.0,0.0,0.0,0.09726134630099816,0.0,0.0,0.0,0.0,0.0,0.0,0.0,0.0,0.0,0.0,0.0,0.0,0.0,0.0,0.0,0.0,0.0,0.0,0.0,0.0,0.0,0.0,0.0,0.0,0.0,0.0,0.0,0.0,0.0,0.0,0.0,0.0,0.0,0.0,0.0,0.0,0.0,0.0,0.0,0.0,0.0,0.0,0.0,0.0,0.0,0.07769950183120643,0.0,0.5017670913431075
2024-03-11,0.0,0.0,0.0,0.0,0.0,0.0,0.0,0.0,0.0,0.0,0.0,0.0,0.0,0.0,0.0,0.0,0.0,0.0,0.0,0.0,0.03779149895975201,0.0,0.0,0.0,0.0,0.0,0.0,0.0,0.0,0.0,0.0,0.0,0.0,0.0,0.0883357534398714,0.0,0.0,0.0,0.08471101869759157,0.0,0.0,0.0,0.0,0.0,0.0,0.0,0.0,0.0,0.07435177246902842,0.0,0.0,0.0,0.0,0.0,0.03795480385662617,0.0,0.0,0.0,0.0,0.0,0.0,0.0,0.09774524099905292,0.0,0.0,0.0,0.0,0.0,0.0,0.0,0.0,0.0,0.0,0.0,0.0,0.0,0.0,0.0,0.0,0.0,0.0,0.0,0.0,0.0,0.0,0.0,0.0,0.0,0.0,0.0,0.0,0.0,0.0,0.0,0.0,0.0,0.0,0.0,0.0,0.0,0.0,0.0,0.0,0.0,0.0,0.0,0.0,0.0,0.078060073213544,0.0,0.5010498383645334
2024-03-12,0.0,0.0,0.0,0.0,0.0,0.0,0.0,0.0,0.0,0.0,0.0,0.0,0.0,0.0,0.0,0.0,0.0,0.0,0.0,0.0,0.03795396710916533,0.0,0.0,0.0,0.0,0.0,0.0,0.0,0.0,0.0,0.0,0.0,0.0,0.0,0.09078225310531067,0.0,0.0,0.0,0.08400885975195795,0.0,0.0,0.0,0.0,0.0,0.0,0.0,0.0,0.0,0.07494333178515909,0.0,0.0,0.0,0.0,0.0,0.03866011387700721,0.0,0.0,0.0,0.0,0.0,0.0,0.0,0.09703617223445189,0.0,0.0,0.0,0.0,0.0,0.0,0.0,0.0,0.0,0.0,0.0,0.0,0.0,0.0,0.0,0.0,0.0,0.0,0.0,0.0,0.0,0.0,0.0,0.0,0.0,0.0,0.0,0.0,0.0,0.0,0.0,0.0,0.0,0.0,0.0,0.0,0.0,0.0,0.0,0.0,0.0,0.0,0.0,0.0,0.0,0.07850838952572296,0.0,0.4981069126112249
2024-03-13,0.0,0.0,0.0,0.0,0.0,0.0,0.0,0.0,0.0,0.0,0.0,0.0,0.0,0.0,0.0,0.0,0.0,0.0,0.0,0.0,0.03806665693699121,0.0,0.0,0.0,0.0,0.0,0.0,0.0,0.0,0.0,0.0,0.0,0.0,0.0,0.09310467066444779,0.0,0.0,0.0,0.08318302313084851,0.0,0.0,0.0,0.0,0.0,0.0,0.0,0.0,0.0,0.07542840676769984,0.0,0.0,0.0,0.0,0.0,0.038961500595376494,0.0,0.0,0.0,0.0,0.0,0.0,0.0,0.09693942723536128,0.0,0.0,0.0,0.0,0.0,0.0,0.0,0.0,0.0,0.0,0.0,0.0,0.0,0.0,0.0,0.0,0.0,0.0,0.0,0.0,0.0,0.0,0.0,0.0,0.0,0.0,0.0,0.0,0.0,0.0,0.0,0.0,0.0,0.0,0.0,0.0,0.0,0.0,0.0,0.0,0.0,0.0,0.0,0.0,0.0,0.07890208809565175,0.0,0.4954142265736231
2024-03-14,0.0,0.0,0.0,0.0,0.0,0.0,0.0,0.0,0.0,0.0,0.0,0.0,0.0,0.0,0.0,0.0,0.0,0.0,0.0,0.0,0.03772079287512851,0.0,0.0,0.0,0.0,0.0,0.0,0.0,0.0,0.0,0.0,0.0,0.0,0.0,0.09252482430905032,0.0,0.0,0.0,0.08486786554384934,0.0,0.0,0.0,0.0,0.0,0.0,0.0,0.0,0.0,0.0755218563239821,0.0,0.0,0.0,0.0,0.0,0.037609568468368694,0.0,0.0,0.0,0.0,0.0,0.0,0.0,0.09632758977186609,0.0,0.0,0.0,0.0,0.0,0.0,0.0,0.0,0.0,0.0,0.0,0.0,0.0,0.0,0.0,0.0,0.0,0.0,0.0,0.0,0.0,0.0,0.0,0.0,0.0,0.0,0.0,0.0,0.0,0.0,0.0,0.0,0.0,0.0,0.0,0.0,0.0,0.0,0.0,0.0,0.0,0.0,0.0,0.0,0.0,0.0786133880235956,0.0,0.49681411468415926
2024-03-15,0.0,0.0,0.0,0.0,0.0,0.0,0.0,0.0,0.0,0.0,0.0,0.0,0.0,0.0,0.0,0.0,0.0,0.0,0.0,0.0,0.03726477252432035,0.0,0.0,0.0,0.0,0.0,0.0,0.0,0.0,0.0,0.0,0.0,0.0,0.0,0.09194413880427456,0.0,0.0,0.0,0.08428466117347747,0.0,0.0,0.0,0.0,0.0,0.0,0.0,0.0,0.0,0.07714426673320961,0.0,0.0,0.0,0.0,0.0,0.039010299026472434,0.0,0.0,0.0,0.0,0.0,0.0,0.0,0.09595391565374271,0.0,0.0,0.0,0.0,0.0,0.0,0.0,0.0,0.0,0.0,0.0,0.0,0.0,0.0,0.0,0.0,0.0,0.0,0.0,0.0,0.0,0.0,0.0,0.0,0.0,0.0,0.0,0.0,0.0,0.0,0.0,0.0,0.0,0.0,0.0,0.0,0.0,0.0,0.0,0.0,0.0,0.0,0.0,0.0,0.0,0.078820428092847,0.0,0.49557751799165595
2024-03-18,0.0,0.0,0.0,0.0,0.0,0.0,0.0,0.0,0.0,0.0,0.0,0.0,0.0,0.0,0.0,0.0,0.0,0.0,0.0,0.0,0.03801403214427706,0.0,0.0,0.0,0.0,0.0,0.0,0.0,0.0,0.0,0.0,0.0,0.0,0.0,0.09070716817207414,0.0,0.0,0.0,0.08216660424927265,0.0,0.0,0.0,0.0,0.0,0.0,0.0,0.0,0.0,0.07731868982536083,0.0,0.0,0.0,0.0,0.0,0.038279753142897506,0.0,0.0,0.0,0.0,0.0,0.0,0.0,0.09629603314986755,0.0,0.0,0.0,0.0,0.0,0.0,0.0,0.0,0.0,0.0,0.0,0.0,0.0,0.0,0.0,0.0,0.0,0.0,0.0,0.0,0.0,0.0,0.0,0.0,0.0,0.0,0.0,0.0,0.0,0.0,0.0,0.0,0.0,0.0,0.0,0.0,0.0,0.0,0.0,0.0,0.0,0.0,0.0,0.0,0.0,0.07917870261286847,0.0,0.49803901670338174
2024-03-19,0.0,0.0,0.0,0.0,0.0,0.0,0.0,0.0,0.0,0.0,0.0,0.0,0.0,0.0,0.0,0.0,0.0,0.0,0.0,0.0,0.03858854698720707,0.0,0.0,0.0,0.0,0.0,0.0,0.0,0.0,0.0,0.0,0.0,0.0,0.0,0.09034711950697784,0.0,0.0,0.0,0.08280958642914586,0.0,0.0,0.0,0.0,0.0,0.0,0.0,0.0,0.0,0.07767559730005169,0.0,0.0,0.0,0.0,0.0,0.038097568938665775,0.0,0.0,0.0,0.0,0.0,0.0,0.0,0.09605377432456168,0.0,0.0,0.0,0.0,0.0,0.0,0.0,0.0,0.0,0.0,0.0,0.0,0.0,0.0,0.0,0.0,0.0,0.0,0.0,0.0,0.0,0.0,0.0,0.0,0.0,0.0,0.0,0.0,0.0,0.0,0.0,0.0,0.0,0.0,0.0,0.0,0.0,0.0,0.0,0.0,0.0,0.0,0.0,0.0,0.0,0.08040207899994697,0.0,0.4960257275134431
2024-03-20,0.0,0.0,0.0,0.0,0.0,0.0,0.0,0.0,0.0,0.0,0.0,0.0,0.0,0.0,0.0,0.0,0.0,0.0,0.0,0.0,0.03859445748496147,0.0,0.0,0.0,0.0,0.0,0.0,0.0,0.0,0.0,0.0,0.0,0.0,0.0,0.09133666873146654,0.0,0.0,0.0,0.08325878672519763,0.0,0.0,0.0,0.0,0.0,0.0,0.0,0.0,0.0,0.07849216742902153,0.0,0.0,0.0,0.0,0.0,0.039452537513093834,0.0,0.0,0.0,0.0,0.0,0.0,0.0,0.09731620200364574,0.0,0.0,0.0,0.0,0.0,0.0,0.0,0.0,0.0,0.0,0.0,0.0,0.0,0.0,0.0,0.0,0.0,0.0,0.0,0.0,0.0,0.0,0.0,0.0,0.0,0.0,0.0,0.0,0.0,0.0,0.0,0.0,0.0,0.0,0.0,0.0,0.0,0.0,0.0,0.0,0.0,0.0,0.0,0.0,0.0,0.07981663857469606,0.0,0.4917325415379172
2024-03-21,0.0,0.0,0.0,0.0,0.0,0.0,0.0,0.0,0.0,0.0,0.0,0.0,0.0,0.0,0.0,0.0,0.0,0.0,0.0,0.0,0.038589017169000046,0.0,0.0,0.0,0.0,0.0,0.0,0.0,0.0,0.0,0.0,0.0,0.0,0.0,0.09089363451100294,0.0,0.0,0.0,0.08298903625351253,0.0,0.0,0.0,0.0,0.0,0.0,0.0,0.0,0.0,0.0788642109279658,0.0,0.0,0.0,0.0,0.0,0.03935623494461022,0.0,0.0,0.0,0.0,0.0,0.0,0.0,0.09772648830257362,0.0,0.0,0.0,0.0,0.0,0.0,0.0,0.0,0.0,0.0,0.0,0.0,0.0,0.0,0.0,0.0,0.0,0.0,0.0,0.0,0.0,0.0,0.0,0.0,0.0,0.0,0.0,0.0,0.0,0.0,0.0,0.0,0.0,0.0,0.0,0.0,0.0,0.0,0.0,0.0,0.0,0.0,0.0,0.0,0.0,0.0808521050928355,0.0,0.49072927279849937
2024-03-22,0.0,0.0,0.0,0.0,0.0,0.0,0.0,0.0,0.0,0.0,0.0,0.0,0.0,0.0,0.0,0.0,0.0,0.0,0.0,0.0,0.03844775929209503,0.0,0.0,0.0,0.0,0.0,0.0,0.0,0.0,0.0,0.0,0.0,0.0,0.0,0.08973218113639089,0.0,0.0,0.0,0.08317726395965377,0.0,0.0,0.0,0.0,0.0,0.0,0.0,0.0,0.0,0.07830436670102087,0.0,0.0,0.0,0.0,0.0,0.03877059810514537,0.0,0.0,0.0,0.0,0.0,0.0,0.0,0.0978553801007969,0.0,0.0,0.0,0.0,0.0,0.0,0.0,0.0,0.0,0.0,0.0,0.0,0.0,0.0,0.0,0.0,0.0,0.0,0.0,0.0,0.0,0.0,0.0,0.0,0.0,0.0,0.0,0.0,0.0,0.0,0.0,0.0,0.0,0.0,0.0,0.0,0.0,0.0,0.0,0.0,0.0,0.0,0.0,0.0,0.0,0.08167259001432793,0.0,0.4920398606905693
2024-03-25,0.0,0.0,0.0,0.0,0.0,0.0,0.0,0.0,0.0,0.0,0.0,0.0,0.0,0.0,0.0,0.0,0.0,0.0,0.0,0.0,0.03992494083562651,0.0,0.0,0.0,0.0,0.0,0.0,0.0,0.0,0.0,0.0,0.0,0.0,0.0,0.08779591656979482,0.0,0.0,0.0,0.08307398217856869,0.0,0.0,0.0,0.0,0.0,0.0,0.0,0.0,0.0,0.07801816132199438,0.0,0.0,0.0,0.0,0.0,0.03889819389755643,0.0,0.0,0.0,0.0,0.0,0.0,0.0,0.09764767889278927,0.0,0.0,0.0,0.0,0.0,0.0,0.0,0.0,0.0,0.0,0.0,0.0,0.0,0.0,0.0,0.0,0.0,0.0,0.0,0.0,0.0,0.0,0.0,0.0,0.0,0.0,0.0,0.0,0.0,0.0,0.0,0.0,0.0,0.0,0.0,0.0,0.0,0.0,0.0,0.0,0.0,0.0,0.0,0.0,0.0,0.08063883865337036,0.0,0.4940022876502996
2024-03-26,0.0,0.0,0.04021945232456717,0.0,0.0,0.0,0.0,0.0,0.0,0.0,0.0,0.0,0.0,0.0,0.0,0.0,0.0,0.0,0.0,0.04021325441204454,0.0,0.0,0.0,0.0,0.0,0.0,0.0,0.0,0.0,0.0,0.0,0.0,0.0,0.0,0.04982425741056363,0.0,0.0,0.0,0.0430024151138239,0.0,0.0,0.0,0.0,0.0,0.0,0.0,0.0,0.0,0.03626347992648431,0.0,0.0,0.0,0.0,0.0,0.0,0.0,0.0,0.0,0.0,0.0,0.0,0.0,0.05872659721733185,0.03582701724092089,0.0,0.0,0.0,0.0,0.0,0.0,0.0,0.0,0.0,0.0,0.0,0.0,0.0,0.0,0.0,0.0,0.0,0.0,0.0,0.0,0.0,0.0,0.0,0.0,0.0,0.0,0.0,0.0,0.0,0.03654066791032715,0.0,0.040195905423561745,0.0,0.0,0.0,0.0,0.0,0.0,0.0,0.05128755669616875,0.0,0.0,0.0,0.0,0.03626347992648431,0.0,0.24731542586193378
2024-03-27,0.0,0.0,0.040944393239820694,0.0,0.0,0.0,0.0,0.0,0.0,0.0,0.0,0.0,0.0,0.0,0.0,0.0,0.0,0.0,0.0,0.0405234323585685,0.0,0.0,0.0,0.0,0.0,0.0,0.0,0.0,0.0,0.0,0.0,0.0,0.0,0.0,0.049616718228841526,0.0,0.0,0.0,0.0435395638544552,0.0,0.0,0.0,0.0,0.0,0.0,0.0,0.0,0.0,0.03616467728700494,0.0,0.0,0.0,0.0,0.0,0.0,0.0,0.0,0.0,0.0,0.0,0.0,0.0,0.06012857249757899,0.036386101603618784,0.0,0.0,0.0,0.0,0.0,0.0,0.0,0.0,0.0,0.0,0.0,0.0,0.0,0.0,0.0,0.0,0.0,0.0,0.0,0.0,0.0,0.0,0.0,0.0,0.0,0.0,0.0,0.0,0.0,0.03644755140198069,0.0,0.04047183736124285,0.0,0.0,0.0,0.0,0.0,0.0,0.0,0.05174368303496623,0.0,0.0,0.0,0.0,0.03581030404373017,0.0,0.24578060154867812
2024-03-28,0.0,0.0,0.040549788271796755,0.0,0.0,0.0,0.0,0.0,0.0,0.0,0.0,0.0,0.0,0.0,0.0,0.0,0.0,0.0,0.0,0.04088245761447231,0.0,0.0,0.0,0.0,0.0,0.0,0.0,0.0,0.0,0.0,0.0,0.0,0.0,0.0,0.04949716120321435,0.0,0.0,0.0,0.04384927614238828,0.0,0.0,0.0,0.0,0.0,0.0,0.0,0.0,0.0,0.03598520155435303,0.0,0.0,0.0,0.0,0.0,0.0,0.0,0.0,0.0,0.0,0.0,0.0,0.0,0.05912413660924865,0.03654671671379913,0.0,0.0,0.0,0.0,0.0,0.0,0.0,0.0,0.0,0.0,0.0,0.0,0.0,0.0,0.0,0.0,0.0,0.0,0.0,0.0,0.0,0.0,0.0,0.0,0.0,0.0,0.0,0.0,0.0,0.036652848771122806,0.0,0.04200306755203465,0.0,0.0,0.0,0.0,0.0,0.0,0.0,0.05096613915773946,0.0,0.0,0.0,0.0,0.035486604649647854,0.0,0.5284566017601826
2024-04-01,0.0,0.0,0.04133148916373415,0.0,0.0,0.0,0.0,0.0,0.0,0.0,0.0,0.0,0.0,0.0,0.0,0.0,0.0,0.0,0.0,0.041258666983276175,0.0,0.0,0.0,0.0,0.0,0.0,0.0,0.0,0.0,0.0,0.0,0.0,0.0,0.0,0.04927590786956724,0.0,0.0,0.0,0.043702030841669605,0.0,0.0,0.0,0.0,0.0,0.0,0.0,0.0,0.0,0.03571712148547909,0.0,0.0,0.0,0.0,0.0,0.0,0.0,0.0,0.0,0.0,0.0,0.0,0.0,0.0590676296790763,0.036305834317446904,0.0,0.0,0.0,0.0,0.0,0.0,0.0,0.0,0.0,0.0,0.0,0.0,0.0,0.0,0.0,0.0,0.0,0.0,0.0,0.0,0.0,0.0,0.0,0.0,0.0,0.0,0.0,0.0,0.0,0.037095277308631,0.0,0.04114823167832487,0.0,0.0,0.0,0.0,0.0,0.0,0.0,0.050608467421121316,0.0,0.0,0.0,0.0,0.03532462267105986,0.0,0.5291647205806136
2024-04-02,0.0,0.0,0.0410241037046477,0.0,0.0,0.0,0.0,0.0,0.0,0.0,0.0,0.0,0.0,0.0,0.0,0.0,0.0,0.0,0.0,0.041569732074520124,0.0,0.0,0.0,0.0,0.0,0.0,0.0,0.0,0.0,0.0,0.0,0.0,0.0,0.0,0.050143937162532036,0.0,0.0,0.0,0.04353697110142084,0.0,0.0,0.0,0.0,0.0,0.0,0.0,0.0,0.0,0.03555334653337526,0.0,0.0,0.0,0.0,0.0,0.0,0.0,0.0,0.0,0.0,0.0,0.0,0.0,0.05958909999746474,0.0363114000546573,0.0,0.0,0.0,0.0,0.0,0.0,0.0,0.0,0.0,0.0,0.0,0.0,0.0,0.0,0.0,0.0,0.0,0.0,0.0,0.0,0.0,0.0,0.0,0.0,0.0,0.0,0.0,0.0,0.0,0.03673773624341736,0.0,0.041094646812406224,0.0,0.0,0.0,0.0,0.0,0.0,0.0,0.04993362901677433,0.0,0.0,0.0,0.0,0.03546912521018632,0.0,0.5290362720885978
2024-04-03,0.0,0.0,0.04093175116830337,0.0,0.0,0.0,0.0,0.0,0.0,0.0,0.0,0.0,0.0,0.0,0.0,0.0,0.0,0.0,0.0,0.04141450744387872,0.0,0.0,0.0,0.0,0.0,0.0,0.0,0.0,0.0,0.0,0.0,0.0,0.0,0.0,0.05005078236788557,0.0,0.0,0.0,0.04260280747807833,0.0,0.0,0.0,0.0,0.0,0.0,0.0,0.0,0.0,0.03499005068862907,0.0,0.0,0.0,0.0,0.0,0.0,0.0,0.0,0.0,0.0,0.0,0.0,0.0,0.061302480304454336,0.03575280843788399,0.0,0.0,0.0,0.0,0.0,0.0,0.0,0.0,0.0,0.0,0.0,0.0,0.0,0.0,0.0,0.0,0.0,0.0,0.0,0.0,0.0,0.0,0.0,0.0,0.0,0.0,0.0,0.0,0.0,0.0367215289019342,0.0,0.041592180856239,0.0,0.0,0.0,0.0,0.0,0.0,0.0,0.04986255958121953,0.0,0.0,0.0,0.0,0.03522896054038004,0.0,0.5295495822311138
2024-04-04,0.0,0.0,0.041585733804508196,0.0,0.0,0.0,0.0,0.0,0.0,0.0,0.0,0.0,0.0,0.0,0.0,0.0,0.0,0.0,0.0,0.041125829790713865,0.0,0.0,0.0,0.0,0.0,0.0,0.0,0.0,0.0,0.0,0.0,0.0,0.0,0.0,0.04938079046934319,0.0,0.0,0.0,0.04191034952741053,0.0,0.0,0.0,0.0,0.0,0.0,0.0,0.0,0.0,0.03544082123049525,0.0,0.0,0.0,0.0,0.0,0.0,0.0,0.0,0.0,0.0,0.0,0.0,0.0,0.06034705841686594,0.03609412873369301,0.0,0.0,0.0,0.0,0.0,0.0,0.0,0.0,0.0,0.0,0.0,0.0,0.0,0.0,0.0,0.0,0.0,0.0,0.0,0.0,0.0,0.0,0.0,0.0,0.0,0.0,0.0,0.0,0.0,0.036099220474276474,0.0,0.041777870458610054,0.0,0.0,0.0,0.0,0.0,0.0,0.0,0.05092226979463332,0.0,0.0,0.0,0.0,0.03543230892577629,0.0,0.529883618373674
2024-04-05,0.0,0.0,0.04127463816674018,0.0,0.0,0.0,0.0,0.0,0.0,0.0,0.0,0.0,0.0,0.0,0.0,0.0,0.0,0.0,0.0,0.04072251505285356,0.0,0.0,0.0,0.0,0.0,0.0,0.0,0.0,0.0,0.0,0.0,0.0,0.0,0.0,0.04990930550725129,0.0,0.0,0.0,0.042443274122175426,0.0,0.0,0.0,0.0,0.0,0.0,0.0,0.0,0.0,0.035254394843296157,0.0,0.0,0.0,0.0,0.0,0.0,0.0,0.0,0.0,0.0,0.0,0.0,0.0,0.06019469696605527,0.03586396619673912,0.0,0.0,0.0,0.0,0.0,0.0,0.0,0.0,0.0,0.0,0.0,0.0,0.0,0.0,0.0,0.0,0.0,0.0,0.0,0.0,0.0,0.0,0.0,0.0,0.0,0.0,0.0,0.0,0.0,0.03597588619649223,0.0,0.041031431911734716,0.0,0.0,0.0,0.0,0.0,0.0,0.0,0.05004553289586135,0.0,0.0,0.0,0.0,0.03544610894835778,0.0,0.5318382491924429
2024-04-08,0.0,0.0,0.04104710884900552,0.0,0.0,0.0,0.0,0.0,0.0,0.0,0.0,0.0,0.0,0.0,0.0,0.0,0.0,0.0,0.0,0.04200025804158273,0.0,0.0,0.0,0.0,0.0,0.0,0.0,0.0,0.0,0.0,0.0,0.0,0.0,0.0,0.050043580299769214,0.0,0.0,0.0,0.042636313861666525,0.0,0.0,0.0,0.0,0.0,0.0,0.0,0.0,0.0,0.035771321985263727,0.0,0.0,0.0,0.0,0.0,0.0,0.0,0.0,0.0,0.0,0.0,0.0,0.0,0.06171494088596893,0.035984163383827344,0.0,0.0,0.0,0.0,0.0,0.0,0.0,0.0,0.0,0.0,0.0,0.0,0.0,0.0,0.0,0.0,0.0,0.0,0.0,0.0,0.0,0.0,0.0,0.0,0.0,0.0,0.0,0.0,0.0,0.0358166665608436,0.0,0.04182989904710982,0.0,0.0,0.0,0.0,0.0,0.0,0.0,0.04972319909281602,0.0,0.0,0.0,0.0,0.03537450015787456,0.0,0.528058047834272
2024-04-09,0.0,0.0,0.04170251696345967,0.0,0.0,0.0,0.0,0.0,0.0,0.0,0.0,0.0,0.0,0.0,0.0,0.0,0.0,0.0,0.0,0.04167147837869112,0.0,0.0,0.0,0.0,0.0,0.0,0.0,0.0,0.0,0.0,0.0,0.0,0.0,0.0,0.049745604994969606,0.0,0.0,0.0,0.043467437166261225,0.0,0.0,0.0,0.0,0.0,0.0,0.0,0.0,0.0,0.03611610537307626,0.0,0.0,0.0,0.0,0.0,0.0,0.0,0.0,0.0,0.0,0.0,0.0,0.0,0.06215466721834382,0.03627168747523648,0.0,0.0,0.0,0.0,0.0,0.0,0.0,0.0,0.0,0.0,0.0,0.0,0.0,0.0,0.0,0.0,0.0,0.0,0.0,0.0,0.0,0.0,0.0,0.0,0.0,0.0,0.0,0.0,0.0,0.03595227341989025,0.0,0.042506338822040045,0.0,0.0,0.0,0.0,0.0,0.0,0.0,0.04957103490547482,0.0,0.0,0.0,0.0,0.035716184693847686,0.0,0.525124670588709
2024-04-10,0.0,0.0,0.04116382154583765,0.0,0.0,0.0,0.0,0.0,0.0,0.0,0.0,0.0,0.0,0.0,0.0,0.0,0.0,0.0,0.0,0.04128265843116793,0.0,0.0,0.0,0.0,0.0,0.0,0.0,0.0,0.0,0.0,0.0,0.0,0.0,0.0,0.048702968707485236,0.0,0.0,0.0,0.0426720008851539,0.0,0.0,0.0,0.0,0.0,0.0,0.0,0.0,0.0,0.03604194581718121,0.0,0.0,0.0,0.0,0.0,0.0,0.0,0.0,0.0,0.0,0.0,0.0,0.0,0.061302187661813855,0.03637515474855405,0.0,0.0,0.0,0.0,0.0,0.0,0.0,0.0,0.0,0.0,0.0,0.0,0.0,0.0,0.0,0.0,0.0,0.0,0.0,0.0,0.0,0.0,0.0,0.0,0.0,0.0,0.0,0.0,0.0,0.036253362053790185,0.0,0.042270053184889606,0.0,0.0,0.0,0.0,0.0,0.0,0.0,0.04942166867537482,0.0,0.0,0.0,0.0,0.03558947949575152,0.0,0.5289246987930001
2024-04-11,0.0,0.0,0.041587751649519306,0.0,0.0,0.0,0.0,0.0,0.0,0.0,0.0,0.0,0.0,0.0,0.0,0.0,0.0,0.0,0.0,0.04137323140282213,0.0,0.0,0.0,0.0,0.0,0.0,0.0,0.0,0.0,0.0,0.0,0.0,0.0,0.0,0.04958714840288328,0.0,0.0,0.0,0.04249520928249797,0.0,0.0,0.0,0.0,0.0,0.0,0.0,0.0,0.0,0.03573616055371004,0.0,0.0,0.0,0.0,0.0,0.0,0.0,0.0,0.0,0.0,0.0,0.0,0.0,0.061058727131603895,0.036486936915594764,0.0,0.0,0.0,0.0,0.0,0.0,0.0,0.0,0.0,0.0,0.0,0.0,0.0,0.0,0.0,0.0,0.0,0.0,0.0,0.0,0.0,0.0,0.0,0.0,0.0,0.0,0.0,0.0,0.0,0.034830345417987935,0.0,0.04158421912231211,0.0,0.0,0.0,0.0,0.0,0.0,0.0,0.049171573091196304,0.0,0.0,0.0,0.0,0.03553599654128261,0.0,0.5305527004885897
2024-04-12,0.0,0.0,0.04141687525106893,0.0,0.0,0.0,0.0,0.0,0.0,0.0,0.0,0.0,0.0,0.0,0.0,0.0,0.0,0.0,0.0,0.04151660378585154,0.0,0.0,0.0,0.0,0.0,0.0,0.0,0.0,0.0,0.0,0.0,0.0,0.0,0.0,0.04831945358994547,0.0,0.0,0.0,0.04094036490726623,0.0,0.0,0.0,0.0,0.0,0.0,0.0,0.0,0.0,0.03592238453975188,0.0,0.0,0.0,0.0,0.0,0.0,0.0,0.0,0.0,0.0,0.0,0.0,0.0,0.058384813042712966,0.0365577272465496,0.0,0.0,0.0,0.0,0.0,0.0,0.0,0.0,0.0,0.0,0.0,0.0,0.0,0.0,0.0,0.0,0.0,0.0,0.0,0.0,0.0,0.0,0.0,0.0,0.0,0.0,0.0,0.0,0.0,0.034745228213937884,0.0,0.03980053554580575,0.0,0.0,0.0,0.0,0.0,0.0,0.0,0.04886745961426084,0.0,0.0,0.0,0.0,0.03576004039096805,0.0,0.5377685138718808
2024-04-15,0.0,0.0,0.041735600610804474,0.0,0.0,0.0,0.0,0.0,0.0,0.0,0.0,0.0,0.0,0.0,0.0,0.0,0.0,0.0,0.0,0.042394465802260015,0.0,0.0,0.0,0.0,0.0,0.0,0.0,0.0,0.0,0.0,0.0,0.0,0.0,0.0,0.04522027749373954,0.0,0.0,0.0,0.03945102839121754,0.0,0.0,0.0,0.0,0.0,0.0,0.0,0.0,0.0,0.03546157626443718,0.0,0.0,0.0,0.0,0.0,0.0,0.0,0.0,0.0,0.0,0.0,0.0,0.0,0.05908401382572472,0.0361736064112179,0.0,0.0,0.0,0.0,0.0,0.0,0.0,0.0,0.0,0.0,0.0,0.0,0.0,0.0,0.0,0.0,0.0,0.0,0.0,0.0,0.0,0.0,0.0,0.0,0.0,0.0,0.0,0.0,0.0,0.03429715139477147,0.0,0.03902045423901073,0.0,0.0,0.0,0.0,0.0,0.0,0.0,0.04862329214420844,0.0,0.0,0.0,0.0,0.035755989408262925,0.0,0.542782544014345
2024-04-16,0.0,0.0,0.04213449410783256,0.0,0.0,0.0,0.0,0.0,0.0,0.0,0.0,0.0,0.0,0.0,0.0,0.0,0.0,0.0,0.0,0.041441384326339835,0.0,0.0,0.0,0.0,0.0,0.0,0.0,0.0,0.0,0.0,0.0,0.0,0.0,0.0,0.045400826171920254,0.0,0.0,0.0,0.03923876236056398,0.0,0.0,0.0,0.0,0.0,0.0,0.0,0.0,0.0,0.035530566086662024,0.0,0.0,0.0,0.0,0.0,0.0,0.0,0.0,0.0,0.0,0.0,0.0,0.0,0.05932510352934918,0.03613923417036602,0.0,0.0,0.0,0.0,0.0,0.0,0.0,0.0,0.0,0.0,0.0,0.0,0.0,0.0,0.0,0.0,0.0,0.0,0.0,0.0,0.0,0.0,0.0,0.0,0.0,0.0,0.0,0.0,0.0,0.034264562165628176,0.0,0.039301440006008735,0.0,0.0,0.0,0.0,0.0,0.0,0.0,0.04794459063995209,0.0,0.0,0.0,0.0,0.03679442787080378,0.0,0.5424846085645734
2024-04-17,0.0,0.0,0.04198378246494188,0.0,0.0,0.0,0.0,0.0,0.0,0.0,0.0,0.0,0.0,0.0,0.0,0.0,0.0,0.0,0.0,0.0419055719121124,0.0,0.0,0.0,0.0,0.0,0.0,0.0,0.0,0.0,0.0,0.0,0.0,0.0,0.0,0.04628990304189611,0.0,0.0,0.0,0.03897578515282143,0.0,0.0,0.0,0.0,0.0,0.0,0.0,0.0,0.0,0.035607420873003524,0.0,0.0,0.0,0.0,0.0,0.0,0.0,0.0,0.0,0.0,0.0,0.0,0.0,0.058934206919400364,0.03602162459566466,0.0,0.0,0.0,0.0,0.0,0.0,0.0,0.0,0.0,0.0,0.0,0.0,0.0,0.0,0.0,0.0,0.0,0.0,0.0,0.0,0.0,0.0,0.0,0.0,0.0,0.0,0.0,0.0,0.0,0.034298165718267014,0.0,0.03888938589907856,0.0,0.0,0.0,0.0,0.0,0.0,0.0,0.04787137435277388,0.0,0.0,0.0,0.0,0.03628797693988503,0.0,0.5429348021301551
2024-04-18,0.0,0.0,0.04231301935552568,0.0,0.0,0.0,0.0,0.0,0.0,0.0,0.0,0.0,0.0,0.0,0.0,0.0,0.0,0.0,0.0,0.041836526148455025,0.0,0.0,0.0,0.0,0.0,0.0,0.0,0.0,0.0,0.0,0.0,0.0,0.0,0.0,0.046703194403661774,0.0,0.0,0.0,0.03937027491718796,0.0,0.0,0.0,0.0,0.0,0.0,0.0,0.0,0.0,0.0359496989390439,0.0,0.0,0.0,0.0,0.0,0.0,0.0,0.0,0.0,0.0,0.0,0.0,0.0,0.058149755490261704,0.035837179748517925,0.0,0.0,0.0,0.0,0.0,0.0,0.0,0.0,0.0,0.0,0.0,0.0,0.0,0.0,0.0,0.0,0.0,0.0,0.0,0.0,0.0,0.0,0.0,0.0,0.0,0.0,0.0,0.0,0.0,0.03451870049726246,0.0,0.0384115112891498,0.0,0.0,0.0,0.0,0.0,0.0,0.0,0.04722158634516742,0.0,0.0,0.0,0.0,0.03664161396965525,0.0,0.5430469388961111
2024-04-19,0.0,0.0,0.04455683831833799,0.0,0.0,0.0,0.0,0.0,0.0,0.0,0.0,0.0,0.0,0.0,0.0,0.0,0.0,0.0,0.0,0.04263778913560454,0.0,0.0,0.0,0.0,0.0,0.0,0.0,0.0,0.0,0.0,0.0,0.0,0.0,0.0,0.045997031103245156,0.0,0.0,0.0,0.038611533955486735,0.0,0.0,0.0,0.0,0.0,0.0,0.0,0.0,0.0,0.036324970340436455,0.0,0.0,0.0,0.0,0.0,0.0,0.0,0.0,0.0,0.0,0.0,0.0,0.0,0.05902552260941317,0.03609824158044481,0.0,0.0,0.0,0.0,0.0,0.0,0.0,0.0,0.0,0.0,0.0,0.0,0.0,0.0,0.0,0.0,0.0,0.0,0.0,0.0,0.0,0.0,0.0,0.0,0.0,0.0,0.0,0.0,0.0,0.0352850941955371,0.0,0.038382203977445524,0.0,0.0,0.0,0.0,0.0,0.0,0.0,0.04801265327451305,0.0,0.0,0.0,0.0,0.036291796794687095,0.0,0.5387763247148484
2024-04-22,0.0,0.0,0.04329087028529757,0.0,0.0,0.0,0.0,0.0,0.0,0.0,0.0,0.0,0.0,0.0,0.0,0.0,0.0,0.0,0.0,0.042612259892320425,0.0,0.0,0.0,0.0,0.0,0.0,0.0,0.0,0.0,0.0,0.0,0.0,0.0,0.0,0.04657448010872784,0.0,0.0,0.0,0.038991245716335894,0.0,0.0,0.0,0.0,0.0,0.0,0.0,0.0,0.0,0.036861474542888746,0.0,0.0,0.0,0.0,0.0,0.0,0.0,0.0,0.0,0.0,0.0,0.0,0.0,0.05851133637069261,0.03536677147744985,0.0,0.0,0.0,0.0,0.0,0.0,0.0,0.0,0.0,0.0,0.0,0.0,0.0,0.0,0.0,0.0,0.0,0.0,0.0,0.0,0.0,0.0,0.0,0.0,0.0,0.0,0.0,0.0,0.0,0.03540587776389719,0.0,0.03918723373509484,0.0,0.0,0.0,0.0,0.0,0.0,0.0,0.047434813705893995,0.0,0.0,0.0,0.0,0.036074729139263566,0.0,0.5396889072621374
2024-04-23,0.0,0.0,0.04369350799855541,0.0,0.0,0.0,0.0,0.0,0.0,0.0,0.0,0.0,0.0,0.0,0.0,0.0,0.0,0.0,0.0,0.04238796224940529,0.0,0.0,0.0,0.0,0.0,0.0,0.0,0.0,0.0,0.0,0.0,0.0,0.0,0.0,0.046633023819365564,0.0,0.0,0.0,0.03960367188326541,0.0,0.0,0.0,0.0,0.0,0.0,0.0,0.0,0.0,0.0364352856806818,0.0,0.0,0.0,0.0,0.0,0.0,0.0,0.0,0.0,0.0,0.0,0.0,0.0,0.05799602596356462,0.03512503852215118,0.0,0.0,0.0,0.0,0.0,0.0,0.0,0.0,0.0,0.0,0.0,0.0,0.0,0.0,0.0,0.0,0.0,0.0,0.0,0.0,0.0,0.0,0.0,0.0,0.0,0.0,0.0,0.0,0.0,0.03565759302109056,0.0,0.038906380482795315,0.0,0.0,0.0,0.0,0.0,0.0,0.0,0.046510104197457484,0.0,0.0,0.0,0.0,0.03589382943513671,0.0,0.5411575767465306
2024-04-24,0.0,0.0,0.04338975543020185,0.0,0.0,0.0,0.0,0.0,0.0,0.0,0.0,0.0,0.0,0.0,0.0,0.0,0.0,0.0,0.0,0.04271881041212779,0.0,0.0,0.0,0.0,0.0,0.0,0.0,0.0,0.0,0.0,0.0,0.0,0.0,0.0,0.046834136184651216,0.0,0.0,0.0,0.03968317796734949,0.0,0.0,0.0,0.0,0.0,0.0,0.0,0.0,0.0,0.03633204172078712,0.0,0.0,0.0,0.0,0.0,0.0,0.0,0.0,0.0,0.0,0.0,0.0,0.0,0.05723199100657068,0.03473743405594069,0.0,0.0,0.0,0.0,0.0,0.0,0.0,0.0,0.0,0.0,0.0,0.0,0.0,0.0,0.0,0.0,0.0,0.0,0.0,0.0,0.0,0.0,0.0,0.0,0.0,0.0,0.0,0.0,0.0,0.035622340420456866,0.0,0.03914321937801461,0.0,0.0,0.0,0.0,0.0,0.0,0.0,0.0461601997165634,0.0,0.0,0.0,0.0,0.036161328014009834,0.0,0.5419855656933266
2024-04-25,0.0,0.0,0.042173061531956775,0.0,0.0,0.0,0.0,0.0,0.0,0.0,0.0,0.0,0.0,0.0,0.0,0.0,0.0,0.0,0.0,0.04244349581209387,0.0,0.0,0.0,0.0,0.0,0.0,0.0,0.0,0.0,0.0,0.0,0.0,0.0,0.0,0.047448711544952595,0.0,0.0,0.0,0.04046816963626268,0.0,0.0,0.0,0.0,0.0,0.0,0.0,0.0,0.0,0.036194636730862345,0.0,0.0,0.0,0.0,0.0,0.0,0.0,0.0,0.0,0.0,0.0,0.0,0.0,0.057228229592251795,0.03435573140137236,0.0,0.0,0.0,0.0,0.0,0.0,0.0,0.0,0.0,0.0,0.0,0.0,0.0,0.0,0.0,0.0,0.0,0.0,0.0,0.0,0.0,0.0,0.0,0.0,0.0,0.0,0.0,0.0,0.0,0.03557955925267189,0.0,0.037880091705402276,0.0,0.0,0.0,0.0,0.0,0.0,0.0,0.045682690011837196,0.0,0.0,0.0,0.0,0.036689050244592666,0.0,0.5438565725357435
2024-04-26,0.0,0.0,0.042295674245754186,0.0,0.0,0.0,0.0,0.0,0.0,0.0,0.0,0.0,0.0,0.0,0.0,0.0,0.0,0.0,0.0,0.04236043588204292,0.0,0.0,0.0,0.0,0.0,0.0,0.0,0.0,0.0,0.0,0.0,0.0,0.0,0.0,0.049084324752068705,0.0,0.0,0.0,0.04214743307107004,0.0,0.0,0.0,0.0,0.0,0.0,0.0,0.0,0.0,0.03682701469966804,0.0,0.0,0.0,0.0,0.0,0.0,0.0,0.0,0.0,0.0,0.0,0.0,0.0,0.058091808575660556,0.03382626781751443,0.0,0.0,0.0,0.0,0.0,0.0,0.0,0.0,0.0,0.0,0.0,0.0,0.0,0.0,0.0,0.0,0.0,0.0,0.0,0.0,0.0,0.0,0.0,0.0,0.0,0.0,0.0,0.0,0.0,0.035142648414771854,0.0,0.038555311426306,0.0,0.0,0.0,0.0,0.0,0.0,0.0,0.045375483727638076,0.0,0.0,0.0,0.0,0.036891292585774116,0.0,0.539402304801731
2024-04-29,0.0,0.0,0.0432977533497251,0.0,0.0,0.0,0.0,0.0,0.0,0.0,0.0,0.0,0.0,0.0,0.0,0.0,0.0,0.0,0.0,0.04296107944748494,0.0,0.0,0.0,0.0,0.0,0.0,0.0,0.0,0.0,0.0,0.0,0.0,0.0,0.0,0.049267828354166814,0.0,0.0,0.0,0.04169224175886934,0.0,0.0,0.0,0.0,0.0,0.0,0.0,0.0,0.0,0.03681336732611165,0.0,0.0,0.0,0.0,0.0,0.0,0.0,0.0,0.0,0.0,0.0,0.0,0.0,0.057375491880122996,0.033755385534105974,0.0,0.0,0.0,0.0,0.0,0.0,0.0,0.0,0.0,0.0,0.0,0.0,0.0,0.0,0.0,0.0,0.0,0.0,0.0,0.0,0.0,0.0,0.0,0.0,0.0,0.0,0.0,0.0,0.0,0.03585265145862115,0.0,0.03937403048475171,0.0,0.0,0.0,0.0,0.0,0.0,0.0,0.04541992292432271,0.0,0.0,0.0,0.0,0.03686557151336306,0.0,0.5373246759683546
2024-04-30,0.0,0.0,0.042946381718511784,0.0,0.0,0.0,0.0,0.0,0.0,0.0,0.0,0.0,0.0,0.0,0.0,0.0,0.0,0.0,0.0,0.042453438419702935,0.0,0.0,0.0,0.0,0.0,0.0,0.0,0.0,0.0,0.0,0.0,0.0,0.0,0.0,0.048302338404053555,0.0,0.0,0.0,0.040443807127483314,0.0,0.0,0.0,0.0,0.0,0.0,0.0,0.0,0.0,0.03701267243208037,0.0,0.0,0.0,0.0,0.0,0.0,0.0,0.0,0.0,0.0,0.0,0.0,0.0,0.057273242633101754,0.03379147171800129,0.0,0.0,0.0,0.0,0.0,0.0,0.0,0.0,0.0,0.0,0.0,0.0,0.0,0.0,0.0,0.0,0.0,0.0,0.0,0.0,0.0,0.0,0.0,0.0,0.0,0.0,0.0,0.0,0.0,0.03585890776693557,0.0,0.039230429850046336,0.0,0.0,0.0,0.0,0.0,0.0,0.0,0.04499250833258859,0.0,0.0,0.0,0.0,0.03724408472954252,0.0,0.540450716867952
2024-05-02,0.0,0.0,0.04171321554565392,0.0,0.0,0.0,0.0,0.0,0.0,0.0,0.0,0.0,0.0,0.0,0.0,0.0,0.0,0.0,0.0,0.04281485209338076,0.0,0.0,0.0,0.0,0.0,0.0,0.0,0.0,0.0,0.0,0.0,0.0,0.0,0.0,0.049609341858402246,0.0,0.0,0.0,0.04113718263037326,0.0,0.0,0.0,0.0,0.0,0.0,0.0,0.0,0.0,0.03674936731716248,0.0,0.0,0.0,0.0,0.0,0.0,0.0,0.0,0.0,0.0,0.0,0.0,0.0,0.060714934065284235,0.03379662605345483,0.0,0.0,0.0,0.0,0.0,0.0,0.0,0.0,0.0,0.0,0.0,0.0,0.0,0.0,0.0,0.0,0.0,0.0,0.0,0.0,0.0,0.0,0.0,0.0,0.0,0.0,0.0,0.0,0.0,0.03538965746353745,0.0,0.03874333712914494,0.0,0.0,0.0,0.0,0.0,0.0,0.0,0.045230045855337006,0.0,0.0,0.0,0.0,0.0363851759377791,0.0,0.5377162640504897
2024-05-03,0.0,0.0,0.0,0.0,0.0,0.0,0.0,0.0,0.0,0.0,0.0,0.0,0.0,0.0,0.0,0.0,0.0,0.0,0.0,0.0,0.0,0.0,0.0,0.0,0.0,0.0,0.0,0.0,0.0,0.0,0.0,0.04953594989653884,0.0,0.0,0.06096740510094896,0.0,0.0,0.0,0.0458886180801947,0.0,0.0,0.0,0.0,0.0,0.0,0.0,0.0,0.0,0.030992123731091843,0.0,0.0,0.0,0.0,0.0,0.0,0.0,0.0,0.0,0.0,0.0,0.0,0.0,0.08062538902718423,0.0,0.0,0.0,0.0,0.0,0.0,0.04951914350834906,0.0,0.0,0.0,0.0,0.0,0.0,0.0,0.0,0.0,0.0,0.049509134066660035,0.0,0.0,0.0,0.0,0.0,0.0,0.0,0.0,0.0,0.0,0.0,0.0,0.0,0.0,0.0,0.04949912664827902,0.0,0.0,0.0,0.0,0.0,0.0,0.04354064565470112,0.0,0.0,0.0,0.0,0.030992123731091843,0.0,0.30121645513023965
2024-05-06,0.0,0.0,0.0,0.0,0.0,0.0,0.0,0.0,0.0,0.0,0.0,0.0,0.0,0.0,0.0,0.0,0.0,0.0,0.0,0.0,0.0,0.0,0.0,0.0,0.0,0.0,0.0,0.0,0.0,0.0,0.0,0.050918703929899486,0.0,0.0,0.059878671839150285,0.0,0.0,0.0,0.04584315312996339,0.0,0.0,0.0,0.0,0.0,0.0,0.0,0.0,0.0,0.030851515342960725,0.0,0.0,0.0,0.0,0.0,0.0,0.0,0.0,0.0,0.0,0.0,0.0,0.0,0.08039952781482278,0.0,0.0,0.0,0.0,0.0,0.0,0.05001426328542971,0.0,0.0,0.0,0.0,0.0,0.0,0.0,0.0,0.0,0.0,0.04662353762394412,0.0,0.0,0.0,0.0,0.0,0.0,0.0,0.0,0.0,0.0,0.0,0.0,0.0,0.0,0.0,0.05006144047241934,0.0,0.0,0.0,0.0,0.0,0.0,0.043819960968670475,0.0,0.0,0.0,0.0,0.030975018998291186,0.0,0.3022626045230052
2024-05-07,0.0,0.0,0.0,0.0,0.0,0.0,0.0,0.0,0.0,0.0,0.0,0.0,0.0,0.0,0.0,0.0,0.0,0.0,0.0,0.0,0.0,0.0,0.0,0.0,0.0,0.0,0.0,0.0,0.0,0.0,0.0,0.04997870997334363,0.0,0.0,0.05980201369646568,0.0,0.0,0.0,0.046178063477049704,0.0,0.0,0.0,0.0,0.0,0.0,0.0,0.0,0.0,0.03085483408404478,0.0,0.0,0.0,0.0,0.0,0.0,0.0,0.0,0.0,0.0,0.0,0.0,0.0,0.07962709940774083,0.0,0.0,0.0,0.0,0.0,0.0,0.04820415591365871,0.0,0.0,0.0,0.0,0.0,0.0,0.0,0.0,0.0,0.0,0.04858912229115212,0.0,0.0,0.0,0.0,0.0,0.0,0.0,0.0,0.0,0.0,0.0,0.0,0.0,0.0,0.0,0.050669320222834734,0.0,0.0,0.0,0.0,0.0,0.0,0.043435135042295826,0.0,0.0,0.0,0.0,0.03122895842646595,0.0,0.5114325874649481
2024-05-08,0.0,0.0,0.0,0.0,0.0,0.0,0.0,0.0,0.0,0.0,0.0,0.0,0.0,0.0,0.0,0.0,0.0,0.0,0.0,0.0,0.0,0.0,0.0,0.0,0.0,0.0,0.0,0.0,0.0,0.0,0.0,0.05048157477072555,0.0,0.0,0.060645230453720764,0.0,0.0,0.0,0.0467770215055812,0.0,0.0,0.0,0.0,0.0,0.0,0.0,0.0,0.0,0.03077017601586184,0.0,0.0,0.0,0.0,0.0,0.0,0.0,0.0,0.0,0.0,0.0,0.0,0.0,0.0796449579284109,0.0,0.0,0.0,0.0,0.0,0.0,0.047386781412559933,0.0,0.0,0.0,0.0,0.0,0.0,0.0,0.0,0.0,0.0,0.04753888392971473,0.0,0.0,0.0,0.0,0.0,0.0,0.0,0.0,0.0,0.0,0.0,0.0,0.0,0.0,0.0,0.05173209007655058,0.0,0.0,0.0,0.0,0.0,0.0,0.04349368268763761,0.0,0.0,0.0,0.0,0.03129539027196542,0.0,0.5102342109472714
2024-05-09,0.0,0.0,0.0,0.0,0.0,0.0,0.0,0.0,0.0,0.0,0.0,0.0,0.0,0.0,0.0,0.0,0.0,0.0,0.0,0.0,0.0,0.0,0.0,0.0,0.0,0.0,0.0,0.0,0.0,0.0,0.0,0.049766760522503097,0.0,0.0,0.059156163763878264,0.0,0.0,0.0,0.04612811966728167,0.0,0.0,0.0,0.0,0.0,0.0,0.0,0.0,0.0,0.030439182888460998,0.0,0.0,0.0,0.0,0.0,0.0,0.0,0.0,0.0,0.0,0.0,0.0,0.0,0.07954676957312559,0.0,0.0,0.0,0.0,0.0,0.0,0.047237250157514135,0.0,0.0,0.0,0.0,0.0,0.0,0.0,0.0,0.0,0.0,0.04752756403068682,0.0,0.0,0.0,0.0,0.0,0.0,0.0,0.0,0.0,0.0,0.0,0.0,0.0,0.0,0.0,0.051643956454016045,0.0,0.0,0.0,0.0,0.0,0.0,0.04387291598401741,0.0,0.0,0.0,0.0,0.03132173758309458,0.0,0.5133595793754214
2024-05-10,0.0,0.0,0.0,0.0,0.0,0.0,0.0,0.0,0.0,0.0,0.0,0.0,0.0,0.0,0.0,0.0,0.0,0.0,0.0,0.0,0.0,0.0,0.0,0.0,0.0,0.0,0.0,0.0,0.0,0.0,0.0,0.05049710587552022,0.0,0.0,0.06028964568632029,0.0,0.0,0.0,0.04728388160241603,0.0,0.0,0.0,0.0,0.0,0.0,0.0,0.0,0.0,0.030443493704697764,0.0,0.0,0.0,0.0,0.0,0.0,0.0,0.0,0.0,0.0,0.0,0.0,0.0,0.07936439833171682,0.0,0.0,0.0,0.0,0.0,0.0,0.047423438974117944,0.0,0.0,0.0,0.0,0.0,0.0,0.0,0.0,0.0,0.0,0.047702690553740434,0.0,0.0,0.0,0.0,0.0,0.0,0.0,0.0,0.0,0.0,0.0,0.0,0.0,0.0,0.0,0.04939837994956185,0.0,0.0,0.0,0.0,0.0,0.0,0.04227747156251306,0.0,0.0,0.0,0.0,0.03139999157739438,0.0,0.5139195021820012
2024-05-13,0.0,0.0,0.0,0.0,0.0,0.0,0.0,0.0,0.0,0.0,0.0,0.0,0.0,0.0,0.0,0.0,0.0,0.0,0.0,0.0,0.0,0.0,0.0,0.0,0.0,0.0,0.0,0.0,0.0,0.0,0.0,0.05146147498295192,0.0,0.0,0.05968238299999788,0.0,0.0,0.0,0.047522390968720005,0.0,0.0,0.0,0.0,0.0,0.0,0.0,0.0,0.0,0.03101281851563826,0.0,0.0,0.0,0.0,0.0,0.0,0.0,0.0,0.0,0.0,0.0,0.0,0.0,0.07918328191171355,0.0,0.0,0.0,0.0,0.0,0.0,0.04732426574951484,0.0,0.0,0.0,0.0,0.0,0.0,0.0,0.0,0.0,0.0,0.04813769058522763,0.0,0.0,0.0,0.0,0.0,0.0,0.0,0.0,0.0,0.0,0.0,0.0,0.0,0.0,0.0,0.04829166773874282,0.0,0.0,0.0,0.0,0.0,0.0,0.0424748872045815,0.0,0.0,0.0,0.0,0.031448178980105705,0.0,0.513460960362806
2024-05-14,0.0,0.0,0.0,0.0,0.0,0.0,0.0,0.0,0.0,0.0,0.0,0.0,0.0,0.0,0.0,0.0,0.0,0.0,0.0,0.0,0.0,0.0,0.0,0.0,0.0,0.0,0.0,0.0,0.0,0.0,0.0,0.053036246059255505,0.0,0.0,0.05978606116359066,0.0,0.0,0.0,0.046752217077710094,0.0,0.0,0.0,0.0,0.0,0.0,0.0,0.0,0.0,0.03118842342280179,0.0,0.0,0.0,0.0,0.0,0.0,0.0,0.0,0.0,0.0,0.0,0.0,0.0,0.07958895760180962,0.0,0.0,0.0,0.0,0.0,0.0,0.04556294748121629,0.0,0.0,0.0,0.0,0.0,0.0,0.0,0.0,0.0,0.0,0.04922906410493999,0.0,0.0,0.0,0.0,0.0,0.0,0.0,0.0,0.0,0.0,0.0,0.0,0.0,0.0,0.0,0.04781070262132713,0.0,0.0,0.0,0.0,0.0,0.0,0.04198355230625108,0.0,0.0,0.0,0.0,0.031846905704330505,0.0,0.5132149224567674
2024-05-15,0.0,0.0,0.0,0.0,0.0,0.0,0.0,0.0,0.0,0.0,0.0,0.0,0.0,0.0,0.0,0.0,0.0,0.0,0.0,0.0,0.0,0.0,0.0,0.0,0.0,0.0,0.0,0.0,0.0,0.0,0.0,0.05348195978445576,0.0,0.0,0.05990557648019137,0.0,0.0,0.0,0.04712448889179401,0.0,0.0,0.0,0.0,0.0,0.0,0.0,0.0,0.0,0.031257169942538895,0.0,0.0,0.0,0.0,0.0,0.0,0.0,0.0,0.0,0.0,0.0,0.0,0.0,0.07901941859758961,0.0,0.0,0.0,0.0,0.0,0.0,0.04667483819474425,0.0,0.0,0.0,0.0,0.0,0.0,0.0,0.0,0.0,0.0,0.04942492319021162,0.0,0.0,0.0,0.0,0.0,0.0,0.0,0.0,0.0,0.0,0.0,0.0,0.0,0.0,0.0,0.04809553198859075,0.0,0.0,0.0,0.0,0.0,0.0,0.041485595396554185,0.0,0.0,0.0,0.0,0.03175323651828704,0.0,0.5117772610150425
2024-05-16,0.0,0.0,0.0,0.0,0.0,0.0,0.0,0.0,0.0,0.0,0.0,0.0,0.0,0.0,0.0,0.0,0.0,0.0,0.0,0.0,0.0,0.0,0.0,0.0,0.0,0.0,0.0,0.0,0.0,0.0,0.0,0.05275376066626619,0.0,0.0,0.05992836546150802,0.0,0.0,0.0,0.04863202146176468,0.0,0.0,0.0,0.0,0.0,0.0,0.0,0.0,0.0,0.03085065655006134,0.0,0.0,0.0,0.0,0.0,0.0,0.0,0.0,0.0,0.0,0.0,0.0,0.0,0.07876924290299978,0.0,0.0,0.0,0.0,0.0,0.0,0.0468484732299747,0.0,0.0,0.0,0.0,0.0,0.0,0.0,0.0,0.0,0.0,0.04979013348823431,0.0,0.0,0.0,0.0,0.0,0.0,0.0,0.0,0.0,0.0,0.0,0.0,0.0,0.0,0.0,0.048203026535648084,0.0,0.0,0.0,0.0,0.0,0.0,0.041146184047063876,0.0,0.0,0.0,0.0,0.031700013688782294,0.0,0.5113781219676967
2024-05-17,0.0,0.0,0.0,0.0,0.0,0.0,0.0,0.0,0.0,0.0,0.0,0.0,0.0,0.0,0.0,0.0,0.0,0.0,0.0,0.0,0.0,0.0,0.0,0.0,0.0,0.0,0.0,0.0,0.0,0.0,0.0,0.052725982942703004,0.0,0.0,0.058780212531006695,0.0,0.0,0.0,0.048278719933581626,0.0,0.0,0.0,0.0,0.0,0.0,0.0,0.0,0.0,0.030928675937952364,0.0,0.0,0.0,0.0,0.0,0.0,0.0,0.0,0.0,0.0,0.0,0.0,0.0,0.07835600521386912,0.0,0.0,0.0,0.0,0.0,0.0,0.04692962703551262,0.0,0.0,0.0,0.0,0.0,0.0,0.0,0.0,0.0,0.0,0.04894485263925885,0.0,0.0,0.0,0.0,0.0,0.0,0.0,0.0,0.0,0.0,0.0,0.0,0.0,0.0,0.0,0.04724732698464634,0.0,0.0,0.0,0.0,0.0,0.0,0.04133681639114205,0.0,0.0,0.0,0.0,0.03191663393080263,0.0,0.5145551464595246
2024-05-20,0.0,0.0,0.0,0.0,0.0,0.0,0.0,0.0,0.0,0.0,0.0,0.0,0.0,0.0,0.0,0.0,0.0,0.0,0.0,0.0,0.0,0.0,0.0,0.0,0.0,0.0,0.0,0.0,0.0,0.0,0.0,0.05321029145610699,0.0,0.0,0.059236612143185256,0.0,0.0,0.0,0.048414313428834316,0.0,0.0,0.0,0.0,0.0,0.0,0.0,0.0,0.0,0.0305582050942662,0.0,0.0,0.0,0.0,0.0,0.0,0.0,0.0,0.0,0.0,0.0,0.0,0.0,0.08033680013192221,0.0,0.0,0.0,0.0,0.0,0.0,0.04685179159465562,0.0,0.0,0.0,0.0,0.0,0.0,0.0,0.0,0.0,0.0,0.04962238985483172,0.0,0.0,0.0,0.0,0.0,0.0,0.0,0.0,0.0,0.0,0.0,0.0,0.0,0.0,0.0,0.04652354551913389,0.0,0.0,0.0,0.0,0.0,0.0,0.04108553950176363,0.0,0.0,0.0,0.0,0.03192832779753147,0.0,0.5122321834777688
2024-05-21,0.0,0.0,0.0,0.0,0.0,0.0,0.0,0.0,0.0,0.0,0.0,0.0,0.0,0.0,0.0,0.0,0.0,0.0,0.0,0.0,0.0,0.0,0.0,0.0,0.0,0.0,0.0,0.0,0.0,0.0,0.0,0.05377199994851874,0.0,0.0,0.05854559362595349,0.0,0.0,0.0,0.0482723936732984,0.0,0.0,0.0,0.0,0.0,0.0,0.0,0.0,0.0,0.030384160667349308,0.0,0.0,0.0,0.0,0.0,0.0,0.0,0.0,0.0,0.0,0.0,0.0,0.0,0.08041057542596097,0.0,0.0,0.0,0.0,0.0,0.0,0.045903536884715664,0.0,0.0,0.0,0.0,0.0,0.0,0.0,0.0,0.0,0.0,0.050657068142769886,0.0,0.0,0.0,0.0,0.0,0.0,0.0,0.0,0.0,0.0,0.0,0.0,0.0,0.0,0.0,0.04632003185774835,0.0,0.0,0.0,0.0,0.0,0.0,0.04094524669101014,0.0,0.0,0.0,0.0,0.031885475669077935,0.0,0.5129039174135972
2024-05-22,0.0,0.0,0.0,0.0,0.0,0.0,0.0,0.0,0.0,0.0,0.0,0.0,0.0,0.0,0.0,0.0,0.0,0.0,0.0,0.0,0.0,0.0,0.0,0.0,0.0,0.0,0.0,0.0,0.0,0.0,0.0,0.05334436134339215,0.0,0.0,0.05741555282750869,0.0,0.0,0.0,0.048104843021378824,0.0,0.0,0.0,0.0,0.0,0.0,0.0,0.0,0.0,0.030032712028687705,0.0,0.0,0.0,0.0,0.0,0.0,0.0,0.0,0.0,0.0,0.0,0.0,0.0,0.08021225613374122,0.0,0.0,0.0,0.0,0.0,0.0,0.04478461127823779,0.0,0.0,0.0,0.0,0.0,0.0,0.0,0.0,0.0,0.0,0.050534726158223214,0.0,0.0,0.0,0.0,0.0,0.0,0.0,0.0,0.0,0.0,0.0,0.0,0.0,0.0,0.0,0.04591953975320983,0.0,0.0,0.0,0.0,0.0,0.0,0.041004502835450214,0.0,0.0,0.0,0.0,0.03173427589915112,0.0,0.5169126187210193
2024-05-23,0.0,0.0,0.0,0.0,0.0,0.0,0.0,0.0,0.0,0.0,0.0,0.0,0.0,0.0,0.0,0.0,0.0,0.0,0.0,0.0,0.0,0.0,0.0,0.0,0.0,0.0,0.0,0.0,0.0,0.0,0.0,0.05317007024702332,0.0,0.0,0.05895334124085757,0.0,0.0,0.0,0.04730750356822671,0.0,0.0,0.0,0.0,0.0,0.0,0.0,0.0,0.0,0.030220795578866422,0.0,0.0,0.0,0.0,0.0,0.0,0.0,0.0,0.0,0.0,0.0,0.0,0.0,0.0790679652283712,0.0,0.0,0.0,0.0,0.0,0.0,0.044389159434607015,0.0,0.0,0.0,0.0,0.0,0.0,0.0,0.0,0.0,0.0,0.05077918123741418,0.0,0.0,0.0,0.0,0.0,0.0,0.0,0.0,0.0,0.0,0.0,0.0,0.0,0.0,0.0,0.04578204709573547,0.0,0.0,0.0,0.0,0.0,0.0,0.041347617691665534,0.0,0.0,0.0,0.0,0.03155152158541007,0.0,0.5174307970918224
2024-05-24,0.0,0.0,0.0,0.0,0.0,0.0,0.0,0.0,0.0,0.0,0.0,0.0,0.0,0.0,0.0,0.0,0.0,0.0,0.0,0.0,0.0,0.0,0.0,0.0,0.0,0.0,0.0,0.0,0.0,0.0,0.0,0.052974089353512416,0.0,0.0,0.05889503497608512,0.0,0.0,0.0,0.04734889880507181,0.0,0.0,0.0,0.0,0.0,0.0,0.0,0.0,0.0,0.030271283424861063,0.0,0.0,0.0,0.0,0.0,0.0,0.0,0.0,0.0,0.0,0.0,0.0,0.0,0.07816425560259704,0.0,0.0,0.0,0.0,0.0,0.0,0.04515624680109659,0.0,0.0,0.0,0.0,0.0,0.0,0.0,0.0,0.0,0.0,0.050719308477689753,0.0,0.0,0.0,0.0,0.0,0.0,0.0,0.0,0.0,0.0,0.0,0.0,0.0,0.0,0.0,0.045665151262280684,0.0,0.0,0.0,0.0,0.0,0.0,0.041261455934851164,0.0,0.0,0.0,0.0,0.031045506979026666,0.0,0.5184987683829276
2024-05-27,0.0,0.0,0.0,0.0,0.0,0.0,0.0,0.0,0.0,0.0,0.0,0.0,0.0,0.0,0.0,0.0,0.0,0.0,0.0,0.0,0.0,0.0,0.0,0.0,0.0,0.0,0.0,0.0,0.0,0.0,0.0,0.05329658757426235,0.0,0.0,0.05882232159196779,0.0,0.0,0.0,0.04687692781549363,0.0,0.0,0.0,0.0,0.0,0.0,0.0,0.0,0.0,0.03040376515539393,0.0,0.0,0.0,0.0,0.0,0.0,0.0,0.0,0.0,0.0,0.0,0.0,0.0,0.07766984646838822,0.0,0.0,0.0,0.0,0.0,0.0,0.04502360544442475,0.0,0.0,0.0,0.0,0.0,0.0,0.0,0.0,0.0,0.0,0.05137932634782295,0.0,0.0,0.0,0.0,0.0,0.0,0.0,0.0,0.0,0.0,0.0,0.0,0.0,0.0,0.0,0.04599505596667144,0.0,0.0,0.0,0.0,0.0,0.0,0.041455321583127806,0.0,0.0,0.0,0.0,0.031015263027063446,0.0,0.5180619790253838
2024-05-28,0.0,0.0,0.0,0.0,0.0,0.0,0.0,0.0,0.0,0.0,0.0,0.0,0.0,0.0,0.0,0.0,0.0,0.0,0.0,0.0,0.0,0.0,0.0,0.0,0.0,0.0,0.0,0.0,0.0,0.0,0.0,0.05264222845870171,0.0,0.0,0.05901643968458518,0.0,0.0,0.0,0.0471259200086482,0.0,0.0,0.0,0.0,0.0,0.0,0.0,0.0,0.0,0.0300951063258965,0.0,0.0,0.0,0.0,0.0,0.0,0.0,0.0,0.0,0.0,0.0,0.0,0.0,0.07792616281297104,0.0,0.0,0.0,0.0,0.0,0.0,0.04551936086452087,0.0,0.0,0.0,0.0,0.0,0.0,0.0,0.0,0.0,0.0,0.049591322483907664,0.0,0.0,0.0,0.0,0.0,0.0,0.0,0.0,0.0,0.0,0.0,0.0,0.0,0.0,0.0,0.04581465062628326,0.0,0.0,0.0,0.0,0.0,0.0,0.041272820758293714,0.0,0.0,0.0,0.0,0.031020251075774538,0.0,0.5199757369004172
2024-05-29,0.0,0.0,0.0,0.0,0.0,0.0,0.0,0.0,0.0,0.0,0.0,0.0,0.0,0.0,0.0,0.0,0.0,0.0,0.0,0.0,0.0,0.0,0.0,0.0,0.0,0.0,0.0,0.0,0.0,0.0,0.0,0.05253054596912612,0.0,0.0,0.059374094239435696,0.0,0.0,0.0,0.047632396384817616,0.0,0.0,0.0,0.0,0.0,0.0,0.0,0.0,0.0,0.030079655960136016,0.0,0.0,0.0,0.0,0.0,0.0,0.0,0.0,0.0,0.0,0.0,0.0,0.0,0.0791476695552925,0.0,0.0,0.0,0.0,0.0,0.0,0.0440785508792345,0.0,0.0,0.0,0.0,0.0,0.0,0.0,0.0,0.0,0.0,0.04818051077990152,0.0,0.0,0.0,0.0,0.0,0.0,0.0,0.0,0.0,0.0,0.0,0.0,0.0,0.0,0.0,0.0457546615387156,0.0,0.0,0.0,0.0,0.0,0.0,0.0411471810205464,0.0,0.0,0.0,0.0,0.03068571083000039,0.0,0.5213890228427936
2024-05-31,0.0,0.0,0.0,0.0,0.0,0.0,0.0,0.0,0.0,0.0,0.0,0.0,0.0,0.0,0.0,0.0,0.0,0.0,0.0,0.0,0.0,0.0,0.0,0.0,0.0,0.0,0.0,0.0,0.0,0.0,0.0,0.05270336497665193,0.0,0.0,0.058386676485987145,0.0,0.0,0.0,0.046938118385883396,0.0,0.0,0.0,0.0,0.0,0.0,0.0,0.0,0.0,0.030081697050119358,0.0,0.0,0.0,0.0,0.0,0.0,0.0,0.0,0.0,0.0,0.0,0.0,0.0,0.07928312489136359,0.0,0.0,0.0,0.0,0.0,0.0,0.04277774805502935,0.0,0.0,0.0,0.0,0.0,0.0,0.0,0.0,0.0,0.0,0.047654964189493706,0.0,0.0,0.0,0.0,0.0,0.0,0.0,0.0,0.0,0.0,0.0,0.0,0.0,0.0,0.0,0.045572572445190196,0.0,0.0,0.0,0.0,0.0,0.0,0.04127768351221713,0.0,0.0,0.0,0.0,0.030715813006951833,0.0,0.5246082370011123
2024-06-03,0.0,0.0,0.0,0.0,0.0,0.0,0.0,0.0,0.0,0.0,0.0,0.0,0.0,0.0,0.0,0.0,0.0,0.0,0.0,0.0,0.0,0.0,0.0,0.0,0.0,0.0,0.0,0.0,0.0,0.0,0.0,0.052760652142319224,0.0,0.0,0.05994857214217359,0.0,0.0,0.0,0.04737088240752686,0.0,0.0,0.0,0.0,0.0,0.0,0.0,0.0,0.0,0.03017488397157801,0.0,0.0,0.0,0.0,0.0,0.0,0.0,0.0,0.0,0.0,0.0,0.0,0.0,0.07929245301787388,0.0,0.0,0.0,0.0,0.0,0.0,0.043555332669551465,0.0,0.0,0.0,0.0,0.0,0.0,0.0,0.0,0.0,0.0,0.04717410615702646,0.0,0.0,0.0,0.0,0.0,0.0,0.0,0.0,0.0,0.0,0.0,0.0,0.0,0.0,0.0,0.04461160608362042,0.0,0.0,0.0,0.0,0.0,0.0,0.040251099423196005,0.0,0.0,0.0,0.0,0.03051664559236971,0.0,0.5243437663927643
2024-06-04,0.0,0.0,0.0,0.0,0.0,0.0,0.0,0.0,0.0,0.0,0.0,0.0,0.0,0.0,0.0,0.0,0.0,0.0,0.0,0.0,0.0,0.0,0.0,0.0,0.0,0.0,0.0,0.0,0.0,0.0,0.0,0.053437612236477645,0.0,0.0,0.05904292640859758,0.0,0.0,0.0,0.04708901561795689,0.0,0.0,0.0,0.0,0.0,0.0,0.0,0.0,0.0,0.030124563009495623,0.0,0.0,0.0,0.0,0.0,0.0,0.0,0.0,0.0,0.0,0.0,0.0,0.0,0.07919950358521699,0.0,0.0,0.0,0.0,0.0,0.0,0.044032180417244875,0.0,0.0,0.0,0.0,0.0,0.0,0.0,0.0,0.0,0.0,0.04540658499835135,0.0,0.0,0.0,0.0,0.0,0.0,0.0,0.0,0.0,0.0,0.0,0.0,0.0,0.0,0.0,0.0442654470521121,0.0,0.0,0.0,0.0,0.0,0.0,0.04035114389537288,0.0,0.0,0.0,0.0,0.030982064367267182,0.0,0.5260689584119069
2024-06-05,0.0,0.0,0.0,0.0,0.0,0.0,0.0,0.0,0.0,0.0,0.0,0.0,0.0,0.0,0.0,0.0,0.0,0.0,0.0,0.0,0.0,0.0,0.0,0.0,0.0,0.0,0.0,0.0,0.0,0.0,0.0,0.053185278676484475,0.0,0.0,0.06098877031882985,0.0,0.0,0.0,0.04860769038727069,0.0,0.0,0.0,0.0,0.0,0.0,0.0,0.0,0.0,0.03004159456205635,0.0,0.0,0.0,0.0,0.0,0.0,0.0,0.0,0.0,0.0,0.0,0.0,0.0,0.07820390686054157,0.0,0.0,0.0,0.0,0.0,0.0,0.04308714945126342,0.0,0.0,0.0,0.0,0.0,0.0,0.0,0.0,0.0,0.0,0.04529073800737867,0.0,0.0,0.0,0.0,0.0,0.0,0.0,0.0,0.0,0.0,0.0,0.0,0.0,0.0,0.0,0.04353988117930202,0.0,0.0,0.0,0.0,0.0,0.0,0.039633607256774644,0.0,0.0,0.0,0.0,0.03078977716331239,0.0,0.5266316061367858
2024-06-06,0.0,0.0,0.0,0.0,0.0,0.0,0.0,0.0,0.0,0.0,0.0,0.0,0.0,0.0,0.0,0.0,0.0,0.0,0.0,0.0,0.0,0.0,0.0,0.0,0.0,0.0,0.0,0.0,0.0,0.0,0.0,0.05162342386348868,0.0,0.0,0.06227523535625628,0.0,0.0,0.0,0.04990336891089156,0.0,0.0,0.0,0.0,0.0,0.0,0.0,0.0,0.0,0.02988745601417149,0.0,0.0,0.0,0.0,0.0,0.0,0.0,0.0,0.0,0.0,0.0,0.0,0.0,0.07935230800732544,0.0,0.0,0.0,0.0,0.0,0.0,0.04376062829145043,0.0,0.0,0.0,0.0,0.0,0.0,0.0,0.0,0.0,0.0,0.04629111733716352,0.0,0.0,0.0,0.0,0.0,0.0,0.0,0.0,0.0,0.0,0.0,0.0,0.0,0.0,0.0,0.04335327076865177,0.0,0.0,0.0,0.0,0.0,0.0,0.039518719654673955,0.0,0.0,0.0,0.0,0.030799141296405916,0.0,0.523235330499521
2024-06-07,0.0,0.0,0.0,0.0,0.0,0.0,0.0,0.0,0.0,0.0,0.0,0.0,0.0,0.0,0.0,0.0,0.0,0.0,0.0,0.0,0.0,0.0,0.0,0.0,0.0,0.0,0.0,0.0,0.0,0.0,0.0,0.051672890894737006,0.0,0.0,0.061254538966115026,0.0,0.0,0.0,0.04997593377249673,0.0,0.0,0.0,0.0,0.0,0.0,0.0,0.0,0.0,0.029620308413594348,0.0,0.0,0.0,0.0,0.0,0.0,0.0,0.0,0.0,0.0,0.0,0.0,0.0,0.07950856608662146,0.0,0.0,0.0,0.0,0.0,0.0,0.04285588579199134,0.0,0.0,0.0,0.0,0.0,0.0,0.0,0.0,0.0,0.0,0.04613108759702155,0.0,0.0,0.0,0.0,0.0,0.0,0.0,0.0,0.0,0.0,0.0,0.0,0.0,0.0,0.0,0.04193737297214234,0.0,0.0,0.0,0.0,0.0,0.0,0.03942641391038389,0.0,0.0,0.0,0.0,0.03101775578001619,0.0,0.52659924581488
2024-06-10,0.0,0.0,0.0,0.0,0.0,0.0,0.0,0.0,0.0,0.0,0.0,0.0,0.0,0.0,0.0,0.0,0.0,0.0,0.0,0.0,0.0,0.0,0.0,0.0,0.0,0.0,0.0,0.0,0.0,0.0,0.0,0.05198330211428473,0.0,0.0,0.0610458414723179,0.0,0.0,0.0,0.04919560764322684,0.0,0.0,0.0,0.0,0.0,0.0,0.0,0.0,0.0,0.029637847326921905,0.0,0.0,0.0,0.0,0.0,0.0,0.0,0.0,0.0,0.0,0.0,0.0,0.0,0.07893054747810695,0.0,0.0,0.0,0.0,0.0,0.0,0.04107770971412526,0.0,0.0,0.0,0.0,0.0,0.0,0.0,0.0,0.0,0.0,0.045496727514508346,0.0,0.0,0.0,0.0,0.0,0.0,0.0,0.0,0.0,0.0,0.0,0.0,0.0,0.0,0.0,0.04172534754167938,0.0,0.0,0.0,0.0,0.0,0.0,0.03919557239805495,0.0,0.0,0.0,0.0,0.031202763320124005,0.0,0.5305087334766498
2024-06-11,0.0,0.0,0.0,0.0,0.0,0.0,0.0,0.0,0.0,0.0,0.0,0.0,0.0,0.0,0.0,0.0,0.0,0.0,0.0,0.0,0.036873323702149505,0.0,0.0,0.0,0.0,0.0,0.0,0.0,0.0,0.0,0.0,0.0,0.0,0.0,0.08179101955085998,0.0,0.0,0.0,0.07457617334156583,0.0,0.0,0.0,0.0,0.0,0.0,0.0,0.0,0.0,0.0674091273724503,0.0,0.0,0.0,0.0,0.0,0.03713057020317128,0.0,0.0,0.0,0.0,0.0,0.0,0.0,0.09116763426304811,0.0,0.0,0.0,0.0,0.0,0.0,0.0,0.0,0.0,0.0,0.0,0.0,0.0,0.0,0.0,0.0,0.0,0.0,0.0,0.0,0.0,0.0,0.0,0.0,0.0,0.0,0.0,0.0,0.0,0.0,0.0,0.0,0.0,0.0,0.0,0.0,0.0,0.0,0.0,0.0,0.0,0.0,0.0,0.0,0.0,0.06738727682153661,0.0,0.32159121061031365
2024-06-12,0.0,0.0,0.0,0.0,0.0,0.0,0.0,0.0,0.0,0.0,0.0,0.0,0.0,0.0,0.0,0.0,0.0,0.0,0.0,0.0,0.035731520822118196,0.0,0.0,0.0,0.0,0.0,0.0,0.0,0.0,0.0,0.0,0.0,0.0,0.0,0.08172073418960402,0.0,0.0,0.0,0.07418908747160861,0.0,0.0,0.0,0.0,0.0,0.0,0.0,0.0,0.0,0.06721773472371396,0.0,0.0,0.0,0.0,0.0,0.03678638924388098,0.0,0.0,0.0,0.0,0.0,0.0,0.0,0.09160779612547276,0.0,0.0,0.0,0.0,0.0,0.0,0.0,0.0,0.0,0.0,0.0,0.0,0.0,0.0,0.0,0.0,0.0,0.0,0.0,0.0,0.0,0.0,0.0,0.0,0.0,0.0,0.0,0.0,0.0,0.0,0.0,0.0,0.0,0.0,0.0,0.0,0.0,0.0,0.0,0.0,0.0,0.0,0.0,0.0,0.0,0.06798922506906717,0.0,0.32228921031433544
2024-06-13,0.0,0.0,0.0,0.0,0.0,0.0,0.0,0.0,0.0,0.0,0.0,0.0,0.0,0.0,0.0,0.0,0.0,0.0,0.0,0.0,0.035165764387168875,0.0,0.0,0.0,0.0,0.0,0.0,0.0,0.0,0.0,0.0,0.0,0.0,0.0,0.08172676282639713,0.0,0.0,0.0,0.07379172468930101,0.0,0.0,0.0,0.0,0.0,0.0,0.0,0.0,0.0,0.06584865003499199,0.0,0.0,0.0,0.0,0.0,0.03673188577974412,0.0,0.0,0.0,0.0,0.0,0.0,0.0,0.09213129368582837,0.0,0.0,0.0,0.0,0.0,0.0,0.0,0.0,0.0,0.0,0.0,0.0,0.0,0.0,0.0,0.0,0.0,0.0,0.0,0.0,0.0,0.0,0.0,0.0,0.0,0.0,0.0,0.0,0.0,0.0,0.0,0.0,0.0,0.0,0.0,0.0,0.0,0.0,0.0,0.0,0.0,0.0,0.0,0.0,0.0,0.06872813818143557,0.0,0.545875780415133
2024-06-14,0.0,0.0,0.0,0.0,0.0,0.0,0.0,0.0,0.0,0.0,0.0,0.0,0.0,0.0,0.0,0.0,0.0,0.0,0.0,0.0,0.03523351289753144,0.0,0.0,0.0,0.0,0.0,0.0,0.0,0.0,0.0,0.0,0.0,0.0,0.0,0.08022087845490398,0.0,0.0,0.0,0.07315308563972305,0.0,0.0,0.0,0.0,0.0,0.0,0.0,0.0,0.0,0.06643167307932941,0.0,0.0,0.0,0.0,0.0,0.036941322867628426,0.0,0.0,0.0,0.0,0.0,0.0,0.0,0.0918656004856499,0.0,0.0,0.0,0.0,0.0,0.0,0.0,0.0,0.0,0.0,0.0,0.0,0.0,0.0,0.0,0.0,0.0,0.0,0.0,0.0,0.0,0.0,0.0,0.0,0.0,0.0,0.0,0.0,0.0,0.0,0.0,0.0,0.0,0.0,0.0,0.0,0.0,0.0,0.0,0.0,0.0,0.0,0.0,0.0,0.0,0.06943420665219668,0.0,0.546719719923037
2024-06-17,0.0,0.0,0.0,0.0,0.0,0.0,0.0,0.0,0.0,0.0,0.0,0.0,0.0,0.0,0.0,0.0,0.0,0.0,0.0,0.0,0.034793455468797724,0.0,0.0,0.0,0.0,0.0,0.0,0.0,0.0,0.0,0.0,0.0,0.0,0.0,0.08101691428564067,0.0,0.0,0.0,0.07247432718967209,0.0,0.0,0.0,0.0,0.0,0.0,0.0,0.0,0.0,0.06663086844523297,0.0,0.0,0.0,0.0,0.0,0.03695712436617872,0.0,0.0,0.0,0.0,0.0,0.0,0.0,0.0906357173507428,0.0,0.0,0.0,0.0,0.0,0.0,0.0,0.0,0.0,0.0,0.0,0.0,0.0,0.0,0.0,0.0,0.0,0.0,0.0,0.0,0.0,0.0,0.0,0.0,0.0,0.0,0.0,0.0,0.0,0.0,0.0,0.0,0.0,0.0,0.0,0.0,0.0,0.0,0.0,0.0,0.0,0.0,0.0,0.0,0.0,0.06956070967699172,0.0,0.5479308832167434
2024-06-18,0.0,0.0,0.0,0.0,0.0,0.0,0.0,0.0,0.0,0.0,0.0,0.0,0.0,0.0,0.0,0.0,0.0,0.0,0.0,0.0,0.034570222178856566,0.0,0.0,0.0,0.0,0.0,0.0,0.0,0.0,0.0,0.0,0.0,0.0,0.0,0.08090910957099888,0.0,0.0,0.0,0.07266751150326729,0.0,0.0,0.0,0.0,0.0,0.0,0.0,0.0,0.0,0.06732274958996476,0.0,0.0,0.0,0.0,0.0,0.03706226534836383,0.0,0.0,0.0,0.0,0.0,0.0,0.0,0.09042208299122803,0.0,0.0,0.0,0.0,0.0,0.0,0.0,0.0,0.0,0.0,0.0,0.0,0.0,0.0,0.0,0.0,0.0,0.0,0.0,0.0,0.0,0.0,0.0,0.0,0.0,0.0,0.0,0.0,0.0,0.0,0.0,0.0,0.0,0.0,0.0,0.0,0.0,0.0,0.0,0.0,0.0,0.0,0.0,0.0,0.0,0.0696293906988436,0.0,0.547416668118477
2024-06-19,0.0,0.0,0.0,0.0,0.0,0.0,0.0,0.0,0.0,0.0,0.0,0.0,0.0,0.0,0.0,0.0,0.0,0.0,0.0,0.0,0.034985901287889656,0.0,0.0,0.0,0.0,0.0,0.0,0.0,0.0,0.0,0.0,0.0,0.0,0.0,0.08060060612827459,0.0,0.0,0.0,0.07323747190095342,0.0,0.0,0.0,0.0,0.0,0.0,0.0,0.0,0.0,0.06799664022463088,0.0,0.0,0.0,0.0,0.0,0.03769695725561354,0.0,0.0,0.0,0.0,0.0,0.0,0.0,0.08854924607222124,0.0,0.0,0.0,0.0,0.0,0.0,0.0,0.0,0.0,0.0,0.0,0.0,0.0,0.0,0.0,0.0,0.0,0.0,0.0,0.0,0.0,0.0,0.0,0.0,0.0,0.0,0.0,0.0,0.0,0.0,0.0,0.0,0.0,0.0,0.0,0.0,0.0,0.0,0.0,0.0,0.0,0.0,0.0,0.0,0.0,0.07109767069473669,0.0,0.54583550643568
2024-06-20,0.0,0.0,0.0,0.0,0.0,0.0,0.0,0.0,0.0,0.0,0.0,0.0,0.0,0.0,0.0,0.0,0.0,0.0,0.0,0.0,0.034730973801123624,0.0,0.0,0.0,0.0,0.0,0.0,0.0,0.0,0.0,0.0,0.0,0.0,0.0,0.0817892182487054,0.0,0.0,0.0,0.07245826823153632,0.0,0.0,0.0,0.0,0.0,0.0,0.0,0.0,0.0,0.06873751027826688,0.0,0.0,0.0,0.0,0.0,0.037049982502713893,0.0,0.0,0.0,0.0,0.0,0.0,0.0,0.08387670640911057,0.0,0.0,0.0,0.0,0.0,0.0,0.0,0.0,0.0,0.0,0.0,0.0,0.0,0.0,0.0,0.0,0.0,0.0,0.0,0.0,0.0,0.0,0.0,0.0,0.0,0.0,0.0,0.0,0.0,0.0,0.0,0.0,0.0,0.0,0.0,0.0,0.0,0.0,0.0,0.0,0.0,0.0,0.0,0.0,0.0,0.07312156127460534,0.0,0.548235779253938
2024-06-21,0.0,0.0,0.0,0.0,0.0,0.0,0.0,0.0,0.0,0.0,0.0,0.0,0.0,0.0,0.0,0.0,0.0,0.0,0.0,0.0,0.03479212954104482,0.0,0.0,0.0,0.0,0.0,0.0,0.0,0.0,0.0,0.0,0.0,0.0,0.0,0.08184043933401722,0.0,0.0,0.0,0.07302574215462712,0.0,0.0,0.0,0.0,0.0,0.0,0.0,0.0,0.0,0.06895233922297554,0.0,0.0,0.0,0.0,0.0,0.0372895431425416,0.0,0.0,0.0,0.0,0.0,0.0,0.0,0.08357063407306223,0.0,0.0,0.0,0.0,0.0,0.0,0.0,0.0,0.0,0.0,0.0,0.0,0.0,0.0,0.0,0.0,0.0,0.0,0.0,0.0,0.0,0.0,0.0,0.0,0.0,0.0,0.0,0.0,0.0,0.0,0.0,0.0,0.0,0.0,0.0,0.0,0.0,0.0,0.0,0.0,0.0,0.0,0.0,0.0,0.0,0.07347224990876552,0.0,0.5470569226229661
2024-06-24,0.0,0.0,0.0,0.0,0.0,0.0,0.0,0.0,0.0,0.0,0.0,0.0,0.0,0.0,0.0,0.0,0.0,0.0,0.0,0.0,0.034896708411187055,0.0,0.0,0.0,0.0,0.0,0.0,0.0,0.0,0.0,0.0,0.0,0.0,0.0,0.08431464983405434,0.0,0.0,0.0,0.07394497548057292,0.0,0.0,0.0,0.0,0.0,0.0,0.0,0.0,0.0,0.06933621306297963,0.0,0.0,0.0,0.0,0.0,0.037320207309106346,0.0,0.0,0.0,0.0,0.0,0.0,0.0,0.08539593672195375,0.0,0.0,0.0,0.0,0.0,0.0,0.0,0.0,0.0,0.0,0.0,0.0,0.0,0.0,0.0,0.0,0.0,0.0,0.0,0.0,0.0,0.0,0.0,0.0,0.0,0.0,0.0,0.0,0.0,0.0,0.0,0.0,0.0,0.0,0.0,0.0,0.0,0.0,0.0,0.0,0.0,0.0,0.0,0.0,0.0,0.07243951218677867,0.0,0.5423517969933672
2024-06-25,0.0,0.0,0.0,0.0,0.0,0.0,0.0,0.0,0.0,0.0,0.0,0.0,0.0,0.0,0.0,0.0,0.0,0.0,0.0,0.0,0.03432308299989762,0.0,0.0,0.0,0.0,0.0,0.0,0.0,0.0,0.0,0.0,0.0,0.0,0.0,0.08644234584237401,0.0,0.0,0.0,0.0744576852232958,0.0,0.0,0.0,0.0,0.0,0.0,0.0,0.0,0.0,0.07315690393276346,0.0,0.0,0.0,0.0,0.0,0.0371386283990042,0.0,0.0,0.0,0.0,0.0,0.0,0.0,0.08436452203057346,0.0,0.0,0.0,0.0,0.0,0.0,0.0,0.0,0.0,0.0,0.0,0.0,0.0,0.0,0.0,0.0,0.0,0.0,0.0,0.0,0.0,0.0,0.0,0.0,0.0,0.0,0.0,0.0,0.0,0.0,0.0,0.0,0.0,0.0,0.0,0.0,0.0,0.0,0.0,0.0,0.0,0.0,0.0,0.0,0.0,0.07294752522096382,0.0,0.5371693063511278
2024-06-26,0.0,0.0,0.0,0.0,0.0,0.0,0.0,0.0,0.0,0.0,0.0,0.0,0.0,0.0,0.0,0.0,0.0,0.0,0.0,0.0,0.0345902675629397,0.0,0.0,0.0,0.0,0.0,0.0,0.0,0.0,0.0,0.0,0.0,0.0,0.0,0.08729523024795866,0.0,0.0,0.0,0.07527194188734755,0.0,0.0,0.0,0.0,0.0,0.0,0.0,0.0,0.0,0.07304173967564341,0.0,0.0,0.0,0.0,0.0,0.03652377508931516,0.0,0.0,0.0,0.0,0.0,0.0,0.0,0.08578339745558139,0.0,0.0,0.0,0.0,0.0,0.0,0.0,0.0,0.0,0.0,0.0,0.0,0.0,0.0,0.0,0.0,0.0,0.0,0.0,0.0,0.0,0.0,0.0,0.0,0.0,0.0,0.0,0.0,0.0,0.0,0.0,0.0,0.0,0.0,0.0,0.0,0.0,0.0,0.0,0.0,0.0,0.0,0.0,0.0,0.0,0.07319255879581979,0.0,0.5343010892853943
2024-06-27,0.0,0.0,0.0,0.0,0.0,0.0,0.0,0.0,0.0,0.0,0.0,0.0,0.0,0.0,0.0,0.0,0.0,0.0,0.0,0.0,0.03624728982881766,0.0,0.0,0.0,0.0,0.0,0.0,0.0,0.0,0.0,0.0,0.0,0.0,0.0,0.08678901254587039,0.0,0.0,0.0,0.07530899459146329,0.0,0.0,0.0,0.0,0.0,0.0,0.0,0.0,0.0,0.07359373435891255,0.0,0.0,0.0,0.0,0.0,0.036677362235476345,0.0,0.0,0.0,0.0,0.0,0.0,0.0,0.0867624251878861,0.0,0.0,0.0,0.0,0.0,0.0,0.0,0.0,0.0,0.0,0.0,0.0,0.0,0.0,0.0,0.0,0.0,0.0,0.0,0.0,0.0,0.0,0.0,0.0,0.0,0.0,0.0,0.0,0.0,0.0,0.0,0.0,0.0,0.0,0.0,0.0,0.0,0.0,0.0,0.0,0.0,0.0,0.0,0.0,0.0,0.07243933192390281,0.0,0.532181849327671
2024-06-28,0.0,0.0,0.0,0.0,0.0,0.0,0.0,0.0,0.0,0.0,0.0,0.0,0.0,0.0,0.0,0.0,0.0,0.0,0.0,0.0,0.03630816954058472,0.0,0.0,0.0,0.0,0.0,0.0,0.0,0.0,0.0,0.0,0.0,0.0,0.0,0.08652511797288256,0.0,0.0,0.0,0.07476135753337451,0.0,0.0,0.0,0.0,0.0,0.0,0.0,0.0,0.0,0.07346318592950346,0.0,0.0,0.0,0.0,0.0,0.035948998599222265,0.0,0.0,0.0,0.0,0.0,0.0,0.0,0.08651529606530771,0.0,0.0,0.0,0.0,0.0,0.0,0.0,0.0,0.0,0.0,0.0,0.0,0.0,0.0,0.0,0.0,0.0,0.0,0.0,0.0,0.0,0.0,0.0,0.0,0.0,0.0,0.0,0.0,0.0,0.0,0.0,0.0,0.0,0.0,0.0,0.0,0.0,0.0,0.0,0.0,0.0,0.0,0.0,0.0,0.0,0.07338691046154774,0.0,0.5330909638975772
2024-07-01,0.0,0.0,0.0,0.0,0.0,0.0,0.0,0.0,0.0,0.0,0.0,0.0,0.0,0.0,0.0,0.0,0.0,0.0,0.0,0.0,0.03672276912906809,0.0,0.0,0.0,0.0,0.0,0.0,0.0,0.0,0.0,0.0,0.0,0.0,0.0,0.08637983451735723,0.0,0.0,0.0,0.07575662141653161,0.0,0.0,0.0,0.0,0.0,0.0,0.0,0.0,0.0,0.07359829906219613,0.0,0.0,0.0,0.0,0.0,0.036241517193934224,0.0,0.0,0.0,0.0,0.0,0.0,0.0,0.08502308083538566,0.0,0.0,0.0,0.0,0.0,0.0,0.0,0.0,0.0,0.0,0.0,0.0,0.0,0.0,0.0,0.0,0.0,0.0,0.0,0.0,0.0,0.0,0.0,0.0,0.0,0.0,0.0,0.0,0.0,0.0,0.0,0.0,0.0,0.0,0.0,0.0,0.0,0.0,0.0,0.0,0.0,0.0,0.0,0.0,0.0,0.07309668226207326,0.0,0.5331811955834539
2024-07-02,0.0,0.0,0.0,0.0,0.0,0.0,0.0,0.0,0.0,0.0,0.0,0.0,0.0,0.0,0.0,0.0,0.0,0.0,0.0,0.0,0.03691876075373821,0.0,0.0,0.0,0.0,0.0,0.0,0.0,0.0,0.0,0.0,0.0,0.0,0.0,0.08709126477266785,0.0,0.0,0.0,0.07693740838875954,0.0,0.0,0.0,0.0,0.0,0.0,0.0,0.0,0.0,0.0731573460920272,0.0,0.0,0.0,0.0,0.0,0.035836300139072644,0.0,0.0,0.0,0.0,0.0,0.0,0.0,0.0852337345650724,0.0,0.0,0.0,0.0,0.0,0.0,0.0,0.0,0.0,0.0,0.0,0.0,0.0,0.0,0.0,0.0,0.0,0.0,0.0,0.0,0.0,0.0,0.0,0.0,0.0,0.0,0.0,0.0,0.0,0.0,0.0,0.0,0.0,0.0,0.0,0.0,0.0,0.0,0.0,0.0,0.0,0.0,0.0,0.0,0.0,0.07298797806587416,0.0,0.5318372072227882
2024-07-03,0.0,0.0,0.0,0.0,0.0,0.0,0.0,0.0,0.0,0.0,0.0,0.0,0.0,0.0,0.0,0.0,0.0,0.0,0.0,0.0,0.03658709680570157,0.0,0.0,0.0,0.0,0.0,0.0,0.0,0.0,0.0,0.0,0.0,0.0,0.0,0.08876689936297384,0.0,0.0,0.0,0.07724640363056055,0.0,0.0,0.0,0.0,0.0,0.0,0.0,0.0,0.0,0.07408315531508937,0.0,0.0,0.0,0.0,0.0,0.035724351155374326,0.0,0.0,0.0,0.0,0.0,0.0,0.0,0.08806963568017083,0.0,0.0,0.0,0.0,0.0,0.0,0.0,0.0,0.0,0.0,0.0,0.0,0.0,0.0,0.0,0.0,0.0,0.0,0.0,0.0,0.0,0.0,0.0,0.0,0.0,0.0,0.0,0.0,0.0,0.0,0.0,0.0,0.0,0.0,0.0,0.0,0.0,0.0,0.0,0.0,0.0,0.0,0.0,0.0,0.0,0.07244413221721573,0.0,0.5270783258329137
2024-07-04,0.0,0.0,0.0,0.0,0.0,0.0,0.0,0.0,0.0,0.0,0.0,0.0,0.0,0.0,0.0,0.0,0.0,0.0,0.0,0.0,0.036125498063459584,0.0,0.0,0.0,0.0,0.0,0.0,0.0,0.0,0.0,0.0,0.0,0.0,0.0,0.09074708137606273,0.0,0.0,0.0,0.07926958513215296,0.0,0.0,0.0,0.0,0.0,0.0,0.0,0.0,0.0,0.07510559594010449,0.0,0.0,0.0,0.0,0.0,0.03535124724120645,0.0,0.0,0.0,0.0,0.0,0.0,0.0,0.08928099669233759,0.0,0.0,0.0,0.0,0.0,0.0,0.0,0.0,0.0,0.0,0.0,0.0,0.0,0.0,0.0,0.0,0.0,0.0,0.0,0.0,0.0,0.0,0.0,0.0,0.0,0.0,0.0,0.0,0.0,0.0,0.0,0.0,0.0,0.0,0.0,0.0,0.0,0.0,0.0,0.0,0.0,0.0,0.0,0.0,0.0,0.07143668661436693,0.0,0.5226833089403092
2024-07-05,0.0,0.0,0.0,0.0,0.0,0.0,0.0,0.0,0.0,0.0,0.0,0.0,0.0,0.0,0.0,0.0,0.0,0.0,0.0,0.0,0.03704223127863957,0.0,0.0,0.0,0.0,0.0,0.0,0.0,0.0,0.0,0.0,0.0,0.0,0.0,0.0894289599940855,0.0,0.0,0.0,0.07818052176737776,0.0,0.0,0.0,0.0,0.0,0.0,0.0,0.0,0.0,0.07520738421469726,0.0,0.0,0.0,0.0,0.0,0.03554650142930983,0.0,0.0,0.0,0.0,0.0,0.0,0.0,0.08895139442027092,0.0,0.0,0.0,0.0,0.0,0.0,0.0,0.0,0.0,0.0,0.0,0.0,0.0,0.0,0.0,0.0,0.0,0.0,0.0,0.0,0.0,0.0,0.0,0.0,0.0,0.0,0.0,0.0,0.0,0.0,0.0,0.0,0.0,0.0,0.0,0.0,0.0,0.0,0.0,0.0,0.0,0.0,0.0,0.0,0.0,0.07204578563376929,0.0,0.5235972212618498
2024-07-08,0.0,0.0,0.0,0.0,0.0,0.0,0.0,0.0,0.0,0.0,0.0,0.0,0.0,0.0,0.0,0.0,0.0,0.0,0.0,0.0,0.03653189107677393,0.0,0.0,0.0,0.0,0.0,0.0,0.0,0.0,0.0,0.0,0.0,0.0,0.0,0.08833599888602968,0.0,0.0,0.0,0.07676681594289715,0.0,0.0,0.0,0.0,0.0,0.0,0.0,0.0,0.0,0.07496327675105119,0.0,0.0,0.0,0.0,0.0,0.035283845819049024,0.0,0.0,0.0,0.0,0.0,0.0,0.0,0.08824909849683324,0.0,0.0,0.0,0.0,0.0,0.0,0.0,0.0,0.0,0.0,0.0,0.0,0.0,0.0,0.0,0.0,0.0,0.0,0.0,0.0,0.0,0.0,0.0,0.0,0.0,0.0,0.0,0.0,0.0,0.0,0.0,0.0,0.0,0.0,0.0,0.0,0.0,0.0,0.0,0.0,0.0,0.0,0.0,0.0,0.0,0.07595531891634834,0.0,0.5239137541110175
2024-07-09,0.0,0.0,0.0,0.0,0.0,0.0,0.0,0.0,0.0,0.0,0.0,0.0,0.0,0.0,0.0,0.0,0.0,0.0,0.0,0.0,0.036380210191859316,0.0,0.0,0.0,0.0,0.0,0.0,0.0,0.0,0.0,0.0,0.0,0.0,0.0,0.08853631306927998,0.0,0.0,0.0,0.0778360087613687,0.0,0.0,0.0,0.0,0.0,0.0,0.0,0.0,0.0,0.07508109506769108,0.0,0.0,0.0,0.0,0.0,0.035616321271679574,0.0,0.0,0.0,0.0,0.0,0.0,0.0,0.08776900695243867,0.0,0.0,0.0,0.0,0.0,0.0,0.0,0.0,0.0,0.0,0.0,0.0,0.0,0.0,0.0,0.0,0.0,0.0,0.0,0.0,0.0,0.0,0.0,0.0,0.0,0.0,0.0,0.0,0.0,0.0,0.0,0.0,0.0,0.0,0.0,0.0,0.0,0.0,0.0,0.0,0.0,0.0,0.0,0.0,0.0,0.07591061000650426,0.0,0.5228704346791784
2024-07-10,0.0,0.0,0.0,0.0,0.0,0.0,0.0,0.0,0.0,0.0,0.0,0.0,0.0,0.0,0.0,0.0,0.0,0.0,0.0,0.0,0.03584339473835827,0.0,0.0,0.0,0.0,0.0,0.0,0.0,0.0,0.0,0.0,0.0,0.0,0.0,0.08996763172941075,0.0,0.0,0.0,0.0796284272180687,0.0,0.0,0.0,0.0,0.0,0.0,0.0,0.0,0.0,0.07438694006161585,0.0,0.0,0.0,0.0,0.0,0.03570369442528269,0.0,0.0,0.0,0.0,0.0,0.0,0.0,0.08774203491596409,0.0,0.0,0.0,0.0,0.0,0.0,0.0,0.0,0.0,0.0,0.0,0.0,0.0,0.0,0.0,0.0,0.0,0.0,0.0,0.0,0.0,0.0,0.0,0.0,0.0,0.0,0.0,0.0,0.0,0.0,0.0,0.0,0.0,0.0,0.0,0.0,0.0,0.0,0.0,0.0,0.0,0.0,0.0,0.0,0.0,0.07488214631760154,0.0,0.521845730593698
2024-07-11,0.0,0.0,0.0,0.0,0.0,0.0,0.0,0.0,0.0,0.0,0.0,0.0,0.0,0.0,0.0,0.0,0.0,0.0,0.0,0.0,0.035716774927664535,0.0,0.0,0.0,0.0,0.0,0.0,0.0,0.0,0.0,0.0,0.0,0.0,0.0,0.08855113362478871,0.0,0.0,0.0,0.08116962199684796,0.0,0.0,0.0,0.0,0.0,0.0,0.0,0.0,0.0,0.07520464709391363,0.0,0.0,0.0,0.0,0.0,0.0350030537825743,0.0,0.0,0.0,0.0,0.0,0.0,0.0,0.08905989013984879,0.0,0.0,0.0,0.0,0.0,0.0,0.0,0.0,0.0,0.0,0.0,0.0,0.0,0.0,0.0,0.0,0.0,0.0,0.0,0.0,0.0,0.0,0.0,0.0,0.0,0.0,0.0,0.0,0.0,0.0,0.0,0.0,0.0,0.0,0.0,0.0,0.0,0.0,0.0,0.0,0.0,0.0,0.0,0.0,0.0,0.07602236578489513,0.0,0.5192725126494669
2024-07-12,0.0,0.0,0.0,0.0,0.0,0.0,0.0,0.0,0.0,0.0,0.0,0.0,0.0,0.0,0.0,0.0,0.0,0.0,0.0,0.0,0.03541678003275542,0.0,0.0,0.0,0.0,0.0,0.0,0.0,0.0,0.0,0.0,0.0,0.0,0.0,0.08570643561259103,0.0,0.0,0.0,0.08029169504932808,0.0,0.0,0.0,0.0,0.0,0.0,0.0,0.0,0.0,0.07550603934124912,0.0,0.0,0.0,0.0,0.0,0.03585067456097067,0.0,0.0,0.0,0.0,0.0,0.0,0.0,0.08982609683744024,0.0,0.0,0.0,0.0,0.0,0.0,0.0,0.0,0.0,0.0,0.0,0.0,0.0,0.0,0.0,0.0,0.0,0.0,0.0,0.0,0.0,0.0,0.0,0.0,0.0,0.0,0.0,0.0,0.0,0.0,0.0,0.0,0.0,0.0,0.0,0.0,0.0,0.0,0.0,0.0,0.0,0.0,0.0,0.0,0.0,0.07762318517662499,0.0,0.5197790933890404
2024-07-15,0.0,0.0,0.0,0.0,0.0,0.0,0.0,0.0,0.0,0.0,0.0,0.0,0.0,0.0,0.0,0.0,0.0,0.0,0.0,0.0,0.03588248331924152,0.0,0.0,0.0,0.0,0.0,0.0,0.0,0.0,0.0,0.0,0.0,0.0,0.0,0.08636696560844051,0.0,0.0,0.0,0.0803297424473734,0.0,0.0,0.0,0.0,0.0,0.0,0.0,0.0,0.0,0.07463434300361255,0.0,0.0,0.0,0.0,0.0,0.03511070644105538,0.0,0.0,0.0,0.0,0.0,0.0,0.0,0.08979630234403432,0.0,0.0,0.0,0.0,0.0,0.0,0.0,0.0,0.0,0.0,0.0,0.0,0.0,0.0,0.0,0.0,0.0,0.0,0.0,0.0,0.0,0.0,0.0,0.0,0.0,0.0,0.0,0.0,0.0,0.0,0.0,0.0,0.0,0.0,0.0,0.0,0.0,0.0,0.0,0.0,0.0,0.0,0.0,0.0,0.0,0.07858485763281536,0.0,0.519294599203427
2024-07-16,0.0,0.0,0.0,0.0,0.0,0.0,0.0,0.0,0.0,0.0,0.0,0.0,0.0,0.0,0.0,0.0,0.0,0.0,0.0,0.0,0.03540612490873189,0.0,0.0,0.0,0.0,0.0,0.0,0.0,0.0,0.0,0.0,0.0,0.0,0.0,0.08827384648602082,0.0,0.0,0.0,0.08040930535737068,0.0,0.0,0.0,0.0,0.0,0.0,0.0,0.0,0.0,0.07446066573525756,0.0,0.0,0.0,0.0,0.0,0.03511562810662373,0.0,0.0,0.0,0.0,0.0,0.0,0.0,0.08994359301649542,0.0,0.0,0.0,0.0,0.0,0.0,0.0,0.0,0.0,0.0,0.0,0.0,0.0,0.0,0.0,0.0,0.0,0.0,0.0,0.0,0.0,0.0,0.0,0.0,0.0,0.0,0.0,0.0,0.0,0.0,0.0,0.0,0.0,0.0,0.0,0.0,0.0,0.0,0.0,0.0,0.0,0.0,0.0,0.0,0.0,0.07861112948515202,0.0,0.5177797069043479
2024-07-17,0.0,0.0,0.0,0.0,0.0,0.0,0.0,0.0,0.0,0.0,0.0,0.0,0.0,0.0,0.0,0.0,0.0,0.0,0.0,0.0,0.03514155282659534,0.0,0.0,0.0,0.0,0.0,0.0,0.0,0.0,0.0,0.0,0.0,0.0,0.0,0.08808466268830434,0.0,0.0,0.0,0.08124484877282931,0.0,0.0,0.0,0.0,0.0,0.0,0.0,0.0,0.0,0.07481914672869996,0.0,0.0,0.0,0.0,0.0,0.03472662218600354,0.0,0.0,0.0,0.0,0.0,0.0,0.0,0.09086704428042022,0.0,0.0,0.0,0.0,0.0,0.0,0.0,0.0,0.0,0.0,0.0,0.0,0.0,0.0,0.0,0.0,0.0,0.0,0.0,0.0,0.0,0.0,0.0,0.0,0.0,0.0,0.0,0.0,0.0,0.0,0.0,0.0,0.0,0.0,0.0,0.0,0.0,0.0,0.0,0.0,0.0,0.0,0.0,0.0,0.0,0.07895546139741938,0.0,0.5161606611197278
2024-07-18,0.0,0.0,0.0,0.0,0.0,0.0,0.0,0.0,0.0,0.0,0.0,0.0,0.0,0.0,0.0,0.0,0.0,0.0,0.0,0.0,0.03486353570246548,0.0,0.0,0.0,0.0,0.0,0.0,0.0,0.0,0.0,0.0,0.0,0.0,0.0,0.08731597895273242,0.0,0.0,0.0,0.08062611462289969,0.0,0.0,0.0,0.0,0.0,0.0,0.0,0.0,0.0,0.0745481181475992,0.0,0.0,0.0,0.0,0.0,0.0341170826817005,0.0,0.0,0.0,0.0,0.0,0.0,0.0,0.09040519752046736,0.0,0.0,0.0,0.0,0.0,0.0,0.0,0.0,0.0,0.0,0.0,0.0,0.0,0.0,0.0,0.0,0.0,0.0,0.0,0.0,0.0,0.0,0.0,0.0,0.0,0.0,0.0,0.0,0.0,0.0,0.0,0.0,0.0,0.0,0.0,0.0,0.0,0.0,0.0,0.0,0.0,0.0,0.0,0.0,0.0,0.07983884270872776,0.0,0.5182851296634076
2024-07-19,0.0,0.0,0.0,0.0,0.0,0.0,0.0,0.0,0.0,0.0,0.0,0.0,0.0,0.0,0.0,0.0,0.0,0.0,0.0,0.0,0.03454659053603521,0.0,0.0,0.0,0.0,0.0,0.0,0.0,0.0,0.0,0.0,0.0,0.0,0.0,0.08764782807825813,0.0,0.0,0.0,0.08148193890702585,0.0,0.0,0.0,0.0,0.0,0.0,0.0,0.0,0.0,0.07478966936205547,0.0,0.0,0.0,0.0,0.0,0.03423512855488798,0.0,0.0,0.0,0.0,0.0,0.0,0.0,0.0913184666661331,0.0,0.0,0.0,0.0,0.0,0.0,0.0,0.0,0.0,0.0,0.0,0.0,0.0,0.0,0.0,0.0,0.0,0.0,0.0,0.0,0.0,0.0,0.0,0.0,0.0,0.0,0.0,0.0,0.0,0.0,0.0,0.0,0.0,0.0,0.0,0.0,0.0,0.0,0.0,0.0,0.0,0.0,0.0,0.0,0.0,0.07936568010563343,0.0,0.5166146977899709
2024-07-22,0.0,0.0,0.0,0.0,0.0,0.0,0.0,0.0,0.0,0.0,0.0,0.0,0.0,0.0,0.0,0.0,0.0,0.0,0.0,0.0,0.03443854670123277,0.0,0.0,0.0,0.0,0.0,0.0,0.0,0.0,0.0,0.0,0.0,0.0,0.0,0.08806646605116523,0.0,0.0,0.0,0.08238873855258773,0.0,0.0,0.0,0.0,0.0,0.0,0.0,0.0,0.0,0.07439129785711031,0.0,0.0,0.0,0.0,0.0,0.03478496008316846,0.0,0.0,0.0,0.0,0.0,0.0,0.0,0.09312266123005472,0.0,0.0,0.0,0.0,0.0,0.0,0.0,0.0,0.0,0.0,0.0,0.0,0.0,0.0,0.0,0.0,0.0,0.0,0.0,0.0,0.0,0.0,0.0,0.0,0.0,0.0,0.0,0.0,0.0,0.0,0.0,0.0,0.0,0.0,0.0,0.0,0.0,0.0,0.0,0.0,0.0,0.0,0.0,0.0,0.0,0.07874261587121219,0.0,0.5140647136534686
2024-07-23,0.0,0.0,0.0,0.0,0.0,0.0,0.0,0.0,0.0,0.0,0.0,0.0,0.0,0.0,0.0,0.0,0.0,0.0,0.0,0.0,0.033979515570885965,0.0,0.0,0.0,0.0,0.0,0.0,0.0,0.0,0.0,0.0,0.0,0.0,0.0,0.08785740771256777,0.0,0.0,0.0,0.08158361640967578,0.0,0.0,0.0,0.0,0.0,0.0,0.0,0.0,0.0,0.07355498813908443,0.0,0.0,0.0,0.0,0.0,0.0346401008877378,0.0,0.0,0.0,0.0,0.0,0.0,0.0,0.09207704944362319,0.0,0.0,0.0,0.0,0.0,0.0,0.0,0.0,0.0,0.0,0.0,0.0,0.0,0.0,0.0,0.0,0.0,0.0,0.0,0.0,0.0,0.0,0.0,0.0,0.0,0.0,0.0,0.0,0.0,0.0,0.0,0.0,0.0,0.0,0.0,0.0,0.0,0.0,0.0,0.0,0.0,0.0,0.0,0.0,0.0,0.07900579984005797,0.0,0.5173015219963671
2024-07-24,0.0,0.0,0.0,0.0,0.0,0.0,0.0,0.0,0.0,0.0,0.0,0.0,0.0,0.0,0.0,0.0,0.0,0.0,0.0,0.0,0.033668273530668445,0.0,0.0,0.0,0.0,0.0,0.0,0.0,0.0,0.0,0.0,0.0,0.0,0.0,0.08776270786593664,0.0,0.0,0.0,0.08191088431434601,0.0,0.0,0.0,0.0,0.0,0.0,0.0,0.0,0.0,0.07310783755367778,0.0,0.0,0.0,0.0,0.0,0.033942612476341075,0.0,0.0,0.0,0.0,0.0,0.0,0.0,0.09137870259770585,0.0,0.0,0.0,0.0,0.0,0.0,0.0,0.0,0.0,0.0,0.0,0.0,0.0,0.0,0.0,0.0,0.0,0.0,0.0,0.0,0.0,0.0,0.0,0.0,0.0,0.0,0.0,0.0,0.0,0.0,0.0,0.0,0.0,0.0,0.0,0.0,0.0,0.0,0.0,0.0,0.0,0.0,0.0,0.0,0.0,0.07864837566187804,0.0,0.5195806059994461
2024-07-25,0.0,0.0,0.0,0.0,0.0,0.0,0.0,0.0,0.0,0.0,0.0,0.0,0.0,0.0,0.0,0.0,0.0,0.0,0.0,0.0,0.03332511200880212,0.0,0.0,0.0,0.0,0.0,0.0,0.0,0.0,0.0,0.0,0.0,0.0,0.0,0.08730220803533727,0.0,0.0,0.0,0.08203981041110214,0.0,0.0,0.0,0.0,0.0,0.0,0.0,0.0,0.0,0.07197747168897643,0.0,0.0,0.0,0.0,0.0,0.034124016296905195,0.0,0.0,0.0,0.0,0.0,0.0,0.0,0.09071500945333899,0.0,0.0,0.0,0.0,0.0,0.0,0.0,0.0,0.0,0.0,0.0,0.0,0.0,0.0,0.0,0.0,0.0,0.0,0.0,0.0,0.0,0.0,0.0,0.0,0.0,0.0,0.0,0.0,0.0,0.0,0.0,0.0,0.0,0.0,0.0,0.0,0.0,0.0,0.0,0.0,0.0,0.0,0.0,0.0,0.0,0.07789151978348689,0.0,0.522624852322051
2024-07-26,0.0,0.0,0.0,0.0,0.0,0.0,0.0,0.0,0.0,0.0,0.0,0.0,0.0,0.0,0.0,0.0,0.0,0.0,0.0,0.0,0.032742011174995776,0.0,0.0,0.0,0.0,0.0,0.0,0.0,0.0,0.0,0.0,0.0,0.0,0.0,0.08746799347384103,0.0,0.0,0.0,0.08130018374833145,0.0,0.0,0.0,0.0,0.0,0.0,0.0,0.0,0.0,0.07156398523989378,0.0,0.0,0.0,0.0,0.0,0.035793058852089325,0.0,0.0,0.0,0.0,0.0,0.0,0.0,0.09377559352223375,0.0,0.0,0.0,0.0,0.0,0.0,0.0,0.0,0.0,0.0,0.0,0.0,0.0,0.0,0.0,0.0,0.0,0.0,0.0,0.0,0.0,0.0,0.0,0.0,0.0,0.0,0.0,0.0,0.0,0.0,0.0,0.0,0.0,0.0,0.0,0.0,0.0,0.0,0.0,0.0,0.0,0.0,0.0,0.0,0.0,0.07887444667183643,0.0,0.5184827273167784
2024-07-29,0.0,0.0,0.0,0.0,0.0,0.0,0.0,0.0,0.0,0.0,0.0,0.0,0.0,0.0,0.0,0.0,0.0,0.0,0.0,0.0,0.033822186680565754,0.0,0.0,0.0,0.0,0.0,0.0,0.0,0.0,0.0,0.0,0.0,0.0,0.0,0.08687122473688266,0.0,0.0,0.0,0.08097024157504011,0.0,0.0,0.0,0.0,0.0,0.0,0.0,0.0,0.0,0.07057025505823446,0.0,0.0,0.0,0.0,0.0,0.03589239364336931,0.0,0.0,0.0,0.0,0.0,0.0,0.0,0.09217706352145917,0.0,0.0,0.0,0.0,0.0,0.0,0.0,0.0,0.0,0.0,0.0,0.0,0.0,0.0,0.0,0.0,0.0,0.0,0.0,0.0,0.0,0.0,0.0,0.0,0.0,0.0,0.0,0.0,0.0,0.0,0.0,0.0,0.0,0.0,0.0,0.0,0.0,0.0,0.0,0.0,0.0,0.0,0.0,0.0,0.0,0.07851124208682383,0.0,0.5211853926976246
2024-07-30,0.0,0.0,0.0,0.0,0.0,0.0,0.0,0.0,0.0,0.0,0.0,0.0,0.0,0.0,0.0,0.0,0.0,0.0,0.0,0.0,0.034331919709726086,0.0,0.0,0.0,0.0,0.0,0.0,0.0,0.0,0.0,0.0,0.0,0.0,0.0,0.08796388905078302,0.0,0.0,0.0,0.07995356892093233,0.0,0.0,0.0,0.0,0.0,0.0,0.0,0.0,0.0,0.07034159278441249,0.0,0.0,0.0,0.0,0.0,0.03598703770766724,0.0,0.0,0.0,0.0,0.0,0.0,0.0,0.09261543545170181,0.0,0.0,0.0,0.0,0.0,0.0,0.0,0.0,0.0,0.0,0.0,0.0,0.0,0.0,0.0,0.0,0.0,0.0,0.0,0.0,0.0,0.0,0.0,0.0,0.0,0.0,0.0,0.0,0.0,0.0,0.0,0.0,0.0,0.0,0.0,0.0,0.0,0.0,0.0,0.0,0.0,0.0,0.0,0.0,0.0,0.07745784445428874,0.0,0.5213487119204883
2024-07-31,0.0,0.0,0.0,0.0,0.0,0.0,0.0,0.0,0.0,0.0,0.0,0.0,0.0,0.0,0.0,0.0,0.0,0.0,0.0,0.0,0.03423021322205581,0.0,0.0,0.0,0.0,0.0,0.0,0.0,0.0,0.0,0.0,0.0,0.0,0.0,0.0892734187997199,0.0,0.0,0.0,0.07923578169158993,0.0,0.0,0.0,0.0,0.0,0.0,0.0,0.0,0.0,0.06997331292746818,0.0,0.0,0.0,0.0,0.0,0.03465721029694025,0.0,0.0,0.0,0.0,0.0,0.0,0.0,0.09312621859623464,0.0,0.0,0.0,0.0,0.0,0.0,0.0,0.0,0.0,0.0,0.0,0.0,0.0,0.0,0.0,0.0,0.0,0.0,0.0,0.0,0.0,0.0,0.0,0.0,0.0,0.0,0.0,0.0,0.0,0.0,0.0,0.0,0.0,0.0,0.0,0.0,0.0,0.0,0.0,0.0,0.0,0.0,0.0,0.0,0.0,0.08449189658936614,0.0,0.5150119478766251
2024-08-01,0.0,0.0,0.0,0.0,0.0,0.0,0.0,0.0,0.0,0.0,0.0,0.0,0.0,0.0,0.0,0.0,0.0,0.0,0.0,0.0,0.03390525532222229,0.0,0.0,0.0,0.0,0.0,0.0,0.0,0.0,0.0,0.0,0.0,0.0,0.0,0.08830741770942727,0.0,0.0,0.0,0.07852916144985776,0.0,0.0,0.0,0.0,0.0,0.0,0.0,0.0,0.0,0.07017043329890522,0.0,0.0,0.0,0.0,0.0,0.0338404791859326,0.0,0.0,0.0,0.0,0.0,0.0,0.0,0.09273454059785849,0.0,0.0,0.0,0.0,0.0,0.0,0.0,0.0,0.0,0.0,0.0,0.0,0.0,0.0,0.0,0.0,0.0,0.0,0.0,0.0,0.0,0.0,0.0,0.0,0.0,0.0,0.0,0.0,0.0,0.0,0.0,0.0,0.0,0.0,0.0,0.0,0.0,0.0,0.0,0.0,0.0,0.0,0.0,0.0,0.0,0.08800661099784755,0.0,0.5145061014379487
2024-08-02,0.0,0.0,0.0,0.0,0.0,0.0,0.0,0.0,0.0,0.0,0.0,0.0,0.0,0.0,0.0,0.0,0.0,0.0,0.0,0.0,0.03379141825544461,0.0,0.0,0.0,0.0,0.0,0.0,0.0,0.0,0.0,0.0,0.0,0.0,0.0,0.08842971788206334,0.0,0.0,0.0,0.07785277351006628,0.0,0.0,0.0,0.0,0.0,0.0,0.0,0.0,0.0,0.06983405214126939,0.0,0.0,0.0,0.0,0.0,0.03408866376573182,0.0,0.0,0.0,0.0,0.0,0.0,0.0,0.09585318079164308,0.0,0.0,0.0,0.0,0.0,0.0,0.0,0.0,0.0,0.0,0.0,0.0,0.0,0.0,0.0,0.0,0.0,0.0,0.0,0.0,0.0,0.0,0.0,0.0,0.0,0.0,0.0,0.0,0.0,0.0,0.0,0.0,0.0,0.0,0.0,0.0,0.0,0.0,0.0,0.0,0.0,0.0,0.0,0.0,0.0,0.08331898974463973,0.0,0.5168312039091418
2024-08-05,0.0,0.0,0.0,0.0,0.0,0.0,0.0,0.0,0.0,0.0,0.0,0.0,0.0,0.0,0.0,0.0,0.0,0.0,0.0,0.0,0.03380879805833175,0.0,0.0,0.0,0.0,0.0,0.0,0.0,0.0,0.0,0.0,0.0,0.0,0.0,0.0870404023214222,0.0,0.0,0.0,0.07692734217418894,0.0,0.0,0.0,0.0,0.0,0.0,0.0,0.0,0.0,0.06782915403114922,0.0,0.0,0.0,0.0,0.0,0.03539087398062847,0.0,0.0,0.0,0.0,0.0,0.0,0.0,0.09419010888839895,0.0,0.0,0.0,0.0,0.0,0.0,0.0,0.0,0.0,0.0,0.0,0.0,0.0,0.0,0.0,0.0,0.0,0.0,0.0,0.0,0.0,0.0,0.0,0.0,0.0,0.0,0.0,0.0,0.0,0.0,0.0,0.0,0.0,0.0,0.0,0.0,0.0,0.0,0.0,0.0,0.0,0.0,0.0,0.0,0.0,0.08281049461773365,0.0,0.5220028259281467
2024-08-06,0.0,0.0,0.0,0.0,0.0,0.0,0.0,0.0,0.0,0.0,0.0,0.0,0.0,0.0,0.0,0.0,0.0,0.0,0.0,0.0,0.034509050518267866,0.0,0.0,0.0,0.0,0.0,0.0,0.0,0.0,0.0,0.0,0.0,0.0,0.0,0.08754360994600031,0.0,0.0,0.0,0.07798502702484522,0.0,0.0,0.0,0.0,0.0,0.0,0.0,0.0,0.0,0.06754626342928753,0.0,0.0,0.0,0.0,0.0,0.03570702096535988,0.0,0.0,0.0,0.0,0.0,0.0,0.0,0.09336717614675767,0.0,0.0,0.0,0.0,0.0,0.0,0.0,0.0,0.0,0.0,0.0,0.0,0.0,0.0,0.0,0.0,0.0,0.0,0.0,0.0,0.0,0.0,0.0,0.0,0.0,0.0,0.0,0.0,0.0,0.0,0.0,0.0,0.0,0.0,0.0,0.0,0.0,0.0,0.0,0.0,0.0,0.0,0.0,0.0,0.0,0.08274144624694549,0.0,0.5206004057225359
2024-08-07,0.0,0.0,0.0,0.0,0.0,0.0,0.0,0.0,0.0,0.0,0.0,0.0,0.0,0.0,0.0,0.0,0.0,0.0,0.0,0.0,0.034584755087190285,0.0,0.0,0.0,0.0,0.0,0.0,0.0,0.0,0.0,0.0,0.0,0.0,0.0,0.0912251052668546,0.0,0.0,0.0,0.08051634379063644,0.0,0.0,0.0,0.0,0.0,0.0,0.0,0.0,0.0,0.06674350778192918,0.0,0.0,0.0,0.0,0.0,0.03570143404872232,0.0,0.0,0.0,0.0,0.0,0.0,0.0,0.09495945345080002,0.0,0.0,0.0,0.0,0.0,0.0,0.0,0.0,0.0,0.0,0.0,0.0,0.0,0.0,0.0,0.0,0.0,0.0,0.0,0.0,0.0,0.0,0.0,0.0,0.0,0.0,0.0,0.0,0.0,0.0,0.0,0.0,0.0,0.0,0.0,0.0,0.0,0.0,0.0,0.0,0.0,0.0,0.0,0.0,0.0,0.08080585708108344,0.0,0.5154635434927837
2024-08-08,0.0,0.0,0.0,0.0,0.0,0.0,0.0,0.0,0.0,0.0,0.0,0.0,0.0,0.0,0.0,0.0,0.0,0.0,0.0,0.0,0.03504186609373869,0.0,0.0,0.0,0.0,0.0,0.0,0.0,0.0,0.0,0.0,0.0,0.0,0.0,0.08974113327903023,0.0,0.0,0.0,0.07994661400806559,0.0,0.0,0.0,0.0,0.0,0.0,0.0,0.0,0.0,0.06646156185222535,0.0,0.0,0.0,0.0,0.0,0.03545181423166369,0.0,0.0,0.0,0.0,0.0,0.0,0.0,0.09777792280375008,0.0,0.0,0.0,0.0,0.0,0.0,0.0,0.0,0.0,0.0,0.0,0.0,0.0,0.0,0.0,0.0,0.0,0.0,0.0,0.0,0.0,0.0,0.0,0.0,0.0,0.0,0.0,0.0,0.0,0.0,0.0,0.0,0.0,0.0,0.0,0.0,0.0,0.0,0.0,0.0,0.0,0.0,0.0,0.0,0.0,0.0826550618234026,0.0,0.5129240259081238
2024-08-09,0.0,0.0,0.0,0.0,0.0,0.0,0.0,0.0,0.0,0.0,0.0,0.0,0.0,0.0,0.0,0.0,0.0,0.0,0.0,0.0,0.03665475291758249,0.0,0.0,0.0,0.0,0.0,0.0,0.0,0.0,0.0,0.0,0.0,0.0,0.0,0.09213666455285786,0.0,0.0,0.0,0.08088060058299741,0.0,0.0,0.0,0.0,0.0,0.0,0.0,0.0,0.0,0.06664958482702737,0.0,0.0,0.0,0.0,0.0,0.034787013450442744,0.0,0.0,0.0,0.0,0.0,0.0,0.0,0.09949591430772636,0.0,0.0,0.0,0.0,0.0,0.0,0.0,0.0,0.0,0.0,0.0,0.0,0.0,0.0,0.0,0.0,0.0,0.0,0.0,0.0,0.0,0.0,0.0,0.0,0.0,0.0,0.0,0.0,0.0,0.0,0.0,0.0,0.0,0.0,0.0,0.0,0.0,0.0,0.0,0.0,0.0,0.0,0.0,0.0,0.0,0.08178341987862255,0.0,0.5076120494827432
2024-08-12,0.0,0.0,0.0,0.0,0.0,0.0,0.0,0.0,0.0,0.0,0.0,0.0,0.0,0.0,0.0,0.0,0.0,0.0,0.0,0.0,0.0,0.0,0.0,0.0,0.0,0.0,0.0,0.0,0.0,0.0,0.0,0.0401424265568961,0.0,0.0,0.069862489381514,0.0,0.0,0.0,0.05759116808000661,0.0,0.0,0.0,0.0,0.0,0.0,0.0,0.0,0.0,0.04546898241274199,0.0,0.0,0.0,0.0,0.0,0.0,0.0,0.0,0.0,0.0,0.0,0.0,0.0,0.08587626796977912,0.0,0.0,0.0,0.0,0.0,0.0,0.040131808028134666,0.0,0.0,0.0,0.0,0.0,0.0,0.0,0.0,0.0,0.0,0.040121192308128786,0.0,0.0,0.0,0.0,0.0,0.0,0.0,0.0,0.0,0.0,0.0,0.0,0.0,0.0,0.0,0.040110579396265666,0.0,0.0,0.0,0.0,0.0,0.0,0.032956905048087994,0.0,0.0,0.0,0.0,0.04546898241274199,0.0,0.3109360044073441
2024-08-13,0.0,0.0,0.0,0.0,0.0,0.0,0.0,0.0,0.0,0.0,0.0,0.0,0.0,0.0,0.0,0.0,0.0,0.0,0.0,0.0,0.0,0.0,0.0,0.0,0.0,0.0,0.0,0.0,0.0,0.0,0.0,0.04126731915603259,0.0,0.0,0.07120151036641874,0.0,0.0,0.0,0.05771279325426505,0.0,0.0,0.0,0.0,0.0,0.0,0.0,0.0,0.0,0.04567491640067275,0.0,0.0,0.0,0.0,0.0,0.0,0.0,0.0,0.0,0.0,0.0,0.0,0.0,0.08427572155308775,0.0,0.0,0.0,0.0,0.0,0.0,0.04032708377582019,0.0,0.0,0.0,0.0,0.0,0.0,0.0,0.0,0.0,0.0,0.038557336063493916,0.0,0.0,0.0,0.0,0.0,0.0,0.0,0.0,0.0,0.0,0.0,0.0,0.0,0.0,0.0,0.039430152860837835,0.0,0.0,0.0,0.0,0.0,0.0,0.03280256540531663,0.0,0.0,0.0,0.0,0.0459965849609905,0.0,0.31128268470095044
2024-08-14,0.0,0.0,0.0,0.0,0.0,0.0,0.0,0.0,0.0,0.0,0.0,0.0,0.0,0.0,0.0,0.0,0.0,0.0,0.0,0.0,0.0,0.0,0.0,0.0,0.0,0.0,0.0,0.0,0.0,0.0,0.0,0.04155989457382028,0.0,0.0,0.0706069884523378,0.0,0.0,0.0,0.05784505167293588,0.0,0.0,0.0,0.0,0.0,0.0,0.0,0.0,0.0,0.04556736800228619,0.0,0.0,0.0,0.0,0.0,0.0,0.0,0.0,0.0,0.0,0.0,0.0,0.0,0.08507565132728019,0.0,0.0,0.0,0.0,0.0,0.0,0.04045907868234041,0.0,0.0,0.0,0.0,0.0,0.0,0.0,0.0,0.0,0.0,0.03800759470541102,0.0,0.0,0.0,0.0,0.0,0.0,0.0,0.0,0.0,0.0,0.0,0.0,0.0,0.0,0.0,0.04087805391101669,0.0,0.0,0.0,0.0,0.0,0.0,0.03227344976558834,0.0,0.0,0.0,0.0,0.0462312173095376,0.0,0.5014956515974457
2024-08-15,0.0,0.0,0.0,0.0,0.0,0.0,0.0,0.0,0.0,0.0,0.0,0.0,0.0,0.0,0.0,0.0,0.0,0.0,0.0,0.0,0.0,0.0,0.0,0.0,0.0,0.0,0.0,0.0,0.0,0.0,0.0,0.03958412527885816,0.0,0.0,0.0708067486392929,0.0,0.0,0.0,0.057957078216615575,0.0,0.0,0.0,0.0,0.0,0.0,0.0,0.0,0.0,0.04570924477793391,0.0,0.0,0.0,0.0,0.0,0.0,0.0,0.0,0.0,0.0,0.0,0.0,0.0,0.08424428234643673,0.0,0.0,0.0,0.0,0.0,0.0,0.041337943900823175,0.0,0.0,0.0,0.0,0.0,0.0,0.0,0.0,0.0,0.0,0.03767400536687812,0.0,0.0,0.0,0.0,0.0,0.0,0.0,0.0,0.0,0.0,0.0,0.0,0.0,0.0,0.0,0.04113784184770592,0.0,0.0,0.0,0.0,0.0,0.0,0.03265723972362373,0.0,0.0,0.0,0.0,0.04726546937168147,0.0,0.5016260205301503
2024-08-16,0.0,0.0,0.0,0.0,0.0,0.0,0.0,0.0,0.0,0.0,0.0,0.0,0.0,0.0,0.0,0.0,0.0,0.0,0.0,0.0,0.0,0.0,0.0,0.0,0.0,0.0,0.0,0.0,0.0,0.0,0.0,0.04126974325042979,0.0,0.0,0.06985711006258745,0.0,0.0,0.0,0.05823650859492759,0.0,0.0,0.0,0.0,0.0,0.0,0.0,0.0,0.0,0.04530663990676407,0.0,0.0,0.0,0.0,0.0,0.0,0.0,0.0,0.0,0.0,0.0,0.0,0.0,0.08368240103407346,0.0,0.0,0.0,0.0,0.0,0.0,0.04071749892744582,0.0,0.0,0.0,0.0,0.0,0.0,0.0,0.0,0.0,0.0,0.03713146254252399,0.0,0.0,0.0,0.0,0.0,0.0,0.0,0.0,0.0,0.0,0.0,0.0,0.0,0.0,0.0,0.04049661580389597,0.0,0.0,0.0,0.0,0.0,0.0,0.032019349313979345,0.0,0.0,0.0,0.0,0.04790656001825595,0.0,0.5033761105451166
2024-08-19,0.0,0.0,0.0,0.0,0.0,0.0,0.0,0.0,0.0,0.0,0.0,0.0,0.0,0.0,0.0,0.0,0.0,0.0,0.0,0.0,0.0,0.0,0.0,0.0,0.0,0.0,0.0,0.0,0.0,0.0,0.0,0.0413197719357383,0.0,0.0,0.07035129014920156,0.0,0.0,0.0,0.05829643221253248,0.0,0.0,0.0,0.0,0.0,0.0,0.0,0.0,0.0,0.045667354602275466,0.0,0.0,0.0,0.0,0.0,0.0,0.0,0.0,0.0,0.0,0.0,0.0,0.0,0.08591829538202156,0.0,0.0,0.0,0.0,0.0,0.0,0.04057755399533026,0.0,0.0,0.0,0.0,0.0,0.0,0.0,0.0,0.0,0.0,0.03794057901383962,0.0,0.0,0.0,0.0,0.0,0.0,0.0,0.0,0.0,0.0,0.0,0.0,0.0,0.0,0.0,0.04045347894974255,0.0,0.0,0.0,0.0,0.0,0.0,0.03268821115589079,0.0,0.0,0.0,0.0,0.04630682966826953,0.0,0.5004802029351578
2024-08-20,0.0,0.0,0.0,0.0,0.0,0.0,0.0,0.0,0.0,0.0,0.0,0.0,0.0,0.0,0.0,0.0,0.0,0.0,0.0,0.0,0.0,0.0,0.0,0.0,0.0,0.0,0.0,0.0,0.0,0.0,0.0,0.0412719506566355,0.0,0.0,0.07083511275902128,0.0,0.0,0.0,0.058209094626828065,0.0,0.0,0.0,0.0,0.0,0.0,0.0,0.0,0.0,0.04586000756251506,0.0,0.0,0.0,0.0,0.0,0.0,0.0,0.0,0.0,0.0,0.0,0.0,0.0,0.08418562054955725,0.0,0.0,0.0,0.0,0.0,0.0,0.04069568335304121,0.0,0.0,0.0,0.0,0.0,0.0,0.0,0.0,0.0,0.0,0.038114783419366464,0.0,0.0,0.0,0.0,0.0,0.0,0.0,0.0,0.0,0.0,0.0,0.0,0.0,0.0,0.0,0.04064141119864485,0.0,0.0,0.0,0.0,0.0,0.0,0.03265693430901756,0.0,0.0,0.0,0.0,0.04743211635532941,0.0,0.5000972852100435
2024-08-21,0.0,0.0,0.0,0.0,0.0,0.0,0.0,0.0,0.0,0.0,0.0,0.0,0.0,0.0,0.0,0.0,0.0,0.0,0.0,0.0,0.0,0.0,0.0,0.0,0.0,0.0,0.0,0.0,0.0,0.0,0.0,0.04130624008754029,0.0,0.0,0.07119267966432619,0.0,0.0,0.0,0.057924585205935984,0.0,0.0,0.0,0.0,0.0,0.0,0.0,0.0,0.0,0.045327994476479214,0.0,0.0,0.0,0.0,0.0,0.0,0.0,0.0,0.0,0.0,0.0,0.0,0.0,0.08525829753188778,0.0,0.0,0.0,0.0,0.0,0.0,0.04060935183206937,0.0,0.0,0.0,0.0,0.0,0.0,0.0,0.0,0.0,0.0,0.03767157209343816,0.0,0.0,0.0,0.0,0.0,0.0,0.0,0.0,0.0,0.0,0.0,0.0,0.0,0.0,0.0,0.03963504150362388,0.0,0.0,0.0,0.0,0.0,0.0,0.032370289862745885,0.0,0.0,0.0,0.0,0.04777819224567547,0.0,0.5009257554962777
2024-08-22,0.0,0.0,0.0,0.0,0.0,0.0,0.0,0.0,0.0,0.0,0.0,0.0,0.0,0.0,0.0,0.0,0.0,0.0,0.0,0.0,0.0,0.0,0.0,0.0,0.0,0.0,0.0,0.0,0.0,0.0,0.0,0.04199471310255601,0.0,0.0,0.06983670104619744,0.0,0.0,0.0,0.056445181112892116,0.0,0.0,0.0,0.0,0.0,0.0,0.0,0.0,0.0,0.045210073419000386,0.0,0.0,0.0,0.0,0.0,0.0,0.0,0.0,0.0,0.0,0.0,0.0,0.0,0.08367903480060235,0.0,0.0,0.0,0.0,0.0,0.0,0.04045315092031918,0.0,0.0,0.0,0.0,0.0,0.0,0.0,0.0,0.0,0.0,0.03696559125831212,0.0,0.0,0.0,0.0,0.0,0.0,0.0,0.0,0.0,0.0,0.0,0.0,0.0,0.0,0.0,0.03788578232470713,0.0,0.0,0.0,0.0,0.0,0.0,0.03214188829937395,0.0,0.0,0.0,0.0,0.04897811062642979,0.0,0.5064097730896095
2024-08-23,0.0,0.0,0.0,0.0,0.0,0.0,0.0,0.0,0.0,0.0,0.0,0.0,0.0,0.0,0.0,0.0,0.0,0.0,0.0,0.0,0.0,0.0,0.0,0.0,0.0,0.0,0.0,0.0,0.0,0.0,0.0,0.04186731029898725,0.0,0.0,0.07122983063038565,0.0,0.0,0.0,0.05747548763776603,0.0,0.0,0.0,0.0,0.0,0.0,0.0,0.0,0.0,0.04699955533909055,0.0,0.0,0.0,0.0,0.0,0.0,0.0,0.0,0.0,0.0,0.0,0.0,0.0,0.08524359486106434,0.0,0.0,0.0,0.0,0.0,0.0,0.040735734180025164,0.0,0.0,0.0,0.0,0.0,0.0,0.0,0.0,0.0,0.0,0.03780615628181803,0.0,0.0,0.0,0.0,0.0,0.0,0.0,0.0,0.0,0.0,0.0,0.0,0.0,0.0,0.0,0.03902209734924604,0.0,0.0,0.0,0.0,0.0,0.0,0.0321868895160009,0.0,0.0,0.0,0.0,0.04794250203788345,0.0,0.4994908418677327
2024-08-26,0.0,0.0,0.0,0.0,0.0,0.0,0.0,0.0,0.0,0.0,0.0,0.0,0.0,0.0,0.0,0.0,0.0,0.0,0.0,0.0,0.0,0.0,0.0,0.0,0.0,0.0,0.0,0.0,0.0,0.0,0.0,0.041772310474105415,0.0,0.0,0.07030122970673548,0.0,0.0,0.0,0.0569190784401482,0.0,0.0,0.0,0.0,0.0,0.0,0.0,0.0,0.0,0.047751478762500583,0.0,0.0,0.0,0.0,0.0,0.0,0.0,0.0,0.0,0.0,0.0,0.0,0.0,0.08478147316997113,0.0,0.0,0.0,0.0,0.0,0.0,0.040063743911513114,0.0,0.0,0.0,0.0,0.0,0.0,0.0,0.0,0.0,0.0,0.03800659617081973,0.0,0.0,0.0,0.0,0.0,0.0,0.0,0.0,0.0,0.0,0.0,0.0,0.0,0.0,0.0,0.039351177679521704,0.0,0.0,0.0,0.0,0.0,0.0,0.03185859748912442,0.0,0.0,0.0,0.0,0.048299521387227054,0.0,0.5008947928083332
2024-08-27,0.0,0.0,0.0,0.0,0.0,0.0,0.0,0.0,0.0,0.0,0.0,0.0,0.0,0.0,0.0,0.0,0.0,0.0,0.0,0.0,0.0,0.0,0.0,0.0,0.0,0.0,0.0,0.0,0.0,0.0,0.0,0.041366959940380144,0.0,0.0,0.07126165629180074,0.0,0.0,0.0,0.057621206728384784,0.0,0.0,0.0,0.0,0.0,0.0,0.0,0.0,0.0,0.04805175353598931,0.0,0.0,0.0,0.0,0.0,0.0,0.0,0.0,0.0,0.0,0.0,0.0,0.0,0.08308376649066762,0.0,0.0,0.0,0.0,0.0,0.0,0.040040949881935524,0.0,0.0,0.0,0.0,0.0,0.0,0.0,0.0,0.0,0.0,0.03746572350746764,0.0,0.0,0.0,0.0,0.0,0.0,0.0,0.0,0.0,0.0,0.0,0.0,0.0,0.0,0.0,0.03985473497705362,0.0,0.0,0.0,0.0,0.0,0.0,0.03186890361376556,0.0,0.0,0.0,0.0,0.04823375917307303,0.0,0.5011505858594819
2024-08-28,0.0,0.0,0.0,0.0,0.0,0.0,0.0,0.0,0.0,0.0,0.0,0.0,0.0,0.0,0.0,0.0,0.0,0.0,0.0,0.0,0.0,0.0,0.0,0.0,0.0,0.0,0.0,0.0,0.0,0.0,0.0,0.04167275008867535,0.0,0.0,0.07087507434870198,0.0,0.0,0.0,0.05913652010570541,0.0,0.0,0.0,0.0,0.0,0.0,0.0,0.0,0.0,0.0483762735266371,0.0,0.0,0.0,0.0,0.0,0.0,0.0,0.0,0.0,0.0,0.0,0.0,0.0,0.08350687944183183,0.0,0.0,0.0,0.0,0.0,0.0,0.039676806574601264,0.0,0.0,0.0,0.0,0.0,0.0,0.0,0.0,0.0,0.0,0.03822608708318277,0.0,0.0,0.0,0.0,0.0,0.0,0.0,0.0,0.0,0.0,0.0,0.0,0.0,0.0,0.0,0.03897727604565964,0.0,0.0,0.0,0.0,0.0,0.0,0.03157968524188042,0.0,0.0,0.0,0.0,0.04809258990354828,0.0,0.49988005763957594
2024-08-29,0.0,0.0,0.0,0.0,0.0,0.0,0.0,0.0,0.0,0.0,0.0,0.0,0.0,0.0,0.0,0.0,0.0,0.0,0.0,0.0,0.0,0.0,0.0,0.0,0.0,0.0,0.0,0.0,0.0,0.0,0.0,0.042222016279242276,0.0,0.0,0.06997798176610764,0.0,0.0,0.0,0.05845240857326373,0.0,0.0,0.0,0.0,0.0,0.0,0.0,0.0,0.0,0.04814719031607844,0.0,0.0,0.0,0.0,0.0,0.0,0.0,0.0,0.0,0.0,0.0,0.0,0.0,0.08186305731631023,0.0,0.0,0.0,0.0,0.0,0.0,0.03960770317388022,0.0,0.0,0.0,0.0,0.0,0.0,0.0,0.0,0.0,0.0,0.038644106124353955,0.0,0.0,0.0,0.0,0.0,0.0,0.0,0.0,0.0,0.0,0.0,0.0,0.0,0.0,0.0,0.0376084728793854,0.0,0.0,0.0,0.0,0.0,0.0,0.03132593405857693,0.0,0.0,0.0,0.0,0.04806523086014128,0.0,0.5040858986526598
2024-08-30,0.0,0.0,0.0,0.0,0.0,0.0,0.0,0.0,0.0,0.0,0.0,0.0,0.0,0.0,0.0,0.0,0.0,0.0,0.0,0.0,0.0,0.0,0.0,0.0,0.0,0.0,0.0,0.0,0.0,0.0,0.0,0.04227597067553143,0.0,0.0,0.07081384152076459,0.0,0.0,0.0,0.057432665104885525,0.0,0.0,0.0,0.0,0.0,0.0,0.0,0.0,0.0,0.048427445354714604,0.0,0.0,0.0,0.0,0.0,0.0,0.0,0.0,0.0,0.0,0.0,0.0,0.0,0.08286388681070622,0.0,0.0,0.0,0.0,0.0,0.0,0.039181609424228284,0.0,0.0,0.0,0.0,0.0,0.0,0.0,0.0,0.0,0.0,0.04074441736013432,0.0,0.0,0.0,0.0,0.0,0.0,0.0,0.0,0.0,0.0,0.0,0.0,0.0,0.0,0.0,0.03767986520501671,0.0,0.0,0.0,0.0,0.0,0.0,0.030944806102746615,0.0,0.0,0.0,0.0,0.04832611486455738,0.0,0.5013093775767141
2024-09-02,0.0,0.0,0.0,0.0,0.0,0.0,0.0,0.0,0.0,0.0,0.0,0.0,0.0,0.0,0.0,0.0,0.0,0.0,0.0,0.0,0.0,0.0,0.0,0.0,0.0,0.0,0.0,0.0,0.0,0.0,0.0,0.04198476959123456,0.0,0.0,0.07094646020183402,0.0,0.0,0.0,0.058402325199210015,0.0,0.0,0.0,0.0,0.0,0.0,0.0,0.0,0.0,0.04760230370496155,0.0,0.0,0.0,0.0,0.0,0.0,0.0,0.0,0.0,0.0,0.0,0.0,0.0,0.08483376911516002,0.0,0.0,0.0,0.0,0.0,0.0,0.04002084863215546,0.0,0.0,0.0,0.0,0.0,0.0,0.0,0.0,0.0,0.0,0.042243255614755795,0.0,0.0,0.0,0.0,0.0,0.0,0.0,0.0,0.0,0.0,0.0,0.0,0.0,0.0,0.0,0.037989631782008426,0.0,0.0,0.0,0.0,0.0,0.0,0.03129734471370107,0.0,0.0,0.0,0.0,0.04641745976534329,0.0,0.4982618316796359
2024-09-03,0.0,0.0,0.0,0.0,0.0,0.0,0.0,0.0,0.0,0.0,0.0,0.0,0.0,0.0,0.0,0.0,0.0,0.0,0.0,0.0,0.0,0.0,0.0,0.0,0.0,0.0,0.0,0.0,0.0,0.0,0.0,0.04254012951031559,0.0,0.0,0.07104573048964963,0.0,0.0,0.0,0.059407207759723336,0.0,0.0,0.0,0.0,0.0,0.0,0.0,0.0,0.0,0.04786217974932706,0.0,0.0,0.0,0.0,0.0,0.0,0.0,0.0,0.0,0.0,0.0,0.0,0.0,0.08256637048291059,0.0,0.0,0.0,0.0,0.0,0.0,0.040020897862626276,0.0,0.0,0.0,0.0,0.0,0.0,0.0,0.0,0.0,0.0,0.0431501422339781,0.0,0.0,0.0,0.0,0.0,0.0,0.0,0.0,0.0,0.0,0.0,0.0,0.0,0.0,0.0,0.037410609216776684,0.0,0.0,0.0,0.0,0.0,0.0,0.031094077808587993,0.0,0.0,0.0,0.0,0.04678458492963146,0.0,0.4981180699564733
2024-09-04,0.0,0.0,0.0,0.0,0.0,0.0,0.0,0.0,0.0,0.0,0.0,0.0,0.0,0.0,0.0,0.0,0.0,0.0,0.0,0.0,0.0,0.0,0.0,0.0,0.0,0.0,0.0,0.0,0.0,0.0,0.0,0.04271948227830557,0.0,0.0,0.07157758583165096,0.0,0.0,0.0,0.06018158884740504,0.0,0.0,0.0,0.0,0.0,0.0,0.0,0.0,0.0,0.04868029158676596,0.0,0.0,0.0,0.0,0.0,0.0,0.0,0.0,0.0,0.0,0.0,0.0,0.0,0.08402311160524487,0.0,0.0,0.0,0.0,0.0,0.0,0.04100119543349101,0.0,0.0,0.0,0.0,0.0,0.0,0.0,0.0,0.0,0.0,0.04296502801648916,0.0,0.0,0.0,0.0,0.0,0.0,0.0,0.0,0.0,0.0,0.0,0.0,0.0,0.0,0.0,0.037446129388913514,0.0,0.0,0.0,0.0,0.0,0.0,0.0315681489784437,0.0,0.0,0.0,0.0,0.0468059055844357,0.0,0.49303153244885467
2024-09-05,0.0,0.0,0.0,0.0,0.0,0.0,0.0,0.0,0.0,0.0,0.0,0.0,0.0,0.0,0.0,0.0,0.0,0.0,0.0,0.0,0.0,0.0,0.0,0.0,0.0,0.0,0.0,0.0,0.0,0.0,0.0,0.04352906104502974,0.0,0.0,0.07184735857645563,0.0,0.0,0.0,0.06016790293500792,0.0,0.0,0.0,0.0,0.0,0.0,0.0,0.0,0.0,0.04870909006618741,0.0,0.0,0.0,0.0,0.0,0.0,0.0,0.0,0.0,0.0,0.0,0.0,0.0,0.08271938134930691,0.0,0.0,0.0,0.0,0.0,0.0,0.041140217030849136,0.0,0.0,0.0,0.0,0.0,0.0,0.0,0.0,0.0,0.0,0.04313255811281705,0.0,0.0,0.0,0.0,0.0,0.0,0.0,0.0,0.0,0.0,0.0,0.0,0.0,0.0,0.0,0.03701762985068565,0.0,0.0,0.0,0.0,0.0,0.0,0.0311275339094599,0.0,0.0,0.0,0.0,0.047336485040053285,0.0,0.4932727820841474
2024-09-06,0.0,0.0,0.0,0.0,0.0,0.0,0.0,0.0,0.0,0.0,0.0,0.0,0.0,0.0,0.0,0.0,0.0,0.0,0.0,0.0,0.0,0.0,0.0,0.0,0.0,0.0,0.0,0.0,0.0,0.0,0.0,0.04359083519973255,0.0,0.0,0.07180089591700196,0.0,0.0,0.0,0.06069274893916823,0.0,0.0,0.0,0.0,0.0,0.0,0.0,0.0,0.0,0.048630107717781444,0.0,0.0,0.0,0.0,0.0,0.0,0.0,0.0,0.0,0.0,0.0,0.0,0.0,0.08193978450901418,0.0,0.0,0.0,0.0,0.0,0.0,0.040891533826804695,0.0,0.0,0.0,0.0,0.0,0.0,0.0,0.0,0.0,0.0,0.0431889417408297,0.0,0.0,0.0,0.0,0.0,0.0,0.0,0.0,0.0,0.0,0.0,0.0,0.0,0.0,0.0,0.03643690326663024,0.0,0.0,0.0,0.0,0.0,0.0,0.030924391261909507,0.0,0.0,0.0,0.0,0.04654141477343421,0.0,0.49536244284769326
2024-09-09,0.0,0.0,0.0,0.0,0.0,0.0,0.0,0.0,0.0,0.0,0.0,0.0,0.0,0.0,0.0,0.0,0.0,0.0,0.0,0.0,0.0,0.0,0.0,0.0,0.0,0.0,0.0,0.0,0.0,0.0,0.0,0.0439007804210328,0.0,0.0,0.07211146794020308,0.0,0.0,0.0,0.06126637531681369,0.0,0.0,0.0,0.0,0.0,0.0,0.0,0.0,0.0,0.04797905959589341,0.0,0.0,0.0,0.0,0.0,0.0,0.0,0.0,0.0,0.0,0.0,0.0,0.0,0.08166007440521461,0.0,0.0,0.0,0.0,0.0,0.0,0.04107041711839746,0.0,0.0,0.0,0.0,0.0,0.0,0.0,0.0,0.0,0.0,0.042577793799881594,0.0,0.0,0.0,0.0,0.0,0.0,0.0,0.0,0.0,0.0,0.0,0.0,0.0,0.0,0.0,0.03630166206148525,0.0,0.0,0.0,0.0,0.0,0.0,0.03084072209313439,0.0,0.0,0.0,0.0,0.046211672688343364,0.0,0.4960799745596004
2024-09-10,0.0,0.0,0.0,0.0,0.0,0.0,0.0,0.0,0.0,0.0,0.0,0.0,0.0,0.0,0.0,0.0,0.0,0.0,0.0,0.0,0.0,0.0,0.0,0.0,0.0,0.0,0.0,0.0,0.0,0.0,0.0,0.04466363600159202,0.0,0.0,0.07335485745352875,0.0,0.0,0.0,0.06172108321812007,0.0,0.0,0.0,0.0,0.0,0.0,0.0,0.0,0.0,0.04794266811087464,0.0,0.0,0.0,0.0,0.0,0.0,0.0,0.0,0.0,0.0,0.0,0.0,0.0,0.08017496755925299,0.0,0.0,0.0,0.0,0.0,0.0,0.03981164262307045,0.0,0.0,0.0,0.0,0.0,0.0,0.0,0.0,0.0,0.0,0.042238700454968206,0.0,0.0,0.0,0.0,0.0,0.0,0.0,0.0,0.0,0.0,0.0,0.0,0.0,0.0,0.0,0.036697630130184546,0.0,0.0,0.0,0.0,0.0,0.0,0.030658479154319657,0.0,0.0,0.0,0.0,0.046587511599921035,0.0,0.49614882369416763
2024-09-11,0.0,0.0,0.0,0.0,0.0,0.0,0.0,0.0,0.0,0.0,0.0,0.0,0.0,0.0,0.0,0.0,0.0,0.0,0.0,0.0,0.0,0.0,0.0,0.0,0.0,0.0,0.0,0.0,0.0,0.0,0.0,0.043623542186841974,0.0,0.0,0.07305676522175596,0.0,0.0,0.0,0.06218349783954042,0.0,0.0,0.0,0.0,0.0,0.0,0.0,0.0,0.0,0.048389429908716336,0.0,0.0,0.0,0.0,0.0,0.0,0.0,0.0,0.0,0.0,0.0,0.0,0.0,0.08115374424468658,0.0,0.0,0.0,0.0,0.0,0.0,0.04030373538844932,0.0,0.0,0.0,0.0,0.0,0.0,0.0,0.0,0.0,0.0,0.04242794671497831,0.0,0.0,0.0,0.0,0.0,0.0,0.0,0.0,0.0,0.0,0.0,0.0,0.0,0.0,0.0,0.03663545641634393,0.0,0.0,0.0,0.0,0.0,0.0,0.030532581115674615,0.0,0.0,0.0,0.0,0.046970890031243114,0.0,0.49472241093176955
2024-09-12,0.0,0.0,0.0,0.0,0.0,0.0,0.0,0.0,0.0,0.0,0.0,0.0,0.0,0.0,0.0,0.0,0.0,0.0,0.0,0.0,0.0,0.0,0.0,0.0,0.0,0.0,0.0,0.0,0.0,0.0,0.0,0.04395951852534649,0.0,0.0,0.07326600559310299,0.0,0.0,0.0,0.06345045181341226,0.0,0.0,0.0,0.0,0.0,0.0,0.0,0.0,0.0,0.048518464998536195,0.0,0.0,0.0,0.0,0.0,0.0,0.0,0.0,0.0,0.0,0.0,0.0,0.0,0.07881448185596047,0.0,0.0,0.0,0.0,0.0,0.0,0.03936561710146861,0.0,0.0,0.0,0.0,0.0,0.0,0.0,0.0,0.0,0.0,0.042090955707071075,0.0,0.0,0.0,0.0,0.0,0.0,0.0,0.0,0.0,0.0,0.0,0.0,0.0,0.0,0.0,0.03665401381714473,0.0,0.0,0.0,0.0,0.0,0.0,0.03017281222457837,0.0,0.0,0.0,0.0,0.046975748257867794,0.0,0.4967319301055111
2024-09-13,0.0,0.0,0.0,0.0,0.0,0.0,0.0,0.0,0.0,0.0,0.0,0.0,0.0,0.0,0.0,0.0,0.0,0.0,0.0,0.0,0.0,0.0,0.0,0.0,0.0,0.0,0.0,0.0,0.0,0.0,0.0,0.04422802620311182,0.0,0.0,0.07391758794470288,0.0,0.0,0.0,0.06479447100131373,0.0,0.0,0.0,0.0,0.0,0.0,0.0,0.0,0.0,0.04884150809234066,0.0,0.0,0.0,0.0,0.0,0.0,0.0,0.0,0.0,0.0,0.0,0.0,0.0,0.08010530755327201,0.0,0.0,0.0,0.0,0.0,0.0,0.03972135737468834,0.0,0.0,0.0,0.0,0.0,0.0,0.0,0.0,0.0,0.0,0.043258587438083806,0.0,0.0,0.0,0.0,0.0,0.0,0.0,0.0,0.0,0.0,0.0,0.0,0.0,0.0,0.0,0.03675453391280507,0.0,0.0,0.0,0.0,0.0,0.0,0.030778612358066483,0.0,0.0,0.0,0.0,0.04667794846096287,0.0,0.49092205966065233
2024-09-16,0.0,0.0,0.0,0.0,0.0,0.0,0.0,0.0,0.0,0.0,0.0,0.0,0.0,0.0,0.0,0.0,0.0,0.0,0.0,0.0,0.0,0.0,0.0,0.0,0.0,0.0,0.0,0.0,0.0,0.0,0.0,0.04533356682492919,0.0,0.0,0.07431391898597589,0.0,0.0,0.0,0.06447243492183971,0.0,0.0,0.0,0.0,0.0,0.0,0.0,0.0,0.0,0.049332412012986666,0.0,0.0,0.0,0.0,0.0,0.0,0.0,0.0,0.0,0.0,0.0,0.0,0.0,0.07931992715464312,0.0,0.0,0.0,0.0,0.0,0.0,0.04018980995679615,0.0,0.0,0.0,0.0,0.0,0.0,0.0,0.0,0.0,0.0,0.04307760292494378,0.0,0.0,0.0,0.0,0.0,0.0,0.0,0.0,0.0,0.0,0.0,0.0,0.0,0.0,0.0,0.03654972041103989,0.0,0.0,0.0,0.0,0.0,0.0,0.031064451222378317,0.0,0.0,0.0,0.0,0.04606034396171134,0.0,0.49028581162275603
2024-09-17,0.0,0.0,0.0,0.0,0.0,0.0,0.0,0.0,0.0,0.0,0.0,0.0,0.0,0.0,0.0,0.0,0.0,0.0,0.0,0.0,0.03744127392418712,0.0,0.0,0.0,0.0,0.0,0.0,0.0,0.0,0.0,0.0,0.0,0.0,0.0,0.0824626495085169,0.0,0.0,0.0,0.07551693043685034,0.0,0.0,0.0,0.0,0.0,0.0,0.0,0.0,0.0,0.06861915097994592,0.0,0.0,0.0,0.0,0.0,0.037705641020791374,0.0,0.0,0.0,0.0,0.0,0.0,0.0,0.09143255149810058,0.0,0.0,0.0,0.0,0.0,0.0,0.0,0.0,0.0,0.0,0.0,0.0,0.0,0.0,0.0,0.0,0.0,0.0,0.0,0.0,0.0,0.0,0.0,0.0,0.0,0.0,0.0,0.0,0.0,0.0,0.0,0.0,0.0,0.0,0.0,0.0,0.0,0.0,0.0,0.0,0.0,0.0,0.0,0.0,0.0,0.06857059081044854,0.0,0.34213970507853514
2024-09-18,0.0,0.0,0.0,0.0,0.0,0.0,0.0,0.0,0.0,0.0,0.0,0.0,0.0,0.0,0.0,0.0,0.0,0.0,0.0,0.0,0.036270016477596034,0.0,0.0,0.0,0.0,0.0,0.0,0.0,0.0,0.0,0.0,0.0,0.0,0.0,0.08262968475687058,0.0,0.0,0.0,0.07554150157165378,0.0,0.0,0.0,0.0,0.0,0.0,0.0,0.0,0.0,0.06877083885175464,0.0,0.0,0.0,0.0,0.0,0.03733981390028371,0.0,0.0,0.0,0.0,0.0,0.0,0.0,0.09137861824015946,0.0,0.0,0.0,0.0,0.0,0.0,0.0,0.0,0.0,0.0,0.0,0.0,0.0,0.0,0.0,0.0,0.0,0.0,0.0,0.0,0.0,0.0,0.0,0.0,0.0,0.0,0.0,0.0,0.0,0.0,0.0,0.0,0.0,0.0,0.0,0.0,0.0,0.0,0.0,0.0,0.0,0.0,0.0,0.0,0.0,0.0690161579532329,0.0,0.34269861036456845
2024-09-19,0.0,0.0,0.0,0.0,0.0,0.0,0.0,0.0,0.0,0.0,0.0,0.0,0.0,0.0,0.0,0.0,0.0,0.0,0.0,0.0,0.03317136775932931,0.0,0.0,0.0,0.0,0.0,0.0,0.0,0.0,0.0,0.0,0.0,0.0,0.0,0.0824963027012715,0.0,0.0,0.0,0.07541927417064483,0.0,0.0,0.0,0.0,0.0,0.0,0.0,0.0,0.0,0.069387911523095,0.0,0.0,0.0,0.0,0.0,0.03680804394711494,0.0,0.0,0.0,0.0,0.0,0.0,0.0,0.08911773536778163,0.0,0.0,0.0,0.0,0.0,0.0,0.0,0.0,0.0,0.0,0.0,0.0,0.0,0.0,0.0,0.0,0.0,0.0,0.0,0.0,0.0,0.0,0.0,0.0,0.0,0.0,0.0,0.0,0.0,0.0,0.0,0.0,0.0,0.0,0.0,0.0,0.0,0.0,0.0,0.0,0.0,0.0,0.0,0.0,0.0,0.06922722308396828,0.0,0.5443721414467947
2024-09-20,0.0,0.0,0.0,0.0,0.0,0.0,0.0,0.0,0.0,0.0,0.0,0.0,0.0,0.0,0.0,0.0,0.0,0.0,0.0,0.0,0.03233156235633041,0.0,0.0,0.0,0.0,0.0,0.0,0.0,0.0,0.0,0.0,0.0,0.0,0.0,0.08073434324506779,0.0,0.0,0.0,0.07503863956316176,0.0,0.0,0.0,0.0,0.0,0.0,0.0,0.0,0.0,0.06925156953727743,0.0,0.0,0.0,0.0,0.0,0.03599866398136951,0.0,0.0,0.0,0.0,0.0,0.0,0.0,0.08597636472568147,0.0,0.0,0.0,0.0,0.0,0.0,0.0,0.0,0.0,0.0,0.0,0.0,0.0,0.0,0.0,0.0,0.0,0.0,0.0,0.0,0.0,0.0,0.0,0.0,0.0,0.0,0.0,0.0,0.0,0.0,0.0,0.0,0.0,0.0,0.0,0.0,0.0,0.0,0.0,0.0,0.0,0.0,0.0,0.0,0.0,0.06913561651904261,0.0,0.5515332400720689
2024-09-23,0.0,0.0,0.0,0.0,0.0,0.0,0.0,0.0,0.0,0.0,0.0,0.0,0.0,0.0,0.0,0.0,0.0,0.0,0.0,0.0,0.03188562783917887,0.0,0.0,0.0,0.0,0.0,0.0,0.0,0.0,0.0,0.0,0.0,0.0,0.0,0.07811437701444811,0.0,0.0,0.0,0.07360473915006664,0.0,0.0,0.0,0.0,0.0,0.0,0.0,0.0,0.0,0.06970559262130493,0.0,0.0,0.0,0.0,0.0,0.03578023143700087,0.0,0.0,0.0,0.0,0.0,0.0,0.0,0.08663099772270534,0.0,0.0,0.0,0.0,0.0,0.0,0.0,0.0,0.0,0.0,0.0,0.0,0.0,0.0,0.0,0.0,0.0,0.0,0.0,0.0,0.0,0.0,0.0,0.0,0.0,0.0,0.0,0.0,0.0,0.0,0.0,0.0,0.0,0.0,0.0,0.0,0.0,0.0,0.0,0.0,0.0,0.0,0.0,0.0,0.0,0.07162194828456861,0.0,0.5526564859307266
2024-09-24,0.0,0.0,0.0,0.0,0.0,0.0,0.0,0.0,0.0,0.0,0.0,0.0,0.0,0.0,0.0,0.0,0.0,0.0,0.0,0.0,0.03450756645078663,0.0,0.0,0.0,0.0,0.0,0.0,0.0,0.0,0.0,0.0,0.0,0.0,0.0,0.07739770576450737,0.0,0.0,0.0,0.07369413166794608,0.0,0.0,0.0,0.0,0.0,0.0,0.0,0.0,0.0,0.06959363604695905,0.0,0.0,0.0,0.0,0.0,0.03549031577728447,0.0,0.0,0.0,0.0,0.0,0.0,0.0,0.08623883046463457,0.0,0.0,0.0,0.0,0.0,0.0,0.0,0.0,0.0,0.0,0.0,0.0,0.0,0.0,0.0,0.0,0.0,0.0,0.0,0.0,0.0,0.0,0.0,0.0,0.0,0.0,0.0,0.0,0.0,0.0,0.0,0.0,0.0,0.0,0.0,0.0,0.0,0.0,0.0,0.0,0.0,0.0,0.0,0.0,0.0,0.0727021457889506,0.0,0.5503756680389313
2024-09-25,0.0,0.0,0.0,0.0,0.0,0.0,0.0,0.0,0.0,0.0,0.0,0.0,0.0,0.0,0.0,0.0,0.0,0.0,0.0,0.0,0.03244230043406141,0.0,0.0,0.0,0.0,0.0,0.0,0.0,0.0,0.0,0.0,0.0,0.0,0.0,0.0768077354542815,0.0,0.0,0.0,0.07445771954732223,0.0,0.0,0.0,0.0,0.0,0.0,0.0,0.0,0.0,0.06910541498384358,0.0,0.0,0.0,0.0,0.0,0.03466486926165526,0.0,0.0,0.0,0.0,0.0,0.0,0.0,0.08557581659961945,0.0,0.0,0.0,0.0,0.0,0.0,0.0,0.0,0.0,0.0,0.0,0.0,0.0,0.0,0.0,0.0,0.0,0.0,0.0,0.0,0.0,0.0,0.0,0.0,0.0,0.0,0.0,0.0,0.0,0.0,0.0,0.0,0.0,0.0,0.0,0.0,0.0,0.0,0.0,0.0,0.0,0.0,0.0,0.0,0.0,0.07346557236140182,0.0,0.5534805713578148
2024-09-26,0.0,0.0,0.0,0.0,0.0,0.0,0.0,0.0,0.0,0.0,0.0,0.0,0.0,0.0,0.0,0.0,0.0,0.0,0.0,0.0,0.03040879262273399,0.0,0.0,0.0,0.0,0.0,0.0,0.0,0.0,0.0,0.0,0.0,0.0,0.0,0.07629791506987671,0.0,0.0,0.0,0.07367905192211023,0.0,0.0,0.0,0.0,0.0,0.0,0.0,0.0,0.0,0.0689290357533784,0.0,0.0,0.0,0.0,0.0,0.03504541011843242,0.0,0.0,0.0,0.0,0.0,0.0,0.0,0.08616735944807256,0.0,0.0,0.0,0.0,0.0,0.0,0.0,0.0,0.0,0.0,0.0,0.0,0.0,0.0,0.0,0.0,0.0,0.0,0.0,0.0,0.0,0.0,0.0,0.0,0.0,0.0,0.0,0.0,0.0,0.0,0.0,0.0,0.0,0.0,0.0,0.0,0.0,0.0,0.0,0.0,0.0,0.0,0.0,0.0,0.0,0.07416770059526907,0.0,0.5553047344701266
2024-09-27,0.0,0.0,0.0,0.0,0.0,0.0,0.0,0.0,0.0,0.0,0.0,0.0,0.0,0.0,0.0,0.0,0.0,0.0,0.0,0.0,0.03176356085130895,0.0,0.0,0.0,0.0,0.0,0.0,0.0,0.0,0.0,0.0,0.0,0.0,0.0,0.07548089944539696,0.0,0.0,0.0,0.07249331044694529,0.0,0.0,0.0,0.0,0.0,0.0,0.0,0.0,0.0,0.06956554767801057,0.0,0.0,0.0,0.0,0.0,0.03560822023133001,0.0,0.0,0.0,0.0,0.0,0.0,0.0,0.0858505474438789,0.0,0.0,0.0,0.0,0.0,0.0,0.0,0.0,0.0,0.0,0.0,0.0,0.0,0.0,0.0,0.0,0.0,0.0,0.0,0.0,0.0,0.0,0.0,0.0,0.0,0.0,0.0,0.0,0.0,0.0,0.0,0.0,0.0,0.0,0.0,0.0,0.0,0.0,0.0,0.0,0.0,0.0,0.0,0.0,0.0,0.07409047381372869,0.0,0.5551474400894006
2024-09-30,0.0,0.0,0.0,0.0,0.0,0.0,0.0,0.0,0.0,0.0,0.0,0.0,0.0,0.0,0.0,0.0,0.0,0.0,0.0,0.0,0.03166416920194932,0.0,0.0,0.0,0.0,0.0,0.0,0.0,0.0,0.0,0.0,0.0,0.0,0.0,0.07474831223334168,0.0,0.0,0.0,0.07193019913870895,0.0,0.0,0.0,0.0,0.0,0.0,0.0,0.0,0.0,0.06969732439853989,0.0,0.0,0.0,0.0,0.0,0.035168649204126906,0.0,0.0,0.0,0.0,0.0,0.0,0.0,0.08605088680997756,0.0,0.0,0.0,0.0,0.0,0.0,0.0,0.0,0.0,0.0,0.0,0.0,0.0,0.0,0.0,0.0,0.0,0.0,0.0,0.0,0.0,0.0,0.0,0.0,0.0,0.0,0.0,0.0,0.0,0.0,0.0,0.0,0.0,0.0,0.0,0.0,0.0,0.0,0.0,0.0,0.0,0.0,0.0,0.0,0.0,0.07239733310635506,0.0,0.5583431259070006
2024-10-01,0.0,0.0,0.0,0.0,0.0,0.0,0.0,0.0,0.0,0.0,0.0,0.0,0.0,0.0,0.0,0.0,0.0,0.0,0.0,0.0,0.03208365108104161,0.0,0.0,0.0,0.0,0.0,0.0,0.0,0.0,0.0,0.0,0.0,0.0,0.0,0.07557717733872511,0.0,0.0,0.0,0.07204061472594923,0.0,0.0,0.0,0.0,0.0,0.0,0.0,0.0,0.0,0.0711347691804126,0.0,0.0,0.0,0.0,0.0,0.03548656151648632,0.0,0.0,0.0,0.0,0.0,0.0,0.0,0.0841279700390232,0.0,0.0,0.0,0.0,0.0,0.0,0.0,0.0,0.0,0.0,0.0,0.0,0.0,0.0,0.0,0.0,0.0,0.0,0.0,0.0,0.0,0.0,0.0,0.0,0.0,0.0,0.0,0.0,0.0,0.0,0.0,0.0,0.0,0.0,0.0,0.0,0.0,0.0,0.0,0.0,0.0,0.0,0.0,0.0,0.0,0.07398123289764126,0.0,0.5555680232207206
2024-10-02,0.0,0.0,0.0,0.0,0.0,0.0,0.0,0.0,0.0,0.0,0.0,0.0,0.0,0.0,0.0,0.0,0.0,0.0,0.0,0.0,0.031238972876546263,0.0,0.0,0.0,0.0,0.0,0.0,0.0,0.0,0.0,0.0,0.0,0.0,0.0,0.07719502204897978,0.0,0.0,0.0,0.07260749460488407,0.0,0.0,0.0,0.0,0.0,0.0,0.0,0.0,0.0,0.07220842958417871,0.0,0.0,0.0,0.0,0.0,0.03550566726470424,0.0,0.0,0.0,0.0,0.0,0.0,0.0,0.08442611909385679,0.0,0.0,0.0,0.0,0.0,0.0,0.0,0.0,0.0,0.0,0.0,0.0,0.0,0.0,0.0,0.0,0.0,0.0,0.0,0.0,0.0,0.0,0.0,0.0,0.0,0.0,0.0,0.0,0.0,0.0,0.0,0.0,0.0,0.0,0.0,0.0,0.0,0.0,0.0,0.0,0.0,0.0,0.0,0.0,0.0,0.07301715791431833,0.0,0.5538011366125318
2024-10-03,0.0,0.0,0.0,0.0,0.0,0.0,0.0,0.0,0.0,0.0,0.0,0.0,0.0,0.0,0.0,0.0,0.0,0.0,0.0,0.0,0.03174278064929262,0.0,0.0,0.0,0.0,0.0,0.0,0.0,0.0,0.0,0.0,0.0,0.0,0.0,0.07639116410364007,0.0,0.0,0.0,0.07126612840243875,0.0,0.0,0.0,0.0,0.0,0.0,0.0,0.0,0.0,0.0721355800847503,0.0,0.0,0.0,0.0,0.0,0.035351365024235526,0.0,0.0,0.0,0.0,0.0,0.0,0.0,0.08413286632060091,0.0,0.0,0.0,0.0,0.0,0.0,0.0,0.0,0.0,0.0,0.0,0.0,0.0,0.0,0.0,0.0,0.0,0.0,0.0,0.0,0.0,0.0,0.0,0.0,0.0,0.0,0.0,0.0,0.0,0.0,0.0,0.0,0.0,0.0,0.0,0.0,0.0,0.0,0.0,0.0,0.0,0.0,0.0,0.0,0.0,0.07236473043834009,0.0,0.5566153849767018
2024-10-04,0.0,0.0,0.0,0.0,0.0,0.0,0.0,0.0,0.0,0.0,0.0,0.0,0.0,0.0,0.0,0.0,0.0,0.0,0.0,0.0,0.03213486208005133,0.0,0.0,0.0,0.0,0.0,0.0,0.0,0.0,0.0,0.0,0.0,0.0,0.0,0.07539808787535497,0.0,0.0,0.0,0.07118437495754079,0.0,0.0,0.0,0.0,0.0,0.0,0.0,0.0,0.0,0.07217271517318592,0.0,0.0,0.0,0.0,0.0,0.03579698710519334,0.0,0.0,0.0,0.0,0.0,0.0,0.0,0.08391797072849579,0.0,0.0,0.0,0.0,0.0,0.0,0.0,0.0,0.0,0.0,0.0,0.0,0.0,0.0,0.0,0.0,0.0,0.0,0.0,0.0,0.0,0.0,0.0,0.0,0.0,0.0,0.0,0.0,0.0,0.0,0.0,0.0,0.0,0.0,0.0,0.0,0.0,0.0,0.0,0.0,0.0,0.0,0.0,0.0,0.0,0.0722693775148542,0.0,0.5571256245653236
2024-10-07,0.0,0.0,0.0,0.0,0.0,0.0,0.0,0.0,0.0,0.0,0.0,0.0,0.0,0.0,0.0,0.0,0.0,0.0,0.0,0.0,0.03289973688182119,0.0,0.0,0.0,0.0,0.0,0.0,0.0,0.0,0.0,0.0,0.0,0.0,0.0,0.0757725213788782,0.0,0.0,0.0,0.07098515039148368,0.0,0.0,0.0,0.0,0.0,0.0,0.0,0.0,0.0,0.07226554812125562,0.0,0.0,0.0,0.0,0.0,0.03652663337801839,0.0,0.0,0.0,0.0,0.0,0.0,0.0,0.08347620138268422,0.0,0.0,0.0,0.0,0.0,0.0,0.0,0.0,0.0,0.0,0.0,0.0,0.0,0.0,0.0,0.0,0.0,0.0,0.0,0.0,0.0,0.0,0.0,0.0,0.0,0.0,0.0,0.0,0.0,0.0,0.0,0.0,0.0,0.0,0.0,0.0,0.0,0.0,0.0,0.0,0.0,0.0,0.0,0.0,0.0,0.070801045957315,0.0,0.5572731625085436
2024-10-08,0.0,0.0,0.0,0.0,0.0,0.0,0.0,0.0,0.0,0.0,0.0,0.0,0.0,0.0,0.0,0.0,0.0,0.0,0.0,0.0,0.03201249433290965,0.0,0.0,0.0,0.0,0.0,0.0,0.0,0.0,0.0,0.0,0.0,0.0,0.0,0.07594153233549227,0.0,0.0,0.0,0.07193951925244982,0.0,0.0,0.0,0.0,0.0,0.0,0.0,0.0,0.0,0.07185919564856061,0.0,0.0,0.0,0.0,0.0,0.03676098067910697,0.0,0.0,0.0,0.0,0.0,0.0,0.0,0.08254207780818926,0.0,0.0,0.0,0.0,0.0,0.0,0.0,0.0,0.0,0.0,0.0,0.0,0.0,0.0,0.0,0.0,0.0,0.0,0.0,0.0,0.0,0.0,0.0,0.0,0.0,0.0,0.0,0.0,0.0,0.0,0.0,0.0,0.0,0.0,0.0,0.0,0.0,0.0,0.0,0.0,0.0,0.0,0.0,0.0,0.0,0.07194348441374053,0.0,0.5570007155295509
2024-10-09,0.0,0.0,0.0,0.0,0.0,0.0,0.0,0.0,0.0,0.0,0.0,0.0,0.0,0.0,0.0,0.0,0.0,0.0,0.0,0.0,0.031925542798789425,0.0,0.0,0.0,0.0,0.0,0.0,0.0,0.0,0.0,0.0,0.0,0.0,0.0,0.0753641494549679,0.0,0.0,0.0,0.07134306603460291,0.0,0.0,0.0,0.0,0.0,0.0,0.0,0.0,0.0,0.07107098399822666,0.0,0.0,0.0,0.0,0.0,0.036091982814655844,0.0,0.0,0.0,0.0,0.0,0.0,0.0,0.08150252320061756,0.0,0.0,0.0,0.0,0.0,0.0,0.0,0.0,0.0,0.0,0.0,0.0,0.0,0.0,0.0,0.0,0.0,0.0,0.0,0.0,0.0,0.0,0.0,0.0,0.0,0.0,0.0,0.0,0.0,0.0,0.0,0.0,0.0,0.0,0.0,0.0,0.0,0.0,0.0,0.0,0.0,0.0,0.0,0.0,0.0,0.07198158312896999,0.0,0.5607201685691696
2024-10-10,0.0,0.0,0.0,0.0,0.0,0.0,0.0,0.0,0.0,0.0,0.0,0.0,0.0,0.0,0.0,0.0,0.0,0.0,0.0,0.0,0.031690882174762375,0.0,0.0,0.0,0.0,0.0,0.0,0.0,0.0,0.0,0.0,0.0,0.0,0.0,0.075804047521557,0.0,0.0,0.0,0.07084112155004614,0.0,0.0,0.0,0.0,0.0,0.0,0.0,0.0,0.0,0.0709314314935886,0.0,0.0,0.0,0.0,0.0,0.0358224908833539,0.0,0.0,0.0,0.0,0.0,0.0,0.0,0.08175991231449682,0.0,0.0,0.0,0.0,0.0,0.0,0.0,0.0,0.0,0.0,0.0,0.0,0.0,0.0,0.0,0.0,0.0,0.0,0.0,0.0,0.0,0.0,0.0,0.0,0.0,0.0,0.0,0.0,0.0,0.0,0.0,0.0,0.0,0.0,0.0,0.0,0.0,0.0,0.0,0.0,0.0,0.0,0.0,0.0,0.0,0.07221960828083422,0.0,0.560930505781361
2024-10-11,0.0,0.0,0.0,0.0,0.0,0.0,0.0,0.0,0.0,0.0,0.0,0.0,0.0,0.0,0.0,0.0,0.0,0.0,0.0,0.0,0.03142117031349334,0.0,0.0,0.0,0.0,0.0,0.0,0.0,0.0,0.0,0.0,0.0,0.0,0.0,0.07562816892926526,0.0,0.0,0.0,0.06929343051698636,0.0,0.0,0.0,0.0,0.0,0.0,0.0,0.0,0.0,0.07184654798092108,0.0,0.0,0.0,0.0,0.0,0.0358035004410484,0.0,0.0,0.0,0.0,0.0,0.0,0.0,0.08155408393268514,0.0,0.0,0.0,0.0,0.0,0.0,0.0,0.0,0.0,0.0,0.0,0.0,0.0,0.0,0.0,0.0,0.0,0.0,0.0,0.0,0.0,0.0,0.0,0.0,0.0,0.0,0.0,0.0,0.0,0.0,0.0,0.0,0.0,0.0,0.0,0.0,0.0,0.0,0.0,0.0,0.0,0.0,0.0,0.0,0.0,0.07233066047427321,0.0,0.5621224374113272
2024-10-14,0.0,0.0,0.0,0.0,0.0,0.0,0.0,0.0,0.0,0.0,0.0,0.0,0.0,0.0,0.0,0.0,0.0,0.0,0.0,0.0,0.031023627117360585,0.0,0.0,0.0,0.0,0.0,0.0,0.0,0.0,0.0,0.0,0.0,0.0,0.0,0.07587169574299044,0.0,0.0,0.0,0.07069030580354774,0.0,0.0,0.0,0.0,0.0,0.0,0.0,0.0,0.0,0.07221274733431425,0.0,0.0,0.0,0.0,0.0,0.03636136153501918,0.0,0.0,0.0,0.0,0.0,0.0,0.0,0.08023147385604987,0.0,0.0,0.0,0.0,0.0,0.0,0.0,0.0,0.0,0.0,0.0,0.0,0.0,0.0,0.0,0.0,0.0,0.0,0.0,0.0,0.0,0.0,0.0,0.0,0.0,0.0,0.0,0.0,0.0,0.0,0.0,0.0,0.0,0.0,0.0,0.0,0.0,0.0,0.0,0.0,0.0,0.0,0.0,0.0,0.0,0.07323437286604076,0.0,0.5603744157446772
2024-10-15,0.0,0.0,0.0,0.0,0.0,0.0,0.0,0.0,0.0,0.0,0.0,0.0,0.0,0.0,0.0,0.0,0.0,0.0,0.0,0.0,0.030789824036499627,0.0,0.0,0.0,0.0,0.0,0.0,0.0,0.0,0.0,0.0,0.0,0.0,0.0,0.07629296026292354,0.0,0.0,0.0,0.07086307610335976,0.0,0.0,0.0,0.0,0.0,0.0,0.0,0.0,0.0,0.07217313864820778,0.0,0.0,0.0,0.0,0.0,0.03626854737788291,0.0,0.0,0.0,0.0,0.0,0.0,0.0,0.07965272760013807,0.0,0.0,0.0,0.0,0.0,0.0,0.0,0.0,0.0,0.0,0.0,0.0,0.0,0.0,0.0,0.0,0.0,0.0,0.0,0.0,0.0,0.0,0.0,0.0,0.0,0.0,0.0,0.0,0.0,0.0,0.0,0.0,0.0,0.0,0.0,0.0,0.0,0.0,0.0,0.0,0.0,0.0,0.0,0.0,0.0,0.07499726540271284,0.0,0.5589624605682756
2024-10-16,0.0,0.0,0.0,0.0,0.0,0.0,0.0,0.0,0.0,0.0,0.0,0.0,0.0,0.0,0.0,0.0,0.0,0.0,0.0,0.0,0.030588084311770035,0.0,0.0,0.0,0.0,0.0,0.0,0.0,0.0,0.0,0.0,0.0,0.0,0.0,0.07775411468122144,0.0,0.0,0.0,0.07171187339101157,0.0,0.0,0.0,0.0,0.0,0.0,0.0,0.0,0.0,0.07378492059034109,0.0,0.0,0.0,0.0,0.0,0.03554708856910794,0.0,0.0,0.0,0.0,0.0,0.0,0.0,0.07934806656177153,0.0,0.0,0.0,0.0,0.0,0.0,0.0,0.0,0.0,0.0,0.0,0.0,0.0,0.0,0.0,0.0,0.0,0.0,0.0,0.0,0.0,0.0,0.0,0.0,0.0,0.0,0.0,0.0,0.0,0.0,0.0,0.0,0.0,0.0,0.0,0.0,0.0,0.0,0.0,0.0,0.0,0.0,0.0,0.0,0.0,0.07541958817492211,0.0,0.5558462637198542
2024-10-17,0.0,0.0,0.0,0.0,0.0,0.0,0.0,0.0,0.0,0.0,0.0,0.0,0.0,0.0,0.0,0.0,0.0,0.0,0.0,0.0,0.031285117970993474,0.0,0.0,0.0,0.0,0.0,0.0,0.0,0.0,0.0,0.0,0.0,0.0,0.0,0.07770503020653265,0.0,0.0,0.0,0.07114680409348463,0.0,0.0,0.0,0.0,0.0,0.0,0.0,0.0,0.0,0.07526518236949528,0.0,0.0,0.0,0.0,0.0,0.034480817969956445,0.0,0.0,0.0,0.0,0.0,0.0,0.0,0.07948665468263738,0.0,0.0,0.0,0.0,0.0,0.0,0.0,0.0,0.0,0.0,0.0,0.0,0.0,0.0,0.0,0.0,0.0,0.0,0.0,0.0,0.0,0.0,0.0,0.0,0.0,0.0,0.0,0.0,0.0,0.0,0.0,0.0,0.0,0.0,0.0,0.0,0.0,0.0,0.0,0.0,0.0,0.0,0.0,0.0,0.0,0.0741898666724462,0.0,0.5564405260344539
2024-10-18,0.0,0.0,0.0,0.0,0.0,0.0,0.0,0.0,0.0,0.0,0.0,0.0,0.0,0.0,0.0,0.0,0.0,0.0,0.0,0.0,0.030263277112720068,0.0,0.0,0.0,0.0,0.0,0.0,0.0,0.0,0.0,0.0,0.0,0.0,0.0,0.07896257672852396,0.0,0.0,0.0,0.07079670970973768,0.0,0.0,0.0,0.0,0.0,0.0,0.0,0.0,0.0,0.07635827692967347,0.0,0.0,0.0,0.0,0.0,0.03421477885516526,0.0,0.0,0.0,0.0,0.0,0.0,0.0,0.07815699879997402,0.0,0.0,0.0,0.0,0.0,0.0,0.0,0.0,0.0,0.0,0.0,0.0,0.0,0.0,0.0,0.0,0.0,0.0,0.0,0.0,0.0,0.0,0.0,0.0,0.0,0.0,0.0,0.0,0.0,0.0,0.0,0.0,0.0,0.0,0.0,0.0,0.0,0.0,0.0,0.0,0.0,0.0,0.0,0.0,0.0,0.07306852922409576,0.0,0.5581788526401098
2024-10-21,0.0,0.0,0.0,0.0,0.0,0.0,0.0,0.0,0.0,0.0,0.0,0.0,0.0,0.0,0.0,0.0,0.0,0.0,0.0,0.0,0.030582154073142787,0.0,0.0,0.0,0.0,0.0,0.0,0.0,0.0,0.0,0.0,0.0,0.0,0.0,0.07887316928782498,0.0,0.0,0.0,0.0707910780026702,0.0,0.0,0.0,0.0,0.0,0.0,0.0,0.0,0.0,0.07583333149396702,0.0,0.0,0.0,0.0,0.0,0.03478380918334431,0.0,0.0,0.0,0.0,0.0,0.0,0.0,0.07942509835935452,0.0,0.0,0.0,0.0,0.0,0.0,0.0,0.0,0.0,0.0,0.0,0.0,0.0,0.0,0.0,0.0,0.0,0.0,0.0,0.0,0.0,0.0,0.0,0.0,0.0,0.0,0.0,0.0,0.0,0.0,0.0,0.0,0.0,0.0,0.0,0.0,0.0,0.0,0.0,0.0,0.0,0.0,0.0,0.0,0.0,0.07265473886631735,0.0,0.5570566207333788
2024-10-22,0.0,0.0,0.0,0.0,0.0,0.0,0.0,0.0,0.0,0.0,0.0,0.0,0.0,0.0,0.0,0.0,0.0,0.0,0.0,0.0,0.030648038414021066,0.0,0.0,0.0,0.0,0.0,0.0,0.0,0.0,0.0,0.0,0.0,0.0,0.0,0.07841767324644884,0.0,0.0,0.0,0.07057978779551759,0.0,0.0,0.0,0.0,0.0,0.0,0.0,0.0,0.0,0.07582831187450695,0.0,0.0,0.0,0.0,0.0,0.037240259452969576,0.0,0.0,0.0,0.0,0.0,0.0,0.0,0.07845235429140615,0.0,0.0,0.0,0.0,0.0,0.0,0.0,0.0,0.0,0.0,0.0,0.0,0.0,0.0,0.0,0.0,0.0,0.0,0.0,0.0,0.0,0.0,0.0,0.0,0.0,0.0,0.0,0.0,0.0,0.0,0.0,0.0,0.0,0.0,0.0,0.0,0.0,0.0,0.0,0.0,0.0,0.0,0.0,0.0,0.0,0.07358649927762259,0.0,0.5552470756475072
2024-10-23,0.0,0.0,0.0616446633003526,0.0,0.0,0.0,0.0,0.0,0.0,0.0,0.0,0.0,0.0,0.0,0.0,0.0,0.0,0.0,0.0,0.061620576978731294,0.0,0.0,0.0,0.0,0.0,0.0,0.0,0.0,0.0,0.0,0.0,0.0,0.0,0.0,0.0,0.0,0.0,0.0,0.0,0.0,0.0,0.0,0.0,0.0,0.0,0.0,0.0,0.0,0.0,0.0,0.0,0.0,0.0,0.0,0.0,0.0,0.0,0.0,0.0,0.0,0.0,0.0,0.03732249453702555,0.054886356018915894,0.0,0.0,0.0,0.0,0.0,0.0,0.0,0.0,0.0,0.0,0.0,0.0,0.0,0.0,0.0,0.0,0.0,0.0,0.0,0.0,0.0,0.0,0.0,0.0,0.0,0.0,0.0,0.0,0.0,0.05596785134904192,0.0,0.06155318617951192,0.0,0.0,0.0,0.0,0.0,0.0,0.0,0.07350812369134596,0.0,0.0,0.0,0.0,0.0,0.0,0.1829195050002731
2024-10-24,0.0,0.0,0.06239916873085473,0.0,0.0,0.0,0.0,0.0,0.0,0.0,0.0,0.0,0.0,0.0,0.0,0.0,0.0,0.0,0.0,0.06185762840812264,0.0,0.0,0.0,0.0,0.0,0.0,0.0,0.0,0.0,0.0,0.0,0.0,0.0,0.0,0.0,0.0,0.0,0.0,0.0,0.0,0.0,0.0,0.0,0.0,0.0,0.0,0.0,0.0,0.0,0.0,0.0,0.0,0.0,0.0,0.0,0.0,0.0,0.0,0.0,0.0,0.0,0.0,0.03773440153843448,0.05424428354136054,0.0,0.0,0.0,0.0,0.0,0.0,0.0,0.0,0.0,0.0,0.0,0.0,0.0,0.0,0.0,0.0,0.0,0.0,0.0,0.0,0.0,0.0,0.0,0.0,0.0,0.0,0.0,0.0,0.0,0.05643913192762889,0.0,0.06154814819421276,0.0,0.0,0.0,0.0,0.0,0.0,0.0,0.07340802312358796,0.0,0.0,0.0,0.0,0.0,0.0,0.18262271873113378
2024-10-25,0.0,0.0,0.06243507611143015,0.0,0.0,0.0,0.0,0.0,0.0,0.0,0.0,0.0,0.0,0.0,0.0,0.0,0.0,0.0,0.0,0.06347066593190874,0.0,0.0,0.0,0.0,0.0,0.0,0.0,0.0,0.0,0.0,0.0,0.0,0.0,0.0,0.0,0.0,0.0,0.0,0.0,0.0,0.0,0.0,0.0,0.0,0.0,0.0,0.0,0.0,0.0,0.0,0.0,0.0,0.0,0.0,0.0,0.0,0.0,0.0,0.0,0.0,0.0,0.0,0.03802457004979096,0.055105899094162004,0.0,0.0,0.0,0.0,0.0,0.0,0.0,0.0,0.0,0.0,0.0,0.0,0.0,0.0,0.0,0.0,0.0,0.0,0.0,0.0,0.0,0.0,0.0,0.0,0.0,0.0,0.0,0.0,0.0,0.055690166345864385,0.0,0.060795781387413504,0.0,0.0,0.0,0.0,0.0,0.0,0.0,0.07430166092710239,0.0,0.0,0.0,0.0,0.0,0.0,0.5901761801523278
2024-10-28,0.0,0.0,0.06261618206080381,0.0,0.0,0.0,0.0,0.0,0.0,0.0,0.0,0.0,0.0,0.0,0.0,0.0,0.0,0.0,0.0,0.06452472078927925,0.0,0.0,0.0,0.0,0.0,0.0,0.0,0.0,0.0,0.0,0.0,0.0,0.0,0.0,0.0,0.0,0.0,0.0,0.0,0.0,0.0,0.0,0.0,0.0,0.0,0.0,0.0,0.0,0.0,0.0,0.0,0.0,0.0,0.0,0.0,0.0,0.0,0.0,0.0,0.0,0.0,0.0,0.038999923737744434,0.054685302168862734,0.0,0.0,0.0,0.0,0.0,0.0,0.0,0.0,0.0,0.0,0.0,0.0,0.0,0.0,0.0,0.0,0.0,0.0,0.0,0.0,0.0,0.0,0.0,0.0,0.0,0.0,0.0,0.0,0.0,0.05557426767575563,0.0,0.06033550784894702,0.0,0.0,0.0,0.0,0.0,0.0,0.0,0.07339445433825025,0.0,0.0,0.0,0.0,0.0,0.0,0.5898696413803568
2024-10-29,0.0,0.0,0.06248519518825587,0.0,0.0,0.0,0.0,0.0,0.0,0.0,0.0,0.0,0.0,0.0,0.0,0.0,0.0,0.0,0.0,0.0644335709643992,0.0,0.0,0.0,0.0,0.0,0.0,0.0,0.0,0.0,0.0,0.0,0.0,0.0,0.0,0.0,0.0,0.0,0.0,0.0,0.0,0.0,0.0,0.0,0.0,0.0,0.0,0.0,0.0,0.0,0.0,0.0,0.0,0.0,0.0,0.0,0.0,0.0,0.0,0.0,0.0,0.0,0.0,0.04023671083569251,0.054293787408831604,0.0,0.0,0.0,0.0,0.0,0.0,0.0,0.0,0.0,0.0,0.0,0.0,0.0,0.0,0.0,0.0,0.0,0.0,0.0,0.0,0.0,0.0,0.0,0.0,0.0,0.0,0.0,0.0,0.0,0.05551979649604502,0.0,0.06035897886312535,0.0,0.0,0.0,0.0,0.0,0.0,0.0,0.07280083036768678,0.0,0.0,0.0,0.0,0.0,0.0,0.5898711298759637
2024-10-30,0.0,0.0,0.06259382245983836,0.0,0.0,0.0,0.0,0.0,0.0,0.0,0.0,0.0,0.0,0.0,0.0,0.0,0.0,0.0,0.0,0.06422426470406546,0.0,0.0,0.0,0.0,0.0,0.0,0.0,0.0,0.0,0.0,0.0,0.0,0.0,0.0,0.0,0.0,0.0,0.0,0.0,0.0,0.0,0.0,0.0,0.0,0.0,0.0,0.0,0.0,0.0,0.0,0.0,0.0,0.0,0.0,0.0,0.0,0.0,0.0,0.0,0.0,0.0,0.0,0.04097109328798606,0.05469505706702565,0.0,0.0,0.0,0.0,0.0,0.0,0.0,0.0,0.0,0.0,0.0,0.0,0.0,0.0,0.0,0.0,0.0,0.0,0.0,0.0,0.0,0.0,0.0,0.0,0.0,0.0,0.0,0.0,0.0,0.05582620028700524,0.0,0.061269205021809124,0.0,0.0,0.0,0.0,0.0,0.0,0.0,0.07252753797262294,0.0,0.0,0.0,0.0,0.0,0.0,0.5878928191996471
2024-10-31,0.0,0.0,0.0623879377372812,0.0,0.0,0.0,0.0,0.0,0.0,0.0,0.0,0.0,0.0,0.0,0.0,0.0,0.0,0.0,0.0,0.06421902943862749,0.0,0.0,0.0,0.0,0.0,0.0,0.0,0.0,0.0,0.0,0.0,0.0,0.0,0.0,0.0,0.0,0.0,0.0,0.0,0.0,0.0,0.0,0.0,0.0,0.0,0.0,0.0,0.0,0.0,0.0,0.0,0.0,0.0,0.0,0.0,0.0,0.0,0.0,0.0,0.0,0.0,0.0,0.040992610362914184,0.0550703349178063,0.0,0.0,0.0,0.0,0.0,0.0,0.0,0.0,0.0,0.0,0.0,0.0,0.0,0.0,0.0,0.0,0.0,0.0,0.0,0.0,0.0,0.0,0.0,0.0,0.0,0.0,0.0,0.0,0.0,0.05492280445788051,0.0,0.060175441000000725,0.0,0.0,0.0,0.0,0.0,0.0,0.0,0.07205473421574216,0.0,0.0,0.0,0.0,0.0,0.0,0.5901771078697474
2024-11-01,0.0,0.0,0.06206477077855681,0.0,0.0,0.0,0.0,0.0,0.0,0.0,0.0,0.0,0.0,0.0,0.0,0.0,0.0,0.0,0.0,0.06444608408822192,0.0,0.0,0.0,0.0,0.0,0.0,0.0,0.0,0.0,0.0,0.0,0.0,0.0,0.0,0.0,0.0,0.0,0.0,0.0,0.0,0.0,0.0,0.0,0.0,0.0,0.0,0.0,0.0,0.0,0.0,0.0,0.0,0.0,0.0,0.0,0.0,0.0,0.0,0.0,0.0,0.0,0.0,0.03982019750249634,0.055322735690916204,0.0,0.0,0.0,0.0,0.0,0.0,0.0,0.0,0.0,0.0,0.0,0.0,0.0,0.0,0.0,0.0,0.0,0.0,0.0,0.0,0.0,0.0,0.0,0.0,0.0,0.0,0.0,0.0,0.0,0.0556880514646644,0.0,0.06311859768752383,0.0,0.0,0.0,0.0,0.0,0.0,0.0,0.07093405755006618,0.0,0.0,0.0,0.0,0.0,0.0,0.5886055052375543
2024-11-04,0.0,0.0,0.06196133613360975,0.0,0.0,0.0,0.0,0.0,0.0,0.0,0.0,0.0,0.0,0.0,0.0,0.0,0.0,0.0,0.0,0.06497512878236339,0.0,0.0,0.0,0.0,0.0,0.0,0.0,0.0,0.0,0.0,0.0,0.0,0.0,0.0,0.0,0.0,0.0,0.0,0.0,0.0,0.0,0.0,0.0,0.0,0.0,0.0,0.0,0.0,0.0,0.0,0.0,0.0,0.0,0.0,0.0,0.0,0.0,0.0,0.0,0.0,0.0,0.0,0.04138386587422527,0.057494696940872385,0.0,0.0,0.0,0.0,0.0,0.0,0.0,0.0,0.0,0.0,0.0,0.0,0.0,0.0,0.0,0.0,0.0,0.0,0.0,0.0,0.0,0.0,0.0,0.0,0.0,0.0,0.0,0.0,0.0,0.0552278595045635,0.0,0.0627017448934111,0.0,0.0,0.0,0.0,0.0,0.0,0.0,0.07261683061914449,0.0,0.0,0.0,0.0,0.0,0.0,0.5836385372518103
2024-11-05,0.0,0.0,0.0620160656955783,0.0,0.0,0.0,0.0,0.0,0.0,0.0,0.0,0.0,0.0,0.0,0.0,0.0,0.0,0.0,0.0,0.06413664203086641,0.0,0.0,0.0,0.0,0.0,0.0,0.0,0.0,0.0,0.0,0.0,0.0,0.0,0.0,0.0,0.0,0.0,0.0,0.0,0.0,0.0,0.0,0.0,0.0,0.0,0.0,0.0,0.0,0.0,0.0,0.0,0.0,0.0,0.0,0.0,0.0,0.0,0.0,0.0,0.0,0.0,0.0,0.042276095200072625,0.05750776683461421,0.0,0.0,0.0,0.0,0.0,0.0,0.0,0.0,0.0,0.0,0.0,0.0,0.0,0.0,0.0,0.0,0.0,0.0,0.0,0.0,0.0,0.0,0.0,0.0,0.0,0.0,0.0,0.0,0.0,0.055185924303532766,0.0,0.06313136990185757,0.0,0.0,0.0,0.0,0.0,0.0,0.0,0.07332592294614963,0.0,0.0,0.0,0.0,0.0,0.0,0.5824202130873286
2024-11-06,0.0,0.0,0.06330642867013854,0.0,0.0,0.0,0.0,0.0,0.0,0.0,0.0,0.0,0.0,0.0,0.0,0.0,0.0,0.0,0.0,0.06298427277035895,0.0,0.0,0.0,0.0,0.0,0.0,0.0,0.0,0.0,0.0,0.0,0.0,0.0,0.0,0.0,0.0,0.0,0.0,0.0,0.0,0.0,0.0,0.0,0.0,0.0,0.0,0.0,0.0,0.0,0.0,0.0,0.0,0.0,0.0,0.0,0.0,0.0,0.0,0.0,0.0,0.0,0.0,0.042339878018399134,0.05687939321929324,0.0,0.0,0.0,0.0,0.0,0.0,0.0,0.0,0.0,0.0,0.0,0.0,0.0,0.0,0.0,0.0,0.0,0.0,0.0,0.0,0.0,0.0,0.0,0.0,0.0,0.0,0.0,0.0,0.0,0.05662754064966419,0.0,0.06305659693140342,0.0,0.0,0.0,0.0,0.0,0.0,0.0,0.0756355724355343,0.0,0.0,0.0,0.0,0.0,0.0,0.5791703173052083
2024-11-07,0.0,0.0,0.06208582995944135,0.0,0.0,0.0,0.0,0.0,0.0,0.0,0.0,0.0,0.0,0.0,0.0,0.0,0.0,0.0,0.0,0.0656559724025168,0.0,0.0,0.0,0.0,0.0,0.0,0.0,0.0,0.0,0.0,0.0,0.0,0.0,0.0,0.0,0.0,0.0,0.0,0.0,0.0,0.0,0.0,0.0,0.0,0.0,0.0,0.0,0.0,0.0,0.0,0.0,0.0,0.0,0.0,0.0,0.0,0.0,0.0,0.0,0.0,0.0,0.0,0.04102852569739725,0.05563134407677781,0.0,0.0,0.0,0.0,0.0,0.0,0.0,0.0,0.0,0.0,0.0,0.0,0.0,0.0,0.0,0.0,0.0,0.0,0.0,0.0,0.0,0.0,0.0,0.0,0.0,0.0,0.0,0.0,0.0,0.056015992125390206,0.0,0.06025279256246099,0.0,0.0,0.0,0.0,0.0,0.0,0.0,0.07206612526262411,0.0,0.0,0.0,0.0,0.0,0.0,0.5872634179133915
2024-11-08,0.0,0.0,0.06312031058020232,0.0,0.0,0.0,0.0,0.0,0.0,0.0,0.0,0.0,0.0,0.0,0.0,0.0,0.0,0.0,0.0,0.06324099831962204,0.0,0.0,0.0,0.0,0.0,0.0,0.0,0.0,0.0,0.0,0.0,0.0,0.0,0.0,0.0,0.0,0.0,0.0,0.0,0.0,0.0,0.0,0.0,0.0,0.0,0.0,0.0,0.0,0.0,0.0,0.0,0.0,0.0,0.0,0.0,0.0,0.0,0.0,0.0,0.0,0.0,0.0,0.04014520079089651,0.05459397296701591,0.0,0.0,0.0,0.0,0.0,0.0,0.0,0.0,0.0,0.0,0.0,0.0,0.0,0.0,0.0,0.0,0.0,0.0,0.0,0.0,0.0,0.0,0.0,0.0,0.0,0.0,0.0,0.0,0.0,0.05596530408335689,0.0,0.06023474231312078,0.0,0.0,0.0,0.0,0.0,0.0,0.0,0.07166151289586098,0.0,0.0,0.0,0.0,0.0,0.0,0.5910379580499245
2024-11-11,0.0,0.0,0.06245178347468606,0.0,0.0,0.0,0.0,0.0,0.0,0.0,0.0,0.0,0.0,0.0,0.0,0.0,0.0,0.0,0.0,0.061979386061874885,0.0,0.0,0.0,0.0,0.0,0.0,0.0,0.0,0.0,0.0,0.0,0.0,0.0,0.0,0.0,0.0,0.0,0.0,0.0,0.0,0.0,0.0,0.0,0.0,0.0,0.0,0.0,0.0,0.0,0.0,0.0,0.0,0.0,0.0,0.0,0.0,0.0,0.0,0.0,0.0,0.0,0.0,0.04117767943312219,0.05475569075614768,0.0,0.0,0.0,0.0,0.0,0.0,0.0,0.0,0.0,0.0,0.0,0.0,0.0,0.0,0.0,0.0,0.0,0.0,0.0,0.0,0.0,0.0,0.0,0.0,0.0,0.0,0.0,0.0,0.0,0.056274631833464116,0.0,0.060009374711146125,0.0,0.0,0.0,0.0,0.0,0.0,0.0,0.07288131973382564,0.0,0.0,0.0,0.0,0.0,0.0,0.5904701339957334
2024-11-12,0.0,0.0,0.06263564371473329,0.0,0.0,0.0,0.0,0.0,0.0,0.0,0.0,0.0,0.0,0.0,0.0,0.0,0.0,0.0,0.0,0.0607223230385527,0.0,0.0,0.0,0.0,0.0,0.0,0.0,0.0,0.0,0.0,0.0,0.0,0.0,0.0,0.0,0.0,0.0,0.0,0.0,0.0,0.0,0.0,0.0,0.0,0.0,0.0,0.0,0.0,0.0,0.0,0.0,0.0,0.0,0.0,0.0,0.0,0.0,0.0,0.0,0.0,0.0,0.0,0.04151656451878009,0.05494253970866492,0.0,0.0,0.0,0.0,0.0,0.0,0.0,0.0,0.0,0.0,0.0,0.0,0.0,0.0,0.0,0.0,0.0,0.0,0.0,0.0,0.0,0.0,0.0,0.0,0.0,0.0,0.0,0.0,0.0,0.05627877376543404,0.0,0.05764163034762514,0.0,0.0,0.0,0.0,0.0,0.0,0.0,0.07380555321486452,0.0,0.0,0.0,0.0,0.0,0.0,0.5924569716913454
2024-11-13,0.0,0.0,0.0623504913042501,0.0,0.0,0.0,0.0,0.0,0.0,0.0,0.0,0.0,0.0,0.0,0.0,0.0,0.0,0.0,0.0,0.06038117464747607,0.0,0.0,0.0,0.0,0.0,0.0,0.0,0.0,0.0,0.0,0.0,0.0,0.0,0.0,0.0,0.0,0.0,0.0,0.0,0.0,0.0,0.0,0.0,0.0,0.0,0.0,0.0,0.0,0.0,0.0,0.0,0.0,0.0,0.0,0.0,0.0,0.0,0.0,0.0,0.0,0.0,0.0,0.04240334145851104,0.05516360502136714,0.0,0.0,0.0,0.0,0.0,0.0,0.0,0.0,0.0,0.0,0.0,0.0,0.0,0.0,0.0,0.0,0.0,0.0,0.0,0.0,0.0,0.0,0.0,0.0,0.0,0.0,0.0,0.0,0.0,0.05538535903084457,0.0,0.05816320239219932,0.0,0.0,0.0,0.0,0.0,0.0,0.0,0.0753955870885971,0.0,0.0,0.0,0.0,0.0,0.0,0.5907572390567547
2024-11-14,0.0,0.0,0.06295863835216428,0.0,0.0,0.0,0.0,0.0,0.0,0.0,0.0,0.0,0.0,0.0,0.0,0.0,0.0,0.0,0.0,0.060154456850848206,0.0,0.0,0.0,0.0,0.0,0.0,0.0,0.0,0.0,0.0,0.0,0.0,0.0,0.0,0.0,0.0,0.0,0.0,0.0,0.0,0.0,0.0,0.0,0.0,0.0,0.0,0.0,0.0,0.0,0.0,0.0,0.0,0.0,0.0,0.0,0.0,0.0,0.0,0.0,0.0,0.0,0.0,0.042366458908670634,0.054716378982848986,0.0,0.0,0.0,0.0,0.0,0.0,0.0,0.0,0.0,0.0,0.0,0.0,0.0,0.0,0.0,0.0,0.0,0.0,0.0,0.0,0.0,0.0,0.0,0.0,0.0,0.0,0.0,0.0,0.0,0.05447164117943842,0.0,0.058535119410703954,0.0,0.0,0.0,0.0,0.0,0.0,0.0,0.07801129513038993,0.0,0.0,0.0,0.0,0.0,0.0,0.5887860111849356
2024-11-18,0.0,0.0,0.06287091384894662,0.0,0.0,0.0,0.0,0.0,0.0,0.0,0.0,0.0,0.0,0.0,0.0,0.0,0.0,0.0,0.0,0.06026340592214234,0.0,0.0,0.0,0.0,0.0,0.0,0.0,0.0,0.0,0.0,0.0,0.0,0.0,0.0,0.0,0.0,0.0,0.0,0.0,0.0,0.0,0.0,0.0,0.0,0.0,0.0,0.0,0.0,0.0,0.0,0.0,0.0,0.0,0.0,0.0,0.0,0.0,0.0,0.0,0.0,0.0,0.0,0.04169690922401282,0.054428149839479835,0.0,0.0,0.0,0.0,0.0,0.0,0.0,0.0,0.0,0.0,0.0,0.0,0.0,0.0,0.0,0.0,0.0,0.0,0.0,0.0,0.0,0.0,0.0,0.0,0.0,0.0,0.0,0.0,0.0,0.054174774936911724,0.0,0.05785556803963647,0.0,0.0,0.0,0.0,0.0,0.0,0.0,0.08392063683248319,0.0,0.0,0.0,0.0,0.0,0.0,0.584789641356387
2024-11-19,0.0,0.0,0.061892757426089184,0.0,0.0,0.0,0.0,0.0,0.0,0.0,0.0,0.0,0.0,0.0,0.0,0.0,0.0,0.0,0.0,0.06031139380642741,0.0,0.0,0.0,0.0,0.0,0.0,0.0,0.0,0.0,0.0,0.0,0.0,0.0,0.0,0.0,0.0,0.0,0.0,0.0,0.0,0.0,0.0,0.0,0.0,0.0,0.0,0.0,0.0,0.0,0.0,0.0,0.0,0.0,0.0,0.0,0.0,0.0,0.0,0.0,0.0,0.0,0.0,0.042171800004237,0.05436348908618487,0.0,0.0,0.0,0.0,0.0,0.0,0.0,0.0,0.0,0.0,0.0,0.0,0.0,0.0,0.0,0.0,0.0,0.0,0.0,0.0,0.0,0.0,0.0,0.0,0.0,0.0,0.0,0.0,0.0,0.054068792427638165,0.0,0.05907671455606673,0.0,0.0,0.0,0.0,0.0,0.0,0.0,0.0849102691854821,0.0,0.0,0.0,0.0,0.0,0.0,0.5832047835078744
2024-11-21,0.0,0.0,0.062357398380013716,0.0,0.0,0.0,0.0,0.0,0.0,0.0,0.0,0.0,0.0,0.0,0.0,0.0,0.0,0.0,0.0,0.060449546286809305,0.0,0.0,0.0,0.0,0.0,0.0,0.0,0.0,0.0,0.0,0.0,0.0,0.0,0.0,0.0,0.0,0.0,0.0,0.0,0.0,0.0,0.0,0.0,0.0,0.0,0.0,0.0,0.0,0.0,0.0,0.0,0.0,0.0,0.0,0.0,0.0,0.0,0.0,0.0,0.0,0.0,0.0,0.04081051367146857,0.05539328895356286,0.0,0.0,0.0,0.0,0.0,0.0,0.0,0.0,0.0,0.0,0.0,0.0,0.0,0.0,0.0,0.0,0.0,0.0,0.0,0.0,0.0,0.0,0.0,0.0,0.0,0.0,0.0,0.0,0.0,0.05347953730058688,0.0,0.05723477093301053,0.0,0.0,0.0,0.0,0.0,0.0,0.0,0.0831866775707884,0.0,0.0,0.0,0.0,0.0,0.0,0.5870882669037597
2024-11-22,0.0,0.0,0.062311558150221394,0.0,0.0,0.0,0.0,0.0,0.0,0.0,0.0,0.0,0.0,0.0,0.0,0.0,0.0,0.0,0.0,0.060785826773283765,0.0,0.0,0.0,0.0,0.0,0.0,0.0,0.0,0.0,0.0,0.0,0.0,0.0,0.0,0.0,0.0,0.0,0.0,0.0,0.0,0.0,0.0,0.0,0.0,0.0,0.0,0.0,0.0,0.0,0.0,0.0,0.0,0.0,0.0,0.0,0.0,0.0,0.0,0.0,0.0,0.0,0.0,0.041027023451112705,0.05655244765039259,0.0,0.0,0.0,0.0,0.0,0.0,0.0,0.0,0.0,0.0,0.0,0.0,0.0,0.0,0.0,0.0,0.0,0.0,0.0,0.0,0.0,0.0,0.0,0.0,0.0,0.0,0.0,0.0,0.0,0.053289064286644816,0.0,0.05913790279976325,0.0,0.0,0.0,0.0,0.0,0.0,0.0,0.0851287014830046,0.0,0.0,0.0,0.0,0.0,0.0,0.5817674754055767
2024-11-25,0.0,0.0,0.06216616462699374,0.0,0.0,0.0,0.0,0.0,0.0,0.0,0.0,0.0,0.0,0.0,0.0,0.0,0.0,0.0,0.0,0.06088052316116469,0.0,0.0,0.0,0.0,0.0,0.0,0.0,0.0,0.0,0.0,0.0,0.0,0.0,0.0,0.0,0.0,0.0,0.0,0.0,0.0,0.0,0.0,0.0,0.0,0.0,0.0,0.0,0.0,0.0,0.0,0.0,0.0,0.0,0.0,0.0,0.0,0.0,0.0,0.0,0.0,0.0,0.0,0.04114871560931297,0.05602965284657952,0.0,0.0,0.0,0.0,0.0,0.0,0.0,0.0,0.0,0.0,0.0,0.0,0.0,0.0,0.0,0.0,0.0,0.0,0.0,0.0,0.0,0.0,0.0,0.0,0.0,0.0,0.0,0.0,0.0,0.05337420465569659,0.0,0.05847446578527684,0.0,0.0,0.0,0.0,0.0,0.0,0.0,0.08533077537002677,0.0,0.0,0.0,0.0,0.0,0.0,0.5825954979449488
2024-11-26,0.0,0.0,0.061830963663822035,0.0,0.0,0.0,0.0,0.0,0.0,0.0,0.0,0.0,0.0,0.0,0.0,0.0,0.0,0.0,0.0,0.060749309337381444,0.0,0.0,0.0,0.0,0.0,0.0,0.0,0.0,0.0,0.0,0.0,0.0,0.0,0.0,0.0,0.0,0.0,0.0,0.0,0.0,0.0,0.0,0.0,0.0,0.0,0.0,0.0,0.0,0.0,0.0,0.0,0.0,0.0,0.0,0.0,0.0,0.0,0.0,0.0,0.0,0.0,0.0,0.041945768626941826,0.056152827339201336,0.0,0.0,0.0,0.0,0.0,0.0,0.0,0.0,0.0,0.0,0.0,0.0,0.0,0.0,0.0,0.0,0.0,0.0,0.0,0.0,0.0,0.0,0.0,0.0,0.0,0.0,0.0,0.0,0.0,0.05368851607258131,0.0,0.059229417822594325,0.0,0.0,0.0,0.0,0.0,0.0,0.0,0.0825565371855691,0.0,0.0,0.0,0.0,0.0,0.0,0.5838466599519085
2024-11-27,0.0,0.0,0.06151869809003404,0.0,0.0,0.0,0.0,0.0,0.0,0.0,0.0,0.0,0.0,0.0,0.0,0.0,0.0,0.0,0.0,0.06164582545207537,0.0,0.0,0.0,0.0,0.0,0.0,0.0,0.0,0.0,0.0,0.0,0.0,0.0,0.0,0.0,0.0,0.0,0.0,0.0,0.0,0.0,0.0,0.0,0.0,0.0,0.0,0.0,0.0,0.0,0.0,0.0,0.0,0.0,0.0,0.0,0.0,0.0,0.0,0.0,0.0,0.0,0.0,0.04052820404918089,0.05622692568804387,0.0,0.0,0.0,0.0,0.0,0.0,0.0,0.0,0.0,0.0,0.0,0.0,0.0,0.0,0.0,0.0,0.0,0.0,0.0,0.0,0.0,0.0,0.0,0.0,0.0,0.0,0.0,0.0,0.0,0.05421048619999106,0.0,0.05843821769719082,0.0,0.0,0.0,0.0,0.0,0.0,0.0,0.08284388604453083,0.0,0.0,0.0,0.0,0.0,0.0,0.5845877567789531
2024-11-28,0.0,0.0,0.061260923895621724,0.0,0.0,0.0,0.0,0.0,0.0,0.0,0.0,0.0,0.0,0.0,0.0,0.0,0.0,0.0,0.0,0.06094674120254195,0.0,0.0,0.0,0.0,0.0,0.0,0.0,0.0,0.0,0.0,0.0,0.0,0.0,0.0,0.0,0.0,0.0,0.0,0.0,0.0,0.0,0.0,0.0,0.0,0.0,0.0,0.0,0.0,0.0,0.0,0.0,0.0,0.0,0.0,0.0,0.0,0.0,0.0,0.0,0.0,0.0,0.0,0.03954437847756161,0.057314382690087706,0.0,0.0,0.0,0.0,0.0,0.0,0.0,0.0,0.0,0.0,0.0,0.0,0.0,0.0,0.0,0.0,0.0,0.0,0.0,0.0,0.0,0.0,0.0,0.0,0.0,0.0,0.0,0.0,0.0,0.05561845936375203,0.0,0.05827583603648616,0.0,0.0,0.0,0.0,0.0,0.0,0.0,0.08242827308471999,0.0,0.0,0.0,0.0,0.0,0.0,0.5846110052492288
2024-11-29,0.0,0.0,0.060977149378345766,0.0,0.0,0.0,0.0,0.0,0.0,0.0,0.0,0.0,0.0,0.0,0.0,0.0,0.0,0.0,0.0,0.06180665213151131,0.0,0.0,0.0,0.0,0.0,0.0,0.0,0.0,0.0,0.0,0.0,0.0,0.0,0.0,0.0,0.0,0.0,0.0,0.0,0.0,0.0,0.0,0.0,0.0,0.0,0.0,0.0,0.0,0.0,0.0,0.0,0.0,0.0,0.0,0.0,0.0,0.0,0.0,0.0,0.0,0.0,0.0,0.03937120503993306,0.058140300716523846,0.0,0.0,0.0,0.0,0.0,0.0,0.0,0.0,0.0,0.0,0.0,0.0,0.0,0.0,0.0,0.0,0.0,0.0,0.0,0.0,0.0,0.0,0.0,0.0,0.0,0.0,0.0,0.0,0.0,0.0548035326003443,0.0,0.05885056986348757,0.0,0.0,0.0,0.0,0.0,0.0,0.0,0.08612262117319289,0.0,0.0,0.0,0.0,0.0,0.0,0.5799279690966612
2024-12-02,0.0,0.0,0.0,0.0,0.0,0.0,0.0,0.0,0.0,0.0,0.0,0.0,0.0,0.0,0.0,0.0,0.0,0.0,0.0,0.0,0.0,0.0,0.0,0.0,0.0,0.0,0.0,0.0,0.0,0.0,0.0,0.03992941336185943,0.0,0.0,0.060996803746617936,0.0,0.0,0.0,0.04885985004358203,0.0,0.0,0.0,0.0,0.0,0.0,0.0,0.0,0.0,0.0368784670520563,0.0,0.0,0.0,0.0,0.0,0.0,0.0,0.0,0.0,0.0,0.0,0.0,0.0,0.07693573686269471,0.0,0.0,0.0,0.0,0.0,0.0,0.039890713065646566,0.0,0.0,0.0,0.0,0.0,0.0,0.0,0.0,0.0,0.0,0.03988385186548998,0.0,0.0,0.0,0.0,0.0,0.0,0.0,0.0,0.0,0.0,0.0,0.0,0.0,0.0,0.0,0.039876991845517254,0.0,0.0,0.0,0.0,0.0,0.0,0.041400185006284854,0.0,0.0,0.0,0.0,0.036847490899174794,0.0,0.19556317133170018
2024-12-03,0.0,0.0,0.0,0.0,0.0,0.0,0.0,0.0,0.0,0.0,0.0,0.0,0.0,0.0,0.0,0.0,0.0,0.0,0.0,0.0,0.0,0.0,0.0,0.0,0.0,0.0,0.0,0.0,0.0,0.0,0.0,0.04021682117558536,0.0,0.0,0.06152789240953143,0.0,0.0,0.0,0.048580870564089995,0.0,0.0,0.0,0.0,0.0,0.0,0.0,0.0,0.0,0.036836820270927044,0.0,0.0,0.0,0.0,0.0,0.0,0.0,0.0,0.0,0.0,0.0,0.0,0.0,0.07885012800674643,0.0,0.0,0.0,0.0,0.0,0.0,0.03981273169527533,0.0,0.0,0.0,0.0,0.0,0.0,0.0,0.0,0.0,0.0,0.039792647631119046,0.0,0.0,0.0,0.0,0.0,0.0,0.0,0.0,0.0,0.0,0.0,0.0,0.0,0.0,0.0,0.03957709271919416,0.0,0.0,0.0,0.0,0.0,0.0,0.0395121649426043,0.0,0.0,0.0,0.0,0.0373185021189822,0.0,0.19542428200073583
2024-12-04,0.0,0.0,0.0,0.0,0.0,0.0,0.0,0.0,0.0,0.0,0.0,0.0,0.0,0.0,0.0,0.0,0.0,0.0,0.0,0.0,0.0,0.0,0.0,0.0,0.0,0.0,0.0,0.0,0.0,0.0,0.0,0.03868492750256242,0.0,0.0,0.06186037207315214,0.0,0.0,0.0,0.04915358400288211,0.0,0.0,0.0,0.0,0.0,0.0,0.0,0.0,0.0,0.037347437817084585,0.0,0.0,0.0,0.0,0.0,0.0,0.0,0.0,0.0,0.0,0.0,0.0,0.0,0.07767604529531665,0.0,0.0,0.0,0.0,0.0,0.0,0.040670898975810846,0.0,0.0,0.0,0.0,0.0,0.0,0.0,0.0,0.0,0.0,0.04134799564720046,0.0,0.0,0.0,0.0,0.0,0.0,0.0,0.0,0.0,0.0,0.0,0.0,0.0,0.0,0.0,0.03964131166591339,0.0,0.0,0.0,0.0,0.0,0.0,0.0405813876296656,0.0,0.0,0.0,0.0,0.03741197269771669,0.0,0.5356240666926951
2024-12-05,0.0,0.0,0.0,0.0,0.0,0.0,0.0,0.0,0.0,0.0,0.0,0.0,0.0,0.0,0.0,0.0,0.0,0.0,0.0,0.0,0.0,0.0,0.0,0.0,0.0,0.0,0.0,0.0,0.0,0.0,0.0,0.03932378868878031,0.0,0.0,0.06250852030763782,0.0,0.0,0.0,0.05030433649229836,0.0,0.0,0.0,0.0,0.0,0.0,0.0,0.0,0.0,0.03766855682505004,0.0,0.0,0.0,0.0,0.0,0.0,0.0,0.0,0.0,0.0,0.0,0.0,0.0,0.07718018974516452,0.0,0.0,0.0,0.0,0.0,0.0,0.04149586598204725,0.0,0.0,0.0,0.0,0.0,0.0,0.0,0.0,0.0,0.0,0.04098913739464039,0.0,0.0,0.0,0.0,0.0,0.0,0.0,0.0,0.0,0.0,0.0,0.0,0.0,0.0,0.0,0.039933270986737976,0.0,0.0,0.0,0.0,0.0,0.0,0.04045760280981453,0.0,0.0,0.0,0.0,0.03716395649676624,0.0,0.5329747742710624
2024-12-06,0.0,0.0,0.0,0.0,0.0,0.0,0.0,0.0,0.0,0.0,0.0,0.0,0.0,0.0,0.0,0.0,0.0,0.0,0.0,0.0,0.0,0.0,0.0,0.0,0.0,0.0,0.0,0.0,0.0,0.0,0.0,0.03908721917095565,0.0,0.0,0.061968662431968455,0.0,0.0,0.0,0.05118654781292125,0.0,0.0,0.0,0.0,0.0,0.0,0.0,0.0,0.0,0.037992528760047474,0.0,0.0,0.0,0.0,0.0,0.0,0.0,0.0,0.0,0.0,0.0,0.0,0.0,0.07792944808311886,0.0,0.0,0.0,0.0,0.0,0.0,0.04026908421957513,0.0,0.0,0.0,0.0,0.0,0.0,0.0,0.0,0.0,0.0,0.03849350784344589,0.0,0.0,0.0,0.0,0.0,0.0,0.0,0.0,0.0,0.0,0.0,0.0,0.0,0.0,0.0,0.038785656342978786,0.0,0.0,0.0,0.0,0.0,0.0,0.0391113848208474,0.0,0.0,0.0,0.0,0.03790460563414387,0.0,0.5372713548799972
2024-12-09,0.0,0.0,0.0,0.0,0.0,0.0,0.0,0.0,0.0,0.0,0.0,0.0,0.0,0.0,0.0,0.0,0.0,0.0,0.0,0.0,0.0,0.0,0.0,0.0,0.0,0.0,0.0,0.0,0.0,0.0,0.0,0.03895611056404911,0.0,0.0,0.06151230777145094,0.0,0.0,0.0,0.05094364171699363,0.0,0.0,0.0,0.0,0.0,0.0,0.0,0.0,0.0,0.037953380670175195,0.0,0.0,0.0,0.0,0.0,0.0,0.0,0.0,0.0,0.0,0.0,0.0,0.0,0.07794981325742538,0.0,0.0,0.0,0.0,0.0,0.0,0.039539274535945114,0.0,0.0,0.0,0.0,0.0,0.0,0.0,0.0,0.0,0.0,0.03941336012440165,0.0,0.0,0.0,0.0,0.0,0.0,0.0,0.0,0.0,0.0,0.0,0.0,0.0,0.0,0.0,0.03818385742396192,0.0,0.0,0.0,0.0,0.0,0.0,0.03871211858758613,0.0,0.0,0.0,0.0,0.03809486137668816,0.0,0.5387412739713228
2024-12-10,0.0,0.0,0.0,0.0,0.0,0.0,0.0,0.0,0.0,0.0,0.0,0.0,0.0,0.0,0.0,0.0,0.0,0.0,0.0,0.0,0.0,0.0,0.0,0.0,0.0,0.0,0.0,0.0,0.0,0.0,0.0,0.03818186191615297,0.0,0.0,0.06121689805574728,0.0,0.0,0.0,0.05267733201799933,0.0,0.0,0.0,0.0,0.0,0.0,0.0,0.0,0.0,0.03821897967278297,0.0,0.0,0.0,0.0,0.0,0.0,0.0,0.0,0.0,0.0,0.0,0.0,0.0,0.07858158592156798,0.0,0.0,0.0,0.0,0.0,0.0,0.03999920045404067,0.0,0.0,0.0,0.0,0.0,0.0,0.0,0.0,0.0,0.0,0.03996035532124974,0.0,0.0,0.0,0.0,0.0,0.0,0.0,0.0,0.0,0.0,0.0,0.0,0.0,0.0,0.0,0.03870157701234513,0.0,0.0,0.0,0.0,0.0,0.0,0.03935895063522296,0.0,0.0,0.0,0.0,0.03854878582678922,0.0,0.5345544731661017
2024-12-11,0.0,0.0,0.0,0.0,0.0,0.0,0.0,0.0,0.0,0.0,0.0,0.0,0.0,0.0,0.0,0.0,0.0,0.0,0.0,0.0,0.0,0.0,0.0,0.0,0.0,0.0,0.0,0.0,0.0,0.0,0.0,0.03799116527670339,0.0,0.0,0.06144464242042163,0.0,0.0,0.0,0.05290738027948937,0.0,0.0,0.0,0.0,0.0,0.0,0.0,0.0,0.0,0.038598000868172604,0.0,0.0,0.0,0.0,0.0,0.0,0.0,0.0,0.0,0.0,0.0,0.0,0.0,0.0796185235198115,0.0,0.0,0.0,0.0,0.0,0.0,0.04033312652257305,0.0,0.0,0.0,0.0,0.0,0.0,0.0,0.0,0.0,0.0,0.040100807702863256,0.0,0.0,0.0,0.0,0.0,0.0,0.0,0.0,0.0,0.0,0.0,0.0,0.0,0.0,0.0,0.039042510650920376,0.0,0.0,0.0,0.0,0.0,0.0,0.0400139928175701,0.0,0.0,0.0,0.0,0.03936909110761099,0.0,0.5305807588338637
2024-12-12,0.0,0.0,0.0,0.0,0.0,0.0,0.0,0.0,0.0,0.0,0.0,0.0,0.0,0.0,0.0,0.0,0.0,0.0,0.0,0.0,0.0,0.0,0.0,0.0,0.0,0.0,0.0,0.0,0.0,0.0,0.0,0.03676585760349959,0.0,0.0,0.0601244970915777,0.0,0.0,0.0,0.05015752945694094,0.0,0.0,0.0,0.0,0.0,0.0,0.0,0.0,0.0,0.038772350785106206,0.0,0.0,0.0,0.0,0.0,0.0,0.0,0.0,0.0,0.0,0.0,0.0,0.0,0.07753101306546588,0.0,0.0,0.0,0.0,0.0,0.0,0.03829886688766457,0.0,0.0,0.0,0.0,0.0,0.0,0.0,0.0,0.0,0.0,0.03934112271529376,0.0,0.0,0.0,0.0,0.0,0.0,0.0,0.0,0.0,0.0,0.0,0.0,0.0,0.0,0.0,0.03847575762809583,0.0,0.0,0.0,0.0,0.0,0.0,0.03994015689458923,0.0,0.0,0.0,0.0,0.039608788191407084,0.0,0.5409840596803592
2024-12-13,0.0,0.0,0.0,0.0,0.0,0.0,0.0,0.0,0.0,0.0,0.0,0.0,0.0,0.0,0.0,0.0,0.0,0.0,0.0,0.0,0.0,0.0,0.0,0.0,0.0,0.0,0.0,0.0,0.0,0.0,0.0,0.036258815094637534,0.0,0.0,0.05907448790162064,0.0,0.0,0.0,0.048991998744496223,0.0,0.0,0.0,0.0,0.0,0.0,0.0,0.0,0.0,0.03899416160582802,0.0,0.0,0.0,0.0,0.0,0.0,0.0,0.0,0.0,0.0,0.0,0.0,0.0,0.07712289116017886,0.0,0.0,0.0,0.0,0.0,0.0,0.03830352569754709,0.0,0.0,0.0,0.0,0.0,0.0,0.0,0.0,0.0,0.0,0.039165648634305744,0.0,0.0,0.0,0.0,0.0,0.0,0.0,0.0,0.0,0.0,0.0,0.0,0.0,0.0,0.0,0.03849367563777598,0.0,0.0,0.0,0.0,0.0,0.0,0.03925478987812889,0.0,0.0,0.0,0.0,0.03975758360846332,0.0,0.5445824220370177
2024-12-16,0.0,0.0,0.0,0.0,0.0,0.0,0.0,0.0,0.0,0.0,0.0,0.0,0.0,0.0,0.0,0.0,0.0,0.0,0.0,0.0,0.0,0.0,0.0,0.0,0.0,0.0,0.0,0.0,0.0,0.0,0.0,0.0364450766587416,0.0,0.0,0.05804085210817312,0.0,0.0,0.0,0.04802649674902861,0.0,0.0,0.0,0.0,0.0,0.0,0.0,0.0,0.0,0.038818201823928374,0.0,0.0,0.0,0.0,0.0,0.0,0.0,0.0,0.0,0.0,0.0,0.0,0.0,0.07625954393425957,0.0,0.0,0.0,0.0,0.0,0.0,0.03743053587023387,0.0,0.0,0.0,0.0,0.0,0.0,0.0,0.0,0.0,0.0,0.03881410496726278,0.0,0.0,0.0,0.0,0.0,0.0,0.0,0.0,0.0,0.0,0.0,0.0,0.0,0.0,0.0,0.03897904879369799,0.0,0.0,0.0,0.0,0.0,0.0,0.0384201408026667,0.0,0.0,0.0,0.0,0.03968553767280859,0.0,0.5490804606191987
2024-12-17,0.0,0.0,0.0,0.0,0.0,0.0,0.0,0.0,0.0,0.0,0.0,0.0,0.0,0.0,0.0,0.0,0.0,0.0,0.0,0.0,0.0,0.0,0.0,0.0,0.0,0.0,0.0,0.0,0.0,0.0,0.0,0.03584239809909441,0.0,0.0,0.05760711461070855,0.0,0.0,0.0,0.04811791662522728,0.0,0.0,0.0,0.0,0.0,0.0,0.0,0.0,0.0,0.039051501225511986,0.0,0.0,0.0,0.0,0.0,0.0,0.0,0.0,0.0,0.0,0.0,0.0,0.0,0.07686096588403463,0.0,0.0,0.0,0.0,0.0,0.0,0.037807856741405334,0.0,0.0,0.0,0.0,0.0,0.0,0.0,0.0,0.0,0.0,0.03850761445258083,0.0,0.0,0.0,0.0,0.0,0.0,0.0,0.0,0.0,0.0,0.0,0.0,0.0,0.0,0.0,0.03932380082138564,0.0,0.0,0.0,0.0,0.0,0.0,0.037696789153439596,0.0,0.0,0.0,0.0,0.040208516461881484,0.0,0.5489755259247303
2024-12-18,0.0,0.0,0.0,0.0,0.0,0.0,0.0,0.0,0.0,0.0,0.0,0.0,0.0,0.0,0.0,0.0,0.0,0.0,0.0,0.0,0.0,0.0,0.0,0.0,0.0,0.0,0.0,0.0,0.0,0.0,0.0,0.034638374202728084,0.0,0.0,0.055691024487355155,0.0,0.0,0.0,0.046951899530182674,0.0,0.0,0.0,0.0,0.0,0.0,0.0,0.0,0.0,0.03842516058527771,0.0,0.0,0.0,0.0,0.0,0.0,0.0,0.0,0.0,0.0,0.0,0.0,0.0,0.07674136269066227,0.0,0.0,0.0,0.0,0.0,0.0,0.03622434605218897,0.0,0.0,0.0,0.0,0.0,0.0,0.0,0.0,0.0,0.0,0.037252030385752324,0.0,0.0,0.0,0.0,0.0,0.0,0.0,0.0,0.0,0.0,0.0,0.0,0.0,0.0,0.0,0.03851109024759432,0.0,0.0,0.0,0.0,0.0,0.0,0.037511662063629506,0.0,0.0,0.0,0.0,0.0402378556186513,0.0,0.5578151941359777
2024-12-19,0.0,0.0,0.0,0.0,0.0,0.0,0.0,0.0,0.0,0.0,0.0,0.0,0.0,0.0,0.0,0.0,0.0,0.0,0.0,0.0,0.0,0.0,0.0,0.0,0.0,0.0,0.0,0.0,0.0,0.0,0.0,0.03510616159518707,0.0,0.0,0.05680541171984681,0.0,0.0,0.0,0.047420155344627395,0.0,0.0,0.0,0.0,0.0,0.0,0.0,0.0,0.0,0.03865023961633061,0.0,0.0,0.0,0.0,0.0,0.0,0.0,0.0,0.0,0.0,0.0,0.0,0.0,0.07739513380586119,0.0,0.0,0.0,0.0,0.0,0.0,0.036405404196568535,0.0,0.0,0.0,0.0,0.0,0.0,0.0,0.0,0.0,0.0,0.03680571195976926,0.0,0.0,0.0,0.0,0.0,0.0,0.0,0.0,0.0,0.0,0.0,0.0,0.0,0.0,0.0,0.03860574953147259,0.0,0.0,0.0,0.0,0.0,0.0,0.03751118193996004,0.0,0.0,0.0,0.0,0.03964882566437334,0.0,0.5556460246260032
2024-12-20,0.0,0.0,0.0,0.0,0.0,0.0,0.0,0.0,0.0,0.0,0.0,0.0,0.0,0.0,0.0,0.0,0.0,0.0,0.0,0.0,0.0,0.0,0.0,0.0,0.0,0.0,0.0,0.0,0.0,0.0,0.0,0.03563775021045885,0.0,0.0,0.05693594887589963,0.0,0.0,0.0,0.04908845548647089,0.0,0.0,0.0,0.0,0.0,0.0,0.0,0.0,0.0,0.03883674715333811,0.0,0.0,0.0,0.0,0.0,0.0,0.0,0.0,0.0,0.0,0.0,0.0,0.0,0.078618773978035,0.0,0.0,0.0,0.0,0.0,0.0,0.03774816616471785,0.0,0.0,0.0,0.0,0.0,0.0,0.0,0.0,0.0,0.0,0.03563898472174034,0.0,0.0,0.0,0.0,0.0,0.0,0.0,0.0,0.0,0.0,0.0,0.0,0.0,0.0,0.0,0.03939704014041652,0.0,0.0,0.0,0.0,0.0,0.0,0.037596411275632,0.0,0.0,0.0,0.0,0.03871428924346396,0.0,0.5517874327498269
2024-12-23,0.0,0.0,0.0,0.0,0.0,0.0,0.0,0.0,0.0,0.0,0.0,0.0,0.0,0.0,0.0,0.0,0.0,0.0,0.0,0.0,0.0,0.0,0.0,0.0,0.0,0.0,0.0,0.0,0.0,0.0,0.0,0.03434296904808358,0.0,0.0,0.05651411026197355,0.0,0.0,0.0,0.04827416461470954,0.0,0.0,0.0,0.0,0.0,0.0,0.0,0.0,0.0,0.03836833126658623,0.0,0.0,0.0,0.0,0.0,0.0,0.0,0.0,0.0,0.0,0.0,0.0,0.0,0.07787486663146066,0.0,0.0,0.0,0.0,0.0,0.0,0.037086203952004335,0.0,0.0,0.0,0.0,0.0,0.0,0.0,0.0,0.0,0.0,0.034691076399901224,0.0,0.0,0.0,0.0,0.0,0.0,0.0,0.0,0.0,0.0,0.0,0.0,0.0,0.0,0.0,0.039017949530304935,0.0,0.0,0.0,0.0,0.0,0.0,0.038381166182458896,0.0,0.0,0.0,0.0,0.03821860569114795,0.0,0.5572305564213691
2024-12-26,0.0,0.0,0.0,0.0,0.0,0.0,0.0,0.0,0.0,0.0,0.0,0.0,0.0,0.0,0.0,0.0,0.0,0.0,0.0,0.0,0.0,0.0,0.0,0.0,0.0,0.0,0.0,0.0,0.0,0.0,0.0,0.03391559040336854,0.0,0.0,0.05639867361282813,0.0,0.0,0.0,0.04792660533917276,0.0,0.0,0.0,0.0,0.0,0.0,0.0,0.0,0.0,0.038506481030316855,0.0,0.0,0.0,0.0,0.0,0.0,0.0,0.0,0.0,0.0,0.0,0.0,0.0,0.07829813001111265,0.0,0.0,0.0,0.0,0.0,0.0,0.03722713557240832,0.0,0.0,0.0,0.0,0.0,0.0,0.0,0.0,0.0,0.0,0.034648519707638485,0.0,0.0,0.0,0.0,0.0,0.0,0.0,0.0,0.0,0.0,0.0,0.0,0.0,0.0,0.0,0.03864868165176371,0.0,0.0,0.0,0.0,0.0,0.0,0.038345989983144216,0.0,0.0,0.0,0.0,0.03852006678479016,0.0,0.5575641259034562
2024-12-27,0.0,0.0,0.0,0.0,0.0,0.0,0.0,0.0,0.0,0.0,0.0,0.0,0.0,0.0,0.0,0.0,0.0,0.0,0.0,0.0,0.0,0.0,0.0,0.0,0.0,0.0,0.0,0.0,0.0,0.0,0.0,0.03363237354076129,0.0,0.0,0.05564521277105556,0.0,0.0,0.0,0.047712020944308944,0.0,0.0,0.0,0.0,0.0,0.0,0.0,0.0,0.0,0.03907464339562293,0.0,0.0,0.0,0.0,0.0,0.0,0.0,0.0,0.0,0.0,0.0,0.0,0.0,0.07849408426313405,0.0,0.0,0.0,0.0,0.0,0.0,0.0369075688231454,0.0,0.0,0.0,0.0,0.0,0.0,0.0,0.0,0.0,0.0,0.03512708990329928,0.0,0.0,0.0,0.0,0.0,0.0,0.0,0.0,0.0,0.0,0.0,0.0,0.0,0.0,0.0,0.03829170536811964,0.0,0.0,0.0,0.0,0.0,0.0,0.03860523014946041,0.0,0.0,0.0,0.0,0.03788423529375962,0.0,0.5586258355473328
2024-12-30,0.0,0.0,0.0,0.0,0.0,0.0,0.0,0.0,0.0,0.0,0.0,0.0,0.0,0.0,0.0,0.0,0.0,0.0,0.0,0.0,0.0,0.0,0.0,0.0,0.0,0.0,0.0,0.0,0.0,0.0,0.0,0.034684354860660044,0.0,0.0,0.054143547202914644,0.0,0.0,0.0,0.047335395907446676,0.0,0.0,0.0,0.0,0.0,0.0,0.0,0.0,0.0,0.03900303649588896,0.0,0.0,0.0,0.0,0.0,0.0,0.0,0.0,0.0,0.0,0.0,0.0,0.0,0.07703922666874215,0.0,0.0,0.0,0.0,0.0,0.0,0.036763386625319874,0.0,0.0,0.0,0.0,0.0,0.0,0.0,0.0,0.0,0.0,0.03521664795601172,0.0,0.0,0.0,0.0,0.0,0.0,0.0,0.0,0.0,0.0,0.0,0.0,0.0,0.0,0.0,0.0391420678528768,0.0,0.0,0.0,0.0,0.0,0.0,0.039030406328429836,0.0,0.0,0.0,0.0,0.037336957952342514,0.0,0.5603049721493667
2025-01-03,0.0,0.0,0.0,0.0,0.0,0.0,0.0,0.0,0.0,0.0,0.0,0.0,0.0,0.0,0.0,0.0,0.0,0.0,0.0,0.0,0.0,0.0,0.0,0.0,0.0,0.0,0.0,0.0,0.0,0.0,0.0,0.035339724110810135,0.0,0.0,0.05385897631477272,0.0,0.0,0.0,0.04749645511997114,0.0,0.0,0.0,0.0,0.0,0.0,0.0,0.0,0.0,0.039032624257031835,0.0,0.0,0.0,0.0,0.0,0.0,0.0,0.0,0.0,0.0,0.0,0.0,0.0,0.07556811684827615,0.0,0.0,0.0,0.0,0.0,0.0,0.036762329805429574,0.0,0.0,0.0,0.0,0.0,0.0,0.0,0.0,0.0,0.0,0.03398300090594018,0.0,0.0,0.0,0.0,0.0,0.0,0.0,0.0,0.0,0.0,0.0,0.0,0.0,0.0,0.0,0.03846756391268906,0.0,0.0,0.0,0.0,0.0,0.0,0.038389846322084885,0.0,0.0,0.0,0.0,0.03736345021922607,0.0,0.5637379121837683
2025-01-06,0.0,0.0,0.0,0.0,0.0,0.0,0.0,0.0,0.0,0.0,0.0,0.0,0.0,0.0,0.0,0.0,0.0,0.0,0.0,0.0,0.0,0.0,0.0,0.0,0.0,0.0,0.0,0.0,0.0,0.0,0.0,0.03510984232491424,0.0,0.0,0.055271632115882756,0.0,0.0,0.0,0.0477659015268075,0.0,0.0,0.0,0.0,0.0,0.0,0.0,0.0,0.0,0.03919734122914874,0.0,0.0,0.0,0.0,0.0,0.0,0.0,0.0,0.0,0.0,0.0,0.0,0.0,0.07573582255342033,0.0,0.0,0.0,0.0,0.0,0.0,0.03711284230872215,0.0,0.0,0.0,0.0,0.0,0.0,0.0,0.0,0.0,0.0,0.034267225742131105,0.0,0.0,0.0,0.0,0.0,0.0,0.0,0.0,0.0,0.0,0.0,0.0,0.0,0.0,0.0,0.039030468560635516,0.0,0.0,0.0,0.0,0.0,0.0,0.039055691902250916,0.0,0.0,0.0,0.0,0.03712747986529307,0.0,0.5603257518707937
2025-01-07,0.0,0.0,0.0,0.0,0.0,0.0,0.0,0.0,0.0,0.0,0.0,0.0,0.0,0.0,0.0,0.0,0.0,0.0,0.0,0.0,0.0,0.0,0.0,0.0,0.0,0.0,0.0,0.0,0.0,0.0,0.0,0.03505703943259171,0.0,0.0,0.05532916199084456,0.0,0.0,0.0,0.047565324481566064,0.0,0.0,0.0,0.0,0.0,0.0,0.0,0.0,0.0,0.03944251714511309,0.0,0.0,0.0,0.0,0.0,0.0,0.0,0.0,0.0,0.0,0.0,0.0,0.0,0.07621593485234061,0.0,0.0,0.0,0.0,0.0,0.0,0.03729699240672845,0.0,0.0,0.0,0.0,0.0,0.0,0.0,0.0,0.0,0.0,0.035202899980375,0.0,0.0,0.0,0.0,0.0,0.0,0.0,0.0,0.0,0.0,0.0,0.0,0.0,0.0,0.0,0.03893555508387954,0.0,0.0,0.0,0.0,0.0,0.0,0.03855037069025838,0.0,0.0,0.0,0.0,0.03774091963851709,0.0,0.5586632842977856
2025-01-08,0.0,0.0,0.0,0.0,0.0,0.0,0.0,0.0,0.0,0.0,0.0,0.0,0.0,0.0,0.0,0.0,0.0,0.0,0.0,0.0,0.0,0.0,0.0,0.0,0.0,0.0,0.0,0.0,0.0,0.0,0.0,0.036470061398445656,0.0,0.0,0.055115582626871815,0.0,0.0,0.0,0.04543429653793444,0.0,0.0,0.0,0.0,0.0,0.0,0.0,0.0,0.0,0.03945303979548411,0.0,0.0,0.0,0.0,0.0,0.0,0.0,0.0,0.0,0.0,0.0,0.0,0.0,0.0754488999006513,0.0,0.0,0.0,0.0,0.0,0.0,0.036201699424750614,0.0,0.0,0.0,0.0,0.0,0.0,0.0,0.0,0.0,0.0,0.03427813905273608,0.0,0.0,0.0,0.0,0.0,0.0,0.0,0.0,0.0,0.0,0.0,0.0,0.0,0.0,0.0,0.03959950601677236,0.0,0.0,0.0,0.0,0.0,0.0,0.03851766683451636,0.0,0.0,0.0,0.0,0.03771363862195669,0.0,0.5617674697898806
2025-01-09,0.0,0.0,0.0,0.0,0.0,0.0,0.0,0.0,0.0,0.0,0.0,0.0,0.0,0.0,0.0,0.0,0.0,0.0,0.0,0.0,0.0,0.0,0.0,0.0,0.0,0.0,0.0,0.0,0.0,0.0,0.0,0.0,0.0,0.0,0.0,0.0,0.0,0.0,0.0,0.0,0.0,0.0,0.0,0.0,0.0,0.0,0.0,0.0,0.0,0.0,0.0,0.0,0.0,0.0,0.0,0.0,0.0,0.0,0.0,0.0,0.0,0.0,0.0,0.0,0.0,0.0,0.0,0.0,0.0,0.0,0.0,0.0,0.0,0.0,0.0,0.0,0.0,0.0,0.0,0.0,0.0,0.0,0.0,0.0,0.0,0.0,0.0,0.0,0.0,0.0,0.0,0.0,0.0,0.0,0.0,0.0,0.0,0.0,0.0,0.0,0.0,0.0,0.0,0.0,0.0,0.0,0.0,0.0,0.0,0.0,0.5563256225833694
2025-01-10,0.0,0.0,0.0,0.0,0.0,0.0,0.0,0.0,0.0,0.0,0.0,0.0,0.0,0.0,0.0,0.0,0.0,0.0,0.0,0.0,0.0,0.0,0.0,0.0,0.0,0.0,0.0,0.0,0.0,0.0,0.0,0.0,0.0,0.0,0.0,0.0,0.0,0.0,0.0,0.0,0.0,0.0,0.0,0.0,0.0,0.0,0.0,0.0,0.0,0.0,0.0,0.0,0.0,0.0,0.0,0.0,0.0,0.0,0.0,0.0,0.0,0.0,0.0,0.0,0.0,0.0,0.0,0.0,0.0,0.0,0.0,0.0,0.0,0.0,0.0,0.0,0.0,0.0,0.0,0.0,0.0,0.0,0.0,0.0,0.0,0.0,0.0,0.0,0.0,0.0,0.0,0.0,0.0,0.0,0.0,0.0,0.0,0.0,0.0,0.0,0.0,0.0,0.0,0.0,0.0,0.0,0.0,0.0,0.0,0.0,0.5564379327119855
2025-01-13,0.0,0.0,0.0,0.0,0.0,0.0,0.0,0.0,0.0,0.0,0.0,0.0,0.0,0.0,0.0,0.0,0.0,0.0,0.0,0.0,0.0,0.0,0.0,0.0,0.0,0.0,0.0,0.0,0.0,0.0,0.0,0.0,0.0,0.0,0.0,0.0,0.0,0.0,0.0,0.0,0.0,0.0,0.0,0.0,0.0,0.0,0.0,0.0,0.0,0.0,0.0,0.0,0.0,0.0,0.0,0.0,0.0,0.0,0.0,0.0,0.0,0.0,0.0,0.0,0.0,0.0,0.0,0.0,0.0,0.0,0.0,0.0,0.0,0.0,0.0,0.0,0.0,0.0,0.0,0.0,0.0,0.0,0.0,0.0,0.0,0.0,0.0,0.0,0.0,0.0,0.0,0.0,0.0,0.0,0.0,0.0,0.0,0.0,0.0,0.0,0.0,0.0,0.0,0.0,0.0,0.0,0.0,0.0,0.0,0.0,1.0
2025-01-14,0.0,0.0,0.0,0.0,0.0,0.0,0.0,0.0,0.0,0.0,0.0,0.0,0.0,0.0,0.0,0.0,0.0,0.0,0.0,0.0,0.0,0.0,0.0,0.0,0.0,0.0,0.0,0.0,0.0,0.0,0.0,0.0,0.0,0.0,0.0,0.0,0.0,0.0,0.0,0.0,0.0,0.0,0.0,0.0,0.0,0.0,0.0,0.0,0.0,0.0,0.0,0.0,0.0,0.0,0.0,0.0,0.0,0.0,0.0,0.0,0.0,0.0,0.0,0.0,0.0,0.0,0.0,0.0,0.0,0.0,0.0,0.0,0.0,0.0,0.0,0.0,0.0,0.0,0.0,0.0,0.0,0.0,0.0,0.0,0.0,0.0,0.0,0.0,0.0,0.0,0.0,0.0,0.0,0.0,0.0,0.0,0.0,0.0,0.0,0.0,0.0,0.0,0.0,0.0,0.0,0.0,0.0,0.0,0.0,0.0,1.0
2025-01-15,0.0,0.0,0.0,0.0,0.0,0.0,0.0,0.0,0.0,0.0,0.0,0.0,0.0,0.0,0.0,0.0,0.0,0.0,0.0,0.0,0.0,0.0,0.0,0.0,0.0,0.0,0.0,0.0,0.0,0.0,0.0,0.0,0.0,0.0,0.0,0.0,0.0,0.0,0.0,0.0,0.0,0.0,0.0,0.0,0.0,0.0,0.0,0.0,0.0,0.0,0.0,0.0,0.0,0.0,0.0,0.0,0.0,0.0,0.0,0.0,0.0,0.0,0.0,0.0,0.0,0.0,0.0,0.0,0.0,0.0,0.0,0.0,0.0,0.0,0.0,0.0,0.0,0.0,0.0,0.0,0.0,0.0,0.0,0.0,0.0,0.0,0.0,0.0,0.0,0.0,0.0,0.0,0.0,0.0,0.0,0.0,0.0,0.0,0.0,0.0,0.0,0.0,0.0,0.0,0.0,0.0,0.0,0.0,0.0,0.0,1.0
2025-01-16,0.0,0.0,0.0,0.0,0.0,0.0,0.0,0.0,0.0,0.0,0.0,0.0,0.0,0.0,0.0,0.0,0.0,0.0,0.0,0.0,0.0,0.0,0.0,0.0,0.0,0.0,0.0,0.0,0.0,0.0,0.0,0.0,0.0,0.0,0.0,0.0,0.0,0.0,0.0,0.0,0.0,0.0,0.0,0.0,0.0,0.0,0.0,0.0,0.0,0.0,0.0,0.0,0.0,0.0,0.0,0.0,0.0,0.0,0.0,0.0,0.0,0.0,0.0,0.0,0.0,0.0,0.0,0.0,0.0,0.0,0.0,0.0,0.0,0.0,0.0,0.0,0.0,0.0,0.0,0.0,0.0,0.0,0.0,0.0,0.0,0.0,0.0,0.0,0.0,0.0,0.0,0.0,0.0,0.0,0.0,0.0,0.0,0.0,0.0,0.0,0.0,0.0,0.0,0.0,0.0,0.0,0.0,0.0,0.0,0.0,1.0
2025-01-17,0.0,0.0,0.0,0.0,0.0,0.0,0.0,0.0,0.0,0.0,0.0,0.0,0.0,0.0,0.0,0.0,0.0,0.0,0.0,0.0,0.0,0.0,0.0,0.0,0.0,0.0,0.0,0.0,0.0,0.0,0.0,0.0,0.0,0.0,0.0,0.0,0.0,0.0,0.0,0.0,0.0,0.0,0.0,0.0,0.0,0.0,0.0,0.0,0.0,0.0,0.0,0.0,0.0,0.0,0.0,0.0,0.0,0.0,0.0,0.0,0.0,0.0,0.0,0.0,0.0,0.0,0.0,0.0,0.0,0.0,0.0,0.0,0.0,0.0,0.0,0.0,0.0,0.0,0.0,0.0,0.0,0.0,0.0,0.0,0.0,0.0,0.0,0.0,0.0,0.0,0.0,0.0,0.0,0.0,0.0,0.0,0.0,0.0,0.0,0.0,0.0,0.0,0.0,0.0,0.0,0.0,0.0,0.0,0.0,0.0,1.0
2025-01-20,0.0,0.0,0.0,0.0,0.0,0.0,0.0,0.0,0.0,0.0,0.0,0.0,0.0,0.0,0.0,0.0,0.0,0.0,0.0,0.0,0.0,0.0,0.0,0.0,0.0,0.0,0.0,0.0,0.0,0.0,0.0,0.0,0.0,0.0,0.0,0.0,0.0,0.0,0.0,0.0,0.0,0.0,0.0,0.0,0.0,0.0,0.0,0.0,0.0,0.0,0.0,0.0,0.0,0.0,0.0,0.0,0.0,0.0,0.0,0.0,0.0,0.0,0.0,0.0,0.0,0.0,0.0,0.0,0.0,0.0,0.0,0.0,0.0,0.0,0.0,0.0,0.0,0.0,0.0,0.0,0.0,0.0,0.0,0.0,0.0,0.0,0.0,0.0,0.0,0.0,0.0,0.0,0.0,0.0,0.0,0.0,0.0,0.0,0.0,0.0,0.0,0.0,0.0,0.0,0.0,0.0,0.0,0.0,0.0,0.0,1.0
2025-01-21,0.0,0.0,0.0,0.0,0.0,0.0,0.0,0.0,0.0,0.0,0.0,0.0,0.0,0.0,0.0,0.0,0.0,0.0,0.0,0.0,0.0,0.0,0.0,0.0,0.0,0.0,0.0,0.0,0.0,0.0,0.0,0.0,0.0,0.0,0.0,0.0,0.0,0.0,0.0,0.0,0.0,0.0,0.0,0.0,0.0,0.0,0.0,0.0,0.0,0.0,0.0,0.0,0.0,0.0,0.0,0.0,0.0,0.0,0.0,0.0,0.0,0.0,0.0,0.0,0.0,0.0,0.0,0.0,0.0,0.0,0.0,0.0,0.0,0.0,0.0,0.0,0.0,0.0,0.0,0.0,0.0,0.0,0.0,0.0,0.0,0.0,0.0,0.0,0.0,0.0,0.0,0.0,0.0,0.0,0.0,0.0,0.0,0.0,0.0,0.0,0.0,0.0,0.0,0.0,0.0,0.0,0.0,0.0,0.0,0.0,1.0
2025-01-22,0.0,0.0,0.0,0.0,0.0,0.0,0.0,0.0,0.0,0.0,0.0,0.0,0.0,0.0,0.0,0.0,0.0,0.0,0.0,0.0,0.0,0.0,0.0,0.0,0.0,0.0,0.0,0.0,0.0,0.0,0.0,0.0,0.0,0.0,0.0,0.0,0.0,0.0,0.0,0.0,0.0,0.0,0.0,0.0,0.0,0.0,0.0,0.0,0.0,0.0,0.0,0.0,0.0,0.0,0.0,0.0,0.0,0.0,0.0,0.0,0.0,0.0,0.0,0.0,0.0,0.0,0.0,0.0,0.0,0.0,0.0,0.0,0.0,0.0,0.0,0.0,0.0,0.0,0.0,0.0,0.0,0.0,0.0,0.0,0.0,0.0,0.0,0.0,0.0,0.0,0.0,0.0,0.0,0.0,0.0,0.0,0.0,0.0,0.0,0.0,0.0,0.0,0.0,0.0,0.0,0.0,0.0,0.0,0.0,0.0,1.0
2025-01-23,0.0,0.0,0.0,0.0,0.0,0.0,0.0,0.0,0.0,0.0,0.0,0.0,0.0,0.0,0.0,0.0,0.0,0.0,0.0,0.0,0.0,0.0,0.0,0.0,0.0,0.0,0.0,0.0,0.0,0.0,0.0,0.0,0.0,0.0,0.0,0.0,0.0,0.0,0.0,0.0,0.0,0.0,0.0,0.0,0.0,0.0,0.0,0.0,0.0,0.0,0.0,0.0,0.0,0.0,0.0,0.0,0.0,0.0,0.0,0.0,0.0,0.0,0.0,0.0,0.0,0.0,0.0,0.0,0.0,0.0,0.0,0.0,0.0,0.0,0.0,0.0,0.0,0.0,0.0,0.0,0.0,0.0,0.0,0.0,0.0,0.0,0.0,0.0,0.0,0.0,0.0,0.0,0.0,0.0,0.0,0.0,0.0,0.0,0.0,0.0,0.0,0.0,0.0,0.0,0.0,0.0,0.0,0.0,0.0,0.0,1.0
2025-01-24,0.0,0.0,0.0,0.0,0.0,0.0,0.0,0.0,0.0,0.0,0.0,0.0,0.0,0.0,0.0,0.0,0.0,0.0,0.0,0.0,0.0,0.0,0.0,0.0,0.0,0.0,0.0,0.0,0.0,0.0,0.0,0.0,0.0,0.0,0.0,0.0,0.0,0.0,0.0,0.0,0.0,0.0,0.0,0.0,0.0,0.0,0.0,0.0,0.0,0.0,0.0,0.0,0.0,0.0,0.0,0.0,0.0,0.0,0.0,0.0,0.0,0.0,0.0,0.0,0.0,0.0,0.0,0.0,0.0,0.0,0.0,0.0,0.0,0.0,0.0,0.0,0.0,0.0,0.0,0.0,0.0,0.0,0.0,0.0,0.0,0.0,0.0,0.0,0.0,0.0,0.0,0.0,0.0,0.0,0.0,0.0,0.0,0.0,0.0,0.0,0.0,0.0,0.0,0.0,0.0,0.0,0.0,0.0,0.0,0.0,1.0
2025-01-27,0.0,0.0,0.0,0.0,0.0,0.0,0.0,0.0,0.0,0.0,0.0,0.0,0.0,0.0,0.0,0.0,0.0,0.0,0.0,0.0,0.0,0.0,0.0,0.0,0.0,0.0,0.0,0.0,0.0,0.0,0.0,0.0,0.0,0.0,0.0,0.0,0.0,0.0,0.0,0.0,0.0,0.0,0.0,0.0,0.0,0.0,0.0,0.0,0.0,0.0,0.0,0.0,0.0,0.0,0.0,0.0,0.0,0.0,0.0,0.0,0.0,0.0,0.0,0.0,0.0,0.0,0.0,0.0,0.0,0.0,0.0,0.0,0.0,0.0,0.0,0.0,0.0,0.0,0.0,0.0,0.0,0.0,0.0,0.0,0.0,0.0,0.0,0.0,0.0,0.0,0.0,0.0,0.0,0.0,0.0,0.0,0.0,0.0,0.0,0.0,0.0,0.0,0.0,0.0,0.0,0.0,0.0,0.0,0.0,0.0,1.0
2025-01-28,0.0,0.0,0.0,0.0,0.0,0.0,0.0,0.0,0.0,0.0,0.0,0.0,0.0,0.0,0.0,0.0,0.0,0.0,0.0,0.0,0.0,0.0,0.0,0.0,0.0,0.0,0.0,0.0,0.0,0.0,0.0,0.0,0.0,0.0,0.0,0.0,0.0,0.0,0.0,0.0,0.0,0.0,0.0,0.0,0.0,0.0,0.0,0.0,0.0,0.0,0.0,0.0,0.0,0.0,0.0,0.0,0.0,0.0,0.0,0.0,0.0,0.0,0.0,0.0,0.0,0.0,0.0,0.0,0.0,0.0,0.0,0.0,0.0,0.0,0.0,0.0,0.0,0.0,0.0,0.0,0.0,0.0,0.0,0.0,0.0,0.0,0.0,0.0,0.0,0.0,0.0,0.0,0.0,0.0,0.0,0.0,0.0,0.0,0.0,0.0,0.0,0.0,0.0,0.0,0.0,0.0,0.0,0.0,0.0,0.0,1.0
2025-01-29,0.0,0.0,0.0,0.0,0.0,0.0,0.0,0.0,0.0,0.0,0.0,0.0,0.0,0.0,0.0,0.0,0.0,0.0,0.0,0.0,0.0,0.0,0.0,0.0,0.0,0.0,0.0,0.0,0.0,0.0,0.0,0.0,0.0,0.0,0.0,0.0,0.0,0.0,0.0,0.0,0.0,0.0,0.0,0.0,0.0,0.0,0.0,0.0,0.0,0.0,0.0,0.0,0.0,0.0,0.0,0.0,0.0,0.0,0.0,0.0,0.0,0.0,0.0,0.0,0.0,0.0,0.0,0.0,0.0,0.0,0.0,0.0,0.0,0.0,0.0,0.0,0.0,0.0,0.0,0.0,0.0,0.0,0.0,0.0,0.0,0.0,0.0,0.0,0.0,0.0,0.0,0.0,0.0,0.0,0.0,0.0,0.0,0.0,0.0,0.0,0.0,0.0,0.0,0.0,0.0,0.0,0.0,0.0,0.0,0.0,1.0
2025-01-30,0.0,0.0,0.0,0.0,0.0,0.0,0.0,0.0,0.0,0.0,0.0,0.0,0.0,0.0,0.0,0.0,0.0,0.0,0.0,0.0,0.0,0.0,0.0,0.0,0.0,0.0,0.0,0.0,0.0,0.0,0.0,0.0,0.0,0.0,0.0,0.0,0.0,0.0,0.0,0.0,0.0,0.0,0.0,0.0,0.0,0.0,0.0,0.0,0.0,0.0,0.0,0.0,0.0,0.0,0.0,0.0,0.0,0.0,0.0,0.0,0.0,0.0,0.0,0.0,0.0,0.0,0.0,0.0,0.0,0.0,0.0,0.0,0.0,0.0,0.0,0.0,0.0,0.0,0.0,0.0,0.0,0.0,0.0,0.0,0.0,0.0,0.0,0.0,0.0,0.0,0.0,0.0,0.0,0.0,0.0,0.0,0.0,0.0,0.0,0.0,0.0,0.0,0.0,0.0,0.0,0.0,0.0,0.0,0.0,0.0,1.0
2025-01-31,0.0,0.0,0.0,0.0,0.0,0.0,0.0,0.0,0.0,0.0,0.0,0.0,0.0,0.0,0.0,0.0,0.0,0.0,0.0,0.0,0.0,0.0,0.0,0.0,0.0,0.0,0.0,0.0,0.0,0.0,0.0,0.0,0.0,0.0,0.0,0.0,0.0,0.0,0.0,0.0,0.0,0.0,0.0,0.0,0.0,0.0,0.0,0.0,0.0,0.0,0.0,0.0,0.0,0.0,0.0,0.0,0.0,0.0,0.0,0.0,0.0,0.0,0.0,0.0,0.0,0.0,0.0,0.0,0.0,0.0,0.0,0.0,0.0,0.0,0.0,0.0,0.0,0.0,0.0,0.0,0.0,0.0,0.0,0.0,0.0,0.0,0.0,0.0,0.0,0.0,0.0,0.0,0.0,0.0,0.0,0.0,0.0,0.0,0.0,0.0,0.0,0.0,0.0,0.0,0.0,0.0,0.0,0.0,0.0,0.0,1.0
2025-02-03,0.0,0.0,0.0,0.0,0.0,0.0,0.0,0.0,0.0,0.0,0.0,0.0,0.0,0.0,0.0,0.0,0.0,0.0,0.0,0.0,0.0,0.0,0.0,0.0,0.0,0.0,0.0,0.0,0.0,0.0,0.0,0.0,0.0,0.0,0.0,0.0,0.0,0.0,0.0,0.0,0.0,0.0,0.0,0.0,0.0,0.0,0.0,0.0,0.0,0.0,0.0,0.0,0.0,0.0,0.0,0.0,0.0,0.0,0.0,0.0,0.0,0.0,0.0,0.0,0.0,0.0,0.0,0.0,0.0,0.0,0.0,0.0,0.0,0.0,0.0,0.0,0.0,0.0,0.0,0.0,0.0,0.0,0.0,0.0,0.0,0.0,0.0,0.0,0.0,0.0,0.0,0.0,0.0,0.0,0.0,0.0,0.0,0.0,0.0,0.0,0.0,0.0,0.0,0.0,0.0,0.0,0.0,0.0,0.0,0.0,1.0
2025-02-04,0.0,0.0,0.0,0.0,0.0,0.0,0.0,0.0,0.0,0.0,0.0,0.0,0.0,0.0,0.0,0.0,0.0,0.0,0.0,0.0,0.0,0.0,0.0,0.0,0.0,0.0,0.0,0.0,0.0,0.0,0.0,0.0,0.0,0.0,0.0,0.0,0.0,0.0,0.0,0.0,0.0,0.0,0.0,0.0,0.0,0.0,0.0,0.0,0.0,0.0,0.0,0.0,0.0,0.0,0.0,0.0,0.0,0.0,0.0,0.0,0.0,0.0,0.0,0.0,0.0,0.0,0.0,0.0,0.0,0.0,0.0,0.0,0.0,0.0,0.0,0.0,0.0,0.0,0.0,0.0,0.0,0.0,0.0,0.0,0.0,0.0,0.0,0.0,0.0,0.0,0.0,0.0,0.0,0.0,0.0,0.0,0.0,0.0,0.0,0.0,0.0,0.0,0.0,0.0,0.0,0.0,0.0,0.0,0.0,0.0,1.0
2025-02-05,0.0,0.0,0.0,0.0,0.0,0.0,0.0,0.0,0.0,0.0,0.0,0.0,0.0,0.0,0.0,0.0,0.0,0.0,0.0,0.0,0.0,0.0,0.0,0.0,0.0,0.0,0.0,0.0,0.0,0.0,0.0,0.0,0.0,0.0,0.0,0.0,0.0,0.0,0.0,0.0,0.0,0.0,0.0,0.0,0.0,0.0,0.0,0.0,0.0,0.0,0.0,0.0,0.0,0.0,0.0,0.0,0.0,0.0,0.0,0.0,0.0,0.0,0.0,0.0,0.0,0.0,0.0,0.0,0.0,0.0,0.0,0.0,0.0,0.0,0.0,0.0,0.0,0.0,0.0,0.0,0.0,0.0,0.0,0.0,0.0,0.0,0.0,0.0,0.0,0.0,0.0,0.0,0.0,0.0,0.0,0.0,0.0,0.0,0.0,0.0,0.0,0.0,0.0,0.0,0.0,0.0,0.0,0.0,0.0,0.0,1.0
2025-02-06,0.0,0.0,0.0,0.0,0.0,0.0,0.0,0.0,0.0,0.0,0.0,0.0,0.0,0.0,0.0,0.0,0.0,0.0,0.0,0.0,0.0,0.0,0.0,0.0,0.0,0.0,0.0,0.0,0.0,0.0,0.0,0.0,0.0,0.0,0.0,0.0,0.0,0.0,0.0,0.0,0.0,0.0,0.0,0.0,0.0,0.0,0.0,0.0,0.0,0.0,0.0,0.0,0.0,0.0,0.0,0.0,0.0,0.0,0.0,0.0,0.0,0.0,0.0,0.0,0.0,0.0,0.0,0.0,0.0,0.0,0.0,0.0,0.0,0.0,0.0,0.0,0.0,0.0,0.0,0.0,0.0,0.0,0.0,0.0,0.0,0.0,0.0,0.0,0.0,0.0,0.0,0.0,0.0,0.0,0.0,0.0,0.0,0.0,0.0,0.0,0.0,0.0,0.0,0.0,0.0,0.0,0.0,0.0,0.0,0.0,1.0
2025-02-07,0.0,0.0,0.0,0.0,0.0,0.0,0.0,0.0,0.0,0.0,0.0,0.0,0.0,0.0,0.0,0.0,0.0,0.0,0.0,0.0,0.0,0.0,0.0,0.0,0.0,0.0,0.0,0.0,0.0,0.0,0.0,0.0,0.0,0.0,0.0,0.0,0.0,0.0,0.0,0.0,0.0,0.0,0.0,0.0,0.0,0.0,0.0,0.0,0.0,0.0,0.0,0.0,0.0,0.0,0.0,0.0,0.0,0.0,0.0,0.0,0.0,0.0,0.0,0.0,0.0,0.0,0.0,0.0,0.0,0.0,0.0,0.0,0.0,0.0,0.0,0.0,0.0,0.0,0.0,0.0,0.0,0.0,0.0,0.0,0.0,0.0,0.0,0.0,0.0,0.0,0.0,0.0,0.0,0.0,0.0,0.0,0.0,0.0,0.0,0.0,0.0,0.0,0.0,0.0,0.0,0.0,0.0,0.0,0.0,0.0,1.0
2025-02-10,0.0,0.0,0.0,0.0,0.0,0.0,0.0,0.0,0.0,0.0,0.0,0.0,0.0,0.0,0.0,0.0,0.0,0.0,0.0,0.0,0.0,0.0,0.0,0.0,0.0,0.0,0.0,0.0,0.0,0.0,0.0,0.0,0.0,0.0,0.0,0.0,0.0,0.0,0.0,0.0,0.0,0.0,0.0,0.0,0.0,0.0,0.0,0.0,0.0,0.0,0.0,0.0,0.0,0.0,0.0,0.0,0.0,0.0,0.0,0.0,0.0,0.0,0.0,0.0,0.0,0.0,0.0,0.0,0.0,0.0,0.0,0.0,0.0,0.0,0.0,0.0,0.0,0.0,0.0,0.0,0.0,0.0,0.0,0.0,0.0,0.0,0.0,0.0,0.0,0.0,0.0,0.0,0.0,0.0,0.0,0.0,0.0,0.0,0.0,0.0,0.0,0.0,0.0,0.0,0.0,0.0,0.0,0.0,0.0,0.0,1.0
2025-02-11,0.0,0.0,0.0,0.0,0.0,0.0,0.0,0.0,0.0,0.0,0.0,0.0,0.0,0.0,0.0,0.0,0.0,0.0,0.0,0.0,0.0,0.0,0.0,0.0,0.0,0.0,0.0,0.0,0.0,0.0,0.0,0.0,0.0,0.0,0.0,0.0,0.0,0.0,0.0,0.0,0.0,0.0,0.0,0.0,0.0,0.0,0.0,0.0,0.0,0.0,0.0,0.0,0.0,0.0,0.0,0.0,0.0,0.0,0.0,0.0,0.0,0.0,0.0,0.0,0.0,0.0,0.0,0.0,0.0,0.0,0.0,0.0,0.0,0.0,0.0,0.0,0.0,0.0,0.0,0.0,0.0,0.0,0.0,0.0,0.0,0.0,0.0,0.0,0.0,0.0,0.0,0.0,0.0,0.0,0.0,0.0,0.0,0.0,0.0,0.0,0.0,0.0,0.0,0.0,0.0,0.0,0.0,0.0,0.0,0.0,1.0
2025-02-12,0.0,0.0,0.0,0.0,0.0,0.0,0.0,0.0,0.0,0.0,0.0,0.0,0.0,0.0,0.0,0.0,0.0,0.0,0.0,0.0,0.0,0.0,0.0,0.0,0.0,0.0,0.0,0.0,0.0,0.0,0.0,0.0,0.0,0.0,0.0,0.0,0.0,0.0,0.0,0.0,0.0,0.0,0.0,0.0,0.0,0.0,0.0,0.0,0.0,0.0,0.0,0.0,0.0,0.0,0.0,0.0,0.0,0.0,0.0,0.0,0.0,0.0,0.0,0.0,0.0,0.0,0.0,0.0,0.0,0.0,0.0,0.0,0.0,0.0,0.0,0.0,0.0,0.0,0.0,0.0,0.0,0.0,0.0,0.0,0.0,0.0,0.0,0.0,0.0,0.0,0.0,0.0,0.0,0.0,0.0,0.0,0.0,0.0,0.0,0.0,0.0,0.0,0.0,0.0,0.0,0.0,0.0,0.0,0.0,0.0,1.0
2025-02-13,0.0,0.0,0.0,0.0,0.0,0.0,0.0,0.0,0.0,0.0,0.0,0.0,0.0,0.0,0.0,0.0,0.0,0.0,0.0,0.0,0.0,0.0,0.0,0.0,0.0,0.0,0.0,0.0,0.0,0.0,0.0,0.0,0.0,0.0,0.0,0.0,0.0,0.0,0.0,0.0,0.0,0.0,0.0,0.0,0.0,0.0,0.0,0.0,0.0,0.0,0.0,0.0,0.0,0.0,0.0,0.0,0.0,0.0,0.0,0.0,0.0,0.0,0.0,0.0,0.0,0.0,0.0,0.0,0.0,0.0,0.0,0.0,0.0,0.0,0.0,0.0,0.0,0.0,0.0,0.0,0.0,0.0,0.0,0.0,0.0,0.0,0.0,0.0,0.0,0.0,0.0,0.0,0.0,0.0,0.0,0.0,0.0,0.0,0.0,0.0,0.0,0.0,0.0,0.0,0.0,0.0,0.0,0.0,0.0,0.0,1.0
2025-02-14,0.0,0.0,0.0,0.0,0.0,0.0,0.0,0.0,0.045598325561755804,0.0,0.0,0.0,0.0,0.0,0.0,0.0,0.0,0.0,0.0,0.0,0.0,0.0,0.0,0.0,0.0,0.0,0.0,0.0,0.0,0.0,0.0,0.0,0.0,0.0,0.0,0.0,0.0,0.0,0.0,0.0,0.0,0.0,0.0,0.0,0.0,0.0,0.0,0.0,0.05231002434218425,0.0,0.0,0.0,0.0,0.0,0.0,0.0,0.0,0.0,0.0,0.0,0.0,0.0,0.0,0.0,0.0,0.0,0.0,0.0,0.0,0.0,0.0,0.0,0.0,0.0,0.0,0.0,0.0,0.0512272491273671,0.0,0.0,0.048819753926605494,0.0,0.05120253946467426,0.0,0.0,0.0,0.0,0.0,0.0,0.0,0.0,0.0,0.0,0.0,0.0,0.0,0.0,0.0,0.0,0.0,0.0,0.0,0.051189893433903,0.0,0.0,0.0,0.0,0.0,0.0,0.0,0.6996522141435101
2025-02-17,0.0,0.0,0.0,0.0,0.0,0.0,0.0,0.0,0.04575670799057595,0.0,0.0,0.0,0.0,0.0,0.0,0.0,0.0,0.0,0.0,0.0,0.0,0.0,0.0,0.0,0.0,0.0,0.0,0.0,0.0,0.0,0.0,0.0,0.0,0.0,0.0,0.0,0.0,0.0,0.0,0.0,0.0,0.0,0.0,0.0,0.0,0.0,0.0,0.0,0.052538998907986134,0.0,0.0,0.0,0.0,0.0,0.0,0.0,0.0,0.0,0.0,0.0,0.0,0.0,0.0,0.0,0.0,0.0,0.0,0.0,0.0,0.0,0.0,0.0,0.0,0.0,0.0,0.0,0.0,0.051395194685368524,0.0,0.0,0.04778501219911452,0.0,0.0508042127472944,0.0,0.0,0.0,0.0,0.0,0.0,0.0,0.0,0.0,0.0,0.0,0.0,0.0,0.0,0.0,0.0,0.0,0.0,0.0,0.05166626774161941,0.0,0.0,0.0,0.0,0.0,0.0,0.0,0.7000536057280411
2025-02-18,0.0,0.0,0.0,0.0,0.0,0.0,0.0,0.0,0.04607115390973227,0.0,0.0,0.0,0.0,0.0,0.0,0.0,0.0,0.0,0.0,0.0,0.0,0.0,0.0,0.0,0.0,0.0,0.0,0.0,0.0,0.0,0.0,0.0,0.0,0.0,0.0,0.0,0.0,0.0,0.0,0.0,0.0,0.0,0.0,0.0,0.0,0.0,0.0,0.0,0.05285718027049602,0.0,0.0,0.0,0.0,0.0,0.0,0.0,0.0,0.0,0.0,0.0,0.0,0.0,0.0,0.0,0.0,0.0,0.0,0.0,0.0,0.0,0.0,0.0,0.0,0.0,0.0,0.0,0.0,0.04812492367736457,0.0,0.0,0.048298877872999885,0.0,0.05082472873312571,0.0,0.0,0.0,0.0,0.0,0.0,0.0,0.0,0.0,0.0,0.0,0.0,0.0,0.0,0.0,0.0,0.0,0.0,0.0,0.050987488660946156,0.0,0.0,0.0,0.0,0.0,0.0,0.0,0.7028356468753353
2025-02-19,0.0,0.0,0.0,0.0,0.0,0.0,0.0,0.0,0.045304013335756954,0.0,0.0,0.0,0.0,0.0,0.0,0.0,0.0,0.0,0.0,0.0,0.0,0.0,0.0,0.0,0.0,0.0,0.0,0.0,0.0,0.0,0.0,0.0,0.0,0.0,0.0,0.0,0.0,0.0,0.0,0.0,0.0,0.0,0.0,0.0,0.0,0.0,0.0,0.0,0.05309546265893107,0.0,0.0,0.0,0.0,0.0,0.0,0.0,0.0,0.0,0.0,0.0,0.0,0.0,0.0,0.0,0.0,0.0,0.0,0.0,0.0,0.0,0.0,0.0,0.0,0.0,0.0,0.0,0.0,0.044992215342443985,0.0,0.0,0.047241317737311155,0.0,0.05119793439121932,0.0,0.0,0.0,0.0,0.0,0.0,0.0,0.0,0.0,0.0,0.0,0.0,0.0,0.0,0.0,0.0,0.0,0.0,0.0,0.05000686129531122,0.0,0.0,0.0,0.0,0.0,0.0,0.0,0.7081621952390262
2025-02-20,0.0,0.0,0.0,0.0,0.0,0.0,0.0,0.0,0.0474241622665809,0.0,0.0,0.0,0.0,0.0,0.0,0.0,0.0,0.0,0.0,0.0,0.0,0.0,0.0,0.0,0.0,0.0,0.0,0.0,0.0,0.0,0.0,0.0,0.0,0.0,0.0,0.0,0.0,0.0,0.0,0.0,0.0,0.0,0.0,0.0,0.0,0.0,0.0,0.0,0.053818968367489055,0.0,0.0,0.0,0.0,0.0,0.0,0.0,0.0,0.0,0.0,0.0,0.0,0.0,0.0,0.0,0.0,0.0,0.0,0.0,0.0,0.0,0.0,0.0,0.0,0.0,0.0,0.0,0.0,0.0450791452520268,0.0,0.0,0.04710099600471424,0.0,0.050480082588844524,0.0,0.0,0.0,0.0,0.0,0.0,0.0,0.0,0.0,0.0,0.0,0.0,0.0,0.0,0.0,0.0,0.0,0.0,0.0,0.048818555162652294,0.0,0.0,0.0,0.0,0.0,0.0,0.0,0.7072780903576922
2025-02-21,0.0,0.0,0.0,0.0,0.0,0.0,0.0,0.0,0.04742226480763638,0.0,0.0,0.0,0.0,0.0,0.0,0.0,0.0,0.0,0.0,0.0,0.0,0.0,0.0,0.0,0.0,0.0,0.0,0.0,0.0,0.0,0.0,0.0,0.0,0.0,0.0,0.0,0.0,0.0,0.0,0.0,0.0,0.0,0.0,0.0,0.0,0.0,0.0,0.0,0.053978459196566526,0.0,0.0,0.0,0.0,0.0,0.0,0.0,0.0,0.0,0.0,0.0,0.0,0.0,0.0,0.0,0.0,0.0,0.0,0.0,0.0,0.0,0.0,0.0,0.0,0.0,0.0,0.0,0.0,0.044806044409476914,0.0,0.0,0.04692796105799357,0.0,0.04945574014585412,0.0,0.0,0.0,0.0,0.0,0.0,0.0,0.0,0.0,0.0,0.0,0.0,0.0,0.0,0.0,0.0,0.0,0.0,0.0,0.048880901529510634,0.0,0.0,0.0,0.0,0.0,0.0,0.0,0.7085286288529619
2025-02-24,0.0,0.0,0.0,0.0,0.0,0.0,0.0,0.0,0.047004493686637054,0.0,0.0,0.0,0.0,0.0,0.0,0.0,0.0,0.0,0.0,0.0,0.0,0.0,0.0,0.0,0.0,0.0,0.0,0.0,0.0,0.0,0.0,0.0,0.0,0.0,0.0,0.0,0.0,0.0,0.0,0.0,0.0,0.0,0.0,0.0,0.0,0.0,0.0,0.0,0.0535025514772668,0.0,0.0,0.0,0.0,0.0,0.0,0.0,0.0,0.0,0.0,0.0,0.0,0.0,0.0,0.0,0.0,0.0,0.0,0.0,0.0,0.0,0.0,0.0,0.0,0.0,0.0,0.0,0.0,0.04412955612465095,0.0,0.0,0.04702973001216391,0.0,0.04834781707145824,0.0,0.0,0.0,0.0,0.0,0.0,0.0,0.0,0.0,0.0,0.0,0.0,0.0,0.0,0.0,0.0,0.0,0.0,0.0,0.04868895097946562,0.0,0.0,0.0,0.0,0.0,0.0,0.0,0.7112969006483575
2025-02-25,0.0,0.0,0.0,0.0,0.0,0.0,0.0,0.0,0.04756417984027396,0.0,0.0,0.0,0.0,0.0,0.0,0.0,0.0,0.0,0.0,0.0,0.0,0.0,0.0,0.0,0.0,0.0,0.0,0.0,0.0,0.0,0.0,0.0,0.0,0.0,0.0,0.0,0.0,0.0,0.0,0.0,0.0,0.0,0.0,0.0,0.0,0.0,0.0,0.0,0.05389467670479744,0.0,0.0,0.0,0.0,0.0,0.0,0.0,0.0,0.0,0.0,0.0,0.0,0.0,0.0,0.0,0.0,0.0,0.0,0.0,0.0,0.0,0.0,0.0,0.0,0.0,0.0,0.0,0.0,0.044593788502540435,0.0,0.0,0.04500713316953661,0.0,0.04821948616673478,0.0,0.0,0.0,0.0,0.0,0.0,0.0,0.0,0.0,0.0,0.0,0.0,0.0,0.0,0.0,0.0,0.0,0.0,0.0,0.04960874585076335,0.0,0.0,0.0,0.0,0.0,0.0,0.0,0.7111119897653534
2025-02-26,0.0,0.0,0.0,0.0,0.0,0.0,0.0,0.0,0.04748747342339369,0.0,0.0,0.0,0.0,0.0,0.0,0.0,0.0,0.0,0.0,0.0,0.0,0.0,0.0,0.0,0.0,0.0,0.0,0.0,0.0,0.0,0.0,0.0,0.0,0.0,0.0,0.0,0.0,0.0,0.0,0.0,0.0,0.0,0.0,0.0,0.0,0.0,0.0,0.0,0.05383143123648992,0.0,0.0,0.0,0.0,0.0,0.0,0.0,0.0,0.0,0.0,0.0,0.0,0.0,0.0,0.0,0.0,0.0,0.0,0.0,0.0,0.0,0.0,0.0,0.0,0.0,0.0,0.0,0.0,0.04278928480917792,0.0,0.0,0.044850135437709174,0.0,0.047781352769300865,0.0,0.0,0.0,0.0,0.0,0.0,0.0,0.0,0.0,0.0,0.0,0.0,0.0,0.0,0.0,0.0,0.0,0.0,0.0,0.048713406538909765,0.0,0.0,0.0,0.0,0.0,0.0,0.0,0.7145469157850186
2025-02-27,0.0,0.0,0.0,0.0,0.0,0.0,0.0,0.0,0.0460569592265919,0.0,0.0,0.0,0.0,0.0,0.0,0.0,0.0,0.0,0.0,0.0,0.0,0.0,0.0,0.0,0.0,0.0,0.0,0.0,0.0,0.0,0.0,0.0,0.0,0.0,0.0,0.0,0.0,0.0,0.0,0.0,0.0,0.0,0.0,0.0,0.0,0.0,0.0,0.0,0.05434470737861897,0.0,0.0,0.0,0.0,0.0,0.0,0.0,0.0,0.0,0.0,0.0,0.0,0.0,0.0,0.0,0.0,0.0,0.0,0.0,0.0,0.0,0.0,0.0,0.0,0.0,0.0,0.0,0.0,0.04342938467735061,0.0,0.0,0.043085601896936006,0.0,0.050240483957196026,0.0,0.0,0.0,0.0,0.0,0.0,0.0,0.0,0.0,0.0,0.0,0.0,0.0,0.0,0.0,0.0,0.0,0.0,0.0,0.05109831336455795,0.0,0.0,0.0,0.0,0.0,0.0,0.0,0.7117445494987485
2025-02-28,0.0,0.0,0.0,0.0,0.0,0.0,0.0,0.0,0.047596878911815736,0.0,0.0,0.0,0.0,0.0,0.0,0.0,0.0,0.0,0.0,0.0,0.0,0.0,0.0,0.0,0.0,0.0,0.0,0.0,0.0,0.0,0.0,0.0,0.0,0.0,0.0,0.0,0.0,0.0,0.0,0.0,0.0,0.0,0.0,0.0,0.0,0.0,0.0,0.0,0.05407824867536597,0.0,0.0,0.0,0.0,0.0,0.0,0.0,0.0,0.0,0.0,0.0,0.0,0.0,0.0,0.0,0.0,0.0,0.0,0.0,0.0,0.0,0.0,0.0,0.0,0.0,0.0,0.0,0.0,0.04194258409831835,0.0,0.0,0.0442961217184309,0.0,0.05020706632967018,0.0,0.0,0.0,0.0,0.0,0.0,0.0,0.0,0.0,0.0,0.0,0.0,0.0,0.0,0.0,0.0,0.0,0.0,0.0,0.04969983259402979,0.0,0.0,0.0,0.0,0.0,0.0,0.0,0.712179267672369
2025-03-05,0.0,0.0,0.0,0.0,0.0,0.0,0.0,0.0,0.04779563367044238,0.0,0.0,0.0,0.0,0.0,0.0,0.0,0.0,0.0,0.0,0.0,0.0,0.0,0.0,0.0,0.0,0.0,0.0,0.0,0.0,0.0,0.0,0.0,0.0,0.0,0.0,0.0,0.0,0.0,0.0,0.0,0.0,0.0,0.0,0.0,0.0,0.0,0.0,0.0,0.055628886708969164,0.0,0.0,0.0,0.0,0.0,0.0,0.0,0.0,0.0,0.0,0.0,0.0,0.0,0.0,0.0,0.0,0.0,0.0,0.0,0.0,0.0,0.0,0.0,0.0,0.0,0.0,0.0,0.0,0.04148185692793117,0.0,0.0,0.04487813628065737,0.0,0.049198210331240166,0.0,0.0,0.0,0.0,0.0,0.0,0.0,0.0,0.0,0.0,0.0,0.0,0.0,0.0,0.0,0.0,0.0,0.0,0.0,0.04785928590813093,0.0,0.0,0.0,0.0,0.0,0.0,0.0,0.7131579901726288
2025-03-06,0.0,0.0,0.0,0.0,0.0,0.0,0.0,0.0,0.04597667549186801,0.0,0.0,0.0,0.0,0.0,0.0,0.0,0.0,0.0,0.0,0.0,0.0,0.0,0.0,0.0,0.0,0.0,0.0,0.0,0.0,0.0,0.0,0.0,0.0,0.0,0.0,0.0,0.0,0.0,0.0,0.0,0.0,0.0,0.0,0.0,0.0,0.0,0.0,0.0,0.05679908252066491,0.0,0.0,0.0,0.0,0.0,0.0,0.0,0.0,0.0,0.0,0.0,0.0,0.0,0.0,0.0,0.0,0.0,0.0,0.0,0.0,0.0,0.0,0.0,0.0,0.0,0.0,0.0,0.0,0.0405543295421829,0.0,0.0,0.041255660276235916,0.0,0.04962934644095826,0.0,0.0,0.0,0.0,0.0,0.0,0.0,0.0,0.0,0.0,0.0,0.0,0.0,0.0,0.0,0.0,0.0,0.0,0.0,0.048136994846915526,0.0,0.0,0.0,0.0,0.0,0.0,0.0,0.7176479108811744
2025-03-07,0.0,0.0,0.0,0.0,0.0,0.0,0.0,0.0,0.04673959843435375,0.0,0.0,0.0,0.0,0.0,0.0,0.0,0.0,0.0,0.0,0.0,0.0,0.0,0.0,0.0,0.0,0.0,0.0,0.0,0.0,0.0,0.0,0.0,0.0,0.0,0.0,0.0,0.0,0.0,0.0,0.0,0.0,0.0,0.0,0.0,0.0,0.0,0.0,0.0,0.0572334228061518,0.0,0.0,0.0,0.0,0.0,0.0,0.0,0.0,0.0,0.0,0.0,0.0,0.0,0.0,0.0,0.0,0.0,0.0,0.0,0.0,0.0,0.0,0.0,0.0,0.0,0.0,0.0,0.0,0.04120878209703346,0.0,0.0,0.04343815090097989,0.0,0.05031806900729237,0.0,0.0,0.0,0.0,0.0,0.0,0.0,0.0,0.0,0.0,0.0,0.0,0.0,0.0,0.0,0.0,0.0,0.0,0.0,0.049055690560510526,0.0,0.0,0.0,0.0,0.0,0.0,0.0,0.7120062861936781
2025-03-10,0.0,0.0,0.0,0.0,0.0,0.0,0.0,0.0,0.04627841266995917,0.0,0.0,0.0,0.0,0.0,0.0,0.0,0.0,0.0,0.0,0.0,0.0,0.0,0.0,0.0,0.0,0.0,0.0,0.0,0.0,0.0,0.0,0.0,0.0,0.0,0.0,0.0,0.0,0.0,0.0,0.0,0.0,0.0,0.0,0.0,0.0,0.0,0.0,0.0,0.05829871834631441,0.0,0.0,0.0,0.0,0.0,0.0,0.0,0.0,0.0,0.0,0.0,0.0,0.0,0.0,0.0,0.0,0.0,0.0,0.0,0.0,0.0,0.0,0.0,0.0,0.0,0.0,0.0,0.0,0.040838057300237124,0.0,0.0,0.04194289735679089,0.0,0.04943295237848733,0.0,0.0,0.0,0.0,0.0,0.0,0.0,0.0,0.0,0.0,0.0,0.0,0.0,0.0,0.0,0.0,0.0,0.0,0.0,0.04865296162707936,0.0,0.0,0.0,0.0,0.0,0.0,0.0,0.7145560003211316
2025-03-11,0.0,0.0,0.0,0.0,0.0,0.0,0.0,0.0,0.04695316661288181,0.0,0.0,0.0,0.0,0.0,0.0,0.0,0.0,0.0,0.0,0.0,0.0,0.0,0.0,0.0,0.0,0.0,0.0,0.0,0.0,0.0,0.0,0.0,0.0,0.0,0.0,0.0,0.0,0.0,0.0,0.0,0.0,0.0,0.0,0.0,0.0,0.0,0.0,0.0,0.05847529505390546,0.0,0.0,0.0,0.0,0.0,0.0,0.0,0.0,0.0,0.0,0.0,0.0,0.0,0.0,0.0,0.0,0.0,0.0,0.0,0.0,0.0,0.0,0.0,0.0,0.0,0.0,0.0,0.0,0.03967618053866705,0.0,0.0,0.0402406203097969,0.0,0.04915148257830822,0.0,0.0,0.0,0.0,0.0,0.0,0.0,0.0,0.0,0.0,0.0,0.0,0.0,0.0,0.0,0.0,0.0,0.0,0.0,0.04758978357962752,0.0,0.0,0.0,0.0,0.0,0.0,0.0,0.7179134713268129
2025-03-12,0.0,0.0,0.0,0.0,0.0,0.0,0.0,0.0,0.0487786384549327,0.0,0.0,0.0,0.0,0.0,0.0,0.0,0.0,0.0,0.0,0.0,0.0,0.0,0.0,0.0,0.0,0.0,0.0,0.0,0.0,0.0,0.0,0.0,0.0,0.0,0.0,0.0,0.0,0.0,0.0,0.0,0.0,0.0,0.0,0.0,0.0,0.0,0.0,0.0,0.05874866195883726,0.0,0.0,0.0,0.0,0.0,0.0,0.0,0.0,0.0,0.0,0.0,0.0,0.0,0.0,0.0,0.0,0.0,0.0,0.0,0.0,0.0,0.0,0.0,0.0,0.0,0.0,0.0,0.0,0.04018571617703071,0.0,0.0,0.03990262552057571,0.0,0.04859093955852093,0.0,0.0,0.0,0.0,0.0,0.0,0.0,0.0,0.0,0.0,0.0,0.0,0.0,0.0,0.0,0.0,0.0,0.0,0.0,0.04832829416634918,0.0,0.0,0.0,0.0,0.0,0.0,0.0,0.7154651241637534
2025-03-13,0.0,0.0,0.0,0.0,0.0,0.0,0.0,0.0,0.0512240057546631,0.0,0.0,0.0,0.0,0.0,0.0,0.0,0.0,0.0,0.0,0.0,0.0,0.0,0.0,0.0,0.0,0.0,0.0,0.0,0.0,0.0,0.0,0.0,0.0,0.0,0.0,0.0,0.0,0.0,0.0,0.0,0.0,0.0,0.0,0.0,0.0,0.0,0.0,0.0,0.059121743246134395,0.0,0.0,0.0,0.0,0.0,0.0,0.0,0.0,0.0,0.0,0.0,0.0,0.0,0.0,0.0,0.0,0.0,0.0,0.0,0.0,0.0,0.0,0.0,0.0,0.0,0.0,0.0,0.0,0.03976479112491353,0.0,0.0,0.041328019928632116,0.0,0.04778400539620116,0.0,0.0,0.0,0.0,0.0,0.0,0.0,0.0,0.0,0.0,0.0,0.0,0.0,0.0,0.0,0.0,0.0,0.0,0.0,0.04952020138449914,0.0,0.0,0.0,0.0,0.0,0.0,0.0,0.7112572331649566
2025-03-14,0.0,0.0,0.0,0.0,0.0,0.0,0.0,0.0,0.05131427267048647,0.0,0.0,0.0,0.0,0.0,0.0,0.0,0.0,0.0,0.0,0.0,0.0,0.0,0.0,0.0,0.0,0.0,0.0,0.0,0.0,0.0,0.0,0.0,0.0,0.0,0.0,0.0,0.0,0.0,0.0,0.0,0.0,0.0,0.0,0.0,0.0,0.0,0.0,0.0,0.0591796086696379,0.0,0.0,0.0,0.0,0.0,0.0,0.0,0.0,0.0,0.0,0.0,0.0,0.0,0.0,0.0,0.0,0.0,0.0,0.0,0.0,0.0,0.0,0.0,0.0,0.0,0.0,0.0,0.0,0.03923284802249691,0.0,0.0,0.042311874296492184,0.0,0.051037728303560716,0.0,0.0,0.0,0.0,0.0,0.0,0.0,0.0,0.0,0.0,0.0,0.0,0.0,0.0,0.0,0.0,0.0,0.0,0.0,0.05191162084752445,0.0,0.0,0.0,0.0,0.0,0.0,0.0,0.7050120471898014
2025-03-17,0.0,0.0,0.0,0.0,0.0,0.0,0.0,0.0,0.051798176800823645,0.0,0.0,0.0,0.0,0.0,0.0,0.0,0.0,0.0,0.0,0.0,0.0,0.0,0.0,0.0,0.0,0.0,0.0,0.0,0.0,0.0,0.0,0.0,0.0,0.0,0.0,0.0,0.0,0.0,0.0,0.0,0.0,0.0,0.0,0.0,0.0,0.0,0.0,0.0,0.059955369287302454,0.0,0.0,0.0,0.0,0.0,0.0,0.0,0.0,0.0,0.0,0.0,0.0,0.0,0.0,0.0,0.0,0.0,0.0,0.0,0.0,0.0,0.0,0.0,0.0,0.0,0.0,0.0,0.0,0.03977630364466442,0.0,0.0,0.040950229477638524,0.0,0.05134913589844329,0.0,0.0,0.0,0.0,0.0,0.0,0.0,0.0,0.0,0.0,0.0,0.0,0.0,0.0,0.0,0.0,0.0,0.0,0.0,0.05276577069711474,0.0,0.0,0.0,0.0,0.0,0.0,0.0,0.7034050141940129
2025-03-18,0.0,0.0,0.0,0.0,0.0,0.0,0.0,0.0,0.05388496290581089,0.0,0.0,0.0,0.0,0.0,0.0,0.0,0.0,0.0,0.0,0.0,0.0,0.0,0.0,0.0,0.0,0.0,0.0,0.0,0.0,0.0,0.0,0.0,0.0,0.0,0.0,0.0,0.0,0.0,0.0,0.0,0.0,0.0,0.0,0.0,0.0,0.0,0.0,0.0,0.05972816681390568,0.0,0.0,0.0,0.0,0.0,0.0,0.0,0.0,0.0,0.0,0.0,0.0,0.0,0.0,0.0,0.0,0.0,0.0,0.0,0.0,0.0,0.0,0.0,0.0,0.0,0.0,0.0,0.0,0.04035044700819244,0.0,0.0,0.04045726242473829,0.0,0.05118561353159409,0.0,0.0,0.0,0.0,0.0,0.0,0.0,0.0,0.0,0.0,0.0,0.0,0.0,0.0,0.0,0.0,0.0,0.0,0.0,0.05200009740471765,0.0,0.0,0.0,0.0,0.0,0.0,0.0,0.7023934499110409
2025-03-19,0.0,0.0,0.0,0.0,0.0,0.0,0.0,0.0,0.05247969690827376,0.0,0.0,0.0,0.0,0.0,0.0,0.0,0.0,0.0,0.0,0.0,0.0,0.0,0.0,0.0,0.0,0.0,0.0,0.0,0.0,0.0,0.0,0.0,0.0,0.0,0.0,0.0,0.0,0.0,0.0,0.0,0.0,0.0,0.0,0.0,0.0,0.0,0.0,0.0,0.06066452470146742,0.0,0.0,0.0,0.0,0.0,0.0,0.0,0.0,0.0,0.0,0.0,0.0,0.0,0.0,0.0,0.0,0.0,0.0,0.0,0.0,0.0,0.0,0.0,0.0,0.0,0.0,0.0,0.0,0.041691036010852285,0.0,0.0,0.041693911407243295,0.0,0.050545037194391094,0.0,0.0,0.0,0.0,0.0,0.0,0.0,0.0,0.0,0.0,0.0,0.0,0.0,0.0,0.0,0.0,0.0,0.0,0.0,0.052267487444636815,0.0,0.0,0.0,0.0,0.0,0.0,0.0,0.7006583063331353
2025-03-20,0.0,0.0,0.0,0.0,0.0,0.0,0.0,0.0,0.053172111028802115,0.0,0.0,0.0,0.0,0.0,0.0,0.0,0.0,0.0,0.0,0.0,0.0,0.0,0.0,0.0,0.0,0.0,0.0,0.0,0.0,0.0,0.0,0.0,0.0,0.0,0.0,0.0,0.0,0.0,0.0,0.0,0.0,0.0,0.0,0.0,0.0,0.0,0.0,0.0,0.060477399100217384,0.0,0.0,0.0,0.0,0.0,0.0,0.0,0.0,0.0,0.0,0.0,0.0,0.0,0.0,0.0,0.0,0.0,0.0,0.0,0.0,0.0,0.0,0.0,0.0,0.0,0.0,0.0,0.0,0.04097570133770858,0.0,0.0,0.04180304370402054,0.0,0.050476052552344816,0.0,0.0,0.0,0.0,0.0,0.0,0.0,0.0,0.0,0.0,0.0,0.0,0.0,0.0,0.0,0.0,0.0,0.0,0.0,0.05320429021878005,0.0,0.0,0.0,0.0,0.0,0.0,0.0,0.6998914020581266
2025-03-21,0.0,0.0,0.0,0.0,0.0,0.0,0.0,0.0,0.05252738404071929,0.0,0.0,0.0,0.0,0.0,0.0,0.0,0.0,0.0,0.0,0.0,0.0,0.0,0.0,0.0,0.0,0.0,0.0,0.0,0.0,0.0,0.0,0.0,0.0,0.0,0.0,0.0,0.0,0.0,0.0,0.0,0.0,0.0,0.0,0.0,0.0,0.0,0.0,0.0,0.060984332119940025,0.0,0.0,0.0,0.0,0.0,0.0,0.0,0.0,0.0,0.0,0.0,0.0,0.0,0.0,0.0,0.0,0.0,0.0,0.0,0.0,0.0,0.0,0.0,0.0,0.0,0.0,0.0,0.0,0.04128168081550785,0.0,0.0,0.04207915012937288,0.0,0.05017154699791897,0.0,0.0,0.0,0.0,0.0,0.0,0.0,0.0,0.0,0.0,0.0,0.0,0.0,0.0,0.0,0.0,0.0,0.0,0.0,0.053001006747518675,0.0,0.0,0.0,0.0,0.0,0.0,0.0,0.6999548991490223
2025-03-24,0.0,0.0,0.0,0.0,0.0,0.0,0.0,0.0,0.05508164759337642,0.0,0.0,0.0,0.0,0.0,0.0,0.0,0.0,0.0,0.0,0.0,0.0,0.0,0.0,0.0,0.0,0.0,0.0,0.0,0.0,0.0,0.0,0.0,0.0,0.0,0.0,0.0,0.0,0.0,0.0,0.0,0.0,0.0,0.0,0.0,0.0,0.0,0.0,0.0,0.06102052822469376,0.0,0.0,0.0,0.0,0.0,0.0,0.0,0.0,0.0,0.0,0.0,0.0,0.0,0.0,0.0,0.0,0.0,0.0,0.0,0.0,0.0,0.0,0.0,0.0,0.0,0.0,0.0,0.0,0.04073119802309645,0.0,0.0,0.04101339854348167,0.0,0.05065610356563764,0.0,0.0,0.0,0.0,0.0,0.0,0.0,0.0,0.0,0.0,0.0,0.0,0.0,0.0,0.0,0.0,0.0,0.0,0.0,0.0522871990743556,0.0,0.0,0.0,0.0,0.0,0.0,0.0,0.6992099249753584
2025-03-25,0.0,0.0,0.0,0.0,0.0,0.0,0.0,0.0,0.05646839452357986,0.0,0.0,0.0,0.0,0.0,0.0,0.0,0.0,0.0,0.0,0.0,0.0,0.0,0.0,0.0,0.0,0.0,0.0,0.0,0.0,0.0,0.0,0.0,0.0,0.0,0.0,0.0,0.0,0.0,0.0,0.0,0.0,0.0,0.0,0.0,0.0,0.0,0.0,0.0,0.06138247939875461,0.0,0.0,0.0,0.0,0.0,0.0,0.0,0.0,0.0,0.0,0.0,0.0,0.0,0.0,0.0,0.0,0.0,0.0,0.0,0.0,0.0,0.0,0.0,0.0,0.0,0.0,0.0,0.0,0.04226961108040216,0.0,0.0,0.04165870396353964,0.0,0.04984782292459456,0.0,0.0,0.0,0.0,0.0,0.0,0.0,0.0,0.0,0.0,0.0,0.0,0.0,0.0,0.0,0.0,0.0,0.0,0.0,0.05273786531145682,0.0,0.0,0.0,0.0,0.0,0.0,0.0,0.6956351227976723
2025-03-26,0.0,0.0,0.0,0.0,0.0,0.0,0.0,0.0,0.0,0.0,0.0,0.0,0.0,0.0,0.0,0.0,0.0,0.0,0.0,0.0,0.0,0.0,0.0,0.0,0.0,0.0,0.0,0.0,0.0,0.0,0.0,0.0,0.0,0.0,0.0,0.0,0.03276508179703505,0.0,0.0,0.0,0.0,0.0,0.0,0.0,0.0,0.0,0.0,0.0,0.0,0.0,0.0,0.0,0.0,0.0,0.0,0.0,0.0,0.0,0.0,0.0,0.0,0.0,0.0,0.0,0.0,0.0,0.0,0.0,0.0,0.0,0.0,0.0,0.0,0.0,0.0,0.0,0.0,0.0,0.0,0.0,0.0,0.0,0.0,0.03275679102864161,0.0,0.0,0.0,0.0,0.0,0.0,0.0,0.0,0.0,0.0,0.0,0.0,0.0,0.0,0.0,0.0,0.0,0.0,0.0,0.0,0.0,0.0,0.0,0.0,0.0,0.0,0.6268987682964413
2025-03-27,0.0,0.0,0.0,0.0,0.0,0.0,0.0,0.0,0.0,0.0,0.0,0.0,0.0,0.0,0.0,0.0,0.0,0.0,0.0,0.0,0.0,0.0,0.0,0.0,0.0,0.0,0.0,0.0,0.0,0.0,0.0,0.0,0.0,0.0,0.0,0.0,0.03288746602028985,0.0,0.0,0.0,0.0,0.0,0.0,0.0,0.0,0.0,0.0,0.0,0.0,0.0,0.0,0.0,0.0,0.0,0.0,0.0,0.0,0.0,0.0,0.0,0.0,0.0,0.0,0.0,0.0,0.0,0.0,0.0,0.0,0.0,0.0,0.0,0.0,0.0,0.0,0.0,0.0,0.0,0.0,0.0,0.0,0.0,0.0,0.03252219517865943,0.0,0.0,0.0,0.0,0.0,0.0,0.0,0.0,0.0,0.0,0.0,0.0,0.0,0.0,0.0,0.0,0.0,0.0,0.0,0.0,0.0,0.0,0.0,0.0,0.0,0.0,0.6270824137606523
2025-03-28,0.0,0.0,0.0,0.0,0.0,0.0,0.0,0.0,0.0,0.0,0.0,0.0,0.0,0.0,0.0,0.0,0.0,0.0,0.0,0.0,0.0,0.0,0.0,0.0,0.0,0.0,0.0,0.0,0.0,0.0,0.0,0.0,0.0,0.0,0.0,0.0,0.03293047034673338,0.0,0.0,0.0,0.0,0.0,0.0,0.0,0.0,0.0,0.0,0.0,0.0,0.0,0.0,0.0,0.0,0.0,0.0,0.0,0.0,0.0,0.0,0.0,0.0,0.0,0.0,0.0,0.0,0.0,0.0,0.0,0.0,0.0,0.0,0.0,0.0,0.0,0.0,0.0,0.0,0.0,0.0,0.0,0.0,0.0,0.0,0.031997458106933496,0.0,0.0,0.0,0.0,0.0,0.0,0.0,0.0,0.0,0.0,0.0,0.0,0.0,0.0,0.0,0.0,0.0,0.0,0.0,0.0,0.0,0.0,0.0,0.0,0.0,0.0,0.9350720715463331
2025-03-31,0.0,0.0,0.0,0.0,0.0,0.0,0.0,0.0,0.0,0.0,0.0,0.0,0.0,0.0,0.0,0.0,0.0,0.0,0.0,0.0,0.0,0.0,0.0,0.0,0.0,0.0,0.0,0.0,0.0,0.0,0.0,0.0,0.0,0.0,0.0,0.0,0.03230250826072971,0.0,0.0,0.0,0.0,0.0,0.0,0.0,0.0,0.0,0.0,0.0,0.0,0.0,0.0,0.0,0.0,0.0,0.0,0.0,0.0,0.0,0.0,0.0,0.0,0.0,0.0,0.0,0.0,0.0,0.0,0.0,0.0,0.0,0.0,0.0,0.0,0.0,0.0,0.0,0.0,0.0,0.0,0.0,0.0,0.0,0.0,0.03212509293897798,0.0,0.0,0.0,0.0,0.0,0.0,0.0,0.0,0.0,0.0,0.0,0.0,0.0,0.0,0.0,0.0,0.0,0.0,0.0,0.0,0.0,0.0,0.0,0.0,0.0,0.0,0.9355723988002923
2025-04-01,0.0,0.0,0.0,0.0,0.0,0.0,0.0,0.0,0.0,0.0,0.0,0.0,0.0,0.0,0.0,0.0,0.0,0.0,0.0,0.0,0.0,0.0,0.0,0.0,0.0,0.0,0.0,0.0,0.0,0.0,0.0,0.0,0.0,0.0,0.0,0.0,0.032520291224289705,0.0,0.0,0.0,0.0,0.0,0.0,0.0,0.0,0.0,0.0,0.0,0.0,0.0,0.0,0.0,0.0,0.0,0.0,0.0,0.0,0.0,0.0,0.0,0.0,0.0,0.0,0.0,0.0,0.0,0.0,0.0,0.0,0.0,0.0,0.0,0.0,0.0,0.0,0.0,0.0,0.0,0.0,0.0,0.0,0.0,0.0,0.03262888365106086,0.0,0.0,0.0,0.0,0.0,0.0,0.0,0.0,0.0,0.0,0.0,0.0,0.0,0.0,0.0,0.0,0.0,0.0,0.0,0.0,0.0,0.0,0.0,0.0,0.0,0.0,0.9348508251246493
2025-04-02,0.0,0.0,0.0,0.0,0.0,0.0,0.0,0.0,0.0,0.0,0.0,0.0,0.0,0.0,0.0,0.0,0.0,0.0,0.0,0.0,0.0,0.0,0.0,0.0,0.0,0.0,0.0,0.0,0.0,0.0,0.0,0.0,0.0,0.0,0.0,0.0,0.03291233001529768,0.0,0.0,0.0,0.0,0.0,0.0,0.0,0.0,0.0,0.0,0.0,0.0,0.0,0.0,0.0,0.0,0.0,0.0,0.0,0.0,0.0,0.0,0.0,0.0,0.0,0.0,0.0,0.0,0.0,0.0,0.0,0.0,0.0,0.0,0.0,0.0,0.0,0.0,0.0,0.0,0.0,0.0,0.0,0.0,0.0,0.0,0.03290100537983708,0.0,0.0,0.0,0.0,0.0,0.0,0.0,0.0,0.0,0.0,0.0,0.0,0.0,0.0,0.0,0.0,0.0,0.0,0.0,0.0,0.0,0.0,0.0,0.0,0.0,0.0,0.9341866646048652
2025-04-03,0.0,0.0,0.0,0.0,0.0,0.0,0.0,0.0,0.0,0.0,0.0,0.0,0.0,0.0,0.0,0.0,0.0,0.0,0.0,0.0,0.0,0.0,0.0,0.0,0.0,0.0,0.0,0.0,0.0,0.0,0.0,0.0,0.0,0.0,0.0,0.0,0.03275098695980317,0.0,0.0,0.0,0.0,0.0,0.0,0.0,0.0,0.0,0.0,0.0,0.0,0.0,0.0,0.0,0.0,0.0,0.0,0.0,0.0,0.0,0.0,0.0,0.0,0.0,0.0,0.0,0.0,0.0,0.0,0.0,0.0,0.0,0.0,0.0,0.0,0.0,0.0,0.0,0.0,0.0,0.0,0.0,0.0,0.0,0.0,0.032858865357407306,0.0,0.0,0.0,0.0,0.0,0.0,0.0,0.0,0.0,0.0,0.0,0.0,0.0,0.0,0.0,0.0,0.0,0.0,0.0,0.0,0.0,0.0,0.0,0.0,0.0,0.0,0.9343901476827895
2025-04-04,0.0,0.0,0.0,0.0,0.0,0.0,0.0,0.0,0.0,0.0,0.0,0.0,0.0,0.0,0.0,0.0,0.0,0.0,0.0,0.0,0.0,0.0,0.0,0.0,0.0,0.0,0.0,0.0,0.0,0.0,0.0,0.0,0.0,0.0,0.0,0.0,0.0326678405700419,0.0,0.0,0.0,0.0,0.0,0.0,0.0,0.0,0.0,0.0,0.0,0.0,0.0,0.0,0.0,0.0,0.0,0.0,0.0,0.0,0.0,0.0,0.0,0.0,0.0,0.0,0.0,0.0,0.0,0.0,0.0,0.0,0.0,0.0,0.0,0.0,0.0,0.0,0.0,0.0,0.0,0.0,0.0,0.0,0.0,0.0,0.032357568162998354,0.0,0.0,0.0,0.0,0.0,0.0,0.0,0.0,0.0,0.0,0.0,0.0,0.0,0.0,0.0,0.0,0.0,0.0,0.0,0.0,0.0,0.0,0.0,0.0,0.0,0.0,0.9349745912669598
2025-04-07,0.0,0.0,0.0,0.0,0.0,0.0,0.0,0.0,0.0,0.0,0.0,0.0,0.0,0.0,0.0,0.0,0.0,0.0,0.0,0.0,0.0,0.0,0.0,0.0,0.0,0.0,0.0,0.0,0.0,0.0,0.0,0.0,0.0,0.0,0.0,0.0,0.03191021865306313,0.0,0.0,0.0,0.0,0.0,0.0,0.0,0.0,0.0,0.0,0.0,0.0,0.0,0.0,0.0,0.0,0.0,0.0,0.0,0.0,0.0,0.0,0.0,0.0,0.0,0.0,0.0,0.0,0.0,0.0,0.0,0.0,0.0,0.0,0.0,0.0,0.0,0.0,0.0,0.0,0.0,0.0,0.0,0.0,0.0,0.0,0.031397519441108294,0.0,0.0,0.0,0.0,0.0,0.0,0.0,0.0,0.0,0.0,0.0,0.0,0.0,0.0,0.0,0.0,0.0,0.0,0.0,0.0,0.0,0.0,0.0,0.0,0.0,0.0,0.9366922619058287
2025-04-08,0.0,0.0,0.0,0.0,0.0,0.0,0.0,0.0,0.0,0.0,0.0,0.0,0.0,0.0,0.0,0.0,0.0,0.0,0.0,0.0,0.0,0.0,0.0,0.0,0.0,0.0,0.0,0.0,0.0,0.0,0.0,0.0,0.0,0.0,0.0,0.0,0.03268804293603649,0.0,0.0,0.0,0.0,0.0,0.0,0.0,0.0,0.0,0.0,0.0,0.0,0.0,0.0,0.0,0.0,0.0,0.0,0.0,0.0,0.0,0.0,0.0,0.0,0.0,0.0,0.0,0.0,0.0,0.0,0.0,0.0,0.0,0.0,0.0,0.0,0.0,0.0,0.0,0.0,0.0,0.0,0.0,0.0,0.0,0.0,0.03139510313711169,0.0,0.0,0.0,0.0,0.0,0.0,0.0,0.0,0.0,0.0,0.0,0.0,0.0,0.0,0.0,0.0,0.0,0.0,0.0,0.0,0.0,0.0,0.0,0.0,0.0,0.0,0.9359168539268519
2025-04-09,0.0,0.0,0.0,0.0,0.0,0.0,0.0,0.0,0.0,0.0,0.0,0.0,0.0,0.0,0.0,0.0,0.0,0.0,0.0,0.0,0.0,0.0,0.0,0.0,0.0,0.0,0.0,0.0,0.0,0.0,0.0,0.0,0.0,0.0,0.0,0.0,0.033473370646954145,0.0,0.0,0.0,0.0,0.0,0.0,0.0,0.0,0.0,0.0,0.0,0.0,0.0,0.0,0.0,0.0,0.0,0.0,0.0,0.0,0.0,0.0,0.0,0.0,0.0,0.0,0.0,0.0,0.0,0.0,0.0,0.0,0.0,0.0,0.0,0.0,0.0,0.0,0.0,0.0,0.0,0.0,0.0,0.0,0.0,0.0,0.03171726344492609,0.0,0.0,0.0,0.0,0.0,0.0,0.0,0.0,0.0,0.0,0.0,0.0,0.0,0.0,0.0,0.0,0.0,0.0,0.0,0.0,0.0,0.0,0.0,0.0,0.0,0.0,0.9348093659081198
2025-04-10,0.0,0.0,0.0,0.0,0.0,0.0,0.0,0.0,0.0,0.0,0.0,0.0,0.0,0.0,0.0,0.0,0.0,0.0,0.0,0.0,0.0,0.0,0.0,0.0,0.0,0.0,0.0,0.0,0.0,0.0,0.0,0.0,0.0,0.0,0.0,0.0,0.032729028806115196,0.0,0.0,0.0,0.0,0.0,0.0,0.0,0.0,0.0,0.0,0.0,0.0,0.0,0.0,0.0,0.0,0.0,0.0,0.0,0.0,0.0,0.0,0.0,0.0,0.0,0.0,0.0,0.0,0.0,0.0,0.0,0.0,0.0,0.0,0.0,0.0,0.0,0.0,0.0,0.0,0.0,0.0,0.0,0.0,0.0,0.0,0.03105213757571778,0.0,0.0,0.0,0.0,0.0,0.0,0.0,0.0,0.0,0.0,0.0,0.0,0.0,0.0,0.0,0.0,0.0,0.0,0.0,0.0,0.0,0.0,0.0,0.0,0.0,0.0,0.936218833618167
2025-04-11,0.0,0.0,0.0,0.0,0.0,0.0,0.0,0.0,0.0,0.0,0.0,0.0,0.0,0.0,0.0,0.0,0.0,0.0,0.0,0.0,0.0,0.0,0.0,0.0,0.0,0.0,0.0,0.0,0.0,0.0,0.0,0.0,0.0,0.0,0.0,0.0,0.03295833902719591,0.0,0.0,0.0,0.0,0.0,0.0,0.0,0.0,0.0,0.0,0.0,0.0,0.0,0.0,0.0,0.0,0.0,0.0,0.0,0.0,0.0,0.0,0.0,0.0,0.0,0.0,0.0,0.0,0.0,0.0,0.0,0.0,0.0,0.0,0.0,0.0,0.0,0.0,0.0,0.0,0.0,0.0,0.0,0.0,0.0,0.0,0.03117604586967876,0.0,0.0,0.0,0.0,0.0,0.0,0.0,0.0,0.0,0.0,0.0,0.0,0.0,0.0,0.0,0.0,0.0,0.0,0.0,0.0,0.0,0.0,0.0,0.0,0.0,0.0,0.9358656151031253
2025-04-14,0.0,0.0,0.0,0.0,0.0,0.0,0.0,0.0,0.0,0.0,0.0,0.0,0.0,0.0,0.0,0.0,0.0,0.0,0.0,0.0,0.0,0.0,0.0,0.0,0.0,0.0,0.0,0.0,0.0,0.0,0.0,0.0,0.0,0.0,0.0,0.0,0.033425972533338795,0.0,0.0,0.0,0.0,0.0,0.0,0.0,0.0,0.0,0.0,0.0,0.0,0.0,0.0,0.0,0.0,0.0,0.0,0.0,0.0,0.0,0.0,0.0,0.0,0.0,0.0,0.0,0.0,0.0,0.0,0.0,0.0,0.0,0.0,0.0,0.0,0.0,0.0,0.0,0.0,0.0,0.0,0.0,0.0,0.0,0.0,0.031616465603446095,0.0,0.0,0.0,0.0,0.0,0.0,0.0,0.0,0.0,0.0,0.0,0.0,0.0,0.0,0.0,0.0,0.0,0.0,0.0,0.0,0.0,0.0,0.0,0.0,0.0,0.0,0.9349575618632151
2025-04-15,0.0,0.0,0.0,0.0,0.0,0.0,0.0,0.0,0.0,0.0,0.0,0.0,0.0,0.0,0.0,0.0,0.0,0.0,0.0,0.0,0.0,0.0,0.0,0.0,0.0,0.0,0.0,0.0,0.0,0.0,0.0,0.0,0.0,0.0,0.0,0.0,0.033741087973298216,0.0,0.0,0.0,0.0,0.0,0.0,0.0,0.0,0.0,0.0,0.0,0.0,0.0,0.0,0.0,0.0,0.0,0.0,0.0,0.0,0.0,0.0,0.0,0.0,0.0,0.0,0.0,0.0,0.0,0.0,0.0,0.0,0.0,0.0,0.0,0.0,0.0,0.0,0.0,0.0,0.0,0.0,0.0,0.0,0.0,0.0,0.03222243091303563,0.0,0.0,0.0,0.0,0.0,0.0,0.0,0.0,0.0,0.0,0.0,0.0,0.0,0.0,0.0,0.0,0.0,0.0,0.0,0.0,0.0,0.0,0.0,0.0,0.0,0.0,0.9340364811136661
2025-04-16,0.0,0.0,0.0,0.0,0.0,0.0,0.0,0.0,0.0,0.0,0.0,0.0,0.0,0.0,0.0,0.0,0.0,0.0,0.0,0.0,0.0,0.0,0.0,0.0,0.0,0.0,0.0,0.0,0.0,0.0,0.0,0.0,0.0,0.0,0.0,0.0,0.033538116905042555,0.0,0.0,0.0,0.0,0.0,0.0,0.0,0.0,0.0,0.0,0.0,0.0,0.0,0.0,0.0,0.0,0.0,0.0,0.0,0.0,0.0,0.0,0.0,0.0,0.0,0.0,0.0,0.0,0.0,0.0,0.0,0.0,0.0,0.0,0.0,0.0,0.0,0.0,0.0,0.0,0.0,0.0,0.0,0.0,0.0,0.0,0.03219743349575271,0.0,0.0,0.0,0.0,0.0,0.0,0.0,0.0,0.0,0.0,0.0,0.0,0.0,0.0,0.0,0.0,0.0,0.0,0.0,0.0,0.0,0.0,0.0,0.0,0.0,0.0,0.9342644495992047
2025-04-17,0.0,0.0,0.0,0.0,0.0,0.0,0.0,0.0,0.0,0.0,0.0,0.0,0.0,0.0,0.0,0.0,0.0,0.0,0.0,0.0,0.0,0.0,0.0,0.0,0.0,0.0,0.0,0.0,0.0,0.0,0.0,0.0,0.0,0.0,0.0,0.0,0.03393414195870785,0.0,0.0,0.0,0.0,0.0,0.0,0.0,0.0,0.0,0.0,0.0,0.0,0.0,0.0,0.0,0.0,0.0,0.0,0.0,0.0,0.0,0.0,0.0,0.0,0.0,0.0,0.0,0.0,0.0,0.0,0.0,0.0,0.0,0.0,0.0,0.0,0.0,0.0,0.0,0.0,0.0,0.0,0.0,0.0,0.0,0.0,0.03224487027259504,0.0,0.0,0.0,0.0,0.0,0.0,0.0,0.0,0.0,0.0,0.0,0.0,0.0,0.0,0.0,0.0,0.0,0.0,0.0,0.0,0.0,0.0,0.0,0.0,0.0,0.0,0.933820987768697
2025-04-22,0.0,0.0,0.0,0.0,0.0,0.0,0.0,0.0,0.0,0.0,0.0,0.0,0.0,0.0,0.0,0.0,0.0,0.0,0.0,0.0,0.0,0.0,0.0,0.0,0.0,0.0,0.0,0.0,0.0,0.0,0.0,0.0,0.0,0.0,0.0,0.0,0.03404612937931511,0.0,0.0,0.0,0.0,0.0,0.0,0.0,0.0,0.0,0.0,0.0,0.0,0.0,0.0,0.0,0.0,0.0,0.0,0.0,0.0,0.0,0.0,0.0,0.0,0.0,0.0,0.0,0.0,0.0,0.0,0.0,0.0,0.0,0.0,0.0,0.0,0.0,0.0,0.0,0.0,0.0,0.0,0.0,0.0,0.0,0.0,0.03269370005184503,0.0,0.0,0.0,0.0,0.0,0.0,0.0,0.0,0.0,0.0,0.0,0.0,0.0,0.0,0.0,0.0,0.0,0.0,0.0,0.0,0.0,0.0,0.0,0.0,0.0,0.0,0.9332601705688398
2025-04-23,0.0,0.0,0.0,0.0,0.0,0.0,0.0,0.0,0.0,0.0,0.0,0.0,0.0,0.0,0.0,0.0,0.0,0.0,0.0,0.0,0.0,0.0,0.0,0.0,0.0,0.0,0.0,0.0,0.0,0.0,0.0,0.0,0.0,0.0,0.0,0.0,0.034512866798223525,0.0,0.0,0.0,0.0,0.0,0.0,0.0,0.0,0.0,0.0,0.0,0.0,0.0,0.0,0.0,0.0,0.0,0.0,0.0,0.0,0.0,0.0,0.0,0.0,0.0,0.0,0.0,0.0,0.0,0.0,0.0,0.0,0.0,0.0,0.0,0.0,0.0,0.0,0.0,0.0,0.0,0.0,0.0,0.0,0.0,0.0,0.033037303876797014,0.0,0.0,0.0,0.0,0.0,0.0,0.0,0.0,0.0,0.0,0.0,0.0,0.0,0.0,0.0,0.0,0.0,0.0,0.0,0.0,0.0,0.0,0.0,0.0,0.0,0.0,0.9324498293249794
2025-04-24,0.0,0.0,0.0,0.0,0.0,0.0,0.0,0.0,0.0,0.0,0.0,0.0,0.0,0.0,0.0,0.0,0.0,0.0,0.0,0.0,0.0,0.0,0.0,0.0,0.0,0.0,0.0,0.0,0.0,0.0,0.0,0.0,0.0,0.0,0.0,0.0,0.03521175328403845,0.0,0.0,0.0,0.0,0.0,0.0,0.0,0.0,0.0,0.0,0.0,0.0,0.0,0.0,0.0,0.0,0.0,0.0,0.0,0.0,0.0,0.0,0.0,0.0,0.0,0.0,0.0,0.0,0.0,0.0,0.0,0.0,0.0,0.0,0.0,0.0,0.0,0.0,0.0,0.0,0.0,0.0,0.0,0.0,0.0,0.0,0.03319578590009502,0.0,0.0,0.0,0.0,0.0,0.0,0.0,0.0,0.0,0.0,0.0,0.0,0.0,0.0,0.0,0.0,0.0,0.0,0.0,0.0,0.0,0.0,0.0,0.0,0.0,0.0,0.9315924608158667
2025-04-25,0.0,0.0,0.0,0.0,0.0,0.0,0.0,0.0,0.0,0.0,0.0,0.0,0.0,0.0,0.0,0.0,0.0,0.0,0.0,0.0,0.0,0.0,0.0,0.0,0.0,0.0,0.0,0.0,0.0,0.0,0.0,0.0,0.0,0.0,0.0,0.0,0.035530183024515744,0.0,0.0,0.0,0.0,0.0,0.0,0.0,0.0,0.0,0.0,0.0,0.0,0.0,0.0,0.0,0.0,0.0,0.0,0.0,0.0,0.0,0.0,0.0,0.0,0.0,0.0,0.0,0.0,0.0,0.0,0.0,0.0,0.0,0.0,0.0,0.0,0.0,0.0,0.0,0.0,0.0,0.0,0.0,0.0,0.0,0.0,0.03357333401741812,0.0,0.0,0.0,0.0,0.0,0.0,0.0,0.0,0.0,0.0,0.0,0.0,0.0,0.0,0.0,0.0,0.0,0.0,0.0,0.0,0.0,0.0,0.0,0.0,0.0,0.0,0.9308964829580662
2025-04-28,0.0,0.0,0.0,0.0,0.0,0.0,0.0,0.0,0.0,0.0,0.0,0.0,0.0,0.0,0.0,0.0,0.0,0.0,0.0,0.0,0.0,0.0,0.0,0.0,0.0,0.0,0.0,0.0,0.0,0.0,0.0,0.0,0.0,0.0,0.0,0.0,0.03570715079278239,0.0,0.0,0.0,0.0,0.0,0.0,0.0,0.0,0.0,0.0,0.0,0.0,0.0,0.0,0.0,0.0,0.0,0.0,0.0,0.0,0.0,0.0,0.0,0.0,0.0,0.0,0.0,0.0,0.0,0.0,0.0,0.0,0.0,0.0,0.0,0.0,0.0,0.0,0.0,0.0,0.0,0.0,0.0,0.0,0.0,0.0,0.03386326612993036,0.0,0.0,0.0,0.0,0.0,0.0,0.0,0.0,0.0,0.0,0.0,0.0,0.0,0.0,0.0,0.0,0.0,0.0,0.0,0.0,0.0,0.0,0.0,0.0,0.0,0.0,0.9304295830772873
2025-04-29,0.0,0.0,0.0,0.0,0.0,0.0,0.0,0.0,0.0,0.0,0.0,0.0,0.0,0.0,0.0,0.0,0.0,0.0,0.0,0.0,0.0,0.0,0.0,0.0,0.0,0.0,0.0,0.0,0.0,0.0,0.0,0.0,0.0,0.0,0.0,0.0,0.03421635604403198,0.0,0.0,0.0,0.0,0.0,0.0,0.0,0.0,0.0,0.0,0.0,0.0,0.0,0.0,0.0,0.0,0.0,0.0,0.0,0.0,0.0,0.0,0.0,0.0,0.0,0.0,0.0,0.0,0.0,0.0,0.0,0.0,0.0,0.0,0.0,0.0,0.0,0.0,0.0,0.0,0.0,0.0,0.0,0.0,0.0,0.0,0.03419638836704035,0.0,0.0,0.0,0.0,0.0,0.0,0.0,0.0,0.0,0.0,0.0,0.0,0.0,0.0,0.0,0.0,0.0,0.0,0.0,0.0,0.0,0.0,0.0,0.0,0.0,0.0,0.9315872555889277
2025-04-30,0.0,0.0,0.0,0.0,0.0,0.0,0.0,0.0,0.0,0.0,0.0,0.0,0.0,0.0,0.0,0.0,0.0,0.0,0.0,0.0,0.0,0.0,0.0,0.0,0.0,0.0,0.0,0.0,0.0,0.0,0.0,0.0,0.0,0.0,0.0,0.0,0.034878052907744685,0.0,0.0,0.0,0.0,0.0,0.0,0.0,0.0,0.0,0.0,0.0,0.0,0.0,0.0,0.0,0.0,0.0,0.0,0.0,0.0,0.0,0.0,0.0,0.0,0.0,0.0,0.0,0.0,0.0,0.0,0.0,0.0,0.0,0.0,0.0,0.0,0.0,0.0,0.0,0.0,0.0,0.0,0.0,0.0,0.0,0.0,0.03476552661768226,0.0,0.0,0.0,0.0,0.0,0.0,0.0,0.0,0.0,0.0,0.0,0.0,0.0,0.0,0.0,0.0,0.0,0.0,0.0,0.0,0.0,0.0,0.0,0.0,0.0,0.0,0.9303564204745731
2025-05-02,0.0,0.0,0.0,0.0,0.0,0.0,0.0,0.0,0.0,0.0,0.0,0.0,0.0,0.0,0.0,0.0,0.0,0.0,0.0,0.0,0.0,0.0,0.0,0.0,0.0,0.0,0.0,0.0,0.0,0.0,0.0,0.0,0.0,0.0,0.0,0.0,0.03436529494016243,0.0,0.0,0.0,0.0,0.0,0.0,0.0,0.0,0.0,0.0,0.0,0.0,0.0,0.0,0.0,0.0,0.0,0.0,0.0,0.0,0.0,0.0,0.0,0.0,0.0,0.0,0.0,0.0,0.0,0.0,0.0,0.0,0.0,0.0,0.0,0.0,0.0,0.0,0.0,0.0,0.0,0.0,0.0,0.0,0.0,0.0,0.034553011914684545,0.0,0.0,0.0,0.0,0.0,0.0,0.0,0.0,0.0,0.0,0.0,0.0,0.0,0.0,0.0,0.0,0.0,0.0,0.0,0.0,0.0,0.0,0.0,0.0,0.0,0.0,0.9310816931451531
2025-05-05,0.0,0.0,0.0,0.0,0.0,0.0,0.0,0.0,0.0,0.0,0.0,0.0,0.0,0.0,0.0,0.0,0.0,0.0,0.0,0.0,0.0,0.0,0.0,0.0,0.0,0.0,0.0,0.0,0.0,0.0,0.0,0.0,0.0,0.0,0.0,0.0,0.03433563945215357,0.0,0.0,0.0,0.0,0.0,0.0,0.0,0.0,0.0,0.0,0.0,0.0,0.0,0.0,0.0,0.0,0.0,0.0,0.0,0.0,0.0,0.0,0.0,0.0,0.0,0.0,0.0,0.0,0.0,0.0,0.0,0.0,0.0,0.0,0.0,0.0,0.0,0.0,0.0,0.0,0.0,0.0,0.0,0.0,0.0,0.0,0.034307963732315885,0.0,0.0,0.0,0.0,0.0,0.0,0.0,0.0,0.0,0.0,0.0,0.0,0.0,0.0,0.0,0.0,0.0,0.0,0.0,0.0,0.0,0.0,0.0,0.0,0.0,0.0,0.9313563968155306
2025-05-06,0.029929365941765828,0.0,0.0,0.0,0.0,0.0,0.0,0.0,0.0,0.0,0.0,0.0,0.0,0.0,0.0,0.0,0.0,0.0,0.0,0.0,0.0,0.0,0.0,0.0,0.0,0.0,0.0,0.0,0.0,0.0,0.0,0.0,0.0,0.0,0.0,0.0,0.04670471295387197,0.0,0.0,0.0,0.0,0.0,0.0,0.0,0.0,0.0,0.0,0.0,0.03837699524104975,0.0,0.03817904416055052,0.0,0.0,0.0,0.0,0.0,0.0,0.0,0.0,0.0,0.0,0.0,0.0,0.0,0.0,0.0,0.0,0.0,0.0,0.0,0.0,0.0,0.0,0.0,0.0,0.0,0.0,0.0,0.03816714916309974,0.03815524914246557,0.03647499716037051,0.0,0.0,0.0466325516771042,0.0,0.0,0.0,0.0,0.0,0.0,0.0,0.0,0.0,0.0,0.0,0.0,0.0,0.0,0.0,0.0,0.0,0.0,0.0,0.0,0.0,0.0,0.0,0.0,0.0,0.0,0.687379934559722
2025-05-07,0.029873047386650038,0.0,0.0,0.0,0.0,0.0,0.0,0.0,0.0,0.0,0.0,0.0,0.0,0.0,0.0,0.0,0.0,0.0,0.0,0.0,0.0,0.0,0.0,0.0,0.0,0.0,0.0,0.0,0.0,0.0,0.0,0.0,0.0,0.0,0.0,0.0,0.04628313803561195,0.0,0.0,0.0,0.0,0.0,0.0,0.0,0.0,0.0,0.0,0.0,0.038337584491736874,0.0,0.03797264559078705,0.0,0.0,0.0,0.0,0.0,0.0,0.0,0.0,0.0,0.0,0.0,0.0,0.0,0.0,0.0,0.0,0.0,0.0,0.0,0.0,0.0,0.0,0.0,0.0,0.0,0.0,0.0,0.03841507825666426,0.038331972031718245,0.03620676782000184,0.0,0.0,0.046846803387756146,0.0,0.0,0.0,0.0,0.0,0.0,0.0,0.0,0.0,0.0,0.0,0.0,0.0,0.0,0.0,0.0,0.0,0.0,0.0,0.0,0.0,0.0,0.0,0.0,0.0,0.0,0.6877329629990737
2025-05-08,0.030028494660715218,0.0,0.0,0.0,0.0,0.0,0.0,0.0,0.0,0.0,0.0,0.0,0.0,0.0,0.0,0.0,0.0,0.0,0.0,0.0,0.0,0.0,0.0,0.0,0.0,0.0,0.0,0.0,0.0,0.0,0.0,0.0,0.0,0.0,0.0,0.0,0.04501956743703073,0.0,0.0,0.0,0.0,0.0,0.0,0.0,0.0,0.0,0.0,0.0,0.03732627791284538,0.0,0.03894995562807262,0.0,0.0,0.0,0.0,0.0,0.0,0.0,0.0,0.0,0.0,0.0,0.0,0.0,0.0,0.0,0.0,0.0,0.0,0.0,0.0,0.0,0.0,0.0,0.0,0.0,0.0,0.0,0.03901303135612267,0.03881120637899396,0.036318538635035265,0.0,0.0,0.0473522396362553,0.0,0.0,0.0,0.0,0.0,0.0,0.0,0.0,0.0,0.0,0.0,0.0,0.0,0.0,0.0,0.0,0.0,0.0,0.0,0.0,0.0,0.0,0.0,0.0,0.0,0.0,0.6871806883549288
2025-05-09,0.028822373752530214,0.0,0.0,0.0,0.0,0.0,0.0,0.0,0.0,0.0,0.0,0.0,0.0,0.0,0.0,0.0,0.0,0.0,0.0,0.0,0.0,0.0,0.0,0.0,0.0,0.0,0.0,0.0,0.0,0.0,0.0,0.0,0.0,0.0,0.0,0.0,0.045119059832855975,0.0,0.0,0.0,0.0,0.0,0.0,0.0,0.0,0.0,0.0,0.0,0.035302291407085566,0.0,0.03936851126419143,0.0,0.0,0.0,0.0,0.0,0.0,0.0,0.0,0.0,0.0,0.0,0.0,0.0,0.0,0.0,0.0,0.0,0.0,0.0,0.0,0.0,0.0,0.0,0.0,0.0,0.0,0.0,0.03916983826799053,0.03902014617966207,0.036438075469196966,0.0,0.0,0.04997744646209087,0.0,0.0,0.0,0.0,0.0,0.0,0.0,0.0,0.0,0.0,0.0,0.0,0.0,0.0,0.0,0.0,0.0,0.0,0.0,0.0,0.0,0.0,0.0,0.0,0.0,0.0,0.6867822573643964
2025-05-12,0.029255854125692815,0.0,0.0,0.0,0.0,0.0,0.0,0.0,0.0,0.0,0.0,0.0,0.0,0.0,0.0,0.0,0.0,0.0,0.0,0.0,0.0,0.0,0.0,0.0,0.0,0.0,0.0,0.0,0.0,0.0,0.0,0.0,0.0,0.0,0.0,0.0,0.045381930643294384,0.0,0.0,0.0,0.0,0.0,0.0,0.0,0.0,0.0,0.0,0.0,0.035255293303584435,0.0,0.038617560912442006,0.0,0.0,0.0,0.0,0.0,0.0,0.0,0.0,0.0,0.0,0.0,0.0,0.0,0.0,0.0,0.0,0.0,0.0,0.0,0.0,0.0,0.0,0.0,0.0,0.0,0.0,0.0,0.04025196169037437,0.03997446313569286,0.03517353628298234,0.0,0.0,0.048587792420230744,0.0,0.0,0.0,0.0,0.0,0.0,0.0,0.0,0.0,0.0,0.0,0.0,0.0,0.0,0.0,0.0,0.0,0.0,0.0,0.0,0.0,0.0,0.0,0.0,0.0,0.0,0.6875016074857059
2025-05-13,0.029713937985933705,0.0,0.0,0.0,0.0,0.0,0.0,0.0,0.0,0.0,0.0,0.0,0.0,0.0,0.0,0.0,0.0,0.0,0.0,0.0,0.0,0.0,0.0,0.0,0.0,0.0,0.0,0.0,0.0,0.0,0.0,0.0,0.0,0.0,0.0,0.0,0.04474426165335444,0.0,0.0,0.0,0.0,0.0,0.0,0.0,0.0,0.0,0.0,0.0,0.035424437930676296,0.0,0.040115935445199535,0.0,0.0,0.0,0.0,0.0,0.0,0.0,0.0,0.0,0.0,0.0,0.0,0.0,0.0,0.0,0.0,0.0,0.0,0.0,0.0,0.0,0.0,0.0,0.0,0.0,0.0,0.0,0.04023848867282054,0.04033058380596902,0.0365505066177027,0.0,0.0,0.04924704358473894,0.0,0.0,0.0,0.0,0.0,0.0,0.0,0.0,0.0,0.0,0.0,0.0,0.0,0.0,0.0,0.0,0.0,0.0,0.0,0.0,0.0,0.0,0.0,0.0,0.0,0.0,0.6836348043036048
2025-05-14,0.02969018997085035,0.0,0.0,0.0,0.0,0.0,0.0,0.0,0.0,0.0,0.0,0.0,0.0,0.0,0.0,0.0,0.0,0.0,0.0,0.0,0.0,0.0,0.0,0.0,0.0,0.0,0.0,0.0,0.0,0.0,0.0,0.0,0.0,0.0,0.0,0.0,0.045891333652739,0.0,0.0,0.0,0.0,0.0,0.0,0.0,0.0,0.0,0.0,0.0,0.03529720692570068,0.0,0.039259430838676314,0.0,0.0,0.0,0.0,0.0,0.0,0.0,0.0,0.0,0.0,0.0,0.0,0.0,0.0,0.0,0.0,0.0,0.0,0.0,0.0,0.0,0.0,0.0,0.0,0.0,0.0,0.0,0.039836804511564176,0.03991056863335854,0.03726618991725301,0.0,0.0,0.05129917662653849,0.0,0.0,0.0,0.0,0.0,0.0,0.0,0.0,0.0,0.0,0.0,0.0,0.0,0.0,0.0,0.0,0.0,0.0,0.0,0.0,0.0,0.0,0.0,0.0,0.0,0.0,0.6815490989233194
2025-05-15,0.029962517054662893,0.0,0.0,0.0,0.0,0.0,0.0,0.0,0.0,0.0,0.0,0.0,0.0,0.0,0.0,0.0,0.0,0.0,0.0,0.0,0.0,0.0,0.0,0.0,0.0,0.0,0.0,0.0,0.0,0.0,0.0,0.0,0.0,0.0,0.0,0.0,0.045685444855402886,0.0,0.0,0.0,0.0,0.0,0.0,0.0,0.0,0.0,0.0,0.0,0.03505785795958907,0.0,0.03954090138467874,0.0,0.0,0.0,0.0,0.0,0.0,0.0,0.0,0.0,0.0,0.0,0.0,0.0,0.0,0.0,0.0,0.0,0.0,0.0,0.0,0.0,0.0,0.0,0.0,0.0,0.0,0.0,0.03994129003489149,0.03983651303623928,0.0379843617276978,0.0,0.0,0.05048326491444852,0.0,0.0,0.0,0.0,0.0,0.0,0.0,0.0,0.0,0.0,0.0,0.0,0.0,0.0,0.0,0.0,0.0,0.0,0.0,0.0,0.0,0.0,0.0,0.0,0.0,0.0,0.6815078490323893
2025-05-16,0.03024614144514612,0.0,0.0,0.0,0.0,0.0,0.0,0.0,0.0,0.0,0.0,0.0,0.0,0.0,0.0,0.0,0.0,0.0,0.0,0.0,0.0,0.0,0.0,0.0,0.0,0.0,0.0,0.0,0.0,0.0,0.0,0.0,0.0,0.0,0.0,0.0,0.045503230630008516,0.0,0.0,0.0,0.0,0.0,0.0,0.0,0.0,0.0,0.0,0.0,0.03506308227214212,0.0,0.03953629197105631,0.0,0.0,0.0,0.0,0.0,0.0,0.0,0.0,0.0,0.0,0.0,0.0,0.0,0.0,0.0,0.0,0.0,0.0,0.0,0.0,0.0,0.0,0.0,0.0,0.0,0.0,0.0,0.03981310603605653,0.03994228636743126,0.03737885439462419,0.0,0.0,0.052031651142467605,0.0,0.0,0.0,0.0,0.0,0.0,0.0,0.0,0.0,0.0,0.0,0.0,0.0,0.0,0.0,0.0,0.0,0.0,0.0,0.0,0.0,0.0,0.0,0.0,0.0,0.0,0.6804853557410674
2025-05-19,0.029943182821963708,0.0,0.0,0.0,0.0,0.0,0.0,0.0,0.0,0.0,0.0,0.0,0.0,0.0,0.0,0.0,0.0,0.0,0.0,0.0,0.0,0.0,0.0,0.0,0.0,0.0,0.0,0.0,0.0,0.0,0.0,0.0,0.0,0.0,0.0,0.0,0.045305213122155026,0.0,0.0,0.0,0.0,0.0,0.0,0.0,0.0,0.0,0.0,0.0,0.03489394628571213,0.0,0.03962017540354622,0.0,0.0,0.0,0.0,0.0,0.0,0.0,0.0,0.0,0.0,0.0,0.0,0.0,0.0,0.0,0.0,0.0,0.0,0.0,0.0,0.0,0.0,0.0,0.0,0.0,0.0,0.0,0.0396905288854264,0.03987464827533709,0.037995488469004496,0.0,0.0,0.05212490573074035,0.0,0.0,0.0,0.0,0.0,0.0,0.0,0.0,0.0,0.0,0.0,0.0,0.0,0.0,0.0,0.0,0.0,0.0,0.0,0.0,0.0,0.0,0.0,0.0,0.0,0.0,0.6805519110061146
2025-05-20,0.030305267976214193,0.0,0.0,0.0,0.0,0.0,0.0,0.0,0.0,0.0,0.0,0.0,0.0,0.0,0.0,0.0,0.0,0.0,0.0,0.0,0.0,0.0,0.0,0.0,0.0,0.0,0.0,0.0,0.0,0.0,0.0,0.0,0.0,0.0,0.0,0.0,0.04582873036535936,0.0,0.0,0.0,0.0,0.0,0.0,0.0,0.0,0.0,0.0,0.0,0.03438481606551599,0.0,0.03973749040463391,0.0,0.0,0.0,0.0,0.0,0.0,0.0,0.0,0.0,0.0,0.0,0.0,0.0,0.0,0.0,0.0,0.0,0.0,0.0,0.0,0.0,0.0,0.0,0.0,0.0,0.0,0.0,0.03973311193497071,0.03995067828135527,0.03791381134842287,0.0,0.0,0.05268861874539212,0.0,0.0,0.0,0.0,0.0,0.0,0.0,0.0,0.0,0.0,0.0,0.0,0.0,0.0,0.0,0.0,0.0,0.0,0.0,0.0,0.0,0.0,0.0,0.0,0.0,0.0,0.6794574748781356
2025-05-21,0.03047793256276558,0.0,0.0,0.0,0.0,0.0,0.0,0.0,0.0,0.0,0.0,0.0,0.0,0.0,0.0,0.0,0.0,0.0,0.0,0.0,0.0,0.0,0.0,0.0,0.0,0.0,0.0,0.0,0.0,0.0,0.0,0.0,0.0,0.0,0.0,0.0,0.04584896681880288,0.0,0.0,0.0,0.0,0.0,0.0,0.0,0.0,0.0,0.0,0.0,0.03396956794217411,0.0,0.03779306081043737,0.0,0.0,0.0,0.0,0.0,0.0,0.0,0.0,0.0,0.0,0.0,0.0,0.0,0.0,0.0,0.0,0.0,0.0,0.0,0.0,0.0,0.0,0.0,0.0,0.0,0.0,0.0,0.03974665238200697,0.03985447244637829,0.03559503479657842,0.0,0.0,0.05083539955617289,0.0,0.0,0.0,0.0,0.0,0.0,0.0,0.0,0.0,0.0,0.0,0.0,0.0,0.0,0.0,0.0,0.0,0.0,0.0,0.0,0.0,0.0,0.0,0.0,0.0,0.0,0.6858789126846835
2025-05-22,0.030294841771927566,0.0,0.0,0.0,0.0,0.0,0.0,0.0,0.0,0.0,0.0,0.0,0.0,0.0,0.0,0.0,0.0,0.0,0.0,0.0,0.0,0.0,0.0,0.0,0.0,0.0,0.0,0.0,0.0,0.0,0.0,0.0,0.0,0.0,0.0,0.0,0.04509924276957549,0.0,0.0,0.0,0.0,0.0,0.0,0.0,0.0,0.0,0.0,0.0,0.03368320440976818,0.0,0.03799400533649698,0.0,0.0,0.0,0.0,0.0,0.0,0.0,0.0,0.0,0.0,0.0,0.0,0.0,0.0,0.0,0.0,0.0,0.0,0.0,0.0,0.0,0.0,0.0,0.0,0.0,0.0,0.0,0.039215282028145323,0.03932381176091347,0.036707469834991194,0.0,0.0,0.05149135512183737,0.0,0.0,0.0,0.0,0.0,0.0,0.0,0.0,0.0,0.0,0.0,0.0,0.0,0.0,0.0,0.0,0.0,0.0,0.0,0.0,0.0,0.0,0.0,0.0,0.0,0.0,0.6861907869663444
2025-05-23,0.029663211468093965,0.0,0.0,0.0,0.0,0.0,0.0,0.0,0.0,0.0,0.0,0.0,0.0,0.0,0.0,0.0,0.0,0.0,0.0,0.0,0.0,0.0,0.0,0.0,0.0,0.0,0.0,0.0,0.0,0.0,0.0,0.0,0.0,0.0,0.0,0.0,0.04541233612787305,0.0,0.0,0.0,0.0,0.0,0.0,0.0,0.0,0.0,0.0,0.0,0.03362791262927238,0.0,0.037804178084869335,0.0,0.0,0.0,0.0,0.0,0.0,0.0,0.0,0.0,0.0,0.0,0.0,0.0,0.0,0.0,0.0,0.0,0.0,0.0,0.0,0.0,0.0,0.0,0.0,0.0,0.0,0.0,0.03920946331489344,0.039346975653103536,0.03685934881950732,0.0,0.0,0.05264042837862516,0.0,0.0,0.0,0.0,0.0,0.0,0.0,0.0,0.0,0.0,0.0,0.0,0.0,0.0,0.0,0.0,0.0,0.0,0.0,0.0,0.0,0.0,0.0,0.0,0.0,0.0,0.6854361455237619
2025-05-26,0.030434658947959752,0.0,0.0,0.0,0.0,0.0,0.0,0.0,0.0,0.0,0.0,0.0,0.0,0.0,0.0,0.0,0.0,0.0,0.0,0.0,0.0,0.0,0.0,0.0,0.0,0.0,0.0,0.0,0.0,0.0,0.0,0.0,0.0,0.0,0.0,0.0,0.04495727509988527,0.0,0.0,0.0,0.0,0.0,0.0,0.0,0.0,0.0,0.0,0.0,0.033448770771950714,0.0,0.038103482932650506,0.0,0.0,0.0,0.0,0.0,0.0,0.0,0.0,0.0,0.0,0.0,0.0,0.0,0.0,0.0,0.0,0.0,0.0,0.0,0.0,0.0,0.0,0.0,0.0,0.0,0.0,0.0,0.03916200350946553,0.0391624864181545,0.037333287907387984,0.0,0.0,0.05262471015841952,0.0,0.0,0.0,0.0,0.0,0.0,0.0,0.0,0.0,0.0,0.0,0.0,0.0,0.0,0.0,0.0,0.0,0.0,0.0,0.0,0.0,0.0,0.0,0.0,0.0,0.0,0.6847733242541261
2025-05-27,0.030453609997277645,0.0,0.0,0.0,0.0,0.0,0.0,0.0,0.0,0.0,0.0,0.0,0.0,0.0,0.0,0.0,0.0,0.0,0.0,0.0,0.0,0.0,0.0,0.0,0.0,0.0,0.0,0.0,0.0,0.0,0.0,0.0,0.0,0.0,0.0,0.0,0.04582424752699663,0.0,0.0,0.0,0.0,0.0,0.0,0.0,0.0,0.0,0.0,0.0,0.03362819985574131,0.0,0.03844289317772118,0.0,0.0,0.0,0.0,0.0,0.0,0.0,0.0,0.0,0.0,0.0,0.0,0.0,0.0,0.0,0.0,0.0,0.0,0.0,0.0,0.0,0.0,0.0,0.0,0.0,0.0,0.0,0.03931066266962126,0.03922521278386463,0.03901581446528249,0.0,0.0,0.05286295388789116,0.0,0.0,0.0,0.0,0.0,0.0,0.0,0.0,0.0,0.0,0.0,0.0,0.0,0.0,0.0,0.0,0.0,0.0,0.0,0.0,0.0,0.0,0.0,0.0,0.0,0.0,0.6812364056356037
2025-05-28,0.030487861228394617,0.0,0.0,0.0,0.0,0.0,0.0,0.0,0.0,0.0,0.0,0.0,0.0,0.0,0.0,0.0,0.0,0.0,0.0,0.0,0.0,0.0,0.0,0.0,0.0,0.0,0.0,0.0,0.0,0.0,0.0,0.0,0.0,0.0,0.0,0.0,0.04522464214044802,0.0,0.0,0.0,0.0,0.0,0.0,0.0,0.0,0.0,0.0,0.0,0.033640456304626164,0.0,0.03889151232474058,0.0,0.0,0.0,0.0,0.0,0.0,0.0,0.0,0.0,0.0,0.0,0.0,0.0,0.0,0.0,0.0,0.0,0.0,0.0,0.0,0.0,0.0,0.0,0.0,0.0,0.0,0.0,0.03886598660476667,0.03914478541093179,0.03790003266846276,0.0,0.0,0.05347203431758398,0.0,0.0,0.0,0.0,0.0,0.0,0.0,0.0,0.0,0.0,0.0,0.0,0.0,0.0,0.0,0.0,0.0,0.0,0.0,0.0,0.0,0.0,0.0,0.0,0.0,0.0,0.6823726890000453
2025-05-29,0.029629650864871866,0.0,0.0,0.0,0.0,0.0,0.0,0.0,0.0,0.0,0.0,0.0,0.0,0.0,0.0,0.0,0.0,0.0,0.0,0.0,0.0,0.0,0.0,0.0,0.0,0.0,0.0,0.0,0.0,0.0,0.0,0.0,0.0,0.0,0.0,0.0,0.04443057378458495,0.0,0.0,0.0,0.0,0.0,0.0,0.0,0.0,0.0,0.0,0.0,0.03364112871009419,0.0,0.038617590899391326,0.0,0.0,0.0,0.0,0.0,0.0,0.0,0.0,0.0,0.0,0.0,0.0,0.0,0.0,0.0,0.0,0.0,0.0,0.0,0.0,0.0,0.0,0.0,0.0,0.0,0.0,0.0,0.03884972353941648,0.03893851528187233,0.03814062364022932,0.0,0.0,0.054476353586599476,0.0,0.0,0.0,0.0,0.0,0.0,0.0,0.0,0.0,0.0,0.0,0.0,0.0,0.0,0.0,0.0,0.0,0.0,0.0,0.0,0.0,0.0,0.0,0.0,0.0,0.0,0.6832758396929401
2025-05-30,0.028898846961334993,0.0,0.0,0.0,0.0,0.0,0.0,0.0,0.0,0.0,0.0,0.0,0.0,0.0,0.0,0.0,0.0,0.0,0.0,0.0,0.0,0.0,0.0,0.0,0.0,0.0,0.0,0.0,0.0,0.0,0.0,0.0,0.0,0.0,0.0,0.0,0.044679898989280376,0.0,0.0,0.0,0.0,0.0,0.0,0.0,0.0,0.0,0.0,0.0,0.03372398874685633,0.0,0.03807017325048391,0.0,0.0,0.0,0.0,0.0,0.0,0.0,0.0,0.0,0.0,0.0,0.0,0.0,0.0,0.0,0.0,0.0,0.0,0.0,0.0,0.0,0.0,0.0,0.0,0.0,0.0,0.0,0.03837322891318873,0.03855095238260607,0.03828211327915093,0.0,0.0,0.055131108968276075,0.0,0.0,0.0,0.0,0.0,0.0,0.0,0.0,0.0,0.0,0.0,0.0,0.0,0.0,0.0,0.0,0.0,0.0,0.0,0.0,0.0,0.0,0.0,0.0,0.0,0.0,0.6842896885088225
2025-06-02,0.02886546648165558,0.0,0.0,0.0,0.0,0.0,0.0,0.0,0.0,0.0,0.0,0.0,0.0,0.0,0.0,0.0,0.0,0.0,0.0,0.0,0.0,0.0,0.0,0.0,0.0,0.0,0.0,0.0,0.0,0.0,0.0,0.0,0.0,0.0,0.0,0.0,0.04370151137387617,0.0,0.0,0.0,0.0,0.0,0.0,0.0,0.0,0.0,0.0,0.0,0.03376509909086489,0.0,0.037841462537707954,0.0,0.0,0.0,0.0,0.0,0.0,0.0,0.0,0.0,0.0,0.0,0.0,0.0,0.0,0.0,0.0,0.0,0.0,0.0,0.0,0.0,0.0,0.0,0.0,0.0,0.0,0.0,0.03846373557114782,0.03874923816493278,0.03899489208287037,0.0,0.0,0.05542173328353297,0.0,0.0,0.0,0.0,0.0,0.0,0.0,0.0,0.0,0.0,0.0,0.0,0.0,0.0,0.0,0.0,0.0,0.0,0.0,0.0,0.0,0.0,0.0,0.0,0.0,0.0,0.6841968614134114
2025-06-03,0.028914796936366748,0.0,0.0,0.0,0.0,0.0,0.0,0.0,0.0,0.0,0.0,0.0,0.0,0.0,0.0,0.0,0.0,0.0,0.0,0.0,0.0,0.0,0.0,0.0,0.0,0.0,0.0,0.0,0.0,0.0,0.0,0.0,0.0,0.0,0.0,0.0,0.04308411158148806,0.0,0.0,0.0,0.0,0.0,0.0,0.0,0.0,0.0,0.0,0.0,0.03467504169053494,0.0,0.03915530692572176,0.0,0.0,0.0,0.0,0.0,0.0,0.0,0.0,0.0,0.0,0.0,0.0,0.0,0.0,0.0,0.0,0.0,0.0,0.0,0.0,0.0,0.0,0.0,0.0,0.0,0.0,0.0,0.03855954912728614,0.03860601148173967,0.039890084981779254,0.0,0.0,0.05528442127632807,0.0,0.0,0.0,0.0,0.0,0.0,0.0,0.0,0.0,0.0,0.0,0.0,0.0,0.0,0.0,0.0,0.0,0.0,0.0,0.0,0.0,0.0,0.0,0.0,0.0,0.0,0.6818306759987554
2025-06-04,0.02948331889384628,0.0,0.0,0.0,0.0,0.0,0.0,0.0,0.0,0.0,0.0,0.0,0.0,0.0,0.0,0.0,0.0,0.0,0.0,0.0,0.0,0.0,0.0,0.0,0.0,0.0,0.0,0.0,0.0,0.0,0.0,0.0,0.0,0.0,0.0,0.0,0.043074557870416495,0.0,0.0,0.0,0.0,0.0,0.0,0.0,0.0,0.0,0.0,0.0,0.03481369506584925,0.0,0.03864635854811411,0.0,0.0,0.0,0.0,0.0,0.0,0.0,0.0,0.0,0.0,0.0,0.0,0.0,0.0,0.0,0.0,0.0,0.0,0.0,0.0,0.0,0.0,0.0,0.0,0.0,0.0,0.0,0.03753225283393154,0.037639074435924846,0.03956928316397325,0.0,0.0,0.055318350515902885,0.0,0.0,0.0,0.0,0.0,0.0,0.0,0.0,0.0,0.0,0.0,0.0,0.0,0.0,0.0,0.0,0.0,0.0,0.0,0.0,0.0,0.0,0.0,0.0,0.0,0.0,0.6839231086720414
2025-06-05,0.029439871850273313,0.0,0.0,0.0,0.0,0.0,0.0,0.0,0.0,0.0,0.0,0.0,0.0,0.0,0.0,0.0,0.0,0.0,0.0,0.0,0.0,0.0,0.0,0.0,0.0,0.0,0.0,0.0,0.0,0.0,0.0,0.0,0.0,0.0,0.0,0.0,0.04323015243798435,0.0,0.0,0.0,0.0,0.0,0.0,0.0,0.0,0.0,0.0,0.0,0.03454963607669153,0.0,0.0386290054769984,0.0,0.0,0.0,0.0,0.0,0.0,0.0,0.0,0.0,0.0,0.0,0.0,0.0,0.0,0.0,0.0,0.0,0.0,0.0,0.0,0.0,0.0,0.0,0.0,0.0,0.0,0.0,0.03736106079621876,0.037684383433569044,0.038601468387353385,0.0,0.0,0.055619851262474956,0.0,0.0,0.0,0.0,0.0,0.0,0.0,0.0,0.0,0.0,0.0,0.0,0.0,0.0,0.0,0.0,0.0,0.0,0.0,0.0,0.0,0.0,0.0,0.0,0.0,0.0,0.6848845702784363
2025-06-06,0.02950220844756438,0.0,0.0,0.0,0.0,0.0,0.0,0.0,0.0,0.0,0.0,0.0,0.0,0.0,0.0,0.0,0.0,0.0,0.0,0.0,0.0,0.0,0.0,0.0,0.0,0.0,0.0,0.0,0.0,0.0,0.0,0.0,0.0,0.0,0.0,0.0,0.04365345080304614,0.0,0.0,0.0,0.0,0.0,0.0,0.0,0.0,0.0,0.0,0.0,0.03433094213227426,0.0,0.03817932248184045,0.0,0.0,0.0,0.0,0.0,0.0,0.0,0.0,0.0,0.0,0.0,0.0,0.0,0.0,0.0,0.0,0.0,0.0,0.0,0.0,0.0,0.0,0.0,0.0,0.0,0.0,0.0,0.03776048196687413,0.03803831075511762,0.03860957947890497,0.0,0.0,0.05546058352284064,0.0,0.0,0.0,0.0,0.0,0.0,0.0,0.0,0.0,0.0,0.0,0.0,0.0,0.0,0.0,0.0,0.0,0.0,0.0,0.0,0.0,0.0,0.0,0.0,0.0,0.0,0.6844651204115375
2025-06-09,0.029015058631486824,0.0,0.0,0.0,0.0,0.0,0.0,0.0,0.0,0.0,0.0,0.0,0.0,0.0,0.0,0.0,0.0,0.0,0.0,0.0,0.0,0.0,0.0,0.0,0.0,0.0,0.0,0.0,0.0,0.0,0.0,0.0,0.0,0.0,0.0,0.0,0.04357993628502901,0.0,0.0,0.0,0.0,0.0,0.0,0.0,0.0,0.0,0.0,0.0,0.034351237621275454,0.0,0.03816849634805505,0.0,0.0,0.0,0.0,0.0,0.0,0.0,0.0,0.0,0.0,0.0,0.0,0.0,0.0,0.0,0.0,0.0,0.0,0.0,0.0,0.0,0.0,0.0,0.0,0.0,0.0,0.0,0.037429636710409074,0.03746120518695641,0.03878109963492035,0.0,0.0,0.055206236056319975,0.0,0.0,0.0,0.0,0.0,0.0,0.0,0.0,0.0,0.0,0.0,0.0,0.0,0.0,0.0,0.0,0.0,0.0,0.0,0.0,0.0,0.0,0.0,0.0,0.0,0.0,0.6860070935255479
2025-06-10,0.028779451908214872,0.0,0.0,0.0,0.0,0.0,0.0,0.0,0.0,0.0,0.0,0.0,0.0,0.0,0.0,0.0,0.0,0.0,0.0,0.0,0.0,0.0,0.0,0.0,0.0,0.0,0.0,0.0,0.0,0.0,0.0,0.0,0.0,0.0,0.0,0.0,0.04255771204193625,0.0,0.0,0.0,0.0,0.0,0.0,0.0,0.0,0.0,0.0,0.0,0.03452289827482188,0.0,0.03799971672360001,0.0,0.0,0.0,0.0,0.0,0.0,0.0,0.0,0.0,0.0,0.0,0.0,0.0,0.0,0.0,0.0,0.0,0.0,0.0,0.0,0.0,0.0,0.0,0.0,0.0,0.0,0.0,0.03870110103468778,0.038497424383861986,0.0390551703183391,0.0,0.0,0.055177439725103014,0.0,0.0,0.0,0.0,0.0,0.0,0.0,0.0,0.0,0.0,0.0,0.0,0.0,0.0,0.0,0.0,0.0,0.0,0.0,0.0,0.0,0.0,0.0,0.0,0.0,0.0,0.6847090855894351
2025-06-11,0.035598504121898925,0.0,0.0,0.0,0.0,0.0,0.0,0.0,0.0,0.0,0.0,0.0,0.0,0.0,0.0,0.0,0.0,0.0,0.0,0.0,0.0,0.0,0.0,0.0,0.0,0.0,0.0,0.0,0.0,0.0,0.0,0.0,0.0,0.0,0.0,0.0,0.052148304907370054,0.0,0.0,0.0,0.0,0.0,0.0,0.0,0.0,0.0,0.0,0.0,0.03561638186462579,0.0,0.04543995609863161,0.0,0.0,0.0,0.0,0.0,0.0,0.0,0.0,0.0,0.0,0.0,0.0,0.0,0.0,0.0,0.0,0.0,0.0,0.0,0.0,0.0,0.0,0.0,0.0,0.0,0.0,0.0,0.04546060359301077,0.04545705314171116,0.03411726657200332,0.0,0.0,0.05225796524335046,0.0,0.0,0.0,0.0,0.0,0.0,0.0,0.0,0.0,0.0,0.0,0.0,0.0,0.0,0.0,0.0,0.0,0.0,0.0,0.0,0.0,0.0,0.0,0.0,0.0,0.0,0.646206639386017
2025-06-12,0.03578629686014371,0.0,0.0,0.0,0.0,0.0,0.0,0.0,0.0,0.0,0.0,0.0,0.0,0.0,0.0,0.0,0.0,0.0,0.0,0.0,0.0,0.0,0.0,0.0,0.0,0.0,0.0,0.0,0.0,0.0,0.0,0.0,0.0,0.0,0.0,0.0,0.05209545205339919,0.0,0.0,0.0,0.0,0.0,0.0,0.0,0.0,0.0,0.0,0.0,0.03534294069479072,0.0,0.04532856979343207,0.0,0.0,0.0,0.0,0.0,0.0,0.0,0.0,0.0,0.0,0.0,0.0,0.0,0.0,0.0,0.0,0.0,0.0,0.0,0.0,0.0,0.0,0.0,0.0,0.0,0.0,0.0,0.04647591110322256,0.046243516503029033,0.03490556083871924,0.0,0.0,0.052921771625849184,0.0,0.0,0.0,0.0,0.0,0.0,0.0,0.0,0.0,0.0,0.0,0.0,0.0,0.0,0.0,0.0,0.0,0.0,0.0,0.0,0.0,0.0,0.0,0.0,0.0,0.0,0.6432421230642568
2025-06-13,0.03540497800917454,0.0,0.0,0.0,0.0,0.0,0.0,0.0,0.0,0.0,0.0,0.0,0.0,0.0,0.0,0.0,0.0,0.0,0.0,0.0,0.0,0.0,0.0,0.0,0.0,0.0,0.0,0.0,0.0,0.0,0.0,0.0,0.0,0.0,0.0,0.0,0.05213694806896936,0.0,0.0,0.0,0.0,0.0,0.0,0.0,0.0,0.0,0.0,0.0,0.035026289063810265,0.0,0.045089280704006744,0.0,0.0,0.0,0.0,0.0,0.0,0.0,0.0,0.0,0.0,0.0,0.0,0.0,0.0,0.0,0.0,0.0,0.0,0.0,0.0,0.0,0.0,0.0,0.0,0.0,0.0,0.0,0.0474066879836781,0.04731988273238256,0.03472415511146907,0.0,0.0,0.05245910835039744,0.0,0.0,0.0,0.0,0.0,0.0,0.0,0.0,0.0,0.0,0.0,0.0,0.0,0.0,0.0,0.0,0.0,0.0,0.0,0.0,0.0,0.0,0.0,0.0,0.0,0.0,0.6504326699761119
2025-06-16,0.035815575271642766,0.0,0.0,0.0,0.0,0.0,0.0,0.0,0.0,0.0,0.0,0.0,0.0,0.0,0.0,0.0,0.0,0.0,0.0,0.0,0.0,0.0,0.0,0.0,0.0,0.0,0.0,0.0,0.0,0.0,0.0,0.0,0.0,0.0,0.0,0.0,0.052330243463099634,0.0,0.0,0.0,0.0,0.0,0.0,0.0,0.0,0.0,0.0,0.0,0.03538555799293525,0.0,0.04685228143569621,0.0,0.0,0.0,0.0,0.0,0.0,0.0,0.0,0.0,0.0,0.0,0.0,0.0,0.0,0.0,0.0,0.0,0.0,0.0,0.0,0.0,0.0,0.0,0.0,0.0,0.0,0.0,0.04711358293350008,0.0466447217301098,0.035070422202407636,0.0,0.0,0.052914236193734046,0.0,0.0,0.0,0.0,0.0,0.0,0.0,0.0,0.0,0.0,0.0,0.0,0.0,0.0,0.0,0.0,0.0,0.0,0.0,0.0,0.0,0.0,0.0,0.0,0.0,0.0,0.6478733787768746
2025-06-17,0.03548565947880381,0.0,0.0,0.0,0.0,0.0,0.0,0.0,0.0,0.0,0.0,0.0,0.0,0.0,0.0,0.0,0.0,0.0,0.0,0.0,0.0,0.0,0.0,0.0,0.0,0.0,0.0,0.0,0.0,0.0,0.0,0.0,0.0,0.0,0.0,0.0,0.05155328678448487,0.0,0.0,0.0,0.0,0.0,0.0,0.0,0.0,0.0,0.0,0.0,0.03532746681286513,0.0,0.04643015799213951,0.0,0.0,0.0,0.0,0.0,0.0,0.0,0.0,0.0,0.0,0.0,0.0,0.0,0.0,0.0,0.0,0.0,0.0,0.0,0.0,0.0,0.0,0.0,0.0,0.0,0.0,0.0,0.04844128702325351,0.04764092366409081,0.034661238959336454,0.0,0.0,0.05306317453570247,0.0,0.0,0.0,0.0,0.0,0.0,0.0,0.0,0.0,0.0,0.0,0.0,0.0,0.0,0.0,0.0,0.0,0.0,0.0,0.0,0.0,0.0,0.0,0.0,0.0,0.0,0.6473968047493235
2025-06-18,0.03580484042362489,0.0,0.0,0.0,0.0,0.0,0.0,0.0,0.0,0.0,0.0,0.0,0.0,0.0,0.0,0.0,0.0,0.0,0.0,0.0,0.0,0.0,0.0,0.0,0.0,0.0,0.0,0.0,0.0,0.0,0.0,0.0,0.0,0.0,0.0,0.0,0.05133099665400049,0.0,0.0,0.0,0.0,0.0,0.0,0.0,0.0,0.0,0.0,0.0,0.03502328059577521,0.0,0.04630289548647598,0.0,0.0,0.0,0.0,0.0,0.0,0.0,0.0,0.0,0.0,0.0,0.0,0.0,0.0,0.0,0.0,0.0,0.0,0.0,0.0,0.0,0.0,0.0,0.0,0.0,0.0,0.0,0.048196443130288306,0.04762189170682372,0.03481568355690906,0.0,0.0,0.05282443195069702,0.0,0.0,0.0,0.0,0.0,0.0,0.0,0.0,0.0,0.0,0.0,0.0,0.0,0.0,0.0,0.0,0.0,0.0,0.0,0.0,0.0,0.0,0.0,0.0,0.0,0.0,0.6480795364954053
2025-06-20,0.03580110281083232,0.0,0.0,0.0,0.0,0.0,0.0,0.0,0.0,0.0,0.0,0.0,0.0,0.0,0.0,0.0,0.0,0.0,0.0,0.0,0.0,0.0,0.0,0.0,0.0,0.0,0.0,0.0,0.0,0.0,0.0,0.0,0.0,0.0,0.0,0.0,0.0505557137108799,0.0,0.0,0.0,0.0,0.0,0.0,0.0,0.0,0.0,0.0,0.0,0.034701101062483024,0.0,0.04555882617326389,0.0,0.0,0.0,0.0,0.0,0.0,0.0,0.0,0.0,0.0,0.0,0.0,0.0,0.0,0.0,0.0,0.0,0.0,0.0,0.0,0.0,0.0,0.0,0.0,0.0,0.0,0.0,0.04852039897209397,0.047597853981738346,0.034573831381260356,0.0,0.0,0.05280437602474525,0.0,0.0,0.0,0.0,0.0,0.0,0.0,0.0,0.0,0.0,0.0,0.0,0.0,0.0,0.0,0.0,0.0,0.0,0.0,0.0,0.0,0.0,0.0,0.0,0.0,0.0,0.6498867958827029
2025-06-23,0.0358303530710739,0.0,0.0,0.0,0.0,0.0,0.0,0.0,0.0,0.0,0.0,0.0,0.0,0.0,0.0,0.0,0.0,0.0,0.0,0.0,0.0,0.0,0.0,0.0,0.0,0.0,0.0,0.0,0.0,0.0,0.0,0.0,0.0,0.0,0.0,0.0,0.050668185439866426,0.0,0.0,0.0,0.0,0.0,0.0,0.0,0.0,0.0,0.0,0.0,0.034972518563818056,0.0,0.04520509381608628,0.0,0.0,0.0,0.0,0.0,0.0,0.0,0.0,0.0,0.0,0.0,0.0,0.0,0.0,0.0,0.0,0.0,0.0,0.0,0.0,0.0,0.0,0.0,0.0,0.0,0.0,0.0,0.04726063201078396,0.04651187592095411,0.035016938250181616,0.0,0.0,0.05284271214926923,0.0,0.0,0.0,0.0,0.0,0.0,0.0,0.0,0.0,0.0,0.0,0.0,0.0,0.0,0.0,0.0,0.0,0.0,0.0,0.0,0.0,0.0,0.0,0.0,0.0,0.0,0.6516916907779665
2025-06-24,0.03626837221734936,0.0,0.0,0.0,0.0,0.0,0.0,0.0,0.0,0.0,0.0,0.0,0.0,0.0,0.0,0.0,0.0,0.0,0.0,0.0,0.0,0.0,0.0,0.0,0.0,0.0,0.0,0.0,0.0,0.0,0.0,0.0,0.0,0.0,0.0,0.0,0.05065871400764987,0.0,0.0,0.0,0.0,0.0,0.0,0.0,0.0,0.0,0.0,0.0,0.035109547624094316,0.0,0.04640762921834997,0.0,0.0,0.0,0.0,0.0,0.0,0.0,0.0,0.0,0.0,0.0,0.0,0.0,0.0,0.0,0.0,0.0,0.0,0.0,0.0,0.0,0.0,0.0,0.0,0.0,0.0,0.0,0.04623086955789345,0.045555572561084355,0.034940018660921744,0.0,0.0,0.053358993891212174,0.0,0.0,0.0,0.0,0.0,0.0,0.0,0.0,0.0,0.0,0.0,0.0,0.0,0.0,0.0,0.0,0.0,0.0,0.0,0.0,0.0,0.0,0.0,0.0,0.0,0.0,0.6514702822614449
2025-06-25,0.036955210376903025,0.0,0.0,0.0,0.0,0.0,0.0,0.0,0.0,0.0,0.0,0.0,0.0,0.0,0.0,0.0,0.0,0.0,0.0,0.0,0.0,0.0,0.0,0.0,0.0,0.0,0.0,0.0,0.0,0.0,0.0,0.0,0.0,0.0,0.0,0.0,0.050847775714031575,0.0,0.0,0.0,0.0,0.0,0.0,0.0,0.0,0.0,0.0,0.0,0.03527342825358747,0.0,0.0459608071259655,0.0,0.0,0.0,0.0,0.0,0.0,0.0,0.0,0.0,0.0,0.0,0.0,0.0,0.0,0.0,0.0,0.0,0.0,0.0,0.0,0.0,0.0,0.0,0.0,0.0,0.0,0.0,0.04593784108434453,0.04530108277254177,0.03496866961321827,0.0,0.0,0.05324403450747099,0.0,0.0,0.0,0.0,0.0,0.0,0.0,0.0,0.0,0.0,0.0,0.0,0.0,0.0,0.0,0.0,0.0,0.0,0.0,0.0,0.0,0.0,0.0,0.0,0.0,0.0,0.6515111505519368
2025-06-26,0.03676950025349515,0.0,0.0,0.0,0.0,0.0,0.0,0.0,0.0,0.0,0.0,0.0,0.0,0.0,0.0,0.0,0.0,0.0,0.0,0.0,0.0,0.0,0.0,0.0,0.0,0.0,0.0,0.0,0.0,0.0,0.0,0.0,0.0,0.0,0.0,0.0,0.051359122699206276,0.0,0.0,0.0,0.0,0.0,0.0,0.0,0.0,0.0,0.0,0.0,0.03468313238959282,0.0,0.04671902301967359,0.0,0.0,0.0,0.0,0.0,0.0,0.0,0.0,0.0,0.0,0.0,0.0,0.0,0.0,0.0,0.0,0.0,0.0,0.0,0.0,0.0,0.0,0.0,0.0,0.0,0.0,0.0,0.046127124743103154,0.045517131829795304,0.03535743450203444,0.0,0.0,0.05369316711970772,0.0,0.0,0.0,0.0,0.0,0.0,0.0,0.0,0.0,0.0,0.0,0.0,0.0,0.0,0.0,0.0,0.0,0.0,0.0,0.0,0.0,0.0,0.0,0.0,0.0,0.0,0.6497743634433915
2025-06-27,0.037141259077870095,0.0,0.0,0.0,0.0,0.0,0.0,0.0,0.0,0.0,0.0,0.0,0.0,0.0,0.0,0.0,0.0,0.0,0.0,0.0,0.0,0.0,0.0,0.0,0.0,0.0,0.0,0.0,0.0,0.0,0.0,0.0,0.0,0.0,0.0,0.0,0.05110334444488414,0.0,0.0,0.0,0.0,0.0,0.0,0.0,0.0,0.0,0.0,0.0,0.03483135166682542,0.0,0.04583847133642762,0.0,0.0,0.0,0.0,0.0,0.0,0.0,0.0,0.0,0.0,0.0,0.0,0.0,0.0,0.0,0.0,0.0,0.0,0.0,0.0,0.0,0.0,0.0,0.0,0.0,0.0,0.0,0.04558629165783919,0.04518050299872033,0.03596973101682866,0.0,0.0,0.05385539693524756,0.0,0.0,0.0,0.0,0.0,0.0,0.0,0.0,0.0,0.0,0.0,0.0,0.0,0.0,0.0,0.0,0.0,0.0,0.0,0.0,0.0,0.0,0.0,0.0,0.0,0.0,0.6504936508653569
2025-06-30,0.03723220451182589,0.0,0.0,0.0,0.0,0.0,0.0,0.0,0.0,0.0,0.0,0.0,0.0,0.0,0.0,0.0,0.0,0.0,0.0,0.0,0.0,0.0,0.0,0.0,0.0,0.0,0.0,0.0,0.0,0.0,0.0,0.0,0.0,0.0,0.0,0.0,0.05188876012517607,0.0,0.0,0.0,0.0,0.0,0.0,0.0,0.0,0.0,0.0,0.0,0.03503050787661168,0.0,0.04748292748218704,0.0,0.0,0.0,0.0,0.0,0.0,0.0,0.0,0.0,0.0,0.0,0.0,0.0,0.0,0.0,0.0,0.0,0.0,0.0,0.0,0.0,0.0,0.0,0.0,0.0,0.0,0.0,0.04569887719160769,0.04515140649170007,0.03606901202036378,0.0,0.0,0.05453688499788768,0.0,0.0,0.0,0.0,0.0,0.0,0.0,0.0,0.0,0.0,0.0,0.0,0.0,0.0,0.0,0.0,0.0,0.0,0.0,0.0,0.0,0.0,0.0,0.0,0.0,0.0,0.6469094193026401
2025-07-01,0.03820231387252218,0.0,0.0,0.0,0.0,0.0,0.0,0.0,0.0,0.0,0.0,0.0,0.0,0.0,0.0,0.0,0.0,0.0,0.0,0.0,0.0,0.0,0.0,0.0,0.0,0.0,0.0,0.0,0.0,0.0,0.0,0.0,0.0,0.0,0.0,0.0,0.05218017707031792,0.0,0.0,0.0,0.0,0.0,0.0,0.0,0.0,0.0,0.0,0.0,0.03418251105505539,0.0,0.04772673223678642,0.0,0.0,0.0,0.0,0.0,0.0,0.0,0.0,0.0,0.0,0.0,0.0,0.0,0.0,0.0,0.0,0.0,0.0,0.0,0.0,0.0,0.0,0.0,0.0,0.0,0.0,0.0,0.045832264298270996,0.04525607471540798,0.03607159742758091,0.0,0.0,0.054048033982929594,0.0,0.0,0.0,0.0,0.0,0.0,0.0,0.0,0.0,0.0,0.0,0.0,0.0,0.0,0.0,0.0,0.0,0.0,0.0,0.0,0.0,0.0,0.0,0.0,0.0,0.0,0.6465002953411287
2025-07-02,0.03795167841021838,0.0,0.0,0.0,0.0,0.0,0.0,0.0,0.0,0.0,0.0,0.0,0.0,0.0,0.0,0.0,0.0,0.0,0.0,0.0,0.0,0.0,0.0,0.0,0.0,0.0,0.0,0.0,0.0,0.0,0.0,0.0,0.0,0.0,0.0,0.0,0.051923388143457226,0.0,0.0,0.0,0.0,0.0,0.0,0.0,0.0,0.0,0.0,0.0,0.03428306344727775,0.0,0.04741333949010776,0.0,0.0,0.0,0.0,0.0,0.0,0.0,0.0,0.0,0.0,0.0,0.0,0.0,0.0,0.0,0.0,0.0,0.0,0.0,0.0,0.0,0.0,0.0,0.0,0.0,0.0,0.0,0.04672398150053469,0.04598968326294627,0.03606103124816047,0.0,0.0,0.05379698739739994,0.0,0.0,0.0,0.0,0.0,0.0,0.0,0.0,0.0,0.0,0.0,0.0,0.0,0.0,0.0,0.0,0.0,0.0,0.0,0.0,0.0,0.0,0.0,0.0,0.0,0.0,0.6458568470998974
2025-07-03,0.03768161093558448,0.0,0.0,0.0,0.0,0.0,0.0,0.0,0.0,0.0,0.0,0.0,0.0,0.0,0.0,0.0,0.0,0.0,0.0,0.0,0.0,0.0,0.0,0.0,0.0,0.0,0.0,0.0,0.0,0.0,0.0,0.0,0.0,0.0,0.0,0.0,0.05150854943326766,0.0,0.0,0.0,0.0,0.0,0.0,0.0,0.0,0.0,0.0,0.0,0.035220624790598516,0.0,0.04826486765996504,0.0,0.0,0.0,0.0,0.0,0.0,0.0,0.0,0.0,0.0,0.0,0.0,0.0,0.0,0.0,0.0,0.0,0.0,0.0,0.0,0.0,0.0,0.0,0.0,0.0,0.0,0.0,0.046689576461778425,0.04590340622226395,0.036454620590772514,0.0,0.0,0.055482360406377475,0.0,0.0,0.0,0.0,0.0,0.0,0.0,0.0,0.0,0.0,0.0,0.0,0.0,0.0,0.0,0.0,0.0,0.0,0.0,0.0,0.0,0.0,0.0,0.0,0.0,0.0,0.6427943834993919
2025-07-04,0.037424939635390765,0.0,0.0,0.0,0.0,0.0,0.0,0.0,0.0,0.0,0.0,0.0,0.0,0.0,0.0,0.0,0.0,0.0,0.0,0.0,0.0,0.0,0.0,0.0,0.0,0.0,0.0,0.0,0.0,0.0,0.0,0.0,0.0,0.0,0.0,0.0,0.052117307598000484,0.0,0.0,0.0,0.0,0.0,0.0,0.0,0.0,0.0,0.0,0.0,0.03520930513942704,0.0,0.04880433366220192,0.0,0.0,0.0,0.0,0.0,0.0,0.0,0.0,0.0,0.0,0.0,0.0,0.0,0.0,0.0,0.0,0.0,0.0,0.0,0.0,0.0,0.0,0.0,0.0,0.0,0.0,0.0,0.046660361397387384,0.04576549037838056,0.03656983743063046,0.0,0.0,0.0554334649379239,0.0,0.0,0.0,0.0,0.0,0.0,0.0,0.0,0.0,0.0,0.0,0.0,0.0,0.0,0.0,0.0,0.0,0.0,0.0,0.0,0.0,0.0,0.0,0.0,0.0,0.0,0.6420149598206574
2025-07-07,0.03723308591842037,0.0,0.0,0.0,0.0,0.0,0.0,0.0,0.0,0.0,0.0,0.0,0.0,0.0,0.0,0.0,0.0,0.0,0.0,0.0,0.0,0.0,0.0,0.0,0.0,0.0,0.0,0.0,0.0,0.0,0.0,0.0,0.0,0.0,0.0,0.0,0.05138382302725526,0.0,0.0,0.0,0.0,0.0,0.0,0.0,0.0,0.0,0.0,0.0,0.03482971808954593,0.0,0.04881930599978288,0.0,0.0,0.0,0.0,0.0,0.0,0.0,0.0,0.0,0.0,0.0,0.0,0.0,0.0,0.0,0.0,0.0,0.0,0.0,0.0,0.0,0.0,0.0,0.0,0.0,0.0,0.0,0.04646925464459706,0.04580566809239164,0.0371203858159507,0.0,0.0,0.054202691650602805,0.0,0.0,0.0,0.0,0.0,0.0,0.0,0.0,0.0,0.0,0.0,0.0,0.0,0.0,0.0,0.0,0.0,0.0,0.0,0.0,0.0,0.0,0.0,0.0,0.0,0.0,0.6441360667614533
2025-07-08,0.037218324872369715,0.0,0.0,0.0,0.0,0.0,0.0,0.0,0.0,0.0,0.0,0.0,0.0,0.0,0.0,0.0,0.0,0.0,0.0,0.0,0.0,0.0,0.0,0.0,0.0,0.0,0.0,0.0,0.0,0.0,0.0,0.0,0.0,0.0,0.0,0.0,0.05112927876438322,0.0,0.0,0.0,0.0,0.0,0.0,0.0,0.0,0.0,0.0,0.0,0.03486407404406377,0.0,0.048747439690988346,0.0,0.0,0.0,0.0,0.0,0.0,0.0,0.0,0.0,0.0,0.0,0.0,0.0,0.0,0.0,0.0,0.0,0.0,0.0,0.0,0.0,0.0,0.0,0.0,0.0,0.0,0.0,0.04759958395592764,0.046422849515425246,0.036818660955347145,0.0,0.0,0.053264001804740266,0.0,0.0,0.0,0.0,0.0,0.0,0.0,0.0,0.0,0.0,0.0,0.0,0.0,0.0,0.0,0.0,0.0,0.0,0.0,0.0,0.0,0.0,0.0,0.0,0.0,0.0,0.6439357863967546
2025-07-09,0.037186727542499895,0.0,0.0,0.0,0.0,0.0,0.0,0.0,0.0,0.0,0.0,0.0,0.0,0.0,0.0,0.0,0.0,0.0,0.0,0.0,0.0,0.0,0.0,0.0,0.0,0.0,0.0,0.0,0.0,0.0,0.0,0.0,0.0,0.0,0.0,0.0,0.05086749789871291,0.0,0.0,0.0,0.0,0.0,0.0,0.0,0.0,0.0,0.0,0.0,0.03476477641679282,0.0,0.048395470497857446,0.0,0.0,0.0,0.0,0.0,0.0,0.0,0.0,0.0,0.0,0.0,0.0,0.0,0.0,0.0,0.0,0.0,0.0,0.0,0.0,0.0,0.0,0.0,0.0,0.0,0.0,0.0,0.04708738692101353,0.04631379021744753,0.03659844937907889,0.0,0.0,0.05203113795055486,0.0,0.0,0.0,0.0,0.0,0.0,0.0,0.0,0.0,0.0,0.0,0.0,0.0,0.0,0.0,0.0,0.0,0.0,0.0,0.0,0.0,0.0,0.0,0.0,0.0,0.0,0.646754763176042
2025-07-10,0.03673772646692064,0.0,0.0,0.0,0.0,0.0,0.0,0.0,0.0,0.0,0.0,0.0,0.0,0.0,0.0,0.0,0.0,0.0,0.0,0.0,0.0,0.0,0.0,0.0,0.0,0.0,0.0,0.0,0.0,0.0,0.0,0.0,0.0,0.0,0.0,0.0,0.051307538647235626,0.0,0.0,0.0,0.0,0.0,0.0,0.0,0.0,0.0,0.0,0.0,0.03383049965913262,0.0,0.048116232335597,0.0,0.0,0.0,0.0,0.0,0.0,0.0,0.0,0.0,0.0,0.0,0.0,0.0,0.0,0.0,0.0,0.0,0.0,0.0,0.0,0.0,0.0,0.0,0.0,0.0,0.0,0.0,0.04721634585248905,0.04624700445528008,0.03650082710539319,0.0,0.0,0.05226232139047787,0.0,0.0,0.0,0.0,0.0,0.0,0.0,0.0,0.0,0.0,0.0,0.0,0.0,0.0,0.0,0.0,0.0,0.0,0.0,0.0,0.0,0.0,0.0,0.0,0.0,0.0,0.6477815040874738
2025-07-11,0.03669276765526496,0.0,0.0,0.0,0.0,0.0,0.0,0.0,0.0,0.0,0.0,0.0,0.0,0.0,0.0,0.0,0.0,0.0,0.0,0.0,0.0,0.0,0.0,0.0,0.0,0.0,0.0,0.0,0.0,0.0,0.0,0.0,0.0,0.0,0.0,0.0,0.05093652663784303,0.0,0.0,0.0,0.0,0.0,0.0,0.0,0.0,0.0,0.0,0.0,0.03125338012207703,0.0,0.04724949467160388,0.0,0.0,0.0,0.0,0.0,0.0,0.0,0.0,0.0,0.0,0.0,0.0,0.0,0.0,0.0,0.0,0.0,0.0,0.0,0.0,0.0,0.0,0.0,0.0,0.0,0.0,0.0,0.04761624004362997,0.04701655818215568,0.03639242186353119,0.0,0.0,0.0517944579297558,0.0,0.0,0.0,0.0,0.0,0.0,0.0,0.0,0.0,0.0,0.0,0.0,0.0,0.0,0.0,0.0,0.0,0.0,0.0,0.0,0.0,0.0,0.0,0.0,0.0,0.0,0.6510481528941384
2025-07-14,0.03700731323664354,0.0,0.0,0.0,0.0,0.0,0.0,0.0,0.0,0.0,0.0,0.0,0.0,0.0,0.0,0.0,0.0,0.0,0.0,0.0,0.0,0.0,0.0,0.0,0.0,0.0,0.0,0.0,0.0,0.0,0.0,0.0,0.0,0.0,0.0,0.0,0.05120797001342434,0.0,0.0,0.0,0.0,0.0,0.0,0.0,0.0,0.0,0.0,0.0,0.03100790979127214,0.0,0.04660951090998781,0.0,0.0,0.0,0.0,0.0,0.0,0.0,0.0,0.0,0.0,0.0,0.0,0.0,0.0,0.0,0.0,0.0,0.0,0.0,0.0,0.0,0.0,0.0,0.0,0.0,0.0,0.0,0.047128050744576745,0.0464185691186471,0.03663635402303813,0.0,0.0,0.05227390678852618,0.0,0.0,0.0,0.0,0.0,0.0,0.0,0.0,0.0,0.0,0.0,0.0,0.0,0.0,0.0,0.0,0.0,0.0,0.0,0.0,0.0,0.0,0.0,0.0,0.0,0.0,0.6517104153738841
2025-07-15,0.037028215926545156,0.0,0.0,0.0,0.0,0.0,0.0,0.0,0.0,0.0,0.0,0.0,0.0,0.0,0.0,0.0,0.0,0.0,0.0,0.0,0.0,0.0,0.0,0.0,0.0,0.0,0.0,0.0,0.0,0.0,0.0,0.0,0.0,0.0,0.0,0.0,0.051117733892288277,0.0,0.0,0.0,0.0,0.0,0.0,0.0,0.0,0.0,0.0,0.0,0.031178060567179863,0.0,0.04632107171034427,0.0,0.0,0.0,0.0,0.0,0.0,0.0,0.0,0.0,0.0,0.0,0.0,0.0,0.0,0.0,0.0,0.0,0.0,0.0,0.0,0.0,0.0,0.0,0.0,0.0,0.0,0.0,0.04657309631780523,0.046040657156432574,0.03789308943686419,0.0,0.0,0.052026437241771216,0.0,0.0,0.0,0.0,0.0,0.0,0.0,0.0,0.0,0.0,0.0,0.0,0.0,0.0,0.0,0.0,0.0,0.0,0.0,0.0,0.0,0.0,0.0,0.0,0.0,0.0,0.6518216377507692
2025-07-16,0.036922264295815105,0.0,0.0,0.0,0.0,0.0,0.0,0.0,0.0,0.0,0.0,0.0,0.0,0.0,0.0,0.0,0.0,0.0,0.0,0.0,0.0,0.0,0.0,0.0,0.0,0.0,0.0,0.0,0.0,0.0,0.0,0.0,0.0,0.0,0.0,0.0,0.04986670982266615,0.0,0.0,0.0,0.0,0.0,0.0,0.0,0.0,0.0,0.0,0.0,0.03142436678906039,0.0,0.04605142134727553,0.0,0.0,0.0,0.0,0.0,0.0,0.0,0.0,0.0,0.0,0.0,0.0,0.0,0.0,0.0,0.0,0.0,0.0,0.0,0.0,0.0,0.0,0.0,0.0,0.0,0.0,0.0,0.04632267672217577,0.045961248232941634,0.03797258837971437,0.0,0.0,0.051145805592761356,0.0,0.0,0.0,0.0,0.0,0.0,0.0,0.0,0.0,0.0,0.0,0.0,0.0,0.0,0.0,0.0,0.0,0.0,0.0,0.0,0.0,0.0,0.0,0.0,0.0,0.0,0.6543329188175897
2025-07-17,0.036653829732774264,0.0,0.0,0.0,0.0,0.0,0.0,0.0,0.0,0.0,0.0,0.0,0.0,0.0,0.0,0.0,0.0,0.0,0.0,0.0,0.0,0.0,0.0,0.0,0.0,0.0,0.0,0.0,0.0,0.0,0.0,0.0,0.0,0.0,0.0,0.0,0.04981194072347552,0.0,0.0,0.0,0.0,0.0,0.0,0.0,0.0,0.0,0.0,0.0,0.031715474409244486,0.0,0.046995620193196946,0.0,0.0,0.0,0.0,0.0,0.0,0.0,0.0,0.0,0.0,0.0,0.0,0.0,0.0,0.0,0.0,0.0,0.0,0.0,0.0,0.0,0.0,0.0,0.0,0.0,0.0,0.0,0.04594888657481592,0.04544862579996432,0.037885400271564534,0.0,0.0,0.0515656196983689,0.0,0.0,0.0,0.0,0.0,0.0,0.0,0.0,0.0,0.0,0.0,0.0,0.0,0.0,0.0,0.0,0.0,0.0,0.0,0.0,0.0,0.0,0.0,0.0,0.0,0.0,0.653974602596595
2025-07-18,0.03663209732352283,0.0,0.0,0.0,0.0,0.0,0.0,0.0,0.0,0.0,0.0,0.0,0.0,0.0,0.0,0.0,0.0,0.0,0.0,0.0,0.0,0.0,0.0,0.0,0.0,0.0,0.0,0.0,0.0,0.0,0.0,0.0,0.0,0.0,0.0,0.0,0.04976072806191224,0.0,0.0,0.0,0.0,0.0,0.0,0.0,0.0,0.0,0.0,0.0,0.031079139998174778,0.0,0.045822977500144885,0.0,0.0,0.0,0.0,0.0,0.0,0.0,0.0,0.0,0.0,0.0,0.0,0.0,0.0,0.0,0.0,0.0,0.0,0.0,0.0,0.0,0.0,0.0,0.0,0.0,0.0,0.0,0.045475069789720324,0.04496542895755018,0.03724068148068427,0.0,0.0,0.0516182954396945,0.0,0.0,0.0,0.0,0.0,0.0,0.0,0.0,0.0,0.0,0.0,0.0,0.0,0.0,0.0,0.0,0.0,0.0,0.0,0.0,0.0,0.0,0.0,0.0,0.0,0.0,0.657405581448596
2025-07-21,0.03585772136527771,0.0,0.0,0.0,0.0,0.0,0.0,0.0,0.0,0.0,0.0,0.0,0.0,0.0,0.0,0.0,0.0,0.0,0.0,0.0,0.0,0.0,0.0,0.0,0.0,0.0,0.0,0.0,0.0,0.0,0.0,0.0,0.0,0.0,0.0,0.0,0.0497258398991438,0.0,0.0,0.0,0.0,0.0,0.0,0.0,0.0,0.0,0.0,0.0,0.031092688065213425,0.0,0.04533907254837759,0.0,0.0,0.0,0.0,0.0,0.0,0.0,0.0,0.0,0.0,0.0,0.0,0.0,0.0,0.0,0.0,0.0,0.0,0.0,0.0,0.0,0.0,0.0,0.0,0.0,0.0,0.0,0.04559740499508493,0.04505315298532255,0.03769818179428098,0.0,0.0,0.05185817287592259,0.0,0.0,0.0,0.0,0.0,0.0,0.0,0.0,0.0,0.0,0.0,0.0,0.0,0.0,0.0,0.0,0.0,0.0,0.0,0.0,0.0,0.0,0.0,0.0,0.0,0.0,0.6577777654713763
2025-07-22,0.036138006905594544,0.0,0.0,0.0,0.0,0.0,0.0,0.0,0.0,0.0,0.0,0.0,0.0,0.0,0.0,0.0,0.0,0.0,0.0,0.0,0.0,0.0,0.0,0.0,0.0,0.0,0.0,0.0,0.0,0.0,0.0,0.0,0.0,0.0,0.0,0.0,0.04876212186940229,0.0,0.0,0.0,0.0,0.0,0.0,0.0,0.0,0.0,0.0,0.0,0.030665145293376477,0.0,0.044251040164783435,0.0,0.0,0.0,0.0,0.0,0.0,0.0,0.0,0.0,0.0,0.0,0.0,0.0,0.0,0.0,0.0,0.0,0.0,0.0,0.0,0.0,0.0,0.0,0.0,0.0,0.0,0.0,0.046136087499996405,0.04555316138387709,0.037934848769645826,0.0,0.0,0.05148296384705903,0.0,0.0,0.0,0.0,0.0,0.0,0.0,0.0,0.0,0.0,0.0,0.0,0.0,0.0,0.0,0.0,0.0,0.0,0.0,0.0,0.0,0.0,0.0,0.0,0.0,0.0,0.6590766242662649
2025-07-23,0.03646420143423166,0.0,0.0,0.0,0.0,0.0,0.0,0.0,0.0,0.0,0.0,0.0,0.0,0.0,0.0,0.0,0.0,0.0,0.0,0.0,0.0,0.0,0.0,0.0,0.0,0.0,0.0,0.0,0.0,0.0,0.0,0.0,0.0,0.0,0.0,0.0,0.0487520133955177,0.0,0.0,0.0,0.0,0.0,0.0,0.0,0.0,0.0,0.0,0.0,0.03059003779510642,0.0,0.044682542274516276,0.0,0.0,0.0,0.0,0.0,0.0,0.0,0.0,0.0,0.0,0.0,0.0,0.0,0.0,0.0,0.0,0.0,0.0,0.0,0.0,0.0,0.0,0.0,0.0,0.0,0.0,0.0,0.046949093843842354,0.04627038855398782,0.0381256447251491,0.0,0.0,0.05174394101751476,0.0,0.0,0.0,0.0,0.0,0.0,0.0,0.0,0.0,0.0,0.0,0.0,0.0,0.0,0.0,0.0,0.0,0.0,0.0,0.0,0.0,0.0,0.0,0.0,0.0,0.0,0.656422136960134
2025-07-24,0.03622484296920965,0.0,0.0,0.0,0.0,0.0,0.0,0.0,0.0,0.0,0.0,0.0,0.0,0.0,0.0,0.0,0.0,0.0,0.0,0.0,0.0,0.0,0.0,0.0,0.0,0.0,0.0,0.0,0.0,0.0,0.0,0.0,0.0,0.0,0.0,0.0,0.04843987736980239,0.0,0.0,0.0,0.0,0.0,0.0,0.0,0.0,0.0,0.0,0.0,0.030226728877599834,0.0,0.04348831868752742,0.0,0.0,0.0,0.0,0.0,0.0,0.0,0.0,0.0,0.0,0.0,0.0,0.0,0.0,0.0,0.0,0.0,0.0,0.0,0.0,0.0,0.0,0.0,0.0,0.0,0.0,0.0,0.04714847165047408,0.046341051386194,0.037878113734626614,0.0,0.0,0.0514358561879583,0.0,0.0,0.0,0.0,0.0,0.0,0.0,0.0,0.0,0.0,0.0,0.0,0.0,0.0,0.0,0.0,0.0,0.0,0.0,0.0,0.0,0.0,0.0,0.0,0.0,0.0,0.6588167391366077
2025-07-25,0.03623771287362383,0.0,0.0,0.0,0.0,0.0,0.0,0.0,0.0,0.0,0.0,0.0,0.0,0.0,0.0,0.0,0.0,0.0,0.0,0.0,0.0,0.0,0.0,0.0,0.0,0.0,0.0,0.0,0.0,0.0,0.0,0.0,0.0,0.0,0.0,0.0,0.04842207992983297,0.0,0.0,0.0,0.0,0.0,0.0,0.0,0.0,0.0,0.0,0.0,0.029866661522973445,0.0,0.043924421492271645,0.0,0.0,0.0,0.0,0.0,0.0,0.0,0.0,0.0,0.0,0.0,0.0,0.0,0.0,0.0,0.0,0.0,0.0,0.0,0.0,0.0,0.0,0.0,0.0,0.0,0.0,0.0,0.04731256458309365,0.04634796542270612,0.038384073815512953,0.0,0.0,0.05105078768428131,0.0,0.0,0.0,0.0,0.0,0.0,0.0,0.0,0.0,0.0,0.0,0.0,0.0,0.0,0.0,0.0,0.0,0.0,0.0,0.0,0.0,0.0,0.0,0.0,0.0,0.0,0.6584537326757041
2025-07-28,0.03591091864140402,0.0,0.0,0.0,0.0,0.0,0.0,0.0,0.0,0.0,0.0,0.0,0.0,0.0,0.0,0.0,0.0,0.0,0.0,0.0,0.0,0.0,0.0,0.0,0.0,0.0,0.0,0.0,0.0,0.0,0.0,0.0,0.0,0.0,0.0,0.0,0.048515389297445775,0.0,0.0,0.0,0.0,0.0,0.0,0.0,0.0,0.0,0.0,0.0,0.029775836079163738,0.0,0.043040474970936535,0.0,0.0,0.0,0.0,0.0,0.0,0.0,0.0,0.0,0.0,0.0,0.0,0.0,0.0,0.0,0.0,0.0,0.0,0.0,0.0,0.0,0.0,0.0,0.0,0.0,0.0,0.0,0.04741150219807728,0.046529542482759575,0.037616822216549536,0.0,0.0,0.05062800164905753,0.0,0.0,0.0,0.0,0.0,0.0,0.0,0.0,0.0,0.0,0.0,0.0,0.0,0.0,0.0,0.0,0.0,0.0,0.0,0.0,0.0,0.0,0.0,0.0,0.0,0.0,0.6605715124646061
2025-07-29,0.03597922746311975,0.0,0.0,0.0,0.0,0.0,0.0,0.0,0.0,0.0,0.0,0.0,0.0,0.0,0.0,0.0,0.0,0.0,0.0,0.0,0.0,0.0,0.0,0.0,0.0,0.0,0.0,0.0,0.0,0.0,0.0,0.0,0.0,0.0,0.0,0.0,0.04870195329078197,0.0,0.0,0.0,0.0,0.0,0.0,0.0,0.0,0.0,0.0,0.0,0.030285982133351673,0.0,0.04319287903758691,0.0,0.0,0.0,0.0,0.0,0.0,0.0,0.0,0.0,0.0,0.0,0.0,0.0,0.0,0.0,0.0,0.0,0.0,0.0,0.0,0.0,0.0,0.0,0.0,0.0,0.0,0.0,0.0480154401164256,0.04697573189069062,0.03739464752694577,0.0,0.0,0.05081962431036017,0.0,0.0,0.0,0.0,0.0,0.0,0.0,0.0,0.0,0.0,0.0,0.0,0.0,0.0,0.0,0.0,0.0,0.0,0.0,0.0,0.0,0.0,0.0,0.0,0.0,0.0,0.6586345142307375
2025-07-30,0.03720754974745788,0.0,0.0,0.0,0.0,0.0,0.0,0.0,0.0,0.0,0.0,0.0,0.0,0.0,0.0,0.0,0.0,0.0,0.0,0.0,0.0,0.0,0.0,0.0,0.0,0.0,0.0,0.0,0.0,0.0,0.0,0.0,0.0,0.0,0.0,0.0,0.04865972714642421,0.0,0.0,0.0,0.0,0.0,0.0,0.0,0.0,0.0,0.0,0.0,0.030790351691019926,0.0,0.04329800153127044,0.0,0.0,0.0,0.0,0.0,0.0,0.0,0.0,0.0,0.0,0.0,0.0,0.0,0.0,0.0,0.0,0.0,0.0,0.0,0.0,0.0,0.0,0.0,0.0,0.0,0.0,0.0,0.048301440496028275,0.04720571138723822,0.03783441552074155,0.0,0.0,0.05114763283321902,0.0,0.0,0.0,0.0,0.0,0.0,0.0,0.0,0.0,0.0,0.0,0.0,0.0,0.0,0.0,0.0,0.0,0.0,0.0,0.0,0.0,0.0,0.0,0.0,0.0,0.0,0.6555551696466004
2025-07-31,0.03776864511108274,0.0,0.0,0.0,0.0,0.0,0.0,0.0,0.0,0.0,0.0,0.0,0.0,0.0,0.0,0.0,0.0,0.0,0.0,0.0,0.0,0.0,0.0,0.0,0.0,0.0,0.0,0.0,0.0,0.0,0.0,0.0,0.0,0.0,0.0,0.0,0.048755072558296045,0.0,0.0,0.0,0.0,0.0,0.0,0.0,0.0,0.0,0.0,0.0,0.030688927088840717,0.0,0.04259787621063579,0.0,0.0,0.0,0.0,0.0,0.0,0.0,0.0,0.0,0.0,0.0,0.0,0.0,0.0,0.0,0.0,0.0,0.0,0.0,0.0,0.0,0.0,0.0,0.0,0.0,0.0,0.0,0.04805729916767223,0.04704219517560225,0.03749042100940617,0.0,0.0,0.05135160135974653,0.0,0.0,0.0,0.0,0.0,0.0,0.0,0.0,0.0,0.0,0.0,0.0,0.0,0.0,0.0,0.0,0.0,0.0,0.0,0.0,0.0,0.0,0.0,0.0,0.0,0.0,0.6562479623187176
2025-08-01,0.037084964039527345,0.0,0.0,0.0,0.0,0.0,0.0,0.0,0.0,0.0,0.0,0.0,0.0,0.0,0.0,0.0,0.0,0.0,0.0,0.0,0.0,0.0,0.0,0.0,0.0,0.0,0.0,0.0,0.0,0.0,0.0,0.0,0.0,0.0,0.0,0.0,0.04834355888778767,0.0,0.0,0.0,0.0,0.0,0.0,0.0,0.0,0.0,0.0,0.0,0.030681840807497168,0.0,0.04302644598427488,0.0,0.0,0.0,0.0,0.0,0.0,0.0,0.0,0.0,0.0,0.0,0.0,0.0,0.0,0.0,0.0,0.0,0.0,0.0,0.0,0.0,0.0,0.0,0.0,0.0,0.0,0.0,0.04728145309393404,0.046333249332668705,0.04027232095107181,0.0,0.0,0.0516282554255925,0.0,0.0,0.0,0.0,0.0,0.0,0.0,0.0,0.0,0.0,0.0,0.0,0.0,0.0,0.0,0.0,0.0,0.0,0.0,0.0,0.0,0.0,0.0,0.0,0.0,0.0,0.6553479114776459
2025-08-04,0.036497317387524056,0.0,0.0,0.0,0.0,0.0,0.0,0.0,0.0,0.0,0.0,0.0,0.0,0.0,0.0,0.0,0.0,0.0,0.0,0.0,0.0,0.0,0.0,0.0,0.0,0.0,0.0,0.0,0.0,0.0,0.0,0.0,0.0,0.0,0.0,0.0,0.04826618244095878,0.0,0.0,0.0,0.0,0.0,0.0,0.0,0.0,0.0,0.0,0.0,0.030662625212452787,0.0,0.04281375589890476,0.0,0.0,0.0,0.0,0.0,0.0,0.0,0.0,0.0,0.0,0.0,0.0,0.0,0.0,0.0,0.0,0.0,0.0,0.0,0.0,0.0,0.0,0.0,0.0,0.0,0.0,0.0,0.04715092739168681,0.04629107336489934,0.039527603865144166,0.0,0.0,0.052659692473096764,0.0,0.0,0.0,0.0,0.0,0.0,0.0,0.0,0.0,0.0,0.0,0.0,0.0,0.0,0.0,0.0,0.0,0.0,0.0,0.0,0.0,0.0,0.0,0.0,0.0,0.0,0.6561308219653327
2025-08-05,0.0,0.0,0.0,0.0,0.0,0.0,0.0,0.0,0.0,0.0,0.0,0.0,0.0,0.0,0.0,0.0,0.0,0.0,0.0,0.0,0.0,0.0,0.0,0.0,0.0,0.0,0.0,0.0,0.0,0.0,0.0,0.0,0.0,0.0,0.0,0.0,0.0,0.0,0.0,0.0,0.0,0.0,0.0,0.0,0.0,0.0,0.0,0.0,0.0,0.0,0.0,0.0,0.0,0.0,0.0,0.0,0.0,0.0,0.0,0.0,0.0,0.0,0.0,0.0,0.0,0.0,0.0,0.0,0.0,0.0,0.0,0.0,0.0,0.0,0.0,0.0,0.0,0.0,0.0,0.0,0.0,0.0,0.0,0.0,0.0,0.0,0.0,0.0,0.0,0.0,0.0,0.0,0.0,0.0,0.0,0.0,0.0,0.0,0.0,0.0,0.0,0.0,0.0,0.0,0.0,0.0,0.0,0.0,0.0,0.0,0.6544043623680731
2025-08-06,0.0,0.0,0.0,0.0,0.0,0.0,0.0,0.0,0.0,0.0,0.0,0.0,0.0,0.0,0.0,0.0,0.0,0.0,0.0,0.0,0.0,0.0,0.0,0.0,0.0,0.0,0.0,0.0,0.0,0.0,0.0,0.0,0.0,0.0,0.0,0.0,0.0,0.0,0.0,0.0,0.0,0.0,0.0,0.0,0.0,0.0,0.0,0.0,0.0,0.0,0.0,0.0,0.0,0.0,0.0,0.0,0.0,0.0,0.0,0.0,0.0,0.0,0.0,0.0,0.0,0.0,0.0,0.0,0.0,0.0,0.0,0.0,0.0,0.0,0.0,0.0,0.0,0.0,0.0,0.0,0.0,0.0,0.0,0.0,0.0,0.0,0.0,0.0,0.0,0.0,0.0,0.0,0.0,0.0,0.0,0.0,0.0,0.0,0.0,0.0,0.0,0.0,0.0,0.0,0.0,0.0,0.0,0.0,0.0,0.0,0.6545290012806462
2025-08-07,0.0,0.0,0.0,0.0,0.0,0.0,0.0,0.0,0.0,0.0,0.0,0.0,0.0,0.0,0.0,0.0,0.0,0.0,0.0,0.0,0.0,0.0,0.0,0.0,0.0,0.0,0.0,0.0,0.0,0.0,0.0,0.0,0.0,0.0,0.0,0.0,0.0,0.0,0.0,0.0,0.0,0.0,0.0,0.0,0.0,0.0,0.0,0.0,0.0,0.0,0.0,0.0,0.0,0.0,0.0,0.0,0.0,0.0,0.0,0.0,0.0,0.0,0.0,0.0,0.0,0.0,0.0,0.0,0.0,0.0,0.0,0.0,0.0,0.0,0.0,0.0,0.0,0.0,0.0,0.0,0.0,0.0,0.0,0.0,0.0,0.0,0.0,0.0,0.0,0.0,0.0,0.0,0.0,0.0,0.0,0.0,0.0,0.0,0.0,0.0,0.0,0.0,0.0,0.0,0.0,0.0,0.0,0.0,0.0,0.0,1.0
2025-08-08,0.0,0.0,0.0,0.0,0.0,0.0,0.0,0.0,0.0,0.0,0.0,0.0,0.0,0.0,0.0,0.0,0.0,0.0,0.0,0.0,0.0,0.0,0.0,0.0,0.0,0.0,0.0,0.0,0.0,0.0,0.0,0.0,0.0,0.0,0.0,0.0,0.0,0.0,0.0,0.0,0.0,0.0,0.0,0.0,0.0,0.0,0.0,0.0,0.0,0.0,0.0,0.0,0.0,0.0,0.0,0.0,0.0,0.0,0.0,0.0,0.0,0.0,0.0,0.0,0.0,0.0,0.0,0.0,0.0,0.0,0.0,0.0,0.0,0.0,0.0,0.0,0.0,0.0,0.0,0.0,0.0,0.0,0.0,0.0,0.0,0.0,0.0,0.0,0.0,0.0,0.0,0.0,0.0,0.0,0.0,0.0,0.0,0.0,0.0,0.0,0.0,0.0,0.0,0.0,0.0,0.0,0.0,0.0,0.0,0.0,1.0
2025-08-11,0.0,0.0,0.0,0.0,0.0,0.0,0.0,0.0,0.0,0.0,0.0,0.0,0.0,0.0,0.0,0.0,0.0,0.0,0.0,0.0,0.0,0.0,0.0,0.0,0.0,0.0,0.0,0.0,0.0,0.0,0.0,0.0,0.0,0.0,0.0,0.0,0.0,0.0,0.0,0.0,0.0,0.0,0.0,0.0,0.0,0.0,0.0,0.0,0.0,0.0,0.0,0.0,0.0,0.0,0.0,0.0,0.0,0.0,0.0,0.0,0.0,0.0,0.0,0.0,0.0,0.0,0.0,0.0,0.0,0.0,0.0,0.0,0.0,0.0,0.0,0.0,0.0,0.0,0.0,0.0,0.0,0.0,0.0,0.0,0.0,0.0,0.0,0.0,0.0,0.0,0.0,0.0,0.0,0.0,0.0,0.0,0.0,0.0,0.0,0.0,0.0,0.0,0.0,0.0,0.0,0.0,0.0,0.0,0.0,0.0,1.0
2025-08-12,0.0,0.0,0.0,0.0,0.0,0.0,0.0,0.0,0.0,0.0,0.0,0.0,0.0,0.0,0.0,0.0,0.0,0.0,0.0,0.0,0.0,0.0,0.0,0.0,0.0,0.0,0.0,0.0,0.0,0.0,0.0,0.0,0.0,0.0,0.0,0.0,0.0,0.0,0.0,0.0,0.0,0.0,0.0,0.0,0.0,0.0,0.0,0.0,0.0,0.0,0.0,0.0,0.0,0.0,0.0,0.0,0.0,0.0,0.0,0.0,0.0,0.0,0.0,0.0,0.0,0.0,0.0,0.0,0.0,0.0,0.0,0.0,0.0,0.0,0.0,0.0,0.0,0.0,0.0,0.0,0.0,0.0,0.0,0.0,0.0,0.0,0.0,0.0,0.0,0.0,0.0,0.0,0.0,0.0,0.0,0.0,0.0,0.0,0.0,0.0,0.0,0.0,0.0,0.0,0.0,0.0,0.0,0.0,0.0,0.0,1.0
2025-08-13,0.0,0.0,0.0,0.0,0.0,0.0,0.0,0.0,0.0,0.0,0.0,0.0,0.0,0.0,0.0,0.0,0.0,0.0,0.0,0.0,0.0,0.0,0.0,0.0,0.0,0.0,0.0,0.0,0.0,0.0,0.0,0.0,0.0,0.0,0.0,0.0,0.0,0.0,0.0,0.0,0.0,0.0,0.0,0.0,0.0,0.0,0.0,0.0,0.0,0.0,0.0,0.0,0.0,0.0,0.0,0.0,0.0,0.0,0.0,0.0,0.0,0.0,0.0,0.0,0.0,0.0,0.0,0.0,0.0,0.0,0.0,0.0,0.0,0.0,0.0,0.0,0.0,0.0,0.0,0.0,0.0,0.0,0.0,0.0,0.0,0.0,0.0,0.0,0.0,0.0,0.0,0.0,0.0,0.0,0.0,0.0,0.0,0.0,0.0,0.0,0.0,0.0,0.0,0.0,0.0,0.0,0.0,0.0,0.0,0.0,1.0
2025-08-14,0.0,0.0,0.0,0.0,0.0,0.0,0.0,0.0,0.0,0.0,0.0,0.0,0.0,0.0,0.0,0.0,0.0,0.0,0.0,0.0,0.0,0.0,0.0,0.0,0.0,0.0,0.0,0.0,0.0,0.0,0.0,0.0,0.0,0.0,0.0,0.0,0.0,0.0,0.0,0.0,0.0,0.0,0.0,0.0,0.0,0.0,0.0,0.0,0.0,0.0,0.0,0.0,0.0,0.0,0.0,0.0,0.0,0.0,0.0,0.0,0.0,0.0,0.0,0.0,0.0,0.0,0.0,0.0,0.0,0.0,0.0,0.0,0.0,0.0,0.0,0.0,0.0,0.0,0.0,0.0,0.0,0.0,0.0,0.0,0.0,0.0,0.0,0.0,0.0,0.0,0.0,0.0,0.0,0.0,0.0,0.0,0.0,0.0,0.0,0.0,0.0,0.0,0.0,0.0,0.0,0.0,0.0,0.0,0.0,0.0,1.0
2025-08-15,0.0,0.0,0.0,0.0,0.0,0.0,0.0,0.0,0.0,0.0,0.0,0.0,0.0,0.0,0.0,0.0,0.0,0.0,0.0,0.0,0.0,0.0,0.0,0.0,0.0,0.0,0.0,0.0,0.0,0.0,0.0,0.0,0.0,0.0,0.0,0.0,0.0,0.0,0.0,0.0,0.0,0.0,0.0,0.0,0.0,0.0,0.0,0.0,0.0,0.0,0.0,0.0,0.0,0.0,0.0,0.0,0.0,0.0,0.0,0.0,0.0,0.0,0.0,0.0,0.0,0.0,0.0,0.0,0.0,0.0,0.0,0.0,0.0,0.0,0.0,0.0,0.0,0.0,0.0,0.0,0.0,0.0,0.0,0.0,0.0,0.0,0.0,0.0,0.0,0.0,0.0,0.0,0.0,0.0,0.0,0.0,0.0,0.0,0.0,0.0,0.0,0.0,0.0,0.0,0.0,0.0,0.0,0.0,0.0,0.0,1.0
2025-08-18,0.0,0.0,0.0,0.0,0.0,0.0,0.0,0.0,0.0,0.0,0.0,0.0,0.0,0.0,0.0,0.0,0.0,0.0,0.0,0.0,0.0,0.0,0.0,0.0,0.0,0.0,0.0,0.0,0.0,0.0,0.0,0.0,0.0,0.0,0.0,0.0,0.0,0.0,0.0,0.0,0.0,0.0,0.0,0.0,0.0,0.0,0.0,0.0,0.0,0.0,0.0,0.0,0.0,0.0,0.0,0.0,0.0,0.0,0.0,0.0,0.0,0.0,0.0,0.0,0.0,0.0,0.0,0.0,0.0,0.0,0.0,0.0,0.0,0.0,0.0,0.0,0.0,0.0,0.0,0.0,0.0,0.0,0.0,0.0,0.0,0.0,0.0,0.0,0.0,0.0,0.0,0.0,0.0,0.0,0.0,0.0,0.0,0.0,0.0,0.0,0.0,0.0,0.0,0.0,0.0,0.0,0.0,0.0,0.0,0.0,1.0
2025-08-19,0.0,0.0,0.0,0.0,0.0,0.0,0.0,0.0,0.0,0.0,0.0,0.0,0.0,0.0,0.0,0.0,0.0,0.0,0.0,0.0,0.0,0.0,0.0,0.0,0.0,0.0,0.0,0.0,0.0,0.0,0.0,0.0,0.0,0.0,0.0,0.0,0.0,0.0,0.0,0.0,0.0,0.0,0.0,0.0,0.0,0.0,0.0,0.0,0.0,0.0,0.0,0.0,0.0,0.0,0.0,0.0,0.0,0.0,0.0,0.0,0.0,0.0,0.0,0.0,0.0,0.0,0.0,0.0,0.0,0.0,0.0,0.0,0.0,0.0,0.0,0.0,0.0,0.0,0.0,0.0,0.0,0.0,0.0,0.0,0.0,0.0,0.0,0.0,0.0,0.0,0.0,0.0,0.0,0.0,0.0,0.0,0.0,0.0,0.0,0.0,0.0,0.0,0.0,0.0,0.0,0.0,0.0,0.0,0.0,0.0,1.0
2025-08-20,0.0,0.0,0.0,0.0,0.0,0.0,0.0,0.0,0.0,0.0,0.0,0.0,0.0,0.0,0.0,0.0,0.0,0.0,0.0,0.0,0.0,0.0,0.0,0.0,0.0,0.0,0.0,0.0,0.0,0.0,0.0,0.0,0.0,0.0,0.0,0.0,0.0,0.0,0.0,0.0,0.0,0.0,0.0,0.0,0.0,0.0,0.0,0.0,0.0,0.0,0.0,0.0,0.0,0.0,0.0,0.0,0.0,0.0,0.0,0.0,0.0,0.0,0.0,0.0,0.0,0.0,0.0,0.0,0.0,0.0,0.0,0.0,0.0,0.0,0.0,0.0,0.0,0.0,0.0,0.0,0.0,0.0,0.0,0.0,0.0,0.0,0.0,0.0,0.0,0.0,0.0,0.0,0.0,0.0,0.0,0.0,0.0,0.0,0.0,0.0,0.0,0.0,0.0,0.0,0.0,0.0,0.0,0.0,0.0,0.0,1.0
2025-08-21,0.0,0.0,0.0,0.0,0.0,0.0,0.0,0.0,0.0,0.0,0.0,0.0,0.0,0.0,0.0,0.0,0.0,0.0,0.0,0.0,0.0,0.0,0.0,0.0,0.0,0.0,0.0,0.0,0.0,0.0,0.0,0.0,0.0,0.0,0.0,0.0,0.0,0.0,0.0,0.0,0.0,0.0,0.0,0.0,0.0,0.0,0.0,0.0,0.0,0.0,0.0,0.0,0.0,0.0,0.0,0.0,0.0,0.0,0.0,0.0,0.0,0.0,0.0,0.0,0.0,0.0,0.0,0.0,0.0,0.0,0.0,0.0,0.0,0.0,0.0,0.0,0.0,0.0,0.0,0.0,0.0,0.0,0.0,0.0,0.0,0.0,0.0,0.0,0.0,0.0,0.0,0.0,0.0,0.0,0.0,0.0,0.0,0.0,0.0,0.0,0.0,0.0,0.0,0.0,0.0,0.0,0.0,0.0,0.0,0.0,1.0
2025-08-22,0.0,0.0,0.0,0.0,0.0,0.0,0.0,0.0,0.0,0.0,0.0,0.0,0.0,0.0,0.0,0.0,0.0,0.0,0.0,0.0,0.0,0.0,0.0,0.0,0.0,0.0,0.0,0.0,0.0,0.0,0.0,0.0,0.0,0.0,0.0,0.0,0.0,0.0,0.0,0.0,0.0,0.0,0.0,0.0,0.0,0.0,0.0,0.0,0.0,0.0,0.0,0.0,0.0,0.0,0.0,0.0,0.0,0.0,0.0,0.0,0.0,0.0,0.0,0.0,0.0,0.0,0.0,0.0,0.0,0.0,0.0,0.0,0.0,0.0,0.0,0.0,0.0,0.0,0.0,0.0,0.0,0.0,0.0,0.0,0.0,0.0,0.0,0.0,0.0,0.0,0.0,0.0,0.0,0.0,0.0,0.0,0.0,0.0,0.0,0.0,0.0,0.0,0.0,0.0,0.0,0.0,0.0,0.0,0.0,0.0,1.0
2025-08-25,0.0,0.0,0.0,0.0,0.0,0.0,0.0,0.0,0.0,0.0,0.0,0.0,0.0,0.0,0.0,0.0,0.0,0.0,0.0,0.0,0.0,0.0,0.0,0.0,0.0,0.0,0.0,0.0,0.0,0.0,0.0,0.0,0.0,0.0,0.0,0.0,0.0,0.0,0.0,0.0,0.0,0.0,0.0,0.0,0.0,0.0,0.0,0.0,0.0,0.0,0.0,0.0,0.0,0.0,0.0,0.0,0.0,0.0,0.0,0.0,0.0,0.0,0.0,0.0,0.0,0.0,0.0,0.0,0.0,0.0,0.0,0.0,0.0,0.0,0.0,0.0,0.0,0.0,0.0,0.0,0.0,0.0,0.0,0.0,0.0,0.0,0.0,0.0,0.0,0.0,0.0,0.0,0.0,0.0,0.0,0.0,0.0,0.0,0.0,0.0,0.0,0.0,0.0,0.0,0.0,0.0,0.0,0.0,0.0,0.0,1.0
2025-08-26,0.0,0.0,0.0,0.0,0.0,0.0,0.0,0.0,0.0,0.0,0.0,0.0,0.0,0.0,0.0,0.0,0.0,0.0,0.0,0.0,0.0,0.0,0.0,0.0,0.0,0.0,0.0,0.0,0.0,0.0,0.0,0.0,0.0,0.0,0.0,0.0,0.0,0.0,0.0,0.0,0.0,0.0,0.0,0.0,0.0,0.0,0.0,0.0,0.0,0.0,0.0,0.0,0.0,0.0,0.0,0.0,0.0,0.0,0.0,0.0,0.0,0.0,0.0,0.0,0.0,0.0,0.0,0.0,0.0,0.0,0.0,0.0,0.0,0.0,0.0,0.0,0.0,0.0,0.0,0.0,0.0,0.0,0.0,0.0,0.0,0.0,0.0,0.0,0.0,0.0,0.0,0.0,0.0,0.0,0.0,0.0,0.0,0.0,0.0,0.0,0.0,0.0,0.0,0.0,0.0,0.0,0.0,0.0,0.0,0.0,1.0
2025-08-27,0.0,0.0,0.0,0.0,0.0,0.0,0.0,0.0,0.0,0.0,0.0,0.0,0.0,0.0,0.0,0.0,0.0,0.0,0.0,0.0,0.0,0.0,0.0,0.0,0.0,0.0,0.0,0.0,0.0,0.0,0.0,0.0,0.0,0.0,0.0,0.0,0.0,0.0,0.0,0.0,0.0,0.0,0.0,0.0,0.0,0.0,0.0,0.0,0.0,0.0,0.0,0.0,0.0,0.0,0.0,0.0,0.0,0.0,0.0,0.0,0.0,0.0,0.0,0.0,0.0,0.0,0.0,0.0,0.0,0.0,0.0,0.0,0.0,0.0,0.0,0.0,0.0,0.0,0.0,0.0,0.0,0.0,0.0,0.0,0.0,0.0,0.0,0.0,0.0,0.0,0.0,0.0,0.0,0.0,0.0,0.0,0.0,0.0,0.0,0.0,0.0,0.0,0.0,0.0,0.0,0.0,0.0,0.0,0.0,0.0,1.0
2025-08-28,0.0,0.0,0.0,0.0,0.0,0.0,0.0,0.0,0.0,0.0,0.0,0.0,0.0,0.0,0.0,0.0,0.0,0.0,0.0,0.0,0.0,0.0,0.0,0.0,0.0,0.0,0.0,0.0,0.0,0.0,0.0,0.0,0.0,0.0,0.0,0.0,0.0,0.0,0.0,0.0,0.0,0.0,0.0,0.0,0.0,0.0,0.0,0.0,0.0,0.0,0.0,0.0,0.0,0.0,0.0,0.0,0.0,0.0,0.0,0.0,0.0,0.0,0.0,0.0,0.0,0.0,0.0,0.0,0.0,0.0,0.0,0.0,0.0,0.0,0.0,0.0,0.0,0.0,0.0,0.0,0.0,0.0,0.0,0.0,0.0,0.0,0.0,0.0,0.0,0.0,0.0,0.0,0.0,0.0,0.0,0.0,0.0,0.0,0.0,0.0,0.0,0.0,0.0,0.0,0.0,0.0,0.0,0.0,0.0,0.0,1.0
2025-08-29,0.0,0.0,0.0,0.0,0.0,0.0,0.0,0.0,0.0,0.0,0.0,0.0,0.0,0.0,0.0,0.0,0.0,0.0,0.0,0.0,0.0,0.0,0.0,0.0,0.0,0.0,0.0,0.0,0.0,0.0,0.0,0.0,0.0,0.0,0.0,0.0,0.0,0.0,0.0,0.0,0.0,0.0,0.0,0.0,0.0,0.0,0.0,0.0,0.0,0.0,0.0,0.0,0.0,0.0,0.0,0.0,0.0,0.0,0.0,0.0,0.0,0.0,0.0,0.0,0.0,0.0,0.0,0.0,0.0,0.0,0.0,0.0,0.0,0.0,0.0,0.0,0.0,0.0,0.0,0.0,0.0,0.0,0.0,0.0,0.0,0.0,0.0,0.0,0.0,0.0,0.0,0.0,0.0,0.0,0.0,0.0,0.0,0.0,0.0,0.0,0.0,0.0,0.0,0.0,0.0,0.0,0.0,0.0,0.0,0.0,1.0
2025-09-01,0.0,0.0,0.0,0.0,0.0,0.0,0.0,0.0,0.0,0.0,0.0,0.0,0.0,0.0,0.0,0.0,0.0,0.0,0.0,0.0,0.0,0.0,0.0,0.0,0.0,0.0,0.0,0.0,0.0,0.0,0.0,0.0,0.0,0.0,0.0,0.0,0.0,0.0,0.0,0.0,0.0,0.0,0.0,0.0,0.0,0.0,0.0,0.0,0.0,0.0,0.0,0.0,0.0,0.0,0.0,0.0,0.0,0.0,0.0,0.0,0.0,0.0,0.0,0.0,0.0,0.0,0.0,0.0,0.0,0.0,0.0,0.0,0.0,0.0,0.0,0.0,0.0,0.0,0.0,0.0,0.0,0.0,0.0,0.0,0.0,0.0,0.0,0.0,0.0,0.0,0.0,0.0,0.0,0.0,0.0,0.0,0.0,0.0,0.0,0.0,0.0,0.0,0.0,0.0,0.0,0.0,0.0,0.0,0.0,0.0,1.0
2025-09-02,0.0,0.0,0.0,0.0,0.0,0.0,0.0,0.0,0.0,0.0,0.0,0.0,0.0,0.0,0.0,0.0,0.0,0.0,0.0,0.0,0.0,0.0,0.0,0.0,0.0,0.0,0.0,0.0,0.0,0.0,0.0,0.0,0.0,0.0,0.0,0.0,0.0,0.0,0.0,0.0,0.0,0.0,0.0,0.0,0.0,0.0,0.0,0.0,0.0,0.0,0.0,0.0,0.0,0.0,0.0,0.0,0.0,0.0,0.0,0.0,0.0,0.0,0.0,0.0,0.0,0.0,0.0,0.0,0.0,0.0,0.0,0.0,0.0,0.0,0.0,0.0,0.0,0.0,0.0,0.0,0.0,0.0,0.0,0.0,0.0,0.0,0.0,0.0,0.0,0.0,0.0,0.0,0.0,0.0,0.0,0.0,0.0,0.0,0.0,0.0,0.0,0.0,0.0,0.0,0.0,0.0,0.0,0.0,0.0,0.0,1.0
2025-09-03,0.0,0.0,0.0,0.0,0.0,0.0,0.0,0.0,0.0,0.0,0.0,0.0,0.0,0.0,0.0,0.0,0.0,0.0,0.0,0.0,0.0,0.0,0.0,0.0,0.0,0.0,0.0,0.0,0.0,0.0,0.0,0.0,0.0,0.0,0.0,0.0,0.0,0.0,0.0,0.0,0.0,0.0,0.0,0.0,0.0,0.0,0.0,0.0,0.0,0.0,0.0,0.0,0.0,0.0,0.0,0.0,0.0,0.0,0.0,0.0,0.0,0.0,0.0,0.0,0.0,0.0,0.0,0.0,0.0,0.0,0.0,0.0,0.0,0.0,0.0,0.0,0.0,0.0,0.0,0.0,0.0,0.0,0.0,0.0,0.0,0.0,0.0,0.0,0.0,0.0,0.0,0.0,0.0,0.0,0.0,0.0,0.0,0.0,0.0,0.0,0.0,0.0,0.0,0.0,0.0,0.0,0.0,0.0,0.0,0.0,1.0
2025-09-04,0.0,0.0,0.0,0.0,0.0,0.0,0.0,0.0,0.0,0.0,0.0,0.0,0.0,0.0,0.0,0.0,0.0,0.0,0.0,0.0,0.0,0.0,0.0,0.0,0.0,0.0,0.0,0.0,0.0,0.0,0.0,0.0,0.0,0.0,0.0,0.0,0.0,0.0,0.0,0.0,0.0,0.0,0.0,0.0,0.0,0.0,0.0,0.0,0.0,0.0,0.0,0.0,0.0,0.0,0.0,0.0,0.0,0.0,0.0,0.0,0.0,0.0,0.0,0.0,0.0,0.0,0.0,0.0,0.0,0.0,0.0,0.0,0.0,0.0,0.0,0.0,0.0,0.0,0.0,0.0,0.0,0.0,0.0,0.0,0.0,0.0,0.0,0.0,0.0,0.0,0.0,0.0,0.0,0.0,0.0,0.0,0.0,0.0,0.0,0.0,0.0,0.0,0.0,0.0,0.0,0.0,0.0,0.0,0.0,0.0,1.0
2025-09-05,0.0,0.0,0.0,0.0,0.0,0.0,0.0,0.0,0.0,0.0,0.0,0.0,0.0,0.0,0.0,0.0,0.0,0.0,0.0,0.0,0.0,0.0,0.0,0.0,0.0,0.0,0.0,0.0,0.0,0.0,0.0,0.0,0.0,0.0,0.0,0.0,0.0,0.0,0.0,0.0,0.0,0.0,0.0,0.0,0.0,0.0,0.0,0.0,0.0,0.0,0.0,0.0,0.0,0.0,0.0,0.0,0.0,0.0,0.0,0.0,0.0,0.0,0.0,0.0,0.0,0.0,0.0,0.0,0.0,0.0,0.0,0.0,0.0,0.0,0.0,0.0,0.0,0.0,0.0,0.0,0.0,0.0,0.0,0.0,0.0,0.0,0.0,0.0,0.0,0.0,0.0,0.0,0.0,0.0,0.0,0.0,0.0,0.0,0.0,0.0,0.0,0.0,0.0,0.0,0.0,0.0,0.0,0.0,0.0,0.0,1.0
2025-09-08,0.0,0.0,0.0,0.0,0.0,0.0,0.0,0.0,0.0,0.0,0.0,0.0,0.0,0.0,0.0,0.0,0.0,0.0,0.0,0.0,0.0,0.0,0.0,0.0,0.0,0.0,0.0,0.0,0.0,0.0,0.0,0.0,0.0,0.0,0.0,0.0,0.0,0.0,0.0,0.0,0.0,0.0,0.0,0.0,0.0,0.0,0.0,0.0,0.0,0.0,0.0,0.0,0.0,0.0,0.0,0.0,0.0,0.0,0.0,0.0,0.0,0.0,0.0,0.0,0.0,0.0,0.0,0.0,0.0,0.0,0.0,0.0,0.0,0.0,0.0,0.0,0.0,0.0,0.0,0.0,0.0,0.0,0.0,0.0,0.0,0.0,0.0,0.0,0.0,0.0,0.0,0.0,0.0,0.0,0.0,0.0,0.0,0.0,0.0,0.0,0.0,0.0,0.0,0.0,0.0,0.0,0.0,0.0,0.0,0.0,1.0
2025-09-09,0.0,0.0,0.0,0.0,0.0,0.0,0.0,0.0,0.0,0.0,0.0,0.0,0.0,0.0,0.0,0.0,0.0,0.0,0.0,0.0,0.0,0.0,0.0,0.0,0.0,0.0,0.0,0.0,0.0,0.0,0.0,0.0,0.0,0.0,0.0,0.0,0.0,0.0,0.0,0.0,0.0,0.0,0.0,0.0,0.0,0.0,0.0,0.0,0.0,0.0,0.0,0.0,0.0,0.0,0.0,0.0,0.0,0.0,0.0,0.0,0.0,0.0,0.0,0.0,0.0,0.0,0.0,0.0,0.0,0.0,0.0,0.0,0.0,0.0,0.0,0.0,0.0,0.0,0.0,0.0,0.0,0.0,0.0,0.0,0.0,0.0,0.0,0.0,0.0,0.0,0.0,0.0,0.0,0.0,0.0,0.0,0.0,0.0,0.0,0.0,0.0,0.0,0.0,0.0,0.0,0.0,0.0,0.0,0.0,0.0,1.0
2025-09-10,0.04683969565105484,0.0,0.0,0.0,0.0,0.0,0.0,0.0,0.0,0.0,0.0,0.0,0.0,0.0,0.0,0.0,0.0,0.0,0.0,0.0,0.0,0.0,0.0,0.0,0.0,0.0,0.0,0.0,0.0,0.0,0.0,0.0,0.0,0.0,0.0,0.0,0.06241496164169619,0.0,0.0,0.0,0.0,0.0,0.0,0.0,0.0,0.0,0.0,0.0,0.0,0.0,0.05970291034605772,0.0,0.0,0.0,0.0,0.0,0.0,0.0,0.0,0.0,0.0,0.0,0.0,0.0,0.0,0.0,0.0,0.0,0.0,0.0,0.0,0.0,0.0,0.0,0.0,0.0,0.0,0.0,0.05965529451553513,0.05960770301713882,0.0,0.0,0.0,0.06221381430707394,0.0,0.0,0.0,0.0,0.0,0.0,0.0,0.0,0.0,0.0,0.0,0.0,0.0,0.0,0.0,0.0,0.0,0.0,0.0,0.0,0.0,0.0,0.0,0.0,0.0,0.0,0.6495656205214433
2025-09-11,0.04702878964573608,0.0,0.0,0.0,0.0,0.0,0.0,0.0,0.0,0.0,0.0,0.0,0.0,0.0,0.0,0.0,0.0,0.0,0.0,0.0,0.0,0.0,0.0,0.0,0.0,0.0,0.0,0.0,0.0,0.0,0.0,0.0,0.0,0.0,0.0,0.0,0.060991909292064744,0.0,0.0,0.0,0.0,0.0,0.0,0.0,0.0,0.0,0.0,0.0,0.0,0.0,0.06011485012812002,0.0,0.0,0.0,0.0,0.0,0.0,0.0,0.0,0.0,0.0,0.0,0.0,0.0,0.0,0.0,0.0,0.0,0.0,0.0,0.0,0.0,0.0,0.0,0.0,0.0,0.0,0.0,0.05913778260657099,0.059487934863604625,0.0,0.0,0.0,0.06214129936989023,0.0,0.0,0.0,0.0,0.0,0.0,0.0,0.0,0.0,0.0,0.0,0.0,0.0,0.0,0.0,0.0,0.0,0.0,0.0,0.0,0.0,0.0,0.0,0.0,0.0,0.0,0.6510974340940133
2025-09-12,0.047523905340349296,0.0,0.0,0.0,0.0,0.0,0.0,0.0,0.0,0.0,0.0,0.0,0.0,0.0,0.0,0.0,0.0,0.0,0.0,0.0,0.0,0.0,0.0,0.0,0.0,0.0,0.0,0.0,0.0,0.0,0.0,0.0,0.0,0.0,0.0,0.0,0.061159022136671966,0.0,0.0,0.0,0.0,0.0,0.0,0.0,0.0,0.0,0.0,0.0,0.0,0.0,0.06054582345767295,0.0,0.0,0.0,0.0,0.0,0.0,0.0,0.0,0.0,0.0,0.0,0.0,0.0,0.0,0.0,0.0,0.0,0.0,0.0,0.0,0.0,0.0,0.0,0.0,0.0,0.0,0.0,0.058608698297053535,0.059081843998603056,0.0,0.0,0.0,0.06171378483963838,0.0,0.0,0.0,0.0,0.0,0.0,0.0,0.0,0.0,0.0,0.0,0.0,0.0,0.0,0.0,0.0,0.0,0.0,0.0,0.0,0.0,0.0,0.0,0.0,0.0,0.0,0.6513669219300108
2025-09-15,0.04793323304560975,0.0,0.0,0.0,0.0,0.0,0.0,0.0,0.0,0.0,0.0,0.0,0.0,0.0,0.0,0.0,0.0,0.0,0.0,0.0,0.0,0.0,0.0,0.0,0.0,0.0,0.0,0.0,0.0,0.0,0.0,0.0,0.0,0.0,0.0,0.0,0.0609447293804265,0.0,0.0,0.0,0.0,0.0,0.0,0.0,0.0,0.0,0.0,0.0,0.0,0.0,0.06068022029066426,0.0,0.0,0.0,0.0,0.0,0.0,0.0,0.0,0.0,0.0,0.0,0.0,0.0,0.0,0.0,0.0,0.0,0.0,0.0,0.0,0.0,0.0,0.0,0.0,0.0,0.0,0.0,0.05929380585796321,0.059427278380363095,0.0,0.0,0.0,0.0618120410379514,0.0,0.0,0.0,0.0,0.0,0.0,0.0,0.0,0.0,0.0,0.0,0.0,0.0,0.0,0.0,0.0,0.0,0.0,0.0,0.0,0.0,0.0,0.0,0.0,0.0,0.0,0.6499086920070217
2025-09-16,0.04735712037985608,0.0,0.0,0.0,0.0,0.0,0.0,0.0,0.0,0.0,0.0,0.0,0.0,0.0,0.0,0.0,0.0,0.0,0.0,0.0,0.0,0.0,0.0,0.0,0.0,0.0,0.0,0.0,0.0,0.0,0.0,0.0,0.0,0.0,0.0,0.0,0.06152939355688908,0.0,0.0,0.0,0.0,0.0,0.0,0.0,0.0,0.0,0.0,0.0,0.0,0.0,0.06091258046164697,0.0,0.0,0.0,0.0,0.0,0.0,0.0,0.0,0.0,0.0,0.0,0.0,0.0,0.0,0.0,0.0,0.0,0.0,0.0,0.0,0.0,0.0,0.0,0.0,0.0,0.0,0.0,0.05912110983859595,0.059509205456912774,0.0,0.0,0.0,0.06205934483313606,0.0,0.0,0.0,0.0,0.0,0.0,0.0,0.0,0.0,0.0,0.0,0.0,0.0,0.0,0.0,0.0,0.0,0.0,0.0,0.0,0.0,0.0,0.0,0.0,0.0,0.0,0.649511245472963
2025-09-17,0.048190658353612706,0.0,0.0,0.0,0.0,0.0,0.0,0.0,0.0,0.0,0.0,0.0,0.0,0.0,0.0,0.0,0.0,0.0,0.0,0.0,0.0,0.0,0.0,0.0,0.0,0.0,0.0,0.0,0.0,0.0,0.0,0.0,0.0,0.0,0.0,0.0,0.06166702643186715,0.0,0.0,0.0,0.0,0.0,0.0,0.0,0.0,0.0,0.0,0.0,0.0,0.0,0.06120698860335633,0.0,0.0,0.0,0.0,0.0,0.0,0.0,0.0,0.0,0.0,0.0,0.0,0.0,0.0,0.0,0.0,0.0,0.0,0.0,0.0,0.0,0.0,0.0,0.0,0.0,0.0,0.0,0.05936677360004906,0.05966272639618847,0.0,0.0,0.0,0.0622626546443494,0.0,0.0,0.0,0.0,0.0,0.0,0.0,0.0,0.0,0.0,0.0,0.0,0.0,0.0,0.0,0.0,0.0,0.0,0.0,0.0,0.0,0.0,0.0,0.0,0.0,0.0,0.6476431719705769
2025-09-18,0.048021037043859856,0.0,0.0,0.0,0.0,0.0,0.0,0.0,0.0,0.0,0.0,0.0,0.0,0.0,0.0,0.0,0.0,0.0,0.0,0.0,0.0,0.0,0.0,0.0,0.0,0.0,0.0,0.0,0.0,0.0,0.0,0.0,0.0,0.0,0.0,0.0,0.062419210330981315,0.0,0.0,0.0,0.0,0.0,0.0,0.0,0.0,0.0,0.0,0.0,0.0,0.0,0.06137702473677813,0.0,0.0,0.0,0.0,0.0,0.0,0.0,0.0,0.0,0.0,0.0,0.0,0.0,0.0,0.0,0.0,0.0,0.0,0.0,0.0,0.0,0.0,0.0,0.0,0.0,0.0,0.0,0.058888660469530466,0.05904963146379409,0.0,0.0,0.0,0.062573360772258,0.0,0.0,0.0,0.0,0.0,0.0,0.0,0.0,0.0,0.0,0.0,0.0,0.0,0.0,0.0,0.0,0.0,0.0,0.0,0.0,0.0,0.0,0.0,0.0,0.0,0.0,0.6476710751827982
2025-09-19,0.04834405650908584,0.0,0.0,0.0,0.0,0.0,0.0,0.0,0.0,0.0,0.0,0.0,0.0,0.0,0.0,0.0,0.0,0.0,0.0,0.0,0.0,0.0,0.0,0.0,0.0,0.0,0.0,0.0,0.0,0.0,0.0,0.0,0.0,0.0,0.0,0.0,0.06278302458948574,0.0,0.0,0.0,0.0,0.0,0.0,0.0,0.0,0.0,0.0,0.0,0.0,0.0,0.0610234468814066,0.0,0.0,0.0,0.0,0.0,0.0,0.0,0.0,0.0,0.0,0.0,0.0,0.0,0.0,0.0,0.0,0.0,0.0,0.0,0.0,0.0,0.0,0.0,0.0,0.0,0.0,0.0,0.05804162998479765,0.05840614406790871,0.0,0.0,0.0,0.06321258699099426,0.0,0.0,0.0,0.0,0.0,0.0,0.0,0.0,0.0,0.0,0.0,0.0,0.0,0.0,0.0,0.0,0.0,0.0,0.0,0.0,0.0,0.0,0.0,0.0,0.0,0.0,0.6481891109763211
2025-09-22,0.04760786232368919,0.0,0.0,0.0,0.0,0.0,0.0,0.0,0.0,0.0,0.0,0.0,0.0,0.0,0.0,0.0,0.0,0.0,0.0,0.0,0.0,0.0,0.0,0.0,0.0,0.0,0.0,0.0,0.0,0.0,0.0,0.0,0.0,0.0,0.0,0.0,0.06272590479045259,0.0,0.0,0.0,0.0,0.0,0.0,0.0,0.0,0.0,0.0,0.0,0.0,0.0,0.06101023778586846,0.0,0.0,0.0,0.0,0.0,0.0,0.0,0.0,0.0,0.0,0.0,0.0,0.0,0.0,0.0,0.0,0.0,0.0,0.0,0.0,0.0,0.0,0.0,0.0,0.0,0.0,0.0,0.05864933513924027,0.05897631353321069,0.0,0.0,0.0,0.0626242662573585,0.0,0.0,0.0,0.0,0.0,0.0,0.0,0.0,0.0,0.0,0.0,0.0,0.0,0.0,0.0,0.0,0.0,0.0,0.0,0.0,0.0,0.0,0.0,0.0,0.0,0.0,0.6484060801701803
2025-09-23,0.047697073033564685,0.0,0.0,0.0,0.0,0.0,0.0,0.0,0.0,0.0,0.0,0.0,0.0,0.0,0.0,0.0,0.0,0.0,0.0,0.0,0.0,0.0,0.0,0.0,0.0,0.0,0.0,0.0,0.0,0.0,0.0,0.0,0.0,0.0,0.0,0.0,0.06362119239888142,0.0,0.0,0.0,0.0,0.0,0.0,0.0,0.0,0.0,0.0,0.0,0.0,0.0,0.061535368388628046,0.0,0.0,0.0,0.0,0.0,0.0,0.0,0.0,0.0,0.0,0.0,0.0,0.0,0.0,0.0,0.0,0.0,0.0,0.0,0.0,0.0,0.0,0.0,0.0,0.0,0.0,0.0,0.05989539493704769,0.05966928986455673,0.0,0.0,0.0,0.06210060557104336,0.0,0.0,0.0,0.0,0.0,0.0,0.0,0.0,0.0,0.0,0.0,0.0,0.0,0.0,0.0,0.0,0.0,0.0,0.0,0.0,0.0,0.0,0.0,0.0,0.0,0.0,0.645481075806278
2025-09-24,0.04758305820947477,0.0,0.0,0.0,0.0,0.0,0.0,0.0,0.0,0.0,0.0,0.0,0.0,0.0,0.0,0.0,0.0,0.0,0.0,0.0,0.0,0.0,0.0,0.0,0.0,0.0,0.0,0.0,0.0,0.0,0.0,0.0,0.0,0.0,0.0,0.0,0.06337109776380971,0.0,0.0,0.0,0.0,0.0,0.0,0.0,0.0,0.0,0.0,0.0,0.0,0.0,0.06120224395409205,0.0,0.0,0.0,0.0,0.0,0.0,0.0,0.0,0.0,0.0,0.0,0.0,0.0,0.0,0.0,0.0,0.0,0.0,0.0,0.0,0.0,0.0,0.0,0.0,0.0,0.0,0.0,0.061221301106974636,0.060817599917638056,0.0,0.0,0.0,0.0620683725277191,0.0,0.0,0.0,0.0,0.0,0.0,0.0,0.0,0.0,0.0,0.0,0.0,0.0,0.0,0.0,0.0,0.0,0.0,0.0,0.0,0.0,0.0,0.0,0.0,0.0,0.0,0.6437363265202917
2025-09-25,0.047481963643409925,0.0,0.0,0.0,0.0,0.0,0.0,0.0,0.0,0.0,0.0,0.0,0.0,0.0,0.0,0.0,0.0,0.0,0.0,0.0,0.0,0.0,0.0,0.0,0.0,0.0,0.0,0.0,0.0,0.0,0.0,0.0,0.0,0.0,0.0,0.0,0.06215856839649567,0.0,0.0,0.0,0.0,0.0,0.0,0.0,0.0,0.0,0.0,0.0,0.0,0.0,0.06106317795526872,0.0,0.0,0.0,0.0,0.0,0.0,0.0,0.0,0.0,0.0,0.0,0.0,0.0,0.0,0.0,0.0,0.0,0.0,0.0,0.0,0.0,0.0,0.0,0.0,0.0,0.0,0.0,0.060434924243823435,0.060623848203886575,0.0,0.0,0.0,0.061039730442298976,0.0,0.0,0.0,0.0,0.0,0.0,0.0,0.0,0.0,0.0,0.0,0.0,0.0,0.0,0.0,0.0,0.0,0.0,0.0,0.0,0.0,0.0,0.0,0.0,0.0,0.0,0.6471977871148168
2025-09-26,0.04803457921871923,0.0,0.0,0.0,0.0,0.0,0.0,0.0,0.0,0.0,0.0,0.0,0.0,0.0,0.0,0.0,0.0,0.0,0.0,0.0,0.0,0.0,0.0,0.0,0.0,0.0,0.0,0.0,0.0,0.0,0.0,0.0,0.0,0.0,0.0,0.0,0.06356040922092682,0.0,0.0,0.0,0.0,0.0,0.0,0.0,0.0,0.0,0.0,0.0,0.0,0.0,0.06171851154236601,0.0,0.0,0.0,0.0,0.0,0.0,0.0,0.0,0.0,0.0,0.0,0.0,0.0,0.0,0.0,0.0,0.0,0.0,0.0,0.0,0.0,0.0,0.0,0.0,0.0,0.0,0.0,0.05994747884256695,0.06030738582320723,0.0,0.0,0.0,0.06006013186472155,0.0,0.0,0.0,0.0,0.0,0.0,0.0,0.0,0.0,0.0,0.0,0.0,0.0,0.0,0.0,0.0,0.0,0.0,0.0,0.0,0.0,0.0,0.0,0.0,0.0,0.0,0.6463715034874922
2025-09-29,0.048376580741307774,0.0,0.0,0.0,0.0,0.0,0.0,0.0,0.0,0.0,0.0,0.0,0.0,0.0,0.0,0.0,0.0,0.0,0.0,0.0,0.0,0.0,0.0,0.0,0.0,0.0,0.0,0.0,0.0,0.0,0.0,0.0,0.0,0.0,0.0,0.0,0.06388423282229982,0.0,0.0,0.0,0.0,0.0,0.0,0.0,0.0,0.0,0.0,0.0,0.0,0.0,0.06255430369422828,0.0,0.0,0.0,0.0,0.0,0.0,0.0,0.0,0.0,0.0,0.0,0.0,0.0,0.0,0.0,0.0,0.0,0.0,0.0,0.0,0.0,0.0,0.0,0.0,0.0,0.0,0.0,0.05875583107701213,0.05942332950640862,0.0,0.0,0.0,0.060943819687205115,0.0,0.0,0.0,0.0,0.0,0.0,0.0,0.0,0.0,0.0,0.0,0.0,0.0,0.0,0.0,0.0,0.0,0.0,0.0,0.0,0.0,0.0,0.0,0.0,0.0,0.0,0.6460619024715383
2025-09-30,0.047880831048742765,0.0,0.0,0.0,0.0,0.0,0.0,0.0,0.0,0.0,0.0,0.0,0.0,0.0,0.0,0.0,0.0,0.0,0.0,0.0,0.0,0.0,0.0,0.0,0.0,0.0,0.0,0.0,0.0,0.0,0.0,0.0,0.0,0.0,0.0,0.0,0.06532498457876466,0.0,0.0,0.0,0.0,0.0,0.0,0.0,0.0,0.0,0.0,0.0,0.0,0.0,0.06292527158582042,0.0,0.0,0.0,0.0,0.0,0.0,0.0,0.0,0.0,0.0,0.0,0.0,0.0,0.0,0.0,0.0,0.0,0.0,0.0,0.0,0.0,0.0,0.0,0.0,0.0,0.0,0.0,0.057804952469494505,0.058742678620957604,0.0,0.0,0.0,0.06119829913869045,0.0,0.0,0.0,0.0,0.0,0.0,0.0,0.0,0.0,0.0,0.0,0.0,0.0,0.0,0.0,0.0,0.0,0.0,0.0,0.0,0.0,0.0,0.0,0.0,0.0,0.0,0.6461229825575295
2025-10-01,0.047816257264545754,0.0,0.0,0.0,0.0,0.0,0.0,0.0,0.0,0.0,0.0,0.0,0.0,0.0,0.0,0.0,0.0,0.0,0.0,0.0,0.0,0.0,0.0,0.0,0.0,0.0,0.0,0.0,0.0,0.0,0.0,0.0,0.0,0.0,0.0,0.0,0.06555231815589325,0.0,0.0,0.0,0.0,0.0,0.0,0.0,0.0,0.0,0.0,0.0,0.0,0.0,0.0639593817616201,0.0,0.0,0.0,0.0,0.0,0.0,0.0,0.0,0.0,0.0,0.0,0.0,0.0,0.0,0.0,0.0,0.0,0.0,0.0,0.0,0.0,0.0,0.0,0.0,0.0,0.0,0.0,0.05770827529418191,0.05856465335364606,0.0,0.0,0.0,0.06023600388269224,0.0,0.0,0.0,0.0,0.0,0.0,0.0,0.0,0.0,0.0,0.0,0.0,0.0,0.0,0.0,0.0,0.0,0.0,0.0,0.0,0.0,0.0,0.0,0.0,0.0,0.0,0.6461631102874208
2025-10-02,0.04708914076719207,0.0,0.0,0.0,0.0,0.0,0.0,0.0,0.0,0.0,0.0,0.0,0.0,0.0,0.0,0.0,0.0,0.0,0.0,0.0,0.0,0.0,0.0,0.0,0.0,0.0,0.0,0.0,0.0,0.0,0.0,0.0,0.0,0.0,0.0,0.0,0.06494920676751688,0.0,0.0,0.0,0.0,0.0,0.0,0.0,0.0,0.0,0.0,0.0,0.0,0.0,0.06374064422531511,0.0,0.0,0.0,0.0,0.0,0.0,0.0,0.0,0.0,0.0,0.0,0.0,0.0,0.0,0.0,0.0,0.0,0.0,0.0,0.0,0.0,0.0,0.0,0.0,0.0,0.0,0.0,0.05718177294692197,0.058200033163577594,0.0,0.0,0.0,0.06014336602686776,0.0,0.0,0.0,0.0,0.0,0.0,0.0,0.0,0.0,0.0,0.0,0.0,0.0,0.0,0.0,0.0,0.0,0.0,0.0,0.0,0.0,0.0,0.0,0.0,0.0,0.0,0.6486958361026085
2025-10-03,0.04750428064569883,0.0,0.0,0.0,0.0,0.0,0.0,0.0,0.0,0.0,0.0,0.0,0.0,0.0,0.0,0.0,0.0,0.0,0.0,0.0,0.0,0.0,0.0,0.0,0.0,0.0,0.0,0.0,0.0,0.0,0.0,0.0,0.0,0.0,0.0,0.0,0.06531387404902866,0.0,0.0,0.0,0.0,0.0,0.0,0.0,0.0,0.0,0.0,0.0,0.0,0.0,0.06455012456177381,0.0,0.0,0.0,0.0,0.0,0.0,0.0,0.0,0.0,0.0,0.0,0.0,0.0,0.0,0.0,0.0,0.0,0.0,0.0,0.0,0.0,0.0,0.0,0.0,0.0,0.0,0.0,0.056730539777389996,0.05802752928582268,0.0,0.0,0.0,0.05907395960819688,0.0,0.0,0.0,0.0,0.0,0.0,0.0,0.0,0.0,0.0,0.0,0.0,0.0,0.0,0.0,0.0,0.0,0.0,0.0,0.0,0.0,0.0,0.0,0.0,0.0,0.0,0.6487996920720891
2025-10-06,0.0463260476172276,0.0,0.0,0.0,0.0,0.0,0.0,0.0,0.0,0.0,0.0,0.0,0.0,0.0,0.0,0.0,0.0,0.0,0.0,0.0,0.0,0.0,0.0,0.0,0.0,0.0,0.0,0.0,0.0,0.0,0.0,0.0,0.0,0.0,0.0,0.0,0.06590745744193505,0.0,0.0,0.0,0.0,0.0,0.0,0.0,0.0,0.0,0.0,0.0,0.0,0.0,0.06431483098455482,0.0,0.0,0.0,0.0,0.0,0.0,0.0,0.0,0.0,0.0,0.0,0.0,0.0,0.0,0.0,0.0,0.0,0.0,0.0,0.0,0.0,0.0,0.0,0.0,0.0,0.0,0.0,0.05657931760744699,0.0576815233070929,0.0,0.0,0.0,0.05802268729150485,0.0,0.0,0.0,0.0,0.0,0.0,0.0,0.0,0.0,0.0,0.0,0.0,0.0,0.0,0.0,0.0,0.0,0.0,0.0,0.0,0.0,0.0,0.0,0.0,0.0,0.0,0.6511681357502378
2025-10-07,0.04599030875231616,0.0,0.0,0.0,0.0,0.0,0.0,0.0,0.0,0.0,0.0,0.0,0.0,0.0,0.0,0.0,0.0,0.0,0.0,0.0,0.0,0.0,0.0,0.0,0.0,0.0,0.0,0.0,0.0,0.0,0.0,0.0,0.0,0.0,0.0,0.0,0.06609576454469727,0.0,0.0,0.0,0.0,0.0,0.0,0.0,0.0,0.0,0.0,0.0,0.0,0.0,0.06205493540273252,0.0,0.0,0.0,0.0,0.0,0.0,0.0,0.0,0.0,0.0,0.0,0.0,0.0,0.0,0.0,0.0,0.0,0.0,0.0,0.0,0.0,0.0,0.0,0.0,0.0,0.0,0.0,0.05684750242277287,0.058091781525946073,0.0,0.0,0.0,0.057099741058696744,0.0,0.0,0.0,0.0,0.0,0.0,0.0,0.0,0.0,0.0,0.0,0.0,0.0,0.0,0.0,0.0,0.0,0.0,0.0,0.0,0.0,0.0,0.0,0.0,0.0,0.0,0.6538199662928383
2025-10-08,0.04537659151782465,0.0,0.0,0.0,0.0,0.0,0.0,0.0,0.0,0.0,0.0,0.0,0.0,0.0,0.0,0.0,0.0,0.0,0.0,0.0,0.0,0.0,0.0,0.0,0.0,0.0,0.0,0.0,0.0,0.0,0.0,0.0,0.0,0.0,0.0,0.0,0.06541439159435837,0.0,0.0,0.0,0.0,0.0,0.0,0.0,0.0,0.0,0.0,0.0,0.0,0.0,0.06323051254254541,0.0,0.0,0.0,0.0,0.0,0.0,0.0,0.0,0.0,0.0,0.0,0.0,0.0,0.0,0.0,0.0,0.0,0.0,0.0,0.0,0.0,0.0,0.0,0.0,0.0,0.0,0.0,0.056367191384715985,0.05784450512555663,0.0,0.0,0.0,0.05654550223191269,0.0,0.0,0.0,0.0,0.0,0.0,0.0,0.0,0.0,0.0,0.0,0.0,0.0,0.0,0.0,0.0,0.0,0.0,0.0,0.0,0.0,0.0,0.0,0.0,0.0,0.0,0.6552213056030862
2025-10-09,0.04540350351415425,0.0,0.0,0.0,0.0,0.0,0.0,0.0,0.0,0.0,0.0,0.0,0.0,0.0,0.0,0.0,0.0,0.0,0.0,0.0,0.0,0.0,0.0,0.0,0.0,0.0,0.0,0.0,0.0,0.0,0.0,0.0,0.0,0.0,0.0,0.0,0.06536825176755406,0.0,0.0,0.0,0.0,0.0,0.0,0.0,0.0,0.0,0.0,0.0,0.0,0.0,0.06187162307696367,0.0,0.0,0.0,0.0,0.0,0.0,0.0,0.0,0.0,0.0,0.0,0.0,0.0,0.0,0.0,0.0,0.0,0.0,0.0,0.0,0.0,0.0,0.0,0.0,0.0,0.0,0.0,0.05571582637290439,0.05712653906908201,0.0,0.0,0.0,0.05763898498349351,0.0,0.0,0.0,0.0,0.0,0.0,0.0,0.0,0.0,0.0,0.0,0.0,0.0,0.0,0.0,0.0,0.0,0.0,0.0,0.0,0.0,0.0,0.0,0.0,0.0,0.0,0.6568752712158482
2025-10-10,0.045103176900407486,0.0,0.0,0.0,0.0,0.0,0.0,0.0,0.0,0.0,0.0,0.0,0.0,0.0,0.0,0.0,0.0,0.0,0.0,0.0,0.0,0.0,0.0,0.0,0.0,0.0,0.0,0.0,0.0,0.0,0.0,0.0,0.0,0.0,0.0,0.0,0.0654030962379714,0.0,0.0,0.0,0.0,0.0,0.0,0.0,0.0,0.0,0.0,0.0,0.0,0.0,0.0617435510947073,0.0,0.0,0.0,0.0,0.0,0.0,0.0,0.0,0.0,0.0,0.0,0.0,0.0,0.0,0.0,0.0,0.0,0.0,0.0,0.0,0.0,0.0,0.0,0.0,0.0,0.0,0.0,0.05536646808308266,0.05668412677325111,0.0,0.0,0.0,0.05767103614077286,0.0,0.0,0.0,0.0,0.0,0.0,0.0,0.0,0.0,0.0,0.0,0.0,0.0,0.0,0.0,0.0,0.0,0.0,0.0,0.0,0.0,0.0,0.0,0.0,0.0,0.0,0.6580285447698072
2025-10-13,0.04503011750622329,0.0,0.0,0.0,0.0,0.0,0.0,0.0,0.0,0.0,0.0,0.0,0.0,0.0,0.0,0.0,0.0,0.0,0.0,0.0,0.0,0.0,0.0,0.0,0.0,0.0,0.0,0.0,0.0,0.0,0.0,0.0,0.0,0.0,0.0,0.0,0.06519302548408262,0.0,0.0,0.0,0.0,0.0,0.0,0.0,0.0,0.0,0.0,0.0,0.0,0.0,0.06229363226944793,0.0,0.0,0.0,0.0,0.0,0.0,0.0,0.0,0.0,0.0,0.0,0.0,0.0,0.0,0.0,0.0,0.0,0.0,0.0,0.0,0.0,0.0,0.0,0.0,0.0,0.0,0.0,0.05574484988775747,0.0570876039589649,0.0,0.0,0.0,0.05793399841140222,0.0,0.0,0.0,0.0,0.0,0.0,0.0,0.0,0.0,0.0,0.0,0.0,0.0,0.0,0.0,0.0,0.0,0.0,0.0,0.0,0.0,0.0,0.0,0.0,0.0,0.0,0.6567167724821216
2025-10-14,0.044981695420641746,0.0,0.0,0.0,0.0,0.0,0.0,0.0,0.0,0.0,0.0,0.0,0.0,0.0,0.0,0.0,0.0,0.0,0.0,0.0,0.0,0.0,0.0,0.0,0.0,0.0,0.0,0.0,0.0,0.0,0.0,0.0,0.0,0.0,0.0,0.0,0.06519988333144651,0.0,0.0,0.0,0.0,0.0,0.0,0.0,0.0,0.0,0.0,0.0,0.0,0.0,0.0618365148873588,0.0,0.0,0.0,0.0,0.0,0.0,0.0,0.0,0.0,0.0,0.0,0.0,0.0,0.0,0.0,0.0,0.0,0.0,0.0,0.0,0.0,0.0,0.0,0.0,0.0,0.0,0.0,0.055753487149568424,0.056735043037990575,0.0,0.0,0.0,0.05790443170079872,0.0,0.0,0.0,0.0,0.0,0.0,0.0,0.0,0.0,0.0,0.0,0.0,0.0,0.0,0.0,0.0,0.0,0.0,0.0,0.0,0.0,0.0,0.0,0.0,0.0,0.0,0.6575889444721952
2025-10-15,0.0456119353188235,0.0,0.0,0.0,0.0,0.0,0.0,0.0,0.0,0.0,0.0,0.0,0.0,0.0,0.0,0.0,0.0,0.0,0.0,0.0,0.0,0.0,0.0,0.0,0.0,0.0,0.0,0.0,0.0,0.0,0.0,0.0,0.0,0.0,0.0,0.0,0.06409835850264017,0.0,0.0,0.0,0.0,0.0,0.0,0.0,0.0,0.0,0.0,0.0,0.0,0.0,0.06268067408860788,0.0,0.0,0.0,0.0,0.0,0.0,0.0,0.0,0.0,0.0,0.0,0.0,0.0,0.0,0.0,0.0,0.0,0.0,0.0,0.0,0.0,0.0,0.0,0.0,0.0,0.0,0.0,0.05500513974118649,0.05625653135884715,0.0,0.0,0.0,0.058024164219715936,0.0,0.0,0.0,0.0,0.0,0.0,0.0,0.0,0.0,0.0,0.0,0.0,0.0,0.0,0.0,0.0,0.0,0.0,0.0,0.0,0.0,0.0,0.0,0.0,0.0,0.0,0.6583231967701788
2025-10-16,0.0,0.0,0.0,0.0,0.0,0.0,0.0,0.0,0.04252307019046542,0.0,0.0,0.0,0.0,0.0,0.0,0.0,0.0,0.0,0.0,0.0,0.0,0.0,0.0,0.0,0.0,0.0,0.0,0.0,0.0,0.0,0.0,0.0,0.0,0.0,0.0,0.0,0.0,0.0,0.0,0.0,0.0,0.0,0.0,0.0,0.0,0.0,0.0,0.0,0.050525412621932546,0.0,0.0,0.0,0.0,0.0,0.0,0.0,0.0,0.0,0.0,0.0,0.0,0.0,0.0,0.0,0.0,0.0,0.0,0.0,0.0,0.0,0.0,0.0,0.0,0.0,0.0,0.0,0.0,0.0477214301500708,0.0,0.0,0.047217992844361394,0.0,0.04764645001557615,0.0,0.0,0.0,0.0,0.0,0.0,0.0,0.0,0.0,0.0,0.0,0.0,0.0,0.0,0.0,0.0,0.0,0.0,0.0,0.04760882036587229,0.0,0.0,0.0,0.0,0.0,0.0,0.0,0.37395860931914093
2025-10-17,0.0,0.0,0.0,0.0,0.0,0.0,0.0,0.0,0.038704082128945036,0.0,0.0,0.0,0.0,0.0,0.0,0.0,0.0,0.0,0.0,0.0,0.0,0.0,0.0,0.0,0.0,0.0,0.0,0.0,0.0,0.0,0.0,0.0,0.0,0.0,0.0,0.0,0.0,0.0,0.0,0.0,0.0,0.0,0.0,0.0,0.0,0.0,0.0,0.0,0.05124287785025904,0.0,0.0,0.0,0.0,0.0,0.0,0.0,0.0,0.0,0.0,0.0,0.0,0.0,0.0,0.0,0.0,0.0,0.0,0.0,0.0,0.0,0.0,0.0,0.0,0.0,0.0,0.0,0.0,0.04734980389000403,0.0,0.0,0.04762280294739835,0.0,0.05033429613261945,0.0,0.0,0.0,0.0,0.0,0.0,0.0,0.0,0.0,0.0,0.0,0.0,0.0,0.0,0.0,0.0,0.0,0.0,0.0,0.04759849164845522,0.0,0.0,0.0,0.0,0.0,0.0,0.0,0.374261142918155
2025-10-20,0.0,0.0,0.0,0.0,0.0,0.0,0.0,0.0,0.0391018467467348,0.0,0.0,0.0,0.0,0.0,0.0,0.0,0.0,0.0,0.0,0.0,0.0,0.0,0.0,0.0,0.0,0.0,0.0,0.0,0.0,0.0,0.0,0.0,0.0,0.0,0.0,0.0,0.0,0.0,0.0,0.0,0.0,0.0,0.0,0.0,0.0,0.0,0.0,0.0,0.05164121790997395,0.0,0.0,0.0,0.0,0.0,0.0,0.0,0.0,0.0,0.0,0.0,0.0,0.0,0.0,0.0,0.0,0.0,0.0,0.0,0.0,0.0,0.0,0.0,0.0,0.0,0.0,0.0,0.0,0.047277600772467274,0.0,0.0,0.04911839168080388,0.0,0.04926964582495906,0.0,0.0,0.0,0.0,0.0,0.0,0.0,0.0,0.0,0.0,0.0,0.0,0.0,0.0,0.0,0.0,0.0,0.0,0.0,0.04714245327112741,0.0,0.0,0.0,0.0,0.0,0.0,0.0,0.7164488437939336
2025-10-21,0.0,0.0,0.0,0.0,0.0,0.0,0.0,0.0,0.034899607582161395,0.0,0.0,0.0,0.0,0.0,0.0,0.0,0.0,0.0,0.0,0.0,0.0,0.0,0.0,0.0,0.0,0.0,0.0,0.0,0.0,0.0,0.0,0.0,0.0,0.0,0.0,0.0,0.0,0.0,0.0,0.0,0.0,0.0,0.0,0.0,0.0,0.0,0.0,0.0,0.051459820947644876,0.0,0.0,0.0,0.0,0.0,0.0,0.0,0.0,0.0,0.0,0.0,0.0,0.0,0.0,0.0,0.0,0.0,0.0,0.0,0.0,0.0,0.0,0.0,0.0,0.0,0.0,0.0,0.0,0.0460489343572523,0.0,0.0,0.04989656368619726,0.0,0.04923361569766713,0.0,0.0,0.0,0.0,0.0,0.0,0.0,0.0,0.0,0.0,0.0,0.0,0.0,0.0,0.0,0.0,0.0,0.0,0.0,0.04684335627576741,0.0,0.0,0.0,0.0,0.0,0.0,0.0,0.7216181014533096
2025-10-22,0.0,0.0,0.0,0.0,0.0,0.0,0.0,0.0,0.03488016139623464,0.0,0.0,0.0,0.0,0.0,0.0,0.0,0.0,0.0,0.0,0.0,0.0,0.0,0.0,0.0,0.0,0.0,0.0,0.0,0.0,0.0,0.0,0.0,0.0,0.0,0.0,0.0,0.0,0.0,0.0,0.0,0.0,0.0,0.0,0.0,0.0,0.0,0.0,0.0,0.05181922202004415,0.0,0.0,0.0,0.0,0.0,0.0,0.0,0.0,0.0,0.0,0.0,0.0,0.0,0.0,0.0,0.0,0.0,0.0,0.0,0.0,0.0,0.0,0.0,0.0,0.0,0.0,0.0,0.0,0.045509049661660535,0.0,0.0,0.049192577160383076,0.0,0.05069006394834299,0.0,0.0,0.0,0.0,0.0,0.0,0.0,0.0,0.0,0.0,0.0,0.0,0.0,0.0,0.0,0.0,0.0,0.0,0.0,0.04629529894185587,0.0,0.0,0.0,0.0,0.0,0.0,0.0,0.7216136268714788
2025-10-23,0.0,0.0,0.0,0.0,0.0,0.0,0.0,0.0,0.035091039933017765,0.0,0.0,0.0,0.0,0.0,0.0,0.0,0.0,0.0,0.0,0.0,0.0,0.0,0.0,0.0,0.0,0.0,0.0,0.0,0.0,0.0,0.0,0.0,0.0,0.0,0.0,0.0,0.0,0.0,0.0,0.0,0.0,0.0,0.0,0.0,0.0,0.0,0.0,0.0,0.051923626631164066,0.0,0.0,0.0,0.0,0.0,0.0,0.0,0.0,0.0,0.0,0.0,0.0,0.0,0.0,0.0,0.0,0.0,0.0,0.0,0.0,0.0,0.0,0.0,0.0,0.0,0.0,0.0,0.0,0.04501599013461979,0.0,0.0,0.04924414736451376,0.0,0.0514771916554016,0.0,0.0,0.0,0.0,0.0,0.0,0.0,0.0,0.0,0.0,0.0,0.0,0.0,0.0,0.0,0.0,0.0,0.0,0.0,0.04695487321029633,0.0,0.0,0.0,0.0,0.0,0.0,0.0,0.7202931310709867
2025-10-24,0.0,0.0,0.0,0.0,0.0,0.0,0.0,0.0,0.034904101259428444,0.0,0.0,0.0,0.0,0.0,0.0,0.0,0.0,0.0,0.0,0.0,0.0,0.0,0.0,0.0,0.0,0.0,0.0,0.0,0.0,0.0,0.0,0.0,0.0,0.0,0.0,0.0,0.0,0.0,0.0,0.0,0.0,0.0,0.0,0.0,0.0,0.0,0.0,0.0,0.05227518965192151,0.0,0.0,0.0,0.0,0.0,0.0,0.0,0.0,0.0,0.0,0.0,0.0,0.0,0.0,0.0,0.0,0.0,0.0,0.0,0.0,0.0,0.0,0.0,0.0,0.0,0.0,0.0,0.0,0.04531067494461724,0.0,0.0,0.04875373372301776,0.0,0.05163988823024637,0.0,0.0,0.0,0.0,0.0,0.0,0.0,0.0,0.0,0.0,0.0,0.0,0.0,0.0,0.0,0.0,0.0,0.0,0.0,0.04785589565094252,0.0,0.0,0.0,0.0,0.0,0.0,0.0,0.7192605165398261
2025-10-27,0.0,0.0,0.0,0.0,0.0,0.0,0.0,0.0,0.03223997181061249,0.0,0.0,0.0,0.0,0.0,0.0,0.0,0.0,0.0,0.0,0.0,0.0,0.0,0.0,0.0,0.0,0.0,0.0,0.0,0.0,0.0,0.0,0.0,0.0,0.0,0.0,0.0,0.0,0.0,0.0,0.0,0.0,0.0,0.0,0.0,0.0,0.0,0.0,0.0,0.05241827519551338,0.0,0.0,0.0,0.0,0.0,0.0,0.0,0.0,0.0,0.0,0.0,0.0,0.0,0.0,0.0,0.0,0.0,0.0,0.0,0.0,0.0,0.0,0.0,0.0,0.0,0.0,0.0,0.0,0.046016410625479995,0.0,0.0,0.049160601565064584,0.0,0.051643996354418666,0.0,0.0,0.0,0.0,0.0,0.0,0.0,0.0,0.0,0.0,0.0,0.0,0.0,0.0,0.0,0.0,0.0,0.0,0.0,0.047833869235605696,0.0,0.0,0.0,0.0,0.0,0.0,0.0,0.7206868752133052
2025-10-28,0.0,0.0,0.0,0.0,0.0,0.0,0.0,0.0,0.03169412880187638,0.0,0.0,0.0,0.0,0.0,0.0,0.0,0.0,0.0,0.0,0.0,0.0,0.0,0.0,0.0,0.0,0.0,0.0,0.0,0.0,0.0,0.0,0.0,0.0,0.0,0.0,0.0,0.0,0.0,0.0,0.0,0.0,0.0,0.0,0.0,0.0,0.0,0.0,0.0,0.0522884094512292,0.0,0.0,0.0,0.0,0.0,0.0,0.0,0.0,0.0,0.0,0.0,0.0,0.0,0.0,0.0,0.0,0.0,0.0,0.0,0.0,0.0,0.0,0.0,0.0,0.0,0.0,0.0,0.0,0.04558891244386645,0.0,0.0,0.04942153569811342,0.0,0.050943628618996456,0.0,0.0,0.0,0.0,0.0,0.0,0.0,0.0,0.0,0.0,0.0,0.0,0.0,0.0,0.0,0.0,0.0,0.0,0.0,0.04762874629187029,0.0,0.0,0.0,0.0,0.0,0.0,0.0,0.7224346386940478
2025-10-29,0.0,0.0,0.0,0.0,0.0,0.0,0.0,0.0,0.0315949002851469,0.0,0.0,0.0,0.0,0.0,0.0,0.0,0.0,0.0,0.0,0.0,0.0,0.0,0.0,0.0,0.0,0.0,0.0,0.0,0.0,0.0,0.0,0.0,0.0,0.0,0.0,0.0,0.0,0.0,0.0,0.0,0.0,0.0,0.0,0.0,0.0,0.0,0.0,0.0,0.05223807720418747,0.0,0.0,0.0,0.0,0.0,0.0,0.0,0.0,0.0,0.0,0.0,0.0,0.0,0.0,0.0,0.0,0.0,0.0,0.0,0.0,0.0,0.0,0.0,0.0,0.0,0.0,0.0,0.0,0.0480690160845272,0.0,0.0,0.04938711947992545,0.0,0.05025002497000856,0.0,0.0,0.0,0.0,0.0,0.0,0.0,0.0,0.0,0.0,0.0,0.0,0.0,0.0,0.0,0.0,0.0,0.0,0.0,0.04695310229188315,0.0,0.0,0.0,0.0,0.0,0.0,0.0,0.7215077596843212
2025-10-30,0.0,0.0,0.0,0.0,0.0,0.0,0.0,0.0,0.033729930643820245,0.0,0.0,0.0,0.0,0.0,0.0,0.0,0.0,0.0,0.0,0.0,0.0,0.0,0.0,0.0,0.0,0.0,0.0,0.0,0.0,0.0,0.0,0.0,0.0,0.0,0.0,0.0,0.0,0.0,0.0,0.0,0.0,0.0,0.0,0.0,0.0,0.0,0.0,0.0,0.052069563602647743,0.0,0.0,0.0,0.0,0.0,0.0,0.0,0.0,0.0,0.0,0.0,0.0,0.0,0.0,0.0,0.0,0.0,0.0,0.0,0.0,0.0,0.0,0.0,0.0,0.0,0.0,0.0,0.0,0.04753064011521799,0.0,0.0,0.04939580559048531,0.0,0.04976791903214012,0.0,0.0,0.0,0.0,0.0,0.0,0.0,0.0,0.0,0.0,0.0,0.0,0.0,0.0,0.0,0.0,0.0,0.0,0.0,0.047929385205612594,0.0,0.0,0.0,0.0,0.0,0.0,0.0,0.719576755810076
2025-10-31,0.0,0.0,0.0,0.0,0.0,0.0,0.0,0.0,0.03399297648022326,0.0,0.0,0.0,0.0,0.0,0.0,0.0,0.0,0.0,0.0,0.0,0.0,0.0,0.0,0.0,0.0,0.0,0.0,0.0,0.0,0.0,0.0,0.0,0.0,0.0,0.0,0.0,0.0,0.0,0.0,0.0,0.0,0.0,0.0,0.0,0.0,0.0,0.0,0.0,0.052248859662475486,0.0,0.0,0.0,0.0,0.0,0.0,0.0,0.0,0.0,0.0,0.0,0.0,0.0,0.0,0.0,0.0,0.0,0.0,0.0,0.0,0.0,0.0,0.0,0.0,0.0,0.0,0.0,0.0,0.04820714838624848,0.0,0.0,0.0443395693109207,0.0,0.050302279034535886,0.0,0.0,0.0,0.0,0.0,0.0,0.0,0.0,0.0,0.0,0.0,0.0,0.0,0.0,0.0,0.0,0.0,0.0,0.0,0.04845654863170634,0.0,0.0,0.0,0.0,0.0,0.0,0.0,0.7224526184938899
2025-11-03,0.0,0.0,0.0,0.0,0.0,0.0,0.0,0.0,0.03482395652717508,0.0,0.0,0.0,0.0,0.0,0.0,0.0,0.0,0.0,0.0,0.0,0.0,0.0,0.0,0.0,0.0,0.0,0.0,0.0,0.0,0.0,0.0,0.0,0.0,0.0,0.0,0.0,0.0,0.0,0.0,0.0,0.0,0.0,0.0,0.0,0.0,0.0,0.0,0.0,0.05261110023918493,0.0,0.0,0.0,0.0,0.0,0.0,0.0,0.0,0.0,0.0,0.0,0.0,0.0,0.0,0.0,0.0,0.0,0.0,0.0,0.0,0.0,0.0,0.0,0.0,0.0,0.0,0.0,0.0,0.04596830450373627,0.0,0.0,0.040918448664474846,0.0,0.05109382846090446,0.0,0.0,0.0,0.0,0.0,0.0,0.0,0.0,0.0,0.0,0.0,0.0,0.0,0.0,0.0,0.0,0.0,0.0,0.0,0.048619812356622,0.0,0.0,0.0,0.0,0.0,0.0,0.0,0.7259645492479024
2025-11-04,0.0,0.0,0.0,0.0,0.0,0.0,0.0,0.0,0.03356059683327139,0.0,0.0,0.0,0.0,0.0,0.0,0.0,0.0,0.0,0.0,0.0,0.0,0.0,0.0,0.0,0.0,0.0,0.0,0.0,0.0,0.0,0.0,0.0,0.0,0.0,0.0,0.0,0.0,0.0,0.0,0.0,0.0,0.0,0.0,0.0,0.0,0.0,0.0,0.0,0.052399130156018145,0.0,0.0,0.0,0.0,0.0,0.0,0.0,0.0,0.0,0.0,0.0,0.0,0.0,0.0,0.0,0.0,0.0,0.0,0.0,0.0,0.0,0.0,0.0,0.0,0.0,0.0,0.0,0.0,0.0486891057433515,0.0,0.0,0.040711935717516703,0.0,0.051410254291512185,0.0,0.0,0.0,0.0,0.0,0.0,0.0,0.0,0.0,0.0,0.0,0.0,0.0,0.0,0.0,0.0,0.0,0.0,0.0,0.048530926225386926,0.0,0.0,0.0,0.0,0.0,0.0,0.0,0.7246980510329432
2025-11-05,0.0,0.0,0.0,0.0,0.0,0.0,0.0,0.0,0.035122289041711795,0.0,0.0,0.0,0.0,0.0,0.0,0.0,0.0,0.0,0.0,0.0,0.0,0.0,0.0,0.0,0.0,0.0,0.0,0.0,0.0,0.0,0.0,0.0,0.0,0.0,0.0,0.0,0.0,0.0,0.0,0.0,0.0,0.0,0.0,0.0,0.0,0.0,0.0,0.0,0.05213032897895065,0.0,0.0,0.0,0.0,0.0,0.0,0.0,0.0,0.0,0.0,0.0,0.0,0.0,0.0,0.0,0.0,0.0,0.0,0.0,0.0,0.0,0.0,0.0,0.0,0.0,0.0,0.0,0.0,0.048439336541168034,0.0,0.0,0.04044706177875716,0.0,0.0526217745730969,0.0,0.0,0.0,0.0,0.0,0.0,0.0,0.0,0.0,0.0,0.0,0.0,0.0,0.0,0.0,0.0,0.0,0.0,0.0,0.049861287360149435,0.0,0.0,0.0,0.0,0.0,0.0,0.0,0.721377921726166
2025-11-06,0.0,0.0,0.0,0.0,0.0,0.0,0.0,0.0,0.034675531743598546,0.0,0.0,0.0,0.0,0.0,0.0,0.0,0.0,0.0,0.0,0.0,0.0,0.0,0.0,0.0,0.0,0.0,0.0,0.0,0.0,0.0,0.0,0.0,0.0,0.0,0.0,0.0,0.0,0.0,0.0,0.0,0.0,0.0,0.0,0.0,0.0,0.0,0.0,0.0,0.05300760617535333,0.0,0.0,0.0,0.0,0.0,0.0,0.0,0.0,0.0,0.0,0.0,0.0,0.0,0.0,0.0,0.0,0.0,0.0,0.0,0.0,0.0,0.0,0.0,0.0,0.0,0.0,0.0,0.0,0.04747083760372059,0.0,0.0,0.03869839122774843,0.0,0.05358732353227675,0.0,0.0,0.0,0.0,0.0,0.0,0.0,0.0,0.0,0.0,0.0,0.0,0.0,0.0,0.0,0.0,0.0,0.0,0.0,0.04996321458475372,0.0,0.0,0.0,0.0,0.0,0.0,0.0,0.7225970951325486
2025-11-07,0.0,0.0,0.0,0.0,0.0,0.0,0.0,0.0,0.035386357878015404,0.0,0.0,0.0,0.0,0.0,0.0,0.0,0.0,0.0,0.0,0.0,0.0,0.0,0.0,0.0,0.0,0.0,0.0,0.0,0.0,0.0,0.0,0.0,0.0,0.0,0.0,0.0,0.0,0.0,0.0,0.0,0.0,0.0,0.0,0.0,0.0,0.0,0.0,0.0,0.05432134378923287,0.0,0.0,0.0,0.0,0.0,0.0,0.0,0.0,0.0,0.0,0.0,0.0,0.0,0.0,0.0,0.0,0.0,0.0,0.0,0.0,0.0,0.0,0.0,0.0,0.0,0.0,0.0,0.0,0.04795416106625166,0.0,0.0,0.03947380777967855,0.0,0.05381158346589678,0.0,0.0,0.0,0.0,0.0,0.0,0.0,0.0,0.0,0.0,0.0,0.0,0.0,0.0,0.0,0.0,0.0,0.0,0.0,0.050319812764663276,0.0,0.0,0.0,0.0,0.0,0.0,0.0,0.7187329332562614
2025-11-10,0.0,0.0,0.0,0.0,0.0,0.0,0.0,0.0,0.03689834920433557,0.0,0.0,0.0,0.0,0.0,0.0,0.0,0.0,0.0,0.0,0.0,0.0,0.0,0.0,0.0,0.0,0.0,0.0,0.0,0.0,0.0,0.0,0.0,0.0,0.0,0.0,0.0,0.0,0.0,0.0,0.0,0.0,0.0,0.0,0.0,0.0,0.0,0.0,0.0,0.05407664151888569,0.0,0.0,0.0,0.0,0.0,0.0,0.0,0.0,0.0,0.0,0.0,0.0,0.0,0.0,0.0,0.0,0.0,0.0,0.0,0.0,0.0,0.0,0.0,0.0,0.0,0.0,0.0,0.0,0.04875115114277751,0.0,0.0,0.03979551194908769,0.0,0.05409315037796367,0.0,0.0,0.0,0.0,0.0,0.0,0.0,0.0,0.0,0.0,0.0,0.0,0.0,0.0,0.0,0.0,0.0,0.0,0.0,0.050495491191401835,0.0,0.0,0.0,0.0,0.0,0.0,0.0,0.7158897046155479
2025-11-11,0.0,0.0,0.0,0.0,0.0,0.0,0.0,0.0,0.03567016503514597,0.0,0.0,0.0,0.0,0.0,0.0,0.0,0.0,0.0,0.0,0.0,0.0,0.0,0.0,0.0,0.0,0.0,0.0,0.0,0.0,0.0,0.0,0.0,0.0,0.0,0.0,0.0,0.0,0.0,0.0,0.0,0.0,0.0,0.0,0.0,0.0,0.0,0.0,0.0,0.055163981242264334,0.0,0.0,0.0,0.0,0.0,0.0,0.0,0.0,0.0,0.0,0.0,0.0,0.0,0.0,0.0,0.0,0.0,0.0,0.0,0.0,0.0,0.0,0.0,0.0,0.0,0.0,0.0,0.0,0.04790076249724125,0.0,0.0,0.03944337397084838,0.0,0.055463602559627484,0.0,0.0,0.0,0.0,0.0,0.0,0.0,0.0,0.0,0.0,0.0,0.0,0.0,0.0,0.0,0.0,0.0,0.0,0.0,0.05142642709689898,0.0,0.0,0.0,0.0,0.0,0.0,0.0,0.7149316875979735
2025-11-12,0.0,0.0,0.0,0.0,0.0,0.0,0.0,0.0,0.037129584584803935,0.0,0.0,0.0,0.0,0.0,0.0,0.0,0.0,0.0,0.0,0.0,0.0,0.0,0.0,0.0,0.0,0.0,0.0,0.0,0.0,0.0,0.0,0.0,0.0,0.0,0.0,0.0,0.0,0.0,0.0,0.0,0.0,0.0,0.0,0.0,0.0,0.0,0.0,0.0,0.0559963337083343,0.0,0.0,0.0,0.0,0.0,0.0,0.0,0.0,0.0,0.0,0.0,0.0,0.0,0.0,0.0,0.0,0.0,0.0,0.0,0.0,0.0,0.0,0.0,0.0,0.0,0.0,0.0,0.0,0.04820434560147041,0.0,0.0,0.038607268732070876,0.0,0.05497828464038464,0.0,0.0,0.0,0.0,0.0,0.0,0.0,0.0,0.0,0.0,0.0,0.0,0.0,0.0,0.0,0.0,0.0,0.0,0.0,0.05087812985828972,0.0,0.0,0.0,0.0,0.0,0.0,0.0,0.7142060528746461
2025-11-13,0.0,0.0,0.0,0.0,0.0,0.0,0.0,0.0,0.0365667508760921,0.0,0.0,0.0,0.0,0.0,0.0,0.0,0.0,0.0,0.0,0.0,0.0,0.0,0.0,0.0,0.0,0.0,0.0,0.0,0.0,0.0,0.0,0.0,0.0,0.0,0.0,0.0,0.0,0.0,0.0,0.0,0.0,0.0,0.0,0.0,0.0,0.0,0.0,0.0,0.05575222576924912,0.0,0.0,0.0,0.0,0.0,0.0,0.0,0.0,0.0,0.0,0.0,0.0,0.0,0.0,0.0,0.0,0.0,0.0,0.0,0.0,0.0,0.0,0.0,0.0,0.0,0.0,0.0,0.0,0.047133898052422615,0.0,0.0,0.03943116351837213,0.0,0.05495415791862417,0.0,0.0,0.0,0.0,0.0,0.0,0.0,0.0,0.0,0.0,0.0,0.0,0.0,0.0,0.0,0.0,0.0,0.0,0.0,0.04864765382439418,0.0,0.0,0.0,0.0,0.0,0.0,0.0,0.7175141500408457
2025-11-14,0.0,0.0,0.0,0.0,0.0,0.0,0.0,0.0,0.03632961537940706,0.0,0.0,0.0,0.0,0.0,0.0,0.0,0.0,0.0,0.0,0.0,0.0,0.0,0.0,0.0,0.0,0.0,0.0,0.0,0.0,0.0,0.0,0.0,0.0,0.0,0.0,0.0,0.0,0.0,0.0,0.0,0.0,0.0,0.0,0.0,0.0,0.0,0.0,0.0,0.05537342914156586,0.0,0.0,0.0,0.0,0.0,0.0,0.0,0.0,0.0,0.0,0.0,0.0,0.0,0.0,0.0,0.0,0.0,0.0,0.0,0.0,0.0,0.0,0.0,0.0,0.0,0.0,0.0,0.0,0.0479072188622617,0.0,0.0,0.03944869039603072,0.0,0.054769089275310615,0.0,0.0,0.0,0.0,0.0,0.0,0.0,0.0,0.0,0.0,0.0,0.0,0.0,0.0,0.0,0.0,0.0,0.0,0.0,0.04996064792706759,0.0,0.0,0.0,0.0,0.0,0.0,0.0,0.7162113090183564
2025-11-17,0.0,0.0,0.0,0.0,0.0,0.0,0.0,0.0,0.03616121669224884,0.0,0.0,0.0,0.0,0.0,0.0,0.0,0.0,0.0,0.0,0.0,0.0,0.0,0.0,0.0,0.0,0.0,0.0,0.0,0.0,0.0,0.0,0.0,0.0,0.0,0.0,0.0,0.0,0.0,0.0,0.0,0.0,0.0,0.0,0.0,0.0,0.0,0.0,0.0,0.05451999317152048,0.0,0.0,0.0,0.0,0.0,0.0,0.0,0.0,0.0,0.0,0.0,0.0,0.0,0.0,0.0,0.0,0.0,0.0,0.0,0.0,0.0,0.0,0.0,0.0,0.0,0.0,0.0,0.0,0.04741139926579833,0.0,0.0,0.039062256801020476,0.0,0.055009702329761045,0.0,0.0,0.0,0.0,0.0,0.0,0.0,0.0,0.0,0.0,0.0,0.0,0.0,0.0,0.0,0.0,0.0,0.0,0.0,0.049164705922290414,0.0,0.0,0.0,0.0,0.0,0.0,0.0,0.7186707258173604
2025-11-18,0.0,0.0,0.0,0.0,0.0,0.0,0.0,0.0,0.036366445205712764,0.0,0.0,0.0,0.0,0.0,0.0,0.0,0.0,0.0,0.0,0.0,0.0,0.0,0.0,0.0,0.0,0.0,0.0,0.0,0.0,0.0,0.0,0.0,0.0,0.0,0.0,0.0,0.0,0.0,0.0,0.0,0.0,0.0,0.0,0.0,0.0,0.0,0.0,0.0,0.05453534536038475,0.0,0.0,0.0,0.0,0.0,0.0,0.0,0.0,0.0,0.0,0.0,0.0,0.0,0.0,0.0,0.0,0.0,0.0,0.0,0.0,0.0,0.0,0.0,0.0,0.0,0.0,0.0,0.0,0.04771525604784599,0.0,0.0,0.040279831595951984,0.0,0.05503758345277942,0.0,0.0,0.0,0.0,0.0,0.0,0.0,0.0,0.0,0.0,0.0,0.0,0.0,0.0,0.0,0.0,0.0,0.0,0.0,0.050048079201528616,0.0,0.0,0.0,0.0,0.0,0.0,0.0,0.7160174591357966
2025-11-19,0.0,0.0,0.0,0.0,0.0,0.0,0.0,0.0,0.037703933816209435,0.0,0.0,0.0,0.0,0.0,0.0,0.0,0.0,0.0,0.0,0.0,0.0,0.0,0.0,0.0,0.0,0.0,0.0,0.0,0.0,0.0,0.0,0.0,0.0,0.0,0.0,0.0,0.0,0.0,0.0,0.0,0.0,0.0,0.0,0.0,0.0,0.0,0.0,0.0,0.05429935227922832,0.0,0.0,0.0,0.0,0.0,0.0,0.0,0.0,0.0,0.0,0.0,0.0,0.0,0.0,0.0,0.0,0.0,0.0,0.0,0.0,0.0,0.0,0.0,0.0,0.0,0.0,0.0,0.0,0.04983254699084579,0.0,0.0,0.040541150380257615,0.0,0.054003778109070415,0.0,0.0,0.0,0.0,0.0,0.0,0.0,0.0,0.0,0.0,0.0,0.0,0.0,0.0,0.0,0.0,0.0,0.0,0.0,0.04942653353870863,0.0,0.0,0.0,0.0,0.0,0.0,0.0,0.7141927048856799
2025-11-21,0.0,0.0,0.0,0.0,0.0,0.0,0.0,0.0,0.03780175462603262,0.0,0.0,0.0,0.0,0.0,0.0,0.0,0.0,0.0,0.0,0.0,0.0,0.0,0.0,0.0,0.0,0.0,0.0,0.0,0.0,0.0,0.0,0.0,0.0,0.0,0.0,0.0,0.0,0.0,0.0,0.0,0.0,0.0,0.0,0.0,0.0,0.0,0.0,0.0,0.054538304738097426,0.0,0.0,0.0,0.0,0.0,0.0,0.0,0.0,0.0,0.0,0.0,0.0,0.0,0.0,0.0,0.0,0.0,0.0,0.0,0.0,0.0,0.0,0.0,0.0,0.0,0.0,0.0,0.0,0.048581542555758986,0.0,0.0,0.04065264005118955,0.0,0.05331410399606059,0.0,0.0,0.0,0.0,0.0,0.0,0.0,0.0,0.0,0.0,0.0,0.0,0.0,0.0,0.0,0.0,0.0,0.0,0.0,0.048560068269777615,0.0,0.0,0.0,0.0,0.0,0.0,0.0,0.7165515857630832
2025-11-24,0.0,0.0,0.0,0.0,0.0,0.0,0.0,0.0,0.0,0.0,0.0,0.0,0.0,0.0,0.0,0.0,0.0,0.0,0.0,0.030631469086403972,0.0,0.0,0.0,0.0,0.03062048210474777,0.030609499063935446,0.0,0.0,0.0,0.0,0.0,0.0,0.0,0.0,0.0,0.0,0.0,0.0,0.0,0.0,0.0,0.0,0.0,0.0,0.0,0.0,0.0,0.0,0.0,0.0,0.0,0.0,0.0,0.0,0.0,0.0,0.0,0.030598519962550426,0.0,0.0,0.0,0.0,0.0,0.0,0.0,0.0,0.0,0.0,0.0,0.0,0.0,0.0,0.0,0.0,0.0,0.0,0.0,0.0,0.0,0.0,0.0,0.0,0.0,0.0,0.0,0.0,0.0,0.0,0.0,0.0,0.0,0.0,0.0,0.0,0.0,0.0,0.0,0.0,0.0,0.0,0.0,0.0,0.0,0.0,0.0,0.0,0.0,0.0,0.030587544799180136,0.0,0.5608162331028008
2025-11-25,0.0,0.0,0.0,0.0,0.0,0.0,0.0,0.0,0.0,0.0,0.0,0.0,0.0,0.0,0.0,0.0,0.0,0.0,0.0,0.030896594260978218,0.0,0.0,0.0,0.0,0.030762096038847764,0.03125991193169474,0.0,0.0,0.0,0.0,0.0,0.0,0.0,0.0,0.0,0.0,0.0,0.0,0.0,0.0,0.0,0.0,0.0,0.0,0.0,0.0,0.0,0.0,0.0,0.0,0.0,0.0,0.0,0.0,0.0,0.0,0.0,0.030812562678277193,0.0,0.0,0.0,0.0,0.0,0.0,0.0,0.0,0.0,0.0,0.0,0.0,0.0,0.0,0.0,0.0,0.0,0.0,0.0,0.0,0.0,0.0,0.0,0.0,0.0,0.0,0.0,0.0,0.0,0.0,0.0,0.0,0.0,0.0,0.0,0.0,0.0,0.0,0.0,0.0,0.0,0.0,0.0,0.0,0.0,0.0,0.0,0.0,0.0,0.0,0.030375525443407773,0.0,0.5602191783970057
2025-11-26,0.0,0.0,0.0,0.0,0.0,0.0,0.0,0.0,0.0,0.0,0.0,0.0,0.0,0.0,0.0,0.0,0.0,0.0,0.0,0.03161034160132396,0.0,0.0,0.0,0.0,0.031157237920951,0.03151256094740985,0.0,0.0,0.0,0.0,0.0,0.0,0.0,0.0,0.0,0.0,0.0,0.0,0.0,0.0,0.0,0.0,0.0,0.0,0.0,0.0,0.0,0.0,0.0,0.0,0.0,0.0,0.0,0.0,0.0,0.0,0.0,0.030667711925365406,0.0,0.0,0.0,0.0,0.0,0.0,0.0,0.0,0.0,0.0,0.0,0.0,0.0,0.0,0.0,0.0,0.0,0.0,0.0,0.0,0.0,0.0,0.0,0.0,0.0,0.0,0.0,0.0,0.0,0.0,0.0,0.0,0.0,0.0,0.0,0.0,0.0,0.0,0.0,0.0,0.0,0.0,0.0,0.0,0.0,0.0,0.0,0.0,0.0,0.0,0.031297088942163216,0.0,0.8437550586627866
2025-11-27,0.0,0.0,0.0,0.0,0.0,0.0,0.0,0.0,0.0,0.0,0.0,0.0,0.0,0.0,0.0,0.0,0.0,0.0,0.0,0.03143322172514755,0.0,0.0,0.0,0.0,0.031183330309951175,0.03136777859348058,0.0,0.0,0.0,0.0,0.0,0.0,0.0,0.0,0.0,0.0,0.0,0.0,0.0,0.0,0.0,0.0,0.0,0.0,0.0,0.0,0.0,0.0,0.0,0.0,0.0,0.0,0.0,0.0,0.0,0.0,0.0,0.03153957695961079,0.0,0.0,0.0,0.0,0.0,0.0,0.0,0.0,0.0,0.0,0.0,0.0,0.0,0.0,0.0,0.0,0.0,0.0,0.0,0.0,0.0,0.0,0.0,0.0,0.0,0.0,0.0,0.0,0.0,0.0,0.0,0.0,0.0,0.0,0.0,0.0,0.0,0.0,0.0,0.0,0.0,0.0,0.0,0.0,0.0,0.0,0.0,0.0,0.0,0.0,0.03102218963971512,0.0,0.8434539027720948
2025-11-28,0.0,0.0,0.0,0.0,0.0,0.0,0.0,0.0,0.0,0.0,0.0,0.0,0.0,0.0,0.0,0.0,0.0,0.0,0.0,0.03200648476982821,0.0,0.0,0.0,0.0,0.031228854528049476,0.03133162481004742,0.0,0.0,0.0,0.0,0.0,0.0,0.0,0.0,0.0,0.0,0.0,0.0,0.0,0.0,0.0,0.0,0.0,0.0,0.0,0.0,0.0,0.0,0.0,0.0,0.0,0.0,0.0,0.0,0.0,0.0,0.0,0.03135968775136027,0.0,0.0,0.0,0.0,0.0,0.0,0.0,0.0,0.0,0.0,0.0,0.0,0.0,0.0,0.0,0.0,0.0,0.0,0.0,0.0,0.0,0.0,0.0,0.0,0.0,0.0,0.0,0.0,0.0,0.0,0.0,0.0,0.0,0.0,0.0,0.0,0.0,0.0,0.0,0.0,0.0,0.0,0.0,0.0,0.0,0.0,0.0,0.0,0.0,0.0,0.031127122408337243,0.0,0.8429462257323774
2025-12-01,0.0,0.0,0.0,0.0,0.0,0.0,0.0,0.0,0.0,0.0,0.0,0.0,0.0,0.0,0.0,0.0,0.0,0.0,0.0,0.03232446368842048,0.0,0.0,0.0,0.0,0.030566274818676253,0.030972505246598576,0.0,0.0,0.0,0.0,0.0,0.0,0.0,0.0,0.0,0.0,0.0,0.0,0.0,0.0,0.0,0.0,0.0,0.0,0.0,0.0,0.0,0.0,0.0,0.0,0.0,0.0,0.0,0.0,0.0,0.0,0.0,0.03125498023866704,0.0,0.0,0.0,0.0,0.0,0.0,0.0,0.0,0.0,0.0,0.0,0.0,0.0,0.0,0.0,0.0,0.0,0.0,0.0,0.0,0.0,0.0,0.0,0.0,0.0,0.0,0.0,0.0,0.0,0.0,0.0,0.0,0.0,0.0,0.0,0.0,0.0,0.0,0.0,0.0,0.0,0.0,0.0,0.0,0.0,0.0,0.0,0.0,0.0,0.0,0.03177004395338485,0.0,0.8431117320542528
2025-12-02,0.0,0.0,0.0,0.0,0.0,0.0,0.0,0.0,0.0,0.0,0.0,0.0,0.0,0.0,0.0,0.0,0.0,0.0,0.0,0.032799521843709045,0.0,0.0,0.0,0.0,0.030649893454350072,0.031413279973671625,0.0,0.0,0.0,0.0,0.0,0.0,0.0,0.0,0.0,0.0,0.0,0.0,0.0,0.0,0.0,0.0,0.0,0.0,0.0,0.0,0.0,0.0,0.0,0.0,0.0,0.0,0.0,0.0,0.0,0.0,0.0,0.0317468348611147,0.0,0.0,0.0,0.0,0.0,0.0,0.0,0.0,0.0,0.0,0.0,0.0,0.0,0.0,0.0,0.0,0.0,0.0,0.0,0.0,0.0,0.0,0.0,0.0,0.0,0.0,0.0,0.0,0.0,0.0,0.0,0.0,0.0,0.0,0.0,0.0,0.0,0.0,0.0,0.0,0.0,0.0,0.0,0.0,0.0,0.0,0.0,0.0,0.0,0.0,0.03198969092590664,0.0,0.841400778941248
2025-12-03,0.0,0.0,0.0,0.0,0.0,0.0,0.0,0.0,0.0,0.0,0.0,0.0,0.0,0.0,0.0,0.0,0.0,0.0,0.0,0.033368346714105684,0.0,0.0,0.0,0.0,0.030614222770103516,0.03218569993741841,0.0,0.0,0.0,0.0,0.0,0.0,0.0,0.0,0.0,0.0,0.0,0.0,0.0,0.0,0.0,0.0,0.0,0.0,0.0,0.0,0.0,0.0,0.0,0.0,0.0,0.0,0.0,0.0,0.0,0.0,0.0,0.031386699451223785,0.0,0.0,0.0,0.0,0.0,0.0,0.0,0.0,0.0,0.0,0.0,0.0,0.0,0.0,0.0,0.0,0.0,0.0,0.0,0.0,0.0,0.0,0.0,0.0,0.0,0.0,0.0,0.0,0.0,0.0,0.0,0.0,0.0,0.0,0.0,0.0,0.0,0.0,0.0,0.0,0.0,0.0,0.0,0.0,0.0,0.0,0.0,0.0,0.0,0.0,0.03156015089460305,0.0,0.8408848802325455
2025-12-04,0.0,0.0,0.0,0.0,0.0,0.0,0.0,0.0,0.0,0.0,0.0,0.0,0.0,0.0,0.0,0.0,0.0,0.0,0.0,0.033897882915613256,0.0,0.0,0.0,0.0,0.030961199441698083,0.032327320436378155,0.0,0.0,0.0,0.0,0.0,0.0,0.0,0.0,0.0,0.0,0.0,0.0,0.0,0.0,0.0,0.0,0.0,0.0,0.0,0.0,0.0,0.0,0.0,0.0,0.0,0.0,0.0,0.0,0.0,0.0,0.0,0.03167810551786723,0.0,0.0,0.0,0.0,0.0,0.0,0.0,0.0,0.0,0.0,0.0,0.0,0.0,0.0,0.0,0.0,0.0,0.0,0.0,0.0,0.0,0.0,0.0,0.0,0.0,0.0,0.0,0.0,0.0,0.0,0.0,0.0,0.0,0.0,0.0,0.0,0.0,0.0,0.0,0.0,0.0,0.0,0.0,0.0,0.0,0.0,0.0,0.0,0.0,0.0,0.03211026210924013,0.0,0.8390252295792031
2025-12-05,0.0,0.0,0.0,0.0,0.0,0.0,0.0,0.0,0.0,0.0,0.0,0.0,0.0,0.0,0.0,0.0,0.0,0.0,0.0,0.03305630595315166,0.0,0.0,0.0,0.0,0.02999462111491922,0.031465416482156436,0.0,0.0,0.0,0.0,0.0,0.0,0.0,0.0,0.0,0.0,0.0,0.0,0.0,0.0,0.0,0.0,0.0,0.0,0.0,0.0,0.0,0.0,0.0,0.0,0.0,0.0,0.0,0.0,0.0,0.0,0.0,0.029762695687109982,0.0,0.0,0.0,0.0,0.0,0.0,0.0,0.0,0.0,0.0,0.0,0.0,0.0,0.0,0.0,0.0,0.0,0.0,0.0,0.0,0.0,0.0,0.0,0.0,0.0,0.0,0.0,0.0,0.0,0.0,0.0,0.0,0.0,0.0,0.0,0.0,0.0,0.0,0.0,0.0,0.0,0.0,0.0,0.0,0.0,0.0,0.0,0.0,0.0,0.0,0.033080883157298006,0.0,0.8426400776053646
2025-12-08,0.0,0.0,0.0,0.0,0.0,0.0,0.0,0.0,0.0,0.0,0.0,0.0,0.0,0.0,0.0,0.0,0.0,0.0,0.0,0.03287906997363485,0.0,0.0,0.0,0.0,0.02997127687042724,0.03138541513412986,0.0,0.0,0.0,0.0,0.0,0.0,0.0,0.0,0.0,0.0,0.0,0.0,0.0,0.0,0.0,0.0,0.0,0.0,0.0,0.0,0.0,0.0,0.0,0.0,0.0,0.0,0.0,0.0,0.0,0.0,0.0,0.03265527498205126,0.0,0.0,0.0,0.0,0.0,0.0,0.0,0.0,0.0,0.0,0.0,0.0,0.0,0.0,0.0,0.0,0.0,0.0,0.0,0.0,0.0,0.0,0.0,0.0,0.0,0.0,0.0,0.0,0.0,0.0,0.0,0.0,0.0,0.0,0.0,0.0,0.0,0.0,0.0,0.0,0.0,0.0,0.0,0.0,0.0,0.0,0.0,0.0,0.0,0.0,0.033690875194464814,0.0,0.839418087845292
2025-12-09,0.0,0.0,0.0,0.0,0.0,0.0,0.0,0.0,0.0,0.0,0.0,0.0,0.0,0.0,0.0,0.0,0.0,0.0,0.0,0.03302020492864057,0.0,0.0,0.0,0.0,0.029816325556203935,0.03165192590287991,0.0,0.0,0.0,0.0,0.0,0.0,0.0,0.0,0.0,0.0,0.0,0.0,0.0,0.0,0.0,0.0,0.0,0.0,0.0,0.0,0.0,0.0,0.0,0.0,0.0,0.0,0.0,0.0,0.0,0.0,0.0,0.03260841904869621,0.0,0.0,0.0,0.0,0.0,0.0,0.0,0.0,0.0,0.0,0.0,0.0,0.0,0.0,0.0,0.0,0.0,0.0,0.0,0.0,0.0,0.0,0.0,0.0,0.0,0.0,0.0,0.0,0.0,0.0,0.0,0.0,0.0,0.0,0.0,0.0,0.0,0.0,0.0,0.0,0.0,0.0,0.0,0.0,0.0,0.0,0.0,0.0,0.0,0.0,0.033590549701734924,0.0,0.8393125748618444
2025-12-10,0.0,0.0,0.0,0.0,0.0,0.0,0.0,0.0,0.0,0.0,0.0,0.0,0.0,0.0,0.0,0.0,0.0,0.0,0.0,0.03357270341801843,0.0,0.0,0.0,0.0,0.029621335747955342,0.032449082515363555,0.0,0.0,0.0,0.0,0.0,0.0,0.0,0.0,0.0,0.0,0.0,0.0,0.0,0.0,0.0,0.0,0.0,0.0,0.0,0.0,0.0,0.0,0.0,0.0,0.0,0.0,0.0,0.0,0.0,0.0,0.0,0.03219621614328252,0.0,0.0,0.0,0.0,0.0,0.0,0.0,0.0,0.0,0.0,0.0,0.0,0.0,0.0,0.0,0.0,0.0,0.0,0.0,0.0,0.0,0.0,0.0,0.0,0.0,0.0,0.0,0.0,0.0,0.0,0.0,0.0,0.0,0.0,0.0,0.0,0.0,0.0,0.0,0.0,0.0,0.0,0.0,0.0,0.0,0.0,0.0,0.0,0.0,0.0,0.03409200979494304,0.0,0.838068652380437
2025-12-11,0.0,0.0,0.0,0.0,0.0,0.0,0.0,0.0,0.0,0.0,0.0,0.0,0.0,0.0,0.0,0.0,0.0,0.0,0.0,0.03383016389192444,0.0,0.0,0.0,0.0,0.02940185479414268,0.032701404671563,0.0,0.0,0.0,0.0,0.0,0.0,0.0,0.0,0.0,0.0,0.0,0.0,0.0,0.0,0.0,0.0,0.0,0.0,0.0,0.0,0.0,0.0,0.0,0.0,0.0,0.0,0.0,0.0,0.0,0.0,0.0,0.03231622705637296,0.0,0.0,0.0,0.0,0.0,0.0,0.0,0.0,0.0,0.0,0.0,0.0,0.0,0.0,0.0,0.0,0.0,0.0,0.0,0.0,0.0,0.0,0.0,0.0,0.0,0.0,0.0,0.0,0.0,0.0,0.0,0.0,0.0,0.0,0.0,0.0,0.0,0.0,0.0,0.0,0.0,0.0,0.0,0.0,0.0,0.0,0.0,0.0,0.0,0.0,0.03411194060530289,0.0,0.837638408980694
2025-12-12,0.0,0.0,0.0,0.0,0.0,0.0,0.0,0.0,0.0,0.0,0.0,0.0,0.0,0.0,0.0,0.0,0.0,0.0,0.0,0.033939543711900534,0.0,0.0,0.0,0.0,0.02976854070617216,0.032831867775525526,0.0,0.0,0.0,0.0,0.0,0.0,0.0,0.0,0.0,0.0,0.0,0.0,0.0,0.0,0.0,0.0,0.0,0.0,0.0,0.0,0.0,0.0,0.0,0.0,0.0,0.0,0.0,0.0,0.0,0.0,0.0,0.03319110257421153,0.0,0.0,0.0,0.0,0.0,0.0,0.0,0.0,0.0,0.0,0.0,0.0,0.0,0.0,0.0,0.0,0.0,0.0,0.0,0.0,0.0,0.0,0.0,0.0,0.0,0.0,0.0,0.0,0.0,0.0,0.0,0.0,0.0,0.0,0.0,0.0,0.0,0.0,0.0,0.0,0.0,0.0,0.0,0.0,0.0,0.0,0.0,0.0,0.0,0.0,0.0346888561923402,0.0,0.83558008903985
2025-12-15,0.0,0.0,0.0,0.0,0.0,0.0,0.0,0.0,0.0,0.0,0.0,0.0,0.0,0.0,0.0,0.0,0.0,0.0,0.0,0.03469252999901659,0.0,0.0,0.0,0.0,0.030012005002558077,0.03226225111655673,0.0,0.0,0.0,0.0,0.0,0.0,0.0,0.0,0.0,0.0,0.0,0.0,0.0,0.0,0.0,0.0,0.0,0.0,0.0,0.0,0.0,0.0,0.0,0.0,0.0,0.0,0.0,0.0,0.0,0.0,0.0,0.033669119571239525,0.0,0.0,0.0,0.0,0.0,0.0,0.0,0.0,0.0,0.0,0.0,0.0,0.0,0.0,0.0,0.0,0.0,0.0,0.0,0.0,0.0,0.0,0.0,0.0,0.0,0.0,0.0,0.0,0.0,0.0,0.0,0.0,0.0,0.0,0.0,0.0,0.0,0.0,0.0,0.0,0.0,0.0,0.0,0.0,0.0,0.0,0.0,0.0,0.0,0.0,0.03474188611259226,0.0,0.8346222081980368
2025-12-16,0.0,0.0,0.0,0.0,0.0,0.0,0.0,0.0,0.0,0.0,0.0,0.0,0.0,0.0,0.0,0.0,0.0,0.0,0.0,0.03475494514859634,0.0,0.0,0.0,0.0,0.029409707634463732,0.032076488533237156,0.0,0.0,0.0,0.0,0.0,0.0,0.0,0.0,0.0,0.0,0.0,0.0,0.0,0.0,0.0,0.0,0.0,0.0,0.0,0.0,0.0,0.0,0.0,0.0,0.0,0.0,0.0,0.0,0.0,0.0,0.0,0.032594649269571535,0.0,0.0,0.0,0.0,0.0,0.0,0.0,0.0,0.0,0.0,0.0,0.0,0.0,0.0,0.0,0.0,0.0,0.0,0.0,0.0,0.0,0.0,0.0,0.0,0.0,0.0,0.0,0.0,0.0,0.0,0.0,0.0,0.0,0.0,0.0,0.0,0.0,0.0,0.0,0.0,0.0,0.0,0.0,0.0,0.0,0.0,0.0,0.0,0.0,0.0,0.03497020206648771,0.0,0.8361940073476435
2025-12-17,0.0,0.0,0.0,0.0,0.0,0.0,0.0,0.0,0.0,0.0,0.0,0.0,0.0,0.0,0.0,0.0,0.0,0.0,0.0,0.03523476722332862,0.0,0.0,0.0,0.0,0.02936373601135133,0.03157000970992842,0.0,0.0,0.0,0.0,0.0,0.0,0.0,0.0,0.0,0.0,0.0,0.0,0.0,0.0,0.0,0.0,0.0,0.0,0.0,0.0,0.0,0.0,0.0,0.0,0.0,0.0,0.0,0.0,0.0,0.0,0.0,0.03208015687187752,0.0,0.0,0.0,0.0,0.0,0.0,0.0,0.0,0.0,0.0,0.0,0.0,0.0,0.0,0.0,0.0,0.0,0.0,0.0,0.0,0.0,0.0,0.0,0.0,0.0,0.0,0.0,0.0,0.0,0.0,0.0,0.0,0.0,0.0,0.0,0.0,0.0,0.0,0.0,0.0,0.0,0.0,0.0,0.0,0.0,0.0,0.0,0.0,0.0,0.0,0.034881135393184694,0.0,0.8368701947903294
2025-12-18,0.0,0.0,0.0,0.0,0.0,0.0,0.0,0.0,0.0,0.0,0.0,0.0,0.0,0.0,0.0,0.0,0.0,0.0,0.0,0.03541516466711022,0.0,0.0,0.0,0.0,0.029350275907084996,0.03132687698948976,0.0,0.0,0.0,0.0,0.0,0.0,0.0,0.0,0.0,0.0,0.0,0.0,0.0,0.0,0.0,0.0,0.0,0.0,0.0,0.0,0.0,0.0,0.0,0.0,0.0,0.0,0.0,0.0,0.0,0.0,0.0,0.03195477348486559,0.0,0.0,0.0,0.0,0.0,0.0,0.0,0.0,0.0,0.0,0.0,0.0,0.0,0.0,0.0,0.0,0.0,0.0,0.0,0.0,0.0,0.0,0.0,0.0,0.0,0.0,0.0,0.0,0.0,0.0,0.0,0.0,0.0,0.0,0.0,0.0,0.0,0.0,0.0,0.0,0.0,0.0,0.0,0.0,0.0,0.0,0.0,0.0,0.0,0.0,0.035005165420743514,0.0,0.8369477435307059
2025-12-19,0.0,0.0,0.0,0.0,0.0,0.0,0.0,0.0,0.0,0.0,0.0,0.0,0.0,0.0,0.0,0.0,0.0,0.0,0.0,0.03532730882549854,0.0,0.0,0.0,0.0,0.029644166183777722,0.030068808443048416,0.0,0.0,0.0,0.0,0.0,0.0,0.0,0.0,0.0,0.0,0.0,0.0,0.0,0.0,0.0,0.0,0.0,0.0,0.0,0.0,0.0,0.0,0.0,0.0,0.0,0.0,0.0,0.0,0.0,0.0,0.0,0.03275364429607802,0.0,0.0,0.0,0.0,0.0,0.0,0.0,0.0,0.0,0.0,0.0,0.0,0.0,0.0,0.0,0.0,0.0,0.0,0.0,0.0,0.0,0.0,0.0,0.0,0.0,0.0,0.0,0.0,0.0,0.0,0.0,0.0,0.0,0.0,0.0,0.0,0.0,0.0,0.0,0.0,0.0,0.0,0.0,0.0,0.0,0.0,0.0,0.0,0.0,0.0,0.03480865099953064,0.0,0.8373974212520667
2025-12-22,0.0,0.0,0.0,0.0,0.0,0.0,0.0,0.0,0.0,0.0,0.0,0.0,0.0,0.0,0.0,0.0,0.0,0.0,0.0,0.03594869500097865,0.0,0.0,0.0,0.0,0.029516572288743385,0.03033348786071794,0.0,0.0,0.0,0.0,0.0,0.0,0.0,0.0,0.0,0.0,0.0,0.0,0.0,0.0,0.0,0.0,0.0,0.0,0.0,0.0,0.0,0.0,0.0,0.0,0.0,0.0,0.0,0.0,0.0,0.0,0.0,0.03273082781524626,0.0,0.0,0.0,0.0,0.0,0.0,0.0,0.0,0.0,0.0,0.0,0.0,0.0,0.0,0.0,0.0,0.0,0.0,0.0,0.0,0.0,0.0,0.0,0.0,0.0,0.0,0.0,0.0,0.0,0.0,0.0,0.0,0.0,0.0,0.0,0.0,0.0,0.0,0.0,0.0,0.0,0.0,0.0,0.0,0.0,0.0,0.0,0.0,0.0,0.0,0.03419499032486701,0.0,0.8372754267094467
2025-12-23,0.0,0.0,0.0,0.0,0.0,0.0,0.0,0.0,0.0,0.0,0.0,0.0,0.0,0.0,0.0,0.0,0.0,0.0,0.0,0.03537522766797305,0.0,0.0,0.0,0.0,0.030152604505383457,0.030846186780260274,0.0,0.0,0.0,0.0,0.0,0.0,0.0,0.0,0.0,0.0,0.0,0.0,0.0,0.0,0.0,0.0,0.0,0.0,0.0,0.0,0.0,0.0,0.0,0.0,0.0,0.0,0.0,0.0,0.0,0.0,0.0,0.0329018606837543,0.0,0.0,0.0,0.0,0.0,0.0,0.0,0.0,0.0,0.0,0.0,0.0,0.0,0.0,0.0,0.0,0.0,0.0,0.0,0.0,0.0,0.0,0.0,0.0,0.0,0.0,0.0,0.0,0.0,0.0,0.0,0.0,0.0,0.0,0.0,0.0,0.0,0.0,0.0,0.0,0.0,0.0,0.0,0.0,0.0,0.0,0.0,0.0,0.0,0.0,0.03457420026484746,0.0,0.8361499200977814
2025-12-26,0.0,0.0,0.0,0.0,0.0,0.0,0.0,0.0,0.0,0.0,0.0,0.0,0.0,0.0,0.0,0.0,0.0,0.0,0.0,0.03561298167345845,0.0,0.0,0.0,0.0,0.030643672033404908,0.03099301692719961,0.0,0.0,0.0,0.0,0.0,0.0,0.0,0.0,0.0,0.0,0.0,0.0,0.0,0.0,0.0,0.0,0.0,0.0,0.0,0.0,0.0,0.0,0.0,0.0,0.0,0.0,0.0,0.0,0.0,0.0,0.0,0.033507027713942025,0.0,0.0,0.0,0.0,0.0,0.0,0.0,0.0,0.0,0.0,0.0,0.0,0.0,0.0,0.0,0.0,0.0,0.0,0.0,0.0,0.0,0.0,0.0,0.0,0.0,0.0,0.0,0.0,0.0,0.0,0.0,0.0,0.0,0.0,0.0,0.0,0.0,0.0,0.0,0.0,0.0,0.0,0.0,0.0,0.0,0.0,0.0,0.0,0.0,0.0,0.03481951056640103,0.0,0.834423791085594
2025-12-29,0.0,0.0,0.0,0.0,0.0,0.0,0.0,0.0,0.0,0.0,0.0,0.0,0.0,0.0,0.0,0.0,0.0,0.0,0.0,0.03481418347092333,0.0,0.0,0.0,0.0,0.030579870029842117,0.03075537253820145,0.0,0.0,0.0,0.0,0.0,0.0,0.0,0.0,0.0,0.0,0.0,0.0,0.0,0.0,0.0,0.0,0.0,0.0,0.0,0.0,0.0,0.0,0.0,0.0,0.0,0.0,0.0,0.0,0.0,0.0,0.0,0.03285349201033196,0.0,0.0,0.0,0.0,0.0,0.0,0.0,0.0,0.0,0.0,0.0,0.0,0.0,0.0,0.0,0.0,0.0,0.0,0.0,0.0,0.0,0.0,0.0,0.0,0.0,0.0,0.0,0.0,0.0,0.0,0.0,0.0,0.0,0.0,0.0,0.0,0.0,0.0,0.0,0.0,0.0,0.0,0.0,0.0,0.0,0.0,0.0,0.0,0.0,0.0,0.03484383895100368,0.0,0.8361532429996974
2025-12-30,0.0,0.0,0.0,0.0,0.0,0.0,0.0,0.0,0.0,0.0,0.0,0.0,0.0,0.0,0.0,0.0,0.0,0.0,0.0,0.03461232918044262,0.0,0.0,0.0,0.0,0.030886269199560296,0.031015245855053112,0.0,0.0,0.0,0.0,0.0,0.0,0.0,0.0,0.0,0.0,0.0,0.0,0.0,0.0,0.0,0.0,0.0,0.0,0.0,0.0,0.0,0.0,0.0,0.0,0.0,0.0,0.0,0.0,0.0,0.0,0.0,0.032869989998620966,0.0,0.0,0.0,0.0,0.0,0.0,0.0,0.0,0.0,0.0,0.0,0.0,0.0,0.0,0.0,0.0,0.0,0.0,0.0,0.0,0.0,0.0,0.0,0.0,0.0,0.0,0.0,0.0,0.0,0.0,0.0,0.0,0.0,0.0,0.0,0.0,0.0,0.0,0.0,0.0,0.0,0.0,0.0,0.0,0.0,0.0,0.0,0.0,0.0,0.0,0.034672940076546845,0.0,0.8359432256897762
